#ifcsheet	1
#book	江川橋（DWG版）
#unit	m
#stepcols	STEP1	STEP2	STEP3	STEP4	STEP5
#memocols	部材	場所	図面	面図	位置
#groupcol	まとめ
[colors]
red	255	0	0
green	0	255	0
blue	0	0	255
yellow	255	255	0
magenta	255	0	255
cyan	0	255	255
white	255	255	255
black	0	0	0
brown	120	63	4
pink	241	206	238
olive	147	196	125
grey	153	153	153
orange	255	153	0
[types]
*default	色	red	pink	olive	yellow	blue	cyan
*default	透過	0	0	0	0	0	0
*default	名称	未施工	STEP1	－	－	－	－
切削オーバーレイ工	色	grey			cyan		
切削オーバーレイ工	透過		0.2	0.4	1		
切削オーバーレイ工	名称	未施工	表層切削	基層切削	既設目地撤去	－	－
既設伸縮装置撤去	色			cyan			
既設伸縮装置撤去	透過			1			
既設伸縮装置撤去	名称	未施工	フラットジャッキ設置	伸縮装置撤去	－	－	－
床版防水層	色				cyan		
床版防水層	透過						
床版防水層	名称	未施工	塗膜防水	縦断排水管	端部防水処理	－	－
高視認性区画線　上り面	色				cyan		
高視認性区画線　上り面	透過						
高視認性区画線　上り面	名称	未施工	実線白色（外側）	実線白色（内側）	破線白色	－	－
支承取替	色						
支承取替	透過						
支承取替	名称	未施工					
伸縮装置取替	色	olive		cyan			
伸縮装置取替	透過	1					
伸縮装置取替	名称	未施工	伸縮装置撤去	伸縮装置設置	－	－	－
浮き上がり防止対策	色		cyan				
浮き上がり防止対策	透過						
浮き上がり防止対策	名称	未施工	設置	－	－	－	－
目地材補修	色			cyan			
目地材補修	透過						
目地材補修	名称	未施工	バックアップ材	シール材	－	－	－
断面修復工	色			cyan			
断面修復工	透過						
断面修復工	名称	未施工	下地処理	軽量ポリマーセメントモルタル	－	－	－
剥落防止工	色	magenta					cyan
剥落防止工	透過						
剥落防止工	名称	未施工	下地処理	プライマー	パテ	中塗	上塗
高視認性区画線　下り面	色						
高視認性区画線　下り面	透過						
高視認性区画線　下り面	名称	未施工	実線白色（内側）	破線白色（内側）	実線白色（外側）	破線白色（外側）	
アンカーボルト補修	色		cyan				
アンカーボルト補修	透過						
アンカーボルト補修	名称	未施工	アンカーボルト取替	－	－	－	－
白線	色	black	white				
白線	透過	1					
白線	名称	未施工	完了				
舗装工	色	black	grey				
舗装工	透過	1					
舗装工	名称	未施工	完了				
文字	色	yellow	red	cyan			
文字	透過						
文字	名称	yellow	red	cyan			
主桁部材取替	色		cyan				
主桁部材取替	透過	0	0	0	0	0	0
主桁部材取替	名称	未施工	取付	－	－	－	－
横桁部材取替	色		cyan				
横桁部材取替	透過	0	0	0	0	0	0
横桁部材取替	名称	未施工	取付	－	－	－	－
横桁下弦材取替	色		cyan				
横桁下弦材取替	透過	0	0	0	0	0	0
横桁下弦材取替	名称	未施工	取付	－	－	－	－
横桁当て板補修	色		cyan				
横桁当て板補修	透過	0	0	0	0	0	0
横桁当て板補修	名称	未施工	完了	－	－	－	－
桁間連結装置取替	色		cyan				
桁間連結装置取替	透過	0	0	0	0	0	0
桁間連結装置取替	名称	未施工	取付	－	－	－	－
落橋防止装置取替	色		cyan				
落橋防止装置取替	透過	0	0	0	0	0	0
落橋防止装置取替	名称	未施工	取付	－	－	－	－
カバープレート取替	色		cyan				
カバープレート取替	透過	0	0	0	0	0	0
カバープレート取替	名称	未施工	取付	－	－	－	－
支承防錆	色		cyan				
支承防錆	透過	0	0	0	0	0	0
支承防錆	名称	未施工	完了	－	－	－	－
紫外線硬化型FRPシート	色		cyan				
紫外線硬化型FRPシート	透過	0	0	0	0	0	0
紫外線硬化型FRPシート	名称	未施工	完了	－	－	－	－
仮設主桁部材補強	色			cyan			
仮設主桁部材補強	透過	0	0	0	0	0	0
仮設主桁部材補強	名称	未施工	設置	撤去	－	－	－
主桁部材撤去	色		cyan				
主桁部材撤去	透過	0	0	0	0	0	0
主桁部材撤去	名称	未施工	撤去	－	－	－	－
横桁取付部撤去	色		cyan				
横桁取付部撤去	透過	0	0	0	0	0	0
横桁取付部撤去	名称	未施工	撤去	－	－	－	－
横桁部材撤去	色		cyan				
横桁部材撤去	透過	0	0	0	0	0	0
横桁部材撤去	名称	未施工	撤去	－	－	－	－
横桁下弦材撤去	色		cyan				
横桁下弦材撤去	透過	0	0	0	0	0	0
横桁下弦材撤去	名称	未施工	撤去	－	－	－	－
桁間連結装置撤去	色		cyan				
桁間連結装置撤去	透過	0	0	0	0	0	0
桁間連結装置撤去	名称	未施工	撤去	－	－	－	－
落橋防止装置撤去	色		cyan				
落橋防止装置撤去	透過	0	0	0	0	0	0
落橋防止装置撤去	名称	未施工	撤去	－	－	－	－
カバープレート撤去	色		cyan				
カバープレート撤去	透過	0	0	0	0	0	0
カバープレート撤去	名称	未施工	撤去	－	－	－	－
塗替塗装	色					cyan	
塗替塗装	透過	0	0	0	0	0	0
塗替塗装	名称	未施工	素地調整	下塗	中塗	上塗	－
現場塗装	色					cyan	
現場塗装	透過	0	0	0	0	0	0
現場塗装	名称	未施工	素地調整	下塗	中塗	上塗	－
[rows]
3	主桁部材取替-001	主桁部材取替						主桁部材取替(B) 新設L形鋼 200x200x25x6005	x 333.36〜339.36 G1 +y の側	補修図(2)	V_側面_004_主桁部材取替B_第14径間_1-60	DWG の図から（測量前）	主桁部材取替(B) L形鋼 x 333.36 G1	ext_poly	6	339.3650,2.5060,-0.4485	339.3650,2.7060,-0.4485	339.3650,2.7060,-0.4235	339.3650,2.5310,-0.4235	339.3650,2.5310,-0.2485	339.3650,2.5060,-0.2485	333.3600,2.5060,-0.4485	333.3600,2.7060,-0.4485	333.3600,2.7060,-0.4235	333.3600,2.5310,-0.4235	333.3600,2.5310,-0.2485	333.3600,2.5060,-0.2485
4	主桁部材取替-002	主桁部材取替						主桁部材取替(B) 新設L形鋼 200x200x25x6005	x 333.36〜339.36 G1 −y の側	補修図(2)	V_側面_004_主桁部材取替B_第14径間_1-60	DWG の図から（測量前）	主桁部材取替(B) L形鋼 x 333.36 G1	ext_poly	6	339.3650,2.4940,-0.2485	339.3650,2.4690,-0.2485	339.3650,2.4690,-0.4235	339.3650,2.2940,-0.4235	339.3650,2.2940,-0.4485	339.3650,2.4940,-0.4485	333.3600,2.4940,-0.2485	333.3600,2.4690,-0.2485	333.3600,2.4690,-0.4235	333.3600,2.2940,-0.4235	333.3600,2.2940,-0.4485	333.3600,2.4940,-0.4485
5	主桁部材取替-003	主桁部材取替						主桁部材取替(B) 新設L形鋼 200x200x25x6005	x 333.36〜339.36 G2 +y の側	補修図(2)	V_側面_004_主桁部材取替B_第14径間_1-60	DWG の図から（測量前）	主桁部材取替(B) L形鋼 x 333.36 G2	ext_poly	6	339.3650,-2.4940,-0.4485	339.3650,-2.2940,-0.4485	339.3650,-2.2940,-0.4235	339.3650,-2.4690,-0.4235	339.3650,-2.4690,-0.2485	339.3650,-2.4940,-0.2485	333.3600,-2.4940,-0.4485	333.3600,-2.2940,-0.4485	333.3600,-2.2940,-0.4235	333.3600,-2.4690,-0.4235	333.3600,-2.4690,-0.2485	333.3600,-2.4940,-0.2485
6	主桁部材取替-004	主桁部材取替						主桁部材取替(B) 新設L形鋼 200x200x25x6005	x 333.36〜339.36 G2 −y の側	補修図(2)	V_側面_004_主桁部材取替B_第14径間_1-60	DWG の図から（測量前）	主桁部材取替(B) L形鋼 x 333.36 G2	ext_poly	6	339.3650,-2.5060,-0.2485	339.3650,-2.5310,-0.2485	339.3650,-2.5310,-0.4235	339.3650,-2.7060,-0.4235	339.3650,-2.7060,-0.4485	339.3650,-2.5060,-0.4485	333.3600,-2.5060,-0.2485	333.3600,-2.5310,-0.2485	333.3600,-2.5310,-0.4235	333.3600,-2.7060,-0.4235	333.3600,-2.7060,-0.4485	333.3600,-2.5060,-0.4485
7	主桁部材取替-005	主桁部材取替						主桁部材取替(B) 新設L形鋼 200x200x25x9230	x 339.73〜348.96 G1 +y の側	補修図(2)	V_側面_004_主桁部材取替B_第14径間_1-60	DWG の図から（測量前）	主桁部材取替(B) L形鋼 x 339.73 G1	ext_poly	6	348.9650,2.5060,-0.4485	348.9650,2.7060,-0.4485	348.9650,2.7060,-0.4235	348.9650,2.5310,-0.4235	348.9650,2.5310,-0.2485	348.9650,2.5060,-0.2485	339.7350,2.5060,-0.4485	339.7350,2.7060,-0.4485	339.7350,2.7060,-0.4235	339.7350,2.5310,-0.4235	339.7350,2.5310,-0.2485	339.7350,2.5060,-0.2485
8	主桁部材取替-006	主桁部材取替						主桁部材取替(B) 新設L形鋼 200x200x25x9230	x 339.73〜348.96 G1 −y の側	補修図(2)	V_側面_004_主桁部材取替B_第14径間_1-60	DWG の図から（測量前）	主桁部材取替(B) L形鋼 x 339.73 G1	ext_poly	6	348.9650,2.4940,-0.2485	348.9650,2.4690,-0.2485	348.9650,2.4690,-0.4235	348.9650,2.2940,-0.4235	348.9650,2.2940,-0.4485	348.9650,2.4940,-0.4485	339.7350,2.4940,-0.2485	339.7350,2.4690,-0.2485	339.7350,2.4690,-0.4235	339.7350,2.2940,-0.4235	339.7350,2.2940,-0.4485	339.7350,2.4940,-0.4485
9	主桁部材取替-007	主桁部材取替						主桁部材取替(B) 新設L形鋼 200x200x25x9230	x 339.73〜348.96 G2 +y の側	補修図(2)	V_側面_004_主桁部材取替B_第14径間_1-60	DWG の図から（測量前）	主桁部材取替(B) L形鋼 x 339.73 G2	ext_poly	6	348.9650,-2.4940,-0.4485	348.9650,-2.2940,-0.4485	348.9650,-2.2940,-0.4235	348.9650,-2.4690,-0.4235	348.9650,-2.4690,-0.2485	348.9650,-2.4940,-0.2485	339.7350,-2.4940,-0.4485	339.7350,-2.2940,-0.4485	339.7350,-2.2940,-0.4235	339.7350,-2.4690,-0.4235	339.7350,-2.4690,-0.2485	339.7350,-2.4940,-0.2485
10	主桁部材取替-008	主桁部材取替						主桁部材取替(B) 新設L形鋼 200x200x25x9230	x 339.73〜348.96 G2 −y の側	補修図(2)	V_側面_004_主桁部材取替B_第14径間_1-60	DWG の図から（測量前）	主桁部材取替(B) L形鋼 x 339.73 G2	ext_poly	6	348.9650,-2.5060,-0.2485	348.9650,-2.5310,-0.2485	348.9650,-2.5310,-0.4235	348.9650,-2.7060,-0.4235	348.9650,-2.7060,-0.4485	348.9650,-2.5060,-0.4485	339.7350,-2.5060,-0.2485	339.7350,-2.5310,-0.2485	339.7350,-2.5310,-0.4235	339.7350,-2.7060,-0.4235	339.7350,-2.7060,-0.4485	339.7350,-2.5060,-0.4485
11	主桁部材取替-009	主桁部材取替						主桁部材取替(B) 新設L形鋼 200x200x25x6005	x 349.33〜355.34 G1 +y の側	補修図(2)	V_側面_004_主桁部材取替B_第14径間_1-60	DWG の図から（測量前）	主桁部材取替(B) L形鋼 x 349.33 G1	ext_poly	6	355.3400,2.5060,-0.4485	355.3400,2.7060,-0.4485	355.3400,2.7060,-0.4235	355.3400,2.5310,-0.4235	355.3400,2.5310,-0.2485	355.3400,2.5060,-0.2485	349.3350,2.5060,-0.4485	349.3350,2.7060,-0.4485	349.3350,2.7060,-0.4235	349.3350,2.5310,-0.4235	349.3350,2.5310,-0.2485	349.3350,2.5060,-0.2485
12	主桁部材取替-010	主桁部材取替						主桁部材取替(B) 新設L形鋼 200x200x25x6005	x 349.33〜355.34 G1 −y の側	補修図(2)	V_側面_004_主桁部材取替B_第14径間_1-60	DWG の図から（測量前）	主桁部材取替(B) L形鋼 x 349.33 G1	ext_poly	6	355.3400,2.4940,-0.2485	355.3400,2.4690,-0.2485	355.3400,2.4690,-0.4235	355.3400,2.2940,-0.4235	355.3400,2.2940,-0.4485	355.3400,2.4940,-0.4485	349.3350,2.4940,-0.2485	349.3350,2.4690,-0.2485	349.3350,2.4690,-0.4235	349.3350,2.2940,-0.4235	349.3350,2.2940,-0.4485	349.3350,2.4940,-0.4485
13	主桁部材取替-011	主桁部材取替						主桁部材取替(B) 新設L形鋼 200x200x25x6005	x 349.33〜355.34 G2 +y の側	補修図(2)	V_側面_004_主桁部材取替B_第14径間_1-60	DWG の図から（測量前）	主桁部材取替(B) L形鋼 x 349.33 G2	ext_poly	6	355.3400,-2.4940,-0.4485	355.3400,-2.2940,-0.4485	355.3400,-2.2940,-0.4235	355.3400,-2.4690,-0.4235	355.3400,-2.4690,-0.2485	355.3400,-2.4940,-0.2485	349.3350,-2.4940,-0.4485	349.3350,-2.2940,-0.4485	349.3350,-2.2940,-0.4235	349.3350,-2.4690,-0.4235	349.3350,-2.4690,-0.2485	349.3350,-2.4940,-0.2485
14	主桁部材取替-012	主桁部材取替						主桁部材取替(B) 新設L形鋼 200x200x25x6005	x 349.33〜355.34 G2 −y の側	補修図(2)	V_側面_004_主桁部材取替B_第14径間_1-60	DWG の図から（測量前）	主桁部材取替(B) L形鋼 x 349.33 G2	ext_poly	6	355.3400,-2.5060,-0.2485	355.3400,-2.5310,-0.2485	355.3400,-2.5310,-0.4235	355.3400,-2.7060,-0.4235	355.3400,-2.7060,-0.4485	355.3400,-2.5060,-0.4485	349.3350,-2.5060,-0.2485	349.3350,-2.5310,-0.2485	349.3350,-2.5310,-0.4235	349.3350,-2.7060,-0.4235	349.3350,-2.7060,-0.4485	349.3350,-2.5060,-0.4485
15	主桁部材取替-013	主桁部材取替						主桁部材取替(A) 新設L形鋼 200x200x25x3355	x 365.43〜368.78 G1 +y の側	補修図(1)	V_側面_003_主桁部材取替A_第15径間_1-60	DWG の図から（測量前）	主桁部材取替(A) L形鋼 x 365.43 G1	ext_poly	6	368.7813,2.5060,-0.4920	368.7813,2.7060,-0.4920	368.7813,2.7060,-0.4670	368.7813,2.5310,-0.4670	368.7813,2.5310,-0.2920	368.7813,2.5060,-0.2920	365.4263,2.5060,-0.4920	365.4263,2.7060,-0.4920	365.4263,2.7060,-0.4670	365.4263,2.5310,-0.4670	365.4263,2.5310,-0.2920	365.4263,2.5060,-0.2920
16	主桁部材取替-014	主桁部材取替						主桁部材取替(A) 新設L形鋼 200x200x25x3355	x 365.43〜368.78 G1 −y の側	補修図(1)	V_側面_003_主桁部材取替A_第15径間_1-60	DWG の図から（測量前）	主桁部材取替(A) L形鋼 x 365.43 G1	ext_poly	6	368.7813,2.4940,-0.2920	368.7813,2.4690,-0.2920	368.7813,2.4690,-0.4670	368.7813,2.2940,-0.4670	368.7813,2.2940,-0.4920	368.7813,2.4940,-0.4920	365.4263,2.4940,-0.2920	365.4263,2.4690,-0.2920	365.4263,2.4690,-0.4670	365.4263,2.2940,-0.4670	365.4263,2.2940,-0.4920	365.4263,2.4940,-0.4920
17	主桁部材取替-015	主桁部材取替						主桁部材取替(A) 新設L形鋼 200x200x25x3355	x 365.43〜368.78 G2 +y の側	補修図(1)	V_側面_003_主桁部材取替A_第15径間_1-60	DWG の図から（測量前）	主桁部材取替(A) L形鋼 x 365.43 G2	ext_poly	6	368.7813,-2.4940,-0.4920	368.7813,-2.2940,-0.4920	368.7813,-2.2940,-0.4670	368.7813,-2.4690,-0.4670	368.7813,-2.4690,-0.2920	368.7813,-2.4940,-0.2920	365.4263,-2.4940,-0.4920	365.4263,-2.2940,-0.4920	365.4263,-2.2940,-0.4670	365.4263,-2.4690,-0.4670	365.4263,-2.4690,-0.2920	365.4263,-2.4940,-0.2920
18	主桁部材取替-016	主桁部材取替						主桁部材取替(A) 新設L形鋼 200x200x25x3355	x 365.43〜368.78 G2 −y の側	補修図(1)	V_側面_003_主桁部材取替A_第15径間_1-60	DWG の図から（測量前）	主桁部材取替(A) L形鋼 x 365.43 G2	ext_poly	6	368.7813,-2.5060,-0.2920	368.7813,-2.5310,-0.2920	368.7813,-2.5310,-0.4670	368.7813,-2.7060,-0.4670	368.7813,-2.7060,-0.4920	368.7813,-2.5060,-0.4920	365.4263,-2.5060,-0.2920	365.4263,-2.5310,-0.2920	365.4263,-2.5310,-0.4670	365.4263,-2.7060,-0.4670	365.4263,-2.7060,-0.4920	365.4263,-2.5060,-0.4920
19	主桁部材取替-017	主桁部材取替						主桁部材取替(A) 新設L形鋼 200x200x25x11740	x 370.47〜382.21 G1 +y の側	補修図(1)	V_側面_003_主桁部材取替A_第15径間_1-60	DWG の図から（測量前）	主桁部材取替(A) L形鋼 x 370.47 G1	ext_poly	6	382.2109,2.5045,-0.5664	382.2109,2.7045,-0.5664	382.2109,2.7045,-0.5414	382.2109,2.5295,-0.5414	382.2109,2.5295,-0.3664	382.2109,2.5045,-0.3664	370.4711,2.5045,-0.5664	370.4711,2.7045,-0.5664	370.4711,2.7045,-0.5414	370.4711,2.5295,-0.5414	370.4711,2.5295,-0.3664	370.4711,2.5045,-0.3664
20	主桁部材取替-018	主桁部材取替						主桁部材取替(A) 新設L形鋼 200x200x25x11740	x 370.47〜382.21 G1 −y の側	補修図(1)	V_側面_003_主桁部材取替A_第15径間_1-60	DWG の図から（測量前）	主桁部材取替(A) L形鋼 x 370.47 G1	ext_poly	6	382.2109,2.4955,-0.3664	382.2109,2.4705,-0.3664	382.2109,2.4705,-0.5414	382.2109,2.2955,-0.5414	382.2109,2.2955,-0.5664	382.2109,2.4955,-0.5664	370.4711,2.4955,-0.3664	370.4711,2.4705,-0.3664	370.4711,2.4705,-0.5414	370.4711,2.2955,-0.5414	370.4711,2.2955,-0.5664	370.4711,2.4955,-0.5664
21	主桁部材取替-019	主桁部材取替						主桁部材取替(A) 新設L形鋼 200x200x25x11740	x 370.47〜382.21 G2 +y の側	補修図(1)	V_側面_003_主桁部材取替A_第15径間_1-60	DWG の図から（測量前）	主桁部材取替(A) L形鋼 x 370.47 G2	ext_poly	6	382.2109,-2.4955,-0.5664	382.2109,-2.2955,-0.5664	382.2109,-2.2955,-0.5414	382.2109,-2.4705,-0.5414	382.2109,-2.4705,-0.3664	382.2109,-2.4955,-0.3664	370.4711,-2.4955,-0.5664	370.4711,-2.2955,-0.5664	370.4711,-2.2955,-0.5414	370.4711,-2.4705,-0.5414	370.4711,-2.4705,-0.3664	370.4711,-2.4955,-0.3664
22	主桁部材取替-020	主桁部材取替						主桁部材取替(A) 新設L形鋼 200x200x25x11740	x 370.47〜382.21 G2 −y の側	補修図(1)	V_側面_003_主桁部材取替A_第15径間_1-60	DWG の図から（測量前）	主桁部材取替(A) L形鋼 x 370.47 G2	ext_poly	6	382.2109,-2.5045,-0.3664	382.2109,-2.5295,-0.3664	382.2109,-2.5295,-0.5414	382.2109,-2.7045,-0.5414	382.2109,-2.7045,-0.5664	382.2109,-2.5045,-0.5664	370.4711,-2.5045,-0.3664	370.4711,-2.5295,-0.3664	370.4711,-2.5295,-0.5414	370.4711,-2.7045,-0.5414	370.4711,-2.7045,-0.5664	370.4711,-2.5045,-0.5664
23	主桁部材取替-021	主桁部材取替						主桁部材取替(A) 新設L形鋼 200x200x25x3355	x 383.90〜387.26 G1 +y の側	補修図(1)	V_側面_003_主桁部材取替A_第15径間_1-60	DWG の図から（測量前）	主桁部材取替(A) L形鋼 x 383.90 G1	ext_poly	6	387.2559,2.5060,-0.6108	387.2559,2.7060,-0.6108	387.2559,2.7060,-0.5858	387.2559,2.5310,-0.5858	387.2559,2.5310,-0.4108	387.2559,2.5060,-0.4108	383.9010,2.5060,-0.6108	383.9010,2.7060,-0.6108	383.9010,2.7060,-0.5858	383.9010,2.5310,-0.5858	383.9010,2.5310,-0.4108	383.9010,2.5060,-0.4108
24	主桁部材取替-022	主桁部材取替						主桁部材取替(A) 新設L形鋼 200x200x25x3355	x 383.90〜387.26 G1 −y の側	補修図(1)	V_側面_003_主桁部材取替A_第15径間_1-60	DWG の図から（測量前）	主桁部材取替(A) L形鋼 x 383.90 G1	ext_poly	6	387.2559,2.4940,-0.4108	387.2559,2.4690,-0.4108	387.2559,2.4690,-0.5858	387.2559,2.2940,-0.5858	387.2559,2.2940,-0.6108	387.2559,2.4940,-0.6108	383.9010,2.4940,-0.4108	383.9010,2.4690,-0.4108	383.9010,2.4690,-0.5858	383.9010,2.2940,-0.5858	383.9010,2.2940,-0.6108	383.9010,2.4940,-0.6108
25	主桁部材取替-023	主桁部材取替						主桁部材取替(A) 新設L形鋼 200x200x25x3355	x 383.90〜387.26 G2 +y の側	補修図(1)	V_側面_003_主桁部材取替A_第15径間_1-60	DWG の図から（測量前）	主桁部材取替(A) L形鋼 x 383.90 G2	ext_poly	6	387.2559,-2.4940,-0.6108	387.2559,-2.2940,-0.6108	387.2559,-2.2940,-0.5858	387.2559,-2.4690,-0.5858	387.2559,-2.4690,-0.4108	387.2559,-2.4940,-0.4108	383.9010,-2.4940,-0.6108	383.9010,-2.2940,-0.6108	383.9010,-2.2940,-0.5858	383.9010,-2.4690,-0.5858	383.9010,-2.4690,-0.4108	383.9010,-2.4940,-0.4108
26	主桁部材取替-024	主桁部材取替						主桁部材取替(A) 新設L形鋼 200x200x25x3355	x 383.90〜387.26 G2 −y の側	補修図(1)	V_側面_003_主桁部材取替A_第15径間_1-60	DWG の図から（測量前）	主桁部材取替(A) L形鋼 x 383.90 G2	ext_poly	6	387.2559,-2.5060,-0.4108	387.2559,-2.5310,-0.4108	387.2559,-2.5310,-0.5858	387.2559,-2.7060,-0.5858	387.2559,-2.7060,-0.6108	387.2559,-2.5060,-0.6108	383.9010,-2.5060,-0.4108	383.9010,-2.5310,-0.4108	383.9010,-2.5310,-0.5858	383.9010,-2.7060,-0.5858	383.9010,-2.7060,-0.6108	383.9010,-2.5060,-0.6108
27	主桁部材取替-025	主桁部材取替						主桁部材取替(B) 横桁接合部材 PL 315x9x455	x 334.75 G1	補修図(3)	V_側面_004_主桁部材取替B_第14径間_1-60	DWG の図から（測量前）	横桁接合部材 x 334.75 G1	ext_poly	5	334.7545,2.4690,-0.1085	334.7545,2.0140,-0.1085	334.7545,2.0140,-0.2335	334.7545,2.3060,-0.4235	334.7545,2.4690,-0.4235	334.7455,2.4690,-0.1085	334.7455,2.0140,-0.1085	334.7455,2.0140,-0.2335	334.7455,2.3060,-0.4235	334.7455,2.4690,-0.4235
28	主桁部材取替-026	主桁部材取替						主桁部材取替(B) 横桁接合部材 2-L 150x90x12x325	x 334.75 G1 終点側	補修図(3)	V_側面_004_主桁部材取替B_第14径間_1-60	DWG の図から（測量前）	横桁接合部材 x 334.75 G1	ext_poly	6	334.7545,2.0200,-0.2505	334.7665,2.0200,-0.2505	334.7665,2.0200,-0.1125	334.8445,2.0200,-0.1125	334.8445,2.0200,-0.1005	334.7545,2.0200,-0.1005	334.7545,2.3450,-0.2505	334.7665,2.3450,-0.2505	334.7665,2.3450,-0.1125	334.8445,2.3450,-0.1125	334.8445,2.3450,-0.1005	334.7545,2.3450,-0.1005
29	主桁部材取替-027	主桁部材取替						主桁部材取替(B) 横桁接合部材 2-L 150x90x12x325	x 334.75 G1 起点側	補修図(3)	V_側面_004_主桁部材取替B_第14径間_1-60	DWG の図から（測量前）	横桁接合部材 x 334.75 G1	ext_poly	6	334.7455,2.0200,-0.1005	334.6555,2.0200,-0.1005	334.6555,2.0200,-0.1125	334.7335,2.0200,-0.1125	334.7335,2.0200,-0.2505	334.7455,2.0200,-0.2505	334.7455,2.3450,-0.1005	334.6555,2.3450,-0.1005	334.6555,2.3450,-0.1125	334.7335,2.3450,-0.1125	334.7335,2.3450,-0.2505	334.7455,2.3450,-0.2505
30	主桁部材取替-028	主桁部材取替						主桁部材取替(B) 横桁接合部材 PL 315x9x455	x 334.75 G2	補修図(3)	V_側面_004_主桁部材取替B_第14径間_1-60	DWG の図から（測量前）	横桁接合部材 x 334.75 G2	ext_poly	5	334.7545,-2.4690,-0.4235	334.7545,-2.3060,-0.4235	334.7545,-2.0140,-0.2335	334.7545,-2.0140,-0.1085	334.7545,-2.4690,-0.1085	334.7455,-2.4690,-0.4235	334.7455,-2.3060,-0.4235	334.7455,-2.0140,-0.2335	334.7455,-2.0140,-0.1085	334.7455,-2.4690,-0.1085
31	主桁部材取替-029	主桁部材取替						主桁部材取替(B) 横桁接合部材 2-L 150x90x12x325	x 334.75 G2 終点側	補修図(3)	V_側面_004_主桁部材取替B_第14径間_1-60	DWG の図から（測量前）	横桁接合部材 x 334.75 G2	ext_poly	6	334.7545,-2.3450,-0.2505	334.7665,-2.3450,-0.2505	334.7665,-2.3450,-0.1125	334.8445,-2.3450,-0.1125	334.8445,-2.3450,-0.1005	334.7545,-2.3450,-0.1005	334.7545,-2.0200,-0.2505	334.7665,-2.0200,-0.2505	334.7665,-2.0200,-0.1125	334.8445,-2.0200,-0.1125	334.8445,-2.0200,-0.1005	334.7545,-2.0200,-0.1005
32	主桁部材取替-030	主桁部材取替						主桁部材取替(B) 横桁接合部材 2-L 150x90x12x325	x 334.75 G2 起点側	補修図(3)	V_側面_004_主桁部材取替B_第14径間_1-60	DWG の図から（測量前）	横桁接合部材 x 334.75 G2	ext_poly	6	334.7455,-2.3450,-0.1005	334.6555,-2.3450,-0.1005	334.6555,-2.3450,-0.1125	334.7335,-2.3450,-0.1125	334.7335,-2.3450,-0.2505	334.7455,-2.3450,-0.2505	334.7455,-2.0200,-0.1005	334.6555,-2.0200,-0.1005	334.6555,-2.0200,-0.1125	334.7335,-2.0200,-0.1125	334.7335,-2.0200,-0.2505	334.7455,-2.0200,-0.2505
33	主桁部材取替-031	主桁部材取替						主桁部材取替(B) 横桁接合部材 PL 315x9x455	x 337.95 G1	補修図(3)	V_側面_004_主桁部材取替B_第14径間_1-60	DWG の図から（測量前）	横桁接合部材 x 337.95 G1	ext_poly	5	337.9545,2.4690,-0.1085	337.9545,2.0140,-0.1085	337.9545,2.0140,-0.2335	337.9545,2.3060,-0.4235	337.9545,2.4690,-0.4235	337.9455,2.4690,-0.1085	337.9455,2.0140,-0.1085	337.9455,2.0140,-0.2335	337.9455,2.3060,-0.4235	337.9455,2.4690,-0.4235
34	主桁部材取替-032	主桁部材取替						主桁部材取替(B) 横桁接合部材 2-L 150x90x12x325	x 337.95 G1 終点側	補修図(3)	V_側面_004_主桁部材取替B_第14径間_1-60	DWG の図から（測量前）	横桁接合部材 x 337.95 G1	ext_poly	6	337.9545,2.0200,-0.2505	337.9665,2.0200,-0.2505	337.9665,2.0200,-0.1125	338.0445,2.0200,-0.1125	338.0445,2.0200,-0.1005	337.9545,2.0200,-0.1005	337.9545,2.3450,-0.2505	337.9665,2.3450,-0.2505	337.9665,2.3450,-0.1125	338.0445,2.3450,-0.1125	338.0445,2.3450,-0.1005	337.9545,2.3450,-0.1005
35	主桁部材取替-033	主桁部材取替						主桁部材取替(B) 横桁接合部材 2-L 150x90x12x325	x 337.95 G1 起点側	補修図(3)	V_側面_004_主桁部材取替B_第14径間_1-60	DWG の図から（測量前）	横桁接合部材 x 337.95 G1	ext_poly	6	337.9455,2.0200,-0.1005	337.8555,2.0200,-0.1005	337.8555,2.0200,-0.1125	337.9335,2.0200,-0.1125	337.9335,2.0200,-0.2505	337.9455,2.0200,-0.2505	337.9455,2.3450,-0.1005	337.8555,2.3450,-0.1005	337.8555,2.3450,-0.1125	337.9335,2.3450,-0.1125	337.9335,2.3450,-0.2505	337.9455,2.3450,-0.2505
36	主桁部材取替-034	主桁部材取替						主桁部材取替(B) 横桁接合部材 PL 315x9x455	x 337.95 G2	補修図(3)	V_側面_004_主桁部材取替B_第14径間_1-60	DWG の図から（測量前）	横桁接合部材 x 337.95 G2	ext_poly	5	337.9545,-2.4690,-0.4235	337.9545,-2.3060,-0.4235	337.9545,-2.0140,-0.2335	337.9545,-2.0140,-0.1085	337.9545,-2.4690,-0.1085	337.9455,-2.4690,-0.4235	337.9455,-2.3060,-0.4235	337.9455,-2.0140,-0.2335	337.9455,-2.0140,-0.1085	337.9455,-2.4690,-0.1085
37	主桁部材取替-035	主桁部材取替						主桁部材取替(B) 横桁接合部材 2-L 150x90x12x325	x 337.95 G2 終点側	補修図(3)	V_側面_004_主桁部材取替B_第14径間_1-60	DWG の図から（測量前）	横桁接合部材 x 337.95 G2	ext_poly	6	337.9545,-2.3450,-0.2505	337.9665,-2.3450,-0.2505	337.9665,-2.3450,-0.1125	338.0445,-2.3450,-0.1125	338.0445,-2.3450,-0.1005	337.9545,-2.3450,-0.1005	337.9545,-2.0200,-0.2505	337.9665,-2.0200,-0.2505	337.9665,-2.0200,-0.1125	338.0445,-2.0200,-0.1125	338.0445,-2.0200,-0.1005	337.9545,-2.0200,-0.1005
38	主桁部材取替-036	主桁部材取替						主桁部材取替(B) 横桁接合部材 2-L 150x90x12x325	x 337.95 G2 起点側	補修図(3)	V_側面_004_主桁部材取替B_第14径間_1-60	DWG の図から（測量前）	横桁接合部材 x 337.95 G2	ext_poly	6	337.9455,-2.3450,-0.1005	337.8555,-2.3450,-0.1005	337.8555,-2.3450,-0.1125	337.9335,-2.3450,-0.1125	337.9335,-2.3450,-0.2505	337.9455,-2.3450,-0.2505	337.9455,-2.0200,-0.1005	337.8555,-2.0200,-0.1005	337.8555,-2.0200,-0.1125	337.9335,-2.0200,-0.1125	337.9335,-2.0200,-0.2505	337.9455,-2.0200,-0.2505
39	主桁部材取替-037	主桁部材取替						主桁部材取替(B) 横桁接合部材 PL 315x9x455	x 341.15 G1	補修図(3)	V_側面_004_主桁部材取替B_第14径間_1-60	DWG の図から（測量前）	横桁接合部材 x 341.15 G1	ext_poly	5	341.1545,2.4690,-0.1085	341.1545,2.0140,-0.1085	341.1545,2.0140,-0.2335	341.1545,2.3060,-0.4235	341.1545,2.4690,-0.4235	341.1455,2.4690,-0.1085	341.1455,2.0140,-0.1085	341.1455,2.0140,-0.2335	341.1455,2.3060,-0.4235	341.1455,2.4690,-0.4235
40	主桁部材取替-038	主桁部材取替						主桁部材取替(B) 横桁接合部材 2-L 150x90x12x325	x 341.15 G1 終点側	補修図(3)	V_側面_004_主桁部材取替B_第14径間_1-60	DWG の図から（測量前）	横桁接合部材 x 341.15 G1	ext_poly	6	341.1545,2.0200,-0.2505	341.1665,2.0200,-0.2505	341.1665,2.0200,-0.1125	341.2445,2.0200,-0.1125	341.2445,2.0200,-0.1005	341.1545,2.0200,-0.1005	341.1545,2.3450,-0.2505	341.1665,2.3450,-0.2505	341.1665,2.3450,-0.1125	341.2445,2.3450,-0.1125	341.2445,2.3450,-0.1005	341.1545,2.3450,-0.1005
41	主桁部材取替-039	主桁部材取替						主桁部材取替(B) 横桁接合部材 2-L 150x90x12x325	x 341.15 G1 起点側	補修図(3)	V_側面_004_主桁部材取替B_第14径間_1-60	DWG の図から（測量前）	横桁接合部材 x 341.15 G1	ext_poly	6	341.1455,2.0200,-0.1005	341.0555,2.0200,-0.1005	341.0555,2.0200,-0.1125	341.1335,2.0200,-0.1125	341.1335,2.0200,-0.2505	341.1455,2.0200,-0.2505	341.1455,2.3450,-0.1005	341.0555,2.3450,-0.1005	341.0555,2.3450,-0.1125	341.1335,2.3450,-0.1125	341.1335,2.3450,-0.2505	341.1455,2.3450,-0.2505
42	主桁部材取替-040	主桁部材取替						主桁部材取替(B) 横桁接合部材 PL 315x9x455	x 341.15 G2	補修図(3)	V_側面_004_主桁部材取替B_第14径間_1-60	DWG の図から（測量前）	横桁接合部材 x 341.15 G2	ext_poly	5	341.1545,-2.4690,-0.4235	341.1545,-2.3060,-0.4235	341.1545,-2.0140,-0.2335	341.1545,-2.0140,-0.1085	341.1545,-2.4690,-0.1085	341.1455,-2.4690,-0.4235	341.1455,-2.3060,-0.4235	341.1455,-2.0140,-0.2335	341.1455,-2.0140,-0.1085	341.1455,-2.4690,-0.1085
43	主桁部材取替-041	主桁部材取替						主桁部材取替(B) 横桁接合部材 2-L 150x90x12x325	x 341.15 G2 終点側	補修図(3)	V_側面_004_主桁部材取替B_第14径間_1-60	DWG の図から（測量前）	横桁接合部材 x 341.15 G2	ext_poly	6	341.1545,-2.3450,-0.2505	341.1665,-2.3450,-0.2505	341.1665,-2.3450,-0.1125	341.2445,-2.3450,-0.1125	341.2445,-2.3450,-0.1005	341.1545,-2.3450,-0.1005	341.1545,-2.0200,-0.2505	341.1665,-2.0200,-0.2505	341.1665,-2.0200,-0.1125	341.2445,-2.0200,-0.1125	341.2445,-2.0200,-0.1005	341.1545,-2.0200,-0.1005
44	主桁部材取替-042	主桁部材取替						主桁部材取替(B) 横桁接合部材 2-L 150x90x12x325	x 341.15 G2 起点側	補修図(3)	V_側面_004_主桁部材取替B_第14径間_1-60	DWG の図から（測量前）	横桁接合部材 x 341.15 G2	ext_poly	6	341.1455,-2.3450,-0.1005	341.0555,-2.3450,-0.1005	341.0555,-2.3450,-0.1125	341.1335,-2.3450,-0.1125	341.1335,-2.3450,-0.2505	341.1455,-2.3450,-0.2505	341.1455,-2.0200,-0.1005	341.0555,-2.0200,-0.1005	341.0555,-2.0200,-0.1125	341.1335,-2.0200,-0.1125	341.1335,-2.0200,-0.2505	341.1455,-2.0200,-0.2505
45	主桁部材取替-043	主桁部材取替						主桁部材取替(B) 横桁接合部材 PL 315x9x455	x 344.35 G1	補修図(3)	V_側面_004_主桁部材取替B_第14径間_1-60	DWG の図から（測量前）	横桁接合部材 x 344.35 G1	ext_poly	5	344.3545,2.4690,-0.1085	344.3545,2.0140,-0.1085	344.3545,2.0140,-0.2335	344.3545,2.3060,-0.4235	344.3545,2.4690,-0.4235	344.3455,2.4690,-0.1085	344.3455,2.0140,-0.1085	344.3455,2.0140,-0.2335	344.3455,2.3060,-0.4235	344.3455,2.4690,-0.4235
46	主桁部材取替-044	主桁部材取替						主桁部材取替(B) 横桁接合部材 2-L 150x90x12x325	x 344.35 G1 終点側	補修図(3)	V_側面_004_主桁部材取替B_第14径間_1-60	DWG の図から（測量前）	横桁接合部材 x 344.35 G1	ext_poly	6	344.3545,2.0200,-0.2505	344.3665,2.0200,-0.2505	344.3665,2.0200,-0.1125	344.4445,2.0200,-0.1125	344.4445,2.0200,-0.1005	344.3545,2.0200,-0.1005	344.3545,2.3450,-0.2505	344.3665,2.3450,-0.2505	344.3665,2.3450,-0.1125	344.4445,2.3450,-0.1125	344.4445,2.3450,-0.1005	344.3545,2.3450,-0.1005
47	主桁部材取替-045	主桁部材取替						主桁部材取替(B) 横桁接合部材 2-L 150x90x12x325	x 344.35 G1 起点側	補修図(3)	V_側面_004_主桁部材取替B_第14径間_1-60	DWG の図から（測量前）	横桁接合部材 x 344.35 G1	ext_poly	6	344.3455,2.0200,-0.1005	344.2555,2.0200,-0.1005	344.2555,2.0200,-0.1125	344.3335,2.0200,-0.1125	344.3335,2.0200,-0.2505	344.3455,2.0200,-0.2505	344.3455,2.3450,-0.1005	344.2555,2.3450,-0.1005	344.2555,2.3450,-0.1125	344.3335,2.3450,-0.1125	344.3335,2.3450,-0.2505	344.3455,2.3450,-0.2505
48	主桁部材取替-046	主桁部材取替						主桁部材取替(B) 横桁接合部材 PL 315x9x455	x 344.35 G2	補修図(3)	V_側面_004_主桁部材取替B_第14径間_1-60	DWG の図から（測量前）	横桁接合部材 x 344.35 G2	ext_poly	5	344.3545,-2.4690,-0.4235	344.3545,-2.3060,-0.4235	344.3545,-2.0140,-0.2335	344.3545,-2.0140,-0.1085	344.3545,-2.4690,-0.1085	344.3455,-2.4690,-0.4235	344.3455,-2.3060,-0.4235	344.3455,-2.0140,-0.2335	344.3455,-2.0140,-0.1085	344.3455,-2.4690,-0.1085
49	主桁部材取替-047	主桁部材取替						主桁部材取替(B) 横桁接合部材 2-L 150x90x12x325	x 344.35 G2 終点側	補修図(3)	V_側面_004_主桁部材取替B_第14径間_1-60	DWG の図から（測量前）	横桁接合部材 x 344.35 G2	ext_poly	6	344.3545,-2.3450,-0.2505	344.3665,-2.3450,-0.2505	344.3665,-2.3450,-0.1125	344.4445,-2.3450,-0.1125	344.4445,-2.3450,-0.1005	344.3545,-2.3450,-0.1005	344.3545,-2.0200,-0.2505	344.3665,-2.0200,-0.2505	344.3665,-2.0200,-0.1125	344.4445,-2.0200,-0.1125	344.4445,-2.0200,-0.1005	344.3545,-2.0200,-0.1005
50	主桁部材取替-048	主桁部材取替						主桁部材取替(B) 横桁接合部材 2-L 150x90x12x325	x 344.35 G2 起点側	補修図(3)	V_側面_004_主桁部材取替B_第14径間_1-60	DWG の図から（測量前）	横桁接合部材 x 344.35 G2	ext_poly	6	344.3455,-2.3450,-0.1005	344.2555,-2.3450,-0.1005	344.2555,-2.3450,-0.1125	344.3335,-2.3450,-0.1125	344.3335,-2.3450,-0.2505	344.3455,-2.3450,-0.2505	344.3455,-2.0200,-0.1005	344.2555,-2.0200,-0.1005	344.2555,-2.0200,-0.1125	344.3335,-2.0200,-0.1125	344.3335,-2.0200,-0.2505	344.3455,-2.0200,-0.2505
51	主桁部材取替-049	主桁部材取替						主桁部材取替(B) 横桁接合部材 PL 315x9x455	x 347.55 G1	補修図(3)	V_側面_004_主桁部材取替B_第14径間_1-60	DWG の図から（測量前）	横桁接合部材 x 347.55 G1	ext_poly	5	347.5545,2.4690,-0.1085	347.5545,2.0140,-0.1085	347.5545,2.0140,-0.2335	347.5545,2.3060,-0.4235	347.5545,2.4690,-0.4235	347.5455,2.4690,-0.1085	347.5455,2.0140,-0.1085	347.5455,2.0140,-0.2335	347.5455,2.3060,-0.4235	347.5455,2.4690,-0.4235
52	主桁部材取替-050	主桁部材取替						主桁部材取替(B) 横桁接合部材 2-L 150x90x12x325	x 347.55 G1 終点側	補修図(3)	V_側面_004_主桁部材取替B_第14径間_1-60	DWG の図から（測量前）	横桁接合部材 x 347.55 G1	ext_poly	6	347.5545,2.0200,-0.2505	347.5665,2.0200,-0.2505	347.5665,2.0200,-0.1125	347.6445,2.0200,-0.1125	347.6445,2.0200,-0.1005	347.5545,2.0200,-0.1005	347.5545,2.3450,-0.2505	347.5665,2.3450,-0.2505	347.5665,2.3450,-0.1125	347.6445,2.3450,-0.1125	347.6445,2.3450,-0.1005	347.5545,2.3450,-0.1005
53	主桁部材取替-051	主桁部材取替						主桁部材取替(B) 横桁接合部材 2-L 150x90x12x325	x 347.55 G1 起点側	補修図(3)	V_側面_004_主桁部材取替B_第14径間_1-60	DWG の図から（測量前）	横桁接合部材 x 347.55 G1	ext_poly	6	347.5455,2.0200,-0.1005	347.4555,2.0200,-0.1005	347.4555,2.0200,-0.1125	347.5335,2.0200,-0.1125	347.5335,2.0200,-0.2505	347.5455,2.0200,-0.2505	347.5455,2.3450,-0.1005	347.4555,2.3450,-0.1005	347.4555,2.3450,-0.1125	347.5335,2.3450,-0.1125	347.5335,2.3450,-0.2505	347.5455,2.3450,-0.2505
54	主桁部材取替-052	主桁部材取替						主桁部材取替(B) 横桁接合部材 PL 315x9x455	x 347.55 G2	補修図(3)	V_側面_004_主桁部材取替B_第14径間_1-60	DWG の図から（測量前）	横桁接合部材 x 347.55 G2	ext_poly	5	347.5545,-2.4690,-0.4235	347.5545,-2.3060,-0.4235	347.5545,-2.0140,-0.2335	347.5545,-2.0140,-0.1085	347.5545,-2.4690,-0.1085	347.5455,-2.4690,-0.4235	347.5455,-2.3060,-0.4235	347.5455,-2.0140,-0.2335	347.5455,-2.0140,-0.1085	347.5455,-2.4690,-0.1085
55	主桁部材取替-053	主桁部材取替						主桁部材取替(B) 横桁接合部材 2-L 150x90x12x325	x 347.55 G2 終点側	補修図(3)	V_側面_004_主桁部材取替B_第14径間_1-60	DWG の図から（測量前）	横桁接合部材 x 347.55 G2	ext_poly	6	347.5545,-2.3450,-0.2505	347.5665,-2.3450,-0.2505	347.5665,-2.3450,-0.1125	347.6445,-2.3450,-0.1125	347.6445,-2.3450,-0.1005	347.5545,-2.3450,-0.1005	347.5545,-2.0200,-0.2505	347.5665,-2.0200,-0.2505	347.5665,-2.0200,-0.1125	347.6445,-2.0200,-0.1125	347.6445,-2.0200,-0.1005	347.5545,-2.0200,-0.1005
56	主桁部材取替-054	主桁部材取替						主桁部材取替(B) 横桁接合部材 2-L 150x90x12x325	x 347.55 G2 起点側	補修図(3)	V_側面_004_主桁部材取替B_第14径間_1-60	DWG の図から（測量前）	横桁接合部材 x 347.55 G2	ext_poly	6	347.5455,-2.3450,-0.1005	347.4555,-2.3450,-0.1005	347.4555,-2.3450,-0.1125	347.5335,-2.3450,-0.1125	347.5335,-2.3450,-0.2505	347.5455,-2.3450,-0.2505	347.5455,-2.0200,-0.1005	347.4555,-2.0200,-0.1005	347.4555,-2.0200,-0.1125	347.5335,-2.0200,-0.1125	347.5335,-2.0200,-0.2505	347.5455,-2.0200,-0.2505
57	主桁部材取替-055	主桁部材取替						主桁部材取替(B) 横桁接合部材 PL 315x9x455	x 350.75 G1	補修図(3)	V_側面_004_主桁部材取替B_第14径間_1-60	DWG の図から（測量前）	横桁接合部材 x 350.75 G1	ext_poly	5	350.7545,2.4690,-0.1085	350.7545,2.0140,-0.1085	350.7545,2.0140,-0.2335	350.7545,2.3060,-0.4235	350.7545,2.4690,-0.4235	350.7455,2.4690,-0.1085	350.7455,2.0140,-0.1085	350.7455,2.0140,-0.2335	350.7455,2.3060,-0.4235	350.7455,2.4690,-0.4235
58	主桁部材取替-056	主桁部材取替						主桁部材取替(B) 横桁接合部材 2-L 150x90x12x325	x 350.75 G1 終点側	補修図(3)	V_側面_004_主桁部材取替B_第14径間_1-60	DWG の図から（測量前）	横桁接合部材 x 350.75 G1	ext_poly	6	350.7545,2.0200,-0.2505	350.7665,2.0200,-0.2505	350.7665,2.0200,-0.1125	350.8445,2.0200,-0.1125	350.8445,2.0200,-0.1005	350.7545,2.0200,-0.1005	350.7545,2.3450,-0.2505	350.7665,2.3450,-0.2505	350.7665,2.3450,-0.1125	350.8445,2.3450,-0.1125	350.8445,2.3450,-0.1005	350.7545,2.3450,-0.1005
59	主桁部材取替-057	主桁部材取替						主桁部材取替(B) 横桁接合部材 2-L 150x90x12x325	x 350.75 G1 起点側	補修図(3)	V_側面_004_主桁部材取替B_第14径間_1-60	DWG の図から（測量前）	横桁接合部材 x 350.75 G1	ext_poly	6	350.7455,2.0200,-0.1005	350.6555,2.0200,-0.1005	350.6555,2.0200,-0.1125	350.7335,2.0200,-0.1125	350.7335,2.0200,-0.2505	350.7455,2.0200,-0.2505	350.7455,2.3450,-0.1005	350.6555,2.3450,-0.1005	350.6555,2.3450,-0.1125	350.7335,2.3450,-0.1125	350.7335,2.3450,-0.2505	350.7455,2.3450,-0.2505
60	主桁部材取替-058	主桁部材取替						主桁部材取替(B) 横桁接合部材 PL 315x9x455	x 350.75 G2	補修図(3)	V_側面_004_主桁部材取替B_第14径間_1-60	DWG の図から（測量前）	横桁接合部材 x 350.75 G2	ext_poly	5	350.7545,-2.4690,-0.4235	350.7545,-2.3060,-0.4235	350.7545,-2.0140,-0.2335	350.7545,-2.0140,-0.1085	350.7545,-2.4690,-0.1085	350.7455,-2.4690,-0.4235	350.7455,-2.3060,-0.4235	350.7455,-2.0140,-0.2335	350.7455,-2.0140,-0.1085	350.7455,-2.4690,-0.1085
61	主桁部材取替-059	主桁部材取替						主桁部材取替(B) 横桁接合部材 2-L 150x90x12x325	x 350.75 G2 終点側	補修図(3)	V_側面_004_主桁部材取替B_第14径間_1-60	DWG の図から（測量前）	横桁接合部材 x 350.75 G2	ext_poly	6	350.7545,-2.3450,-0.2505	350.7665,-2.3450,-0.2505	350.7665,-2.3450,-0.1125	350.8445,-2.3450,-0.1125	350.8445,-2.3450,-0.1005	350.7545,-2.3450,-0.1005	350.7545,-2.0200,-0.2505	350.7665,-2.0200,-0.2505	350.7665,-2.0200,-0.1125	350.8445,-2.0200,-0.1125	350.8445,-2.0200,-0.1005	350.7545,-2.0200,-0.1005
62	主桁部材取替-060	主桁部材取替						主桁部材取替(B) 横桁接合部材 2-L 150x90x12x325	x 350.75 G2 起点側	補修図(3)	V_側面_004_主桁部材取替B_第14径間_1-60	DWG の図から（測量前）	横桁接合部材 x 350.75 G2	ext_poly	6	350.7455,-2.3450,-0.1005	350.6555,-2.3450,-0.1005	350.6555,-2.3450,-0.1125	350.7335,-2.3450,-0.1125	350.7335,-2.3450,-0.2505	350.7455,-2.3450,-0.2505	350.7455,-2.0200,-0.1005	350.6555,-2.0200,-0.1005	350.6555,-2.0200,-0.1125	350.7335,-2.0200,-0.1125	350.7335,-2.0200,-0.2505	350.7455,-2.0200,-0.2505
63	主桁部材取替-061	主桁部材取替						主桁部材取替(B) 横桁接合部材 PL 315x9x455	x 353.95 G1	補修図(3)	V_側面_004_主桁部材取替B_第14径間_1-60	DWG の図から（測量前）	横桁接合部材 x 353.95 G1	ext_poly	5	353.9545,2.4690,-0.1085	353.9545,2.0140,-0.1085	353.9545,2.0140,-0.2335	353.9545,2.3060,-0.4235	353.9545,2.4690,-0.4235	353.9455,2.4690,-0.1085	353.9455,2.0140,-0.1085	353.9455,2.0140,-0.2335	353.9455,2.3060,-0.4235	353.9455,2.4690,-0.4235
64	主桁部材取替-062	主桁部材取替						主桁部材取替(B) 横桁接合部材 2-L 150x90x12x325	x 353.95 G1 終点側	補修図(3)	V_側面_004_主桁部材取替B_第14径間_1-60	DWG の図から（測量前）	横桁接合部材 x 353.95 G1	ext_poly	6	353.9545,2.0200,-0.2505	353.9665,2.0200,-0.2505	353.9665,2.0200,-0.1125	354.0445,2.0200,-0.1125	354.0445,2.0200,-0.1005	353.9545,2.0200,-0.1005	353.9545,2.3450,-0.2505	353.9665,2.3450,-0.2505	353.9665,2.3450,-0.1125	354.0445,2.3450,-0.1125	354.0445,2.3450,-0.1005	353.9545,2.3450,-0.1005
65	主桁部材取替-063	主桁部材取替						主桁部材取替(B) 横桁接合部材 2-L 150x90x12x325	x 353.95 G1 起点側	補修図(3)	V_側面_004_主桁部材取替B_第14径間_1-60	DWG の図から（測量前）	横桁接合部材 x 353.95 G1	ext_poly	6	353.9455,2.0200,-0.1005	353.8555,2.0200,-0.1005	353.8555,2.0200,-0.1125	353.9335,2.0200,-0.1125	353.9335,2.0200,-0.2505	353.9455,2.0200,-0.2505	353.9455,2.3450,-0.1005	353.8555,2.3450,-0.1005	353.8555,2.3450,-0.1125	353.9335,2.3450,-0.1125	353.9335,2.3450,-0.2505	353.9455,2.3450,-0.2505
66	主桁部材取替-064	主桁部材取替						主桁部材取替(B) 横桁接合部材 PL 315x9x455	x 353.95 G2	補修図(3)	V_側面_004_主桁部材取替B_第14径間_1-60	DWG の図から（測量前）	横桁接合部材 x 353.95 G2	ext_poly	5	353.9545,-2.4690,-0.4235	353.9545,-2.3060,-0.4235	353.9545,-2.0140,-0.2335	353.9545,-2.0140,-0.1085	353.9545,-2.4690,-0.1085	353.9455,-2.4690,-0.4235	353.9455,-2.3060,-0.4235	353.9455,-2.0140,-0.2335	353.9455,-2.0140,-0.1085	353.9455,-2.4690,-0.1085
67	主桁部材取替-065	主桁部材取替						主桁部材取替(B) 横桁接合部材 2-L 150x90x12x325	x 353.95 G2 終点側	補修図(3)	V_側面_004_主桁部材取替B_第14径間_1-60	DWG の図から（測量前）	横桁接合部材 x 353.95 G2	ext_poly	6	353.9545,-2.3450,-0.2505	353.9665,-2.3450,-0.2505	353.9665,-2.3450,-0.1125	354.0445,-2.3450,-0.1125	354.0445,-2.3450,-0.1005	353.9545,-2.3450,-0.1005	353.9545,-2.0200,-0.2505	353.9665,-2.0200,-0.2505	353.9665,-2.0200,-0.1125	354.0445,-2.0200,-0.1125	354.0445,-2.0200,-0.1005	353.9545,-2.0200,-0.1005
68	主桁部材取替-066	主桁部材取替						主桁部材取替(B) 横桁接合部材 2-L 150x90x12x325	x 353.95 G2 起点側	補修図(3)	V_側面_004_主桁部材取替B_第14径間_1-60	DWG の図から（測量前）	横桁接合部材 x 353.95 G2	ext_poly	6	353.9455,-2.3450,-0.1005	353.8555,-2.3450,-0.1005	353.8555,-2.3450,-0.1125	353.9335,-2.3450,-0.1125	353.9335,-2.3450,-0.2505	353.9455,-2.3450,-0.2505	353.9455,-2.0200,-0.1005	353.8555,-2.0200,-0.1005	353.8555,-2.0200,-0.1125	353.9335,-2.0200,-0.1125	353.9335,-2.0200,-0.2505	353.9455,-2.0200,-0.2505
69	主桁部材取替-067	主桁部材取替						主桁部材取替(A) 横桁接合部材 PL 315x9x455	x 366.75 G1	補修図(3)	V_側面_003_主桁部材取替A_第15径間_1-60	DWG の図から（測量前）	横桁接合部材 x 366.75 G1	ext_poly	5	366.7545,2.4690,-0.1520	366.7545,2.0140,-0.1520	366.7545,2.0140,-0.2770	366.7545,2.3060,-0.4670	366.7545,2.4690,-0.4670	366.7455,2.4690,-0.1520	366.7455,2.0140,-0.1520	366.7455,2.0140,-0.2770	366.7455,2.3060,-0.4670	366.7455,2.4690,-0.4670
70	主桁部材取替-068	主桁部材取替						主桁部材取替(A) 横桁接合部材 2-L 150x90x12x325	x 366.75 G1 終点側	補修図(3)	V_側面_003_主桁部材取替A_第15径間_1-60	DWG の図から（測量前）	横桁接合部材 x 366.75 G1	ext_poly	6	366.7545,2.0200,-0.2940	366.7665,2.0200,-0.2940	366.7665,2.0200,-0.1560	366.8445,2.0200,-0.1560	366.8445,2.0200,-0.1440	366.7545,2.0200,-0.1440	366.7545,2.3450,-0.2940	366.7665,2.3450,-0.2940	366.7665,2.3450,-0.1560	366.8445,2.3450,-0.1560	366.8445,2.3450,-0.1440	366.7545,2.3450,-0.1440
71	主桁部材取替-069	主桁部材取替						主桁部材取替(A) 横桁接合部材 2-L 150x90x12x325	x 366.75 G1 起点側	補修図(3)	V_側面_003_主桁部材取替A_第15径間_1-60	DWG の図から（測量前）	横桁接合部材 x 366.75 G1	ext_poly	6	366.7455,2.0200,-0.1440	366.6555,2.0200,-0.1440	366.6555,2.0200,-0.1560	366.7335,2.0200,-0.1560	366.7335,2.0200,-0.2940	366.7455,2.0200,-0.2940	366.7455,2.3450,-0.1440	366.6555,2.3450,-0.1440	366.6555,2.3450,-0.1560	366.7335,2.3450,-0.1560	366.7335,2.3450,-0.2940	366.7455,2.3450,-0.2940
72	主桁部材取替-070	主桁部材取替						主桁部材取替(A) 横桁接合部材 PL 315x9x455	x 366.75 G2	補修図(3)	V_側面_003_主桁部材取替A_第15径間_1-60	DWG の図から（測量前）	横桁接合部材 x 366.75 G2	ext_poly	5	366.7545,-2.4690,-0.4670	366.7545,-2.3060,-0.4670	366.7545,-2.0140,-0.2770	366.7545,-2.0140,-0.1520	366.7545,-2.4690,-0.1520	366.7455,-2.4690,-0.4670	366.7455,-2.3060,-0.4670	366.7455,-2.0140,-0.2770	366.7455,-2.0140,-0.1520	366.7455,-2.4690,-0.1520
73	主桁部材取替-071	主桁部材取替						主桁部材取替(A) 横桁接合部材 2-L 150x90x12x325	x 366.75 G2 終点側	補修図(3)	V_側面_003_主桁部材取替A_第15径間_1-60	DWG の図から（測量前）	横桁接合部材 x 366.75 G2	ext_poly	6	366.7545,-2.3450,-0.2940	366.7665,-2.3450,-0.2940	366.7665,-2.3450,-0.1560	366.8445,-2.3450,-0.1560	366.8445,-2.3450,-0.1440	366.7545,-2.3450,-0.1440	366.7545,-2.0200,-0.2940	366.7665,-2.0200,-0.2940	366.7665,-2.0200,-0.1560	366.8445,-2.0200,-0.1560	366.8445,-2.0200,-0.1440	366.7545,-2.0200,-0.1440
74	主桁部材取替-072	主桁部材取替						主桁部材取替(A) 横桁接合部材 2-L 150x90x12x325	x 366.75 G2 起点側	補修図(3)	V_側面_003_主桁部材取替A_第15径間_1-60	DWG の図から（測量前）	横桁接合部材 x 366.75 G2	ext_poly	6	366.7455,-2.3450,-0.1440	366.6555,-2.3450,-0.1440	366.6555,-2.3450,-0.1560	366.7335,-2.3450,-0.1560	366.7335,-2.3450,-0.2940	366.7455,-2.3450,-0.2940	366.7455,-2.0200,-0.1440	366.6555,-2.0200,-0.1440	366.6555,-2.0200,-0.1560	366.7335,-2.0200,-0.1560	366.7335,-2.0200,-0.2940	366.7455,-2.0200,-0.2940
75	主桁部材取替-073	主桁部材取替						主桁部材取替(A) 横桁接合部材 PL 330x9x450	x 373.15 G1	補修図(4)	V_側面_003_主桁部材取替A_第15径間_1-60	DWG の図から（測量前）	横桁接合部材 x 373.15 G1	ext_poly	5	373.1545,2.4705,-0.2114	373.1545,2.0205,-0.2114	373.1545,2.0205,-0.3364	373.1545,2.3075,-0.5414	373.1545,2.4705,-0.5414	373.1455,2.4705,-0.2114	373.1455,2.0205,-0.2114	373.1455,2.0205,-0.3364	373.1455,2.3075,-0.5414	373.1455,2.4705,-0.5414
76	主桁部材取替-074	主桁部材取替						主桁部材取替(A) 横桁接合部材 2-L 150x90x12x325	x 373.15 G1 終点側	補修図(4)	V_側面_003_主桁部材取替A_第15径間_1-60	DWG の図から（測量前）	横桁接合部材 x 373.15 G1	ext_poly	6	373.1545,2.0245,-0.3534	373.1665,2.0245,-0.3534	373.1665,2.0245,-0.2154	373.2445,2.0245,-0.2154	373.2445,2.0245,-0.2034	373.1545,2.0245,-0.2034	373.1545,2.3495,-0.3534	373.1665,2.3495,-0.3534	373.1665,2.3495,-0.2154	373.2445,2.3495,-0.2154	373.2445,2.3495,-0.2034	373.1545,2.3495,-0.2034
77	主桁部材取替-075	主桁部材取替						主桁部材取替(A) 横桁接合部材 2-L 150x90x12x325	x 373.15 G1 起点側	補修図(4)	V_側面_003_主桁部材取替A_第15径間_1-60	DWG の図から（測量前）	横桁接合部材 x 373.15 G1	ext_poly	6	373.1455,2.0245,-0.2034	373.0555,2.0245,-0.2034	373.0555,2.0245,-0.2154	373.1335,2.0245,-0.2154	373.1335,2.0245,-0.3534	373.1455,2.0245,-0.3534	373.1455,2.3495,-0.2034	373.0555,2.3495,-0.2034	373.0555,2.3495,-0.2154	373.1335,2.3495,-0.2154	373.1335,2.3495,-0.3534	373.1455,2.3495,-0.3534
78	主桁部材取替-076	主桁部材取替						主桁部材取替(A) 横桁接合部材 PL 330x9x450	x 373.15 G2	補修図(4)	V_側面_003_主桁部材取替A_第15径間_1-60	DWG の図から（測量前）	横桁接合部材 x 373.15 G2	ext_poly	5	373.1545,-2.4705,-0.5414	373.1545,-2.3075,-0.5414	373.1545,-2.0205,-0.3364	373.1545,-2.0205,-0.2114	373.1545,-2.4705,-0.2114	373.1455,-2.4705,-0.5414	373.1455,-2.3075,-0.5414	373.1455,-2.0205,-0.3364	373.1455,-2.0205,-0.2114	373.1455,-2.4705,-0.2114
79	主桁部材取替-077	主桁部材取替						主桁部材取替(A) 横桁接合部材 2-L 150x90x12x325	x 373.15 G2 終点側	補修図(4)	V_側面_003_主桁部材取替A_第15径間_1-60	DWG の図から（測量前）	横桁接合部材 x 373.15 G2	ext_poly	6	373.1545,-2.3495,-0.3534	373.1665,-2.3495,-0.3534	373.1665,-2.3495,-0.2154	373.2445,-2.3495,-0.2154	373.2445,-2.3495,-0.2034	373.1545,-2.3495,-0.2034	373.1545,-2.0245,-0.3534	373.1665,-2.0245,-0.3534	373.1665,-2.0245,-0.2154	373.2445,-2.0245,-0.2154	373.2445,-2.0245,-0.2034	373.1545,-2.0245,-0.2034
80	主桁部材取替-078	主桁部材取替						主桁部材取替(A) 横桁接合部材 2-L 150x90x12x325	x 373.15 G2 起点側	補修図(4)	V_側面_003_主桁部材取替A_第15径間_1-60	DWG の図から（測量前）	横桁接合部材 x 373.15 G2	ext_poly	6	373.1455,-2.3495,-0.2034	373.0555,-2.3495,-0.2034	373.0555,-2.3495,-0.2154	373.1335,-2.3495,-0.2154	373.1335,-2.3495,-0.3534	373.1455,-2.3495,-0.3534	373.1455,-2.0245,-0.2034	373.0555,-2.0245,-0.2034	373.0555,-2.0245,-0.2154	373.1335,-2.0245,-0.2154	373.1335,-2.0245,-0.3534	373.1455,-2.0245,-0.3534
81	主桁部材取替-079	主桁部材取替						主桁部材取替(A) 横桁接合部材 PL 330x9x460	x 376.35 G1	補修図(5)	V_側面_003_主桁部材取替A_第15径間_1-60	DWG の図から（測量前）	横桁接合部材 x 376.35 G1	ext_poly	5	376.3545,2.4705,-0.2114	376.3545,2.0105,-0.2114	376.3545,2.0105,-0.3364	376.3545,2.3075,-0.5414	376.3545,2.4705,-0.5414	376.3455,2.4705,-0.2114	376.3455,2.0105,-0.2114	376.3455,2.0105,-0.3364	376.3455,2.3075,-0.5414	376.3455,2.4705,-0.5414
82	主桁部材取替-080	主桁部材取替						主桁部材取替(A) 横桁接合部材 2-L 150x90x12x320	x 376.35 G1 終点側	補修図(5)	V_側面_003_主桁部材取替A_第15径間_1-60	DWG の図から（測量前）	横桁接合部材 x 376.35 G1	ext_poly	6	376.3545,2.0200,-0.3534	376.3665,2.0200,-0.3534	376.3665,2.0200,-0.2154	376.4445,2.0200,-0.2154	376.4445,2.0200,-0.2034	376.3545,2.0200,-0.2034	376.3545,2.3400,-0.3534	376.3665,2.3400,-0.3534	376.3665,2.3400,-0.2154	376.4445,2.3400,-0.2154	376.4445,2.3400,-0.2034	376.3545,2.3400,-0.2034
83	主桁部材取替-081	主桁部材取替						主桁部材取替(A) 横桁接合部材 2-L 150x90x12x320	x 376.35 G1 起点側	補修図(5)	V_側面_003_主桁部材取替A_第15径間_1-60	DWG の図から（測量前）	横桁接合部材 x 376.35 G1	ext_poly	6	376.3455,2.0200,-0.2034	376.2555,2.0200,-0.2034	376.2555,2.0200,-0.2154	376.3335,2.0200,-0.2154	376.3335,2.0200,-0.3534	376.3455,2.0200,-0.3534	376.3455,2.3400,-0.2034	376.2555,2.3400,-0.2034	376.2555,2.3400,-0.2154	376.3335,2.3400,-0.2154	376.3335,2.3400,-0.3534	376.3455,2.3400,-0.3534
84	主桁部材取替-082	主桁部材取替						主桁部材取替(A) 横桁接合部材 PL 330x9x460	x 376.35 G2	補修図(5)	V_側面_003_主桁部材取替A_第15径間_1-60	DWG の図から（測量前）	横桁接合部材 x 376.35 G2	ext_poly	5	376.3545,-2.4705,-0.5414	376.3545,-2.3075,-0.5414	376.3545,-2.0105,-0.3364	376.3545,-2.0105,-0.2114	376.3545,-2.4705,-0.2114	376.3455,-2.4705,-0.5414	376.3455,-2.3075,-0.5414	376.3455,-2.0105,-0.3364	376.3455,-2.0105,-0.2114	376.3455,-2.4705,-0.2114
85	主桁部材取替-083	主桁部材取替						主桁部材取替(A) 横桁接合部材 2-L 150x90x12x320	x 376.35 G2 終点側	補修図(5)	V_側面_003_主桁部材取替A_第15径間_1-60	DWG の図から（測量前）	横桁接合部材 x 376.35 G2	ext_poly	6	376.3545,-2.3400,-0.3534	376.3665,-2.3400,-0.3534	376.3665,-2.3400,-0.2154	376.4445,-2.3400,-0.2154	376.4445,-2.3400,-0.2034	376.3545,-2.3400,-0.2034	376.3545,-2.0200,-0.3534	376.3665,-2.0200,-0.3534	376.3665,-2.0200,-0.2154	376.4445,-2.0200,-0.2154	376.4445,-2.0200,-0.2034	376.3545,-2.0200,-0.2034
86	主桁部材取替-084	主桁部材取替						主桁部材取替(A) 横桁接合部材 2-L 150x90x12x320	x 376.35 G2 起点側	補修図(5)	V_側面_003_主桁部材取替A_第15径間_1-60	DWG の図から（測量前）	横桁接合部材 x 376.35 G2	ext_poly	6	376.3455,-2.3400,-0.2034	376.2555,-2.3400,-0.2034	376.2555,-2.3400,-0.2154	376.3335,-2.3400,-0.2154	376.3335,-2.3400,-0.3534	376.3455,-2.3400,-0.3534	376.3455,-2.0200,-0.2034	376.2555,-2.0200,-0.2034	376.2555,-2.0200,-0.2154	376.3335,-2.0200,-0.2154	376.3335,-2.0200,-0.3534	376.3455,-2.0200,-0.3534
87	主桁部材取替-085	主桁部材取替						主桁部材取替(A) 横桁接合部材 PL 330x9x450	x 379.55 G1	補修図(4)	V_側面_003_主桁部材取替A_第15径間_1-60	DWG の図から（測量前）	横桁接合部材 x 379.55 G1	ext_poly	5	379.5545,2.4705,-0.2114	379.5545,2.0205,-0.2114	379.5545,2.0205,-0.3364	379.5545,2.3075,-0.5414	379.5545,2.4705,-0.5414	379.5455,2.4705,-0.2114	379.5455,2.0205,-0.2114	379.5455,2.0205,-0.3364	379.5455,2.3075,-0.5414	379.5455,2.4705,-0.5414
88	主桁部材取替-086	主桁部材取替						主桁部材取替(A) 横桁接合部材 2-L 150x90x12x325	x 379.55 G1 終点側	補修図(4)	V_側面_003_主桁部材取替A_第15径間_1-60	DWG の図から（測量前）	横桁接合部材 x 379.55 G1	ext_poly	6	379.5545,2.0245,-0.3534	379.5665,2.0245,-0.3534	379.5665,2.0245,-0.2154	379.6445,2.0245,-0.2154	379.6445,2.0245,-0.2034	379.5545,2.0245,-0.2034	379.5545,2.3495,-0.3534	379.5665,2.3495,-0.3534	379.5665,2.3495,-0.2154	379.6445,2.3495,-0.2154	379.6445,2.3495,-0.2034	379.5545,2.3495,-0.2034
89	主桁部材取替-087	主桁部材取替						主桁部材取替(A) 横桁接合部材 2-L 150x90x12x325	x 379.55 G1 起点側	補修図(4)	V_側面_003_主桁部材取替A_第15径間_1-60	DWG の図から（測量前）	横桁接合部材 x 379.55 G1	ext_poly	6	379.5455,2.0245,-0.2034	379.4555,2.0245,-0.2034	379.4555,2.0245,-0.2154	379.5335,2.0245,-0.2154	379.5335,2.0245,-0.3534	379.5455,2.0245,-0.3534	379.5455,2.3495,-0.2034	379.4555,2.3495,-0.2034	379.4555,2.3495,-0.2154	379.5335,2.3495,-0.2154	379.5335,2.3495,-0.3534	379.5455,2.3495,-0.3534
90	主桁部材取替-088	主桁部材取替						主桁部材取替(A) 横桁接合部材 PL 330x9x450	x 379.55 G2	補修図(4)	V_側面_003_主桁部材取替A_第15径間_1-60	DWG の図から（測量前）	横桁接合部材 x 379.55 G2	ext_poly	5	379.5545,-2.4705,-0.5414	379.5545,-2.3075,-0.5414	379.5545,-2.0205,-0.3364	379.5545,-2.0205,-0.2114	379.5545,-2.4705,-0.2114	379.5455,-2.4705,-0.5414	379.5455,-2.3075,-0.5414	379.5455,-2.0205,-0.3364	379.5455,-2.0205,-0.2114	379.5455,-2.4705,-0.2114
91	主桁部材取替-089	主桁部材取替						主桁部材取替(A) 横桁接合部材 2-L 150x90x12x325	x 379.55 G2 終点側	補修図(4)	V_側面_003_主桁部材取替A_第15径間_1-60	DWG の図から（測量前）	横桁接合部材 x 379.55 G2	ext_poly	6	379.5545,-2.3495,-0.3534	379.5665,-2.3495,-0.3534	379.5665,-2.3495,-0.2154	379.6445,-2.3495,-0.2154	379.6445,-2.3495,-0.2034	379.5545,-2.3495,-0.2034	379.5545,-2.0245,-0.3534	379.5665,-2.0245,-0.3534	379.5665,-2.0245,-0.2154	379.6445,-2.0245,-0.2154	379.6445,-2.0245,-0.2034	379.5545,-2.0245,-0.2034
92	主桁部材取替-090	主桁部材取替						主桁部材取替(A) 横桁接合部材 2-L 150x90x12x325	x 379.55 G2 起点側	補修図(4)	V_側面_003_主桁部材取替A_第15径間_1-60	DWG の図から（測量前）	横桁接合部材 x 379.55 G2	ext_poly	6	379.5455,-2.3495,-0.2034	379.4555,-2.3495,-0.2034	379.4555,-2.3495,-0.2154	379.5335,-2.3495,-0.2154	379.5335,-2.3495,-0.3534	379.5455,-2.3495,-0.3534	379.5455,-2.0245,-0.2034	379.4555,-2.0245,-0.2034	379.4555,-2.0245,-0.2154	379.5335,-2.0245,-0.2154	379.5335,-2.0245,-0.3534	379.5455,-2.0245,-0.3534
93	主桁部材取替-091	主桁部材取替						主桁部材取替(A) 横桁接合部材 PL 315x9x455	x 385.95 G1	補修図(3)	V_側面_003_主桁部材取替A_第15径間_1-60	DWG の図から（測量前）	横桁接合部材 x 385.95 G1	ext_poly	5	385.9545,2.4690,-0.2708	385.9545,2.0140,-0.2708	385.9545,2.0140,-0.3958	385.9545,2.3060,-0.5858	385.9545,2.4690,-0.5858	385.9455,2.4690,-0.2708	385.9455,2.0140,-0.2708	385.9455,2.0140,-0.3958	385.9455,2.3060,-0.5858	385.9455,2.4690,-0.5858
94	主桁部材取替-092	主桁部材取替						主桁部材取替(A) 横桁接合部材 2-L 150x90x12x325	x 385.95 G1 終点側	補修図(3)	V_側面_003_主桁部材取替A_第15径間_1-60	DWG の図から（測量前）	横桁接合部材 x 385.95 G1	ext_poly	6	385.9545,2.0200,-0.4128	385.9665,2.0200,-0.4128	385.9665,2.0200,-0.2748	386.0445,2.0200,-0.2748	386.0445,2.0200,-0.2628	385.9545,2.0200,-0.2628	385.9545,2.3450,-0.4128	385.9665,2.3450,-0.4128	385.9665,2.3450,-0.2748	386.0445,2.3450,-0.2748	386.0445,2.3450,-0.2628	385.9545,2.3450,-0.2628
95	主桁部材取替-093	主桁部材取替						主桁部材取替(A) 横桁接合部材 2-L 150x90x12x325	x 385.95 G1 起点側	補修図(3)	V_側面_003_主桁部材取替A_第15径間_1-60	DWG の図から（測量前）	横桁接合部材 x 385.95 G1	ext_poly	6	385.9455,2.0200,-0.2628	385.8555,2.0200,-0.2628	385.8555,2.0200,-0.2748	385.9335,2.0200,-0.2748	385.9335,2.0200,-0.4128	385.9455,2.0200,-0.4128	385.9455,2.3450,-0.2628	385.8555,2.3450,-0.2628	385.8555,2.3450,-0.2748	385.9335,2.3450,-0.2748	385.9335,2.3450,-0.4128	385.9455,2.3450,-0.4128
96	主桁部材取替-094	主桁部材取替						主桁部材取替(A) 横桁接合部材 PL 315x9x455	x 385.95 G2	補修図(3)	V_側面_003_主桁部材取替A_第15径間_1-60	DWG の図から（測量前）	横桁接合部材 x 385.95 G2	ext_poly	5	385.9545,-2.4690,-0.5858	385.9545,-2.3060,-0.5858	385.9545,-2.0140,-0.3958	385.9545,-2.0140,-0.2708	385.9545,-2.4690,-0.2708	385.9455,-2.4690,-0.5858	385.9455,-2.3060,-0.5858	385.9455,-2.0140,-0.3958	385.9455,-2.0140,-0.2708	385.9455,-2.4690,-0.2708
97	主桁部材取替-095	主桁部材取替						主桁部材取替(A) 横桁接合部材 2-L 150x90x12x325	x 385.95 G2 終点側	補修図(3)	V_側面_003_主桁部材取替A_第15径間_1-60	DWG の図から（測量前）	横桁接合部材 x 385.95 G2	ext_poly	6	385.9545,-2.3450,-0.4128	385.9665,-2.3450,-0.4128	385.9665,-2.3450,-0.2748	386.0445,-2.3450,-0.2748	386.0445,-2.3450,-0.2628	385.9545,-2.3450,-0.2628	385.9545,-2.0200,-0.4128	385.9665,-2.0200,-0.4128	385.9665,-2.0200,-0.2748	386.0445,-2.0200,-0.2748	386.0445,-2.0200,-0.2628	385.9545,-2.0200,-0.2628
98	主桁部材取替-096	主桁部材取替						主桁部材取替(A) 横桁接合部材 2-L 150x90x12x325	x 385.95 G2 起点側	補修図(3)	V_側面_003_主桁部材取替A_第15径間_1-60	DWG の図から（測量前）	横桁接合部材 x 385.95 G2	ext_poly	6	385.9455,-2.3450,-0.2628	385.8555,-2.3450,-0.2628	385.8555,-2.3450,-0.2748	385.9335,-2.3450,-0.2748	385.9335,-2.3450,-0.4128	385.9455,-2.3450,-0.4128	385.9455,-2.0200,-0.2628	385.8555,-2.0200,-0.2628	385.8555,-2.0200,-0.2748	385.9335,-2.0200,-0.2748	385.9335,-2.0200,-0.4128	385.9455,-2.0200,-0.4128
99	横桁取付部撤去-001	横桁取付部撤去						補剛材 L-125x90x9x210	撤去箇所(B) x 334.75 G1	撤去図(2)	V_側面_201_撤去_第14径間_1-60	DWG の図から（測量前）	横桁取付部撤去 (B) x 334.75 G1	ext_poly	6	334.7050,2.5060,-0.2685	334.7950,2.5060,-0.2685	334.7950,2.5150,-0.2685	334.7140,2.5150,-0.2685	334.7140,2.6310,-0.2685	334.7050,2.6310,-0.2685	334.7050,2.5060,-0.4785	334.7950,2.5060,-0.4785	334.7950,2.5150,-0.4785	334.7140,2.5150,-0.4785	334.7140,2.6310,-0.4785	334.7050,2.6310,-0.4785
100	横桁取付部撤去-002	横桁取付部撤去						補剛材 L-125x90x9x210	撤去箇所(B) x 334.75 G1	撤去図(2)	V_側面_201_撤去_第14径間_1-60	DWG の図から（測量前）	横桁取付部撤去 (B) x 334.75 G1	ext_poly	6	334.7050,2.3690,-0.2685	334.7140,2.3690,-0.2685	334.7140,2.4850,-0.2685	334.7950,2.4850,-0.2685	334.7950,2.4940,-0.2685	334.7050,2.4940,-0.2685	334.7050,2.3690,-0.4785	334.7140,2.3690,-0.4785	334.7140,2.4850,-0.4785	334.7950,2.4850,-0.4785	334.7950,2.4940,-0.4785	334.7050,2.4940,-0.4785
101	横桁取付部撤去-003	横桁取付部撤去						ガセット PL 425x9x500	撤去箇所(B) x 334.75 G1	撤去図(2)	V_側面_201_撤去_第14径間_1-60	DWG の図から（測量前）	横桁取付部撤去 (B) x 334.75 G1	ext_poly	5	334.7545,2.4600,-0.0915	334.7545,2.0350,-0.0915	334.7545,2.0350,-0.1915	334.7545,2.3600,-0.5915	334.7545,2.4600,-0.5915	334.7455,2.4600,-0.0915	334.7455,2.0350,-0.0915	334.7455,2.0350,-0.1915	334.7455,2.3600,-0.5915	334.7455,2.4600,-0.5915
102	横桁取付部撤去-004	横桁取付部撤去						取付山形鋼 L-90x90x10x325	撤去箇所(B) x 334.75 G1	撤去図(2)	V_側面_201_撤去_第14径間_1-60	DWG の図から（測量前）	横桁取付部撤去 (B) x 334.75 G1	ext_poly	6	334.7545,2.0350,-0.1815	334.7645,2.0350,-0.1815	334.7645,2.0350,-0.1015	334.8445,2.0350,-0.1015	334.8445,2.0350,-0.0915	334.7545,2.0350,-0.0915	334.7545,2.3600,-0.1815	334.7645,2.3600,-0.1815	334.7645,2.3600,-0.1015	334.8445,2.3600,-0.1015	334.8445,2.3600,-0.0915	334.7545,2.3600,-0.0915
103	横桁取付部撤去-005	横桁取付部撤去						取付山形鋼 L-90x90x10x325	撤去箇所(B) x 334.75 G1	撤去図(2)	V_側面_201_撤去_第14径間_1-60	DWG の図から（測量前）	横桁取付部撤去 (B) x 334.75 G1	ext_poly	6	334.7455,2.0350,-0.0915	334.6555,2.0350,-0.0915	334.6555,2.0350,-0.1015	334.7355,2.0350,-0.1015	334.7355,2.0350,-0.1815	334.7455,2.0350,-0.1815	334.7455,2.3600,-0.0915	334.6555,2.3600,-0.0915	334.6555,2.3600,-0.1015	334.7355,2.3600,-0.1015	334.7355,2.3600,-0.1815	334.7455,2.3600,-0.1815
104	横桁取付部撤去-006	横桁取付部撤去						補剛材 L-125x90x9x210	撤去箇所(B) x 334.75 G2	撤去図(2)	V_側面_201_撤去_第14径間_1-60	DWG の図から（測量前）	横桁取付部撤去 (B) x 334.75 G2	ext_poly	6	334.7050,-2.4940,-0.2685	334.7950,-2.4940,-0.2685	334.7950,-2.4850,-0.2685	334.7140,-2.4850,-0.2685	334.7140,-2.3690,-0.2685	334.7050,-2.3690,-0.2685	334.7050,-2.4940,-0.4785	334.7950,-2.4940,-0.4785	334.7950,-2.4850,-0.4785	334.7140,-2.4850,-0.4785	334.7140,-2.3690,-0.4785	334.7050,-2.3690,-0.4785
105	横桁取付部撤去-007	横桁取付部撤去						補剛材 L-125x90x9x210	撤去箇所(B) x 334.75 G2	撤去図(2)	V_側面_201_撤去_第14径間_1-60	DWG の図から（測量前）	横桁取付部撤去 (B) x 334.75 G2	ext_poly	6	334.7050,-2.6310,-0.2685	334.7140,-2.6310,-0.2685	334.7140,-2.5150,-0.2685	334.7950,-2.5150,-0.2685	334.7950,-2.5060,-0.2685	334.7050,-2.5060,-0.2685	334.7050,-2.6310,-0.4785	334.7140,-2.6310,-0.4785	334.7140,-2.5150,-0.4785	334.7950,-2.5150,-0.4785	334.7950,-2.5060,-0.4785	334.7050,-2.5060,-0.4785
106	横桁取付部撤去-008	横桁取付部撤去						ガセット PL 425x9x500	撤去箇所(B) x 334.75 G2	撤去図(2)	V_側面_201_撤去_第14径間_1-60	DWG の図から（測量前）	横桁取付部撤去 (B) x 334.75 G2	ext_poly	5	334.7545,-2.4600,-0.5915	334.7545,-2.3600,-0.5915	334.7545,-2.0350,-0.1915	334.7545,-2.0350,-0.0915	334.7545,-2.4600,-0.0915	334.7455,-2.4600,-0.5915	334.7455,-2.3600,-0.5915	334.7455,-2.0350,-0.1915	334.7455,-2.0350,-0.0915	334.7455,-2.4600,-0.0915
107	横桁取付部撤去-009	横桁取付部撤去						取付山形鋼 L-90x90x10x325	撤去箇所(B) x 334.75 G2	撤去図(2)	V_側面_201_撤去_第14径間_1-60	DWG の図から（測量前）	横桁取付部撤去 (B) x 334.75 G2	ext_poly	6	334.7545,-2.3600,-0.1815	334.7645,-2.3600,-0.1815	334.7645,-2.3600,-0.1015	334.8445,-2.3600,-0.1015	334.8445,-2.3600,-0.0915	334.7545,-2.3600,-0.0915	334.7545,-2.0350,-0.1815	334.7645,-2.0350,-0.1815	334.7645,-2.0350,-0.1015	334.8445,-2.0350,-0.1015	334.8445,-2.0350,-0.0915	334.7545,-2.0350,-0.0915
108	横桁取付部撤去-010	横桁取付部撤去						取付山形鋼 L-90x90x10x325	撤去箇所(B) x 334.75 G2	撤去図(2)	V_側面_201_撤去_第14径間_1-60	DWG の図から（測量前）	横桁取付部撤去 (B) x 334.75 G2	ext_poly	6	334.7455,-2.3600,-0.0915	334.6555,-2.3600,-0.0915	334.6555,-2.3600,-0.1015	334.7355,-2.3600,-0.1015	334.7355,-2.3600,-0.1815	334.7455,-2.3600,-0.1815	334.7455,-2.0350,-0.0915	334.6555,-2.0350,-0.0915	334.6555,-2.0350,-0.1015	334.7355,-2.0350,-0.1015	334.7355,-2.0350,-0.1815	334.7455,-2.0350,-0.1815
109	横桁取付部撤去-011	横桁取付部撤去						補剛材 L-125x90x9x210	撤去箇所(A) x 336.30 G1	撤去図(2)	V_側面_201_撤去_第14径間_1-60	DWG の図から（測量前）	横桁取付部撤去 (A) x 336.30 G1	ext_poly	6	336.2550,2.5060,-0.2685	336.3450,2.5060,-0.2685	336.3450,2.5150,-0.2685	336.2640,2.5150,-0.2685	336.2640,2.6310,-0.2685	336.2550,2.6310,-0.2685	336.2550,2.5060,-0.4785	336.3450,2.5060,-0.4785	336.3450,2.5150,-0.4785	336.2640,2.5150,-0.4785	336.2640,2.6310,-0.4785	336.2550,2.6310,-0.4785
110	横桁取付部撤去-012	横桁取付部撤去						補剛材 L-125x90x9x210	撤去箇所(A) x 336.30 G1	撤去図(2)	V_側面_201_撤去_第14径間_1-60	DWG の図から（測量前）	横桁取付部撤去 (A) x 336.30 G1	ext_poly	6	336.2550,2.3690,-0.2685	336.2640,2.3690,-0.2685	336.2640,2.4850,-0.2685	336.3450,2.4850,-0.2685	336.3450,2.4940,-0.2685	336.2550,2.4940,-0.2685	336.2550,2.3690,-0.4785	336.2640,2.3690,-0.4785	336.2640,2.4850,-0.4785	336.3450,2.4850,-0.4785	336.3450,2.4940,-0.4785	336.2550,2.4940,-0.4785
111	横桁取付部撤去-013	横桁取付部撤去						補剛材 L-125x90x9x210	撤去箇所(A) x 336.30 G2	撤去図(2)	V_側面_201_撤去_第14径間_1-60	DWG の図から（測量前）	横桁取付部撤去 (A) x 336.30 G2	ext_poly	6	336.2550,-2.4940,-0.2685	336.3450,-2.4940,-0.2685	336.3450,-2.4850,-0.2685	336.2640,-2.4850,-0.2685	336.2640,-2.3690,-0.2685	336.2550,-2.3690,-0.2685	336.2550,-2.4940,-0.4785	336.3450,-2.4940,-0.4785	336.3450,-2.4850,-0.4785	336.2640,-2.4850,-0.4785	336.2640,-2.3690,-0.4785	336.2550,-2.3690,-0.4785
112	横桁取付部撤去-014	横桁取付部撤去						補剛材 L-125x90x9x210	撤去箇所(A) x 336.30 G2	撤去図(2)	V_側面_201_撤去_第14径間_1-60	DWG の図から（測量前）	横桁取付部撤去 (A) x 336.30 G2	ext_poly	6	336.2550,-2.6310,-0.2685	336.2640,-2.6310,-0.2685	336.2640,-2.5150,-0.2685	336.3450,-2.5150,-0.2685	336.3450,-2.5060,-0.2685	336.2550,-2.5060,-0.2685	336.2550,-2.6310,-0.4785	336.2640,-2.6310,-0.4785	336.2640,-2.5150,-0.4785	336.3450,-2.5150,-0.4785	336.3450,-2.5060,-0.4785	336.2550,-2.5060,-0.4785
113	横桁取付部撤去-015	横桁取付部撤去						補剛材 L-125x90x9x210	撤去箇所(B) x 337.95 G1	撤去図(2)	V_側面_201_撤去_第14径間_1-60	DWG の図から（測量前）	横桁取付部撤去 (B) x 337.95 G1	ext_poly	6	337.9050,2.5060,-0.2685	337.9950,2.5060,-0.2685	337.9950,2.5150,-0.2685	337.9140,2.5150,-0.2685	337.9140,2.6310,-0.2685	337.9050,2.6310,-0.2685	337.9050,2.5060,-0.4785	337.9950,2.5060,-0.4785	337.9950,2.5150,-0.4785	337.9140,2.5150,-0.4785	337.9140,2.6310,-0.4785	337.9050,2.6310,-0.4785
114	横桁取付部撤去-016	横桁取付部撤去						補剛材 L-125x90x9x210	撤去箇所(B) x 337.95 G1	撤去図(2)	V_側面_201_撤去_第14径間_1-60	DWG の図から（測量前）	横桁取付部撤去 (B) x 337.95 G1	ext_poly	6	337.9050,2.3690,-0.2685	337.9140,2.3690,-0.2685	337.9140,2.4850,-0.2685	337.9950,2.4850,-0.2685	337.9950,2.4940,-0.2685	337.9050,2.4940,-0.2685	337.9050,2.3690,-0.4785	337.9140,2.3690,-0.4785	337.9140,2.4850,-0.4785	337.9950,2.4850,-0.4785	337.9950,2.4940,-0.4785	337.9050,2.4940,-0.4785
115	横桁取付部撤去-017	横桁取付部撤去						ガセット PL 425x9x500	撤去箇所(B) x 337.95 G1	撤去図(2)	V_側面_201_撤去_第14径間_1-60	DWG の図から（測量前）	横桁取付部撤去 (B) x 337.95 G1	ext_poly	5	337.9545,2.4600,-0.0915	337.9545,2.0350,-0.0915	337.9545,2.0350,-0.1915	337.9545,2.3600,-0.5915	337.9545,2.4600,-0.5915	337.9455,2.4600,-0.0915	337.9455,2.0350,-0.0915	337.9455,2.0350,-0.1915	337.9455,2.3600,-0.5915	337.9455,2.4600,-0.5915
116	横桁取付部撤去-018	横桁取付部撤去						取付山形鋼 L-90x90x10x325	撤去箇所(B) x 337.95 G1	撤去図(2)	V_側面_201_撤去_第14径間_1-60	DWG の図から（測量前）	横桁取付部撤去 (B) x 337.95 G1	ext_poly	6	337.9545,2.0350,-0.1815	337.9645,2.0350,-0.1815	337.9645,2.0350,-0.1015	338.0445,2.0350,-0.1015	338.0445,2.0350,-0.0915	337.9545,2.0350,-0.0915	337.9545,2.3600,-0.1815	337.9645,2.3600,-0.1815	337.9645,2.3600,-0.1015	338.0445,2.3600,-0.1015	338.0445,2.3600,-0.0915	337.9545,2.3600,-0.0915
117	横桁取付部撤去-019	横桁取付部撤去						取付山形鋼 L-90x90x10x325	撤去箇所(B) x 337.95 G1	撤去図(2)	V_側面_201_撤去_第14径間_1-60	DWG の図から（測量前）	横桁取付部撤去 (B) x 337.95 G1	ext_poly	6	337.9455,2.0350,-0.0915	337.8555,2.0350,-0.0915	337.8555,2.0350,-0.1015	337.9355,2.0350,-0.1015	337.9355,2.0350,-0.1815	337.9455,2.0350,-0.1815	337.9455,2.3600,-0.0915	337.8555,2.3600,-0.0915	337.8555,2.3600,-0.1015	337.9355,2.3600,-0.1015	337.9355,2.3600,-0.1815	337.9455,2.3600,-0.1815
118	横桁取付部撤去-020	横桁取付部撤去						補剛材 L-125x90x9x210	撤去箇所(B) x 337.95 G2	撤去図(2)	V_側面_201_撤去_第14径間_1-60	DWG の図から（測量前）	横桁取付部撤去 (B) x 337.95 G2	ext_poly	6	337.9050,-2.4940,-0.2685	337.9950,-2.4940,-0.2685	337.9950,-2.4850,-0.2685	337.9140,-2.4850,-0.2685	337.9140,-2.3690,-0.2685	337.9050,-2.3690,-0.2685	337.9050,-2.4940,-0.4785	337.9950,-2.4940,-0.4785	337.9950,-2.4850,-0.4785	337.9140,-2.4850,-0.4785	337.9140,-2.3690,-0.4785	337.9050,-2.3690,-0.4785
119	横桁取付部撤去-021	横桁取付部撤去						補剛材 L-125x90x9x210	撤去箇所(B) x 337.95 G2	撤去図(2)	V_側面_201_撤去_第14径間_1-60	DWG の図から（測量前）	横桁取付部撤去 (B) x 337.95 G2	ext_poly	6	337.9050,-2.6310,-0.2685	337.9140,-2.6310,-0.2685	337.9140,-2.5150,-0.2685	337.9950,-2.5150,-0.2685	337.9950,-2.5060,-0.2685	337.9050,-2.5060,-0.2685	337.9050,-2.6310,-0.4785	337.9140,-2.6310,-0.4785	337.9140,-2.5150,-0.4785	337.9950,-2.5150,-0.4785	337.9950,-2.5060,-0.4785	337.9050,-2.5060,-0.4785
120	横桁取付部撤去-022	横桁取付部撤去						ガセット PL 425x9x500	撤去箇所(B) x 337.95 G2	撤去図(2)	V_側面_201_撤去_第14径間_1-60	DWG の図から（測量前）	横桁取付部撤去 (B) x 337.95 G2	ext_poly	5	337.9545,-2.4600,-0.5915	337.9545,-2.3600,-0.5915	337.9545,-2.0350,-0.1915	337.9545,-2.0350,-0.0915	337.9545,-2.4600,-0.0915	337.9455,-2.4600,-0.5915	337.9455,-2.3600,-0.5915	337.9455,-2.0350,-0.1915	337.9455,-2.0350,-0.0915	337.9455,-2.4600,-0.0915
121	横桁取付部撤去-023	横桁取付部撤去						取付山形鋼 L-90x90x10x325	撤去箇所(B) x 337.95 G2	撤去図(2)	V_側面_201_撤去_第14径間_1-60	DWG の図から（測量前）	横桁取付部撤去 (B) x 337.95 G2	ext_poly	6	337.9545,-2.3600,-0.1815	337.9645,-2.3600,-0.1815	337.9645,-2.3600,-0.1015	338.0445,-2.3600,-0.1015	338.0445,-2.3600,-0.0915	337.9545,-2.3600,-0.0915	337.9545,-2.0350,-0.1815	337.9645,-2.0350,-0.1815	337.9645,-2.0350,-0.1015	338.0445,-2.0350,-0.1015	338.0445,-2.0350,-0.0915	337.9545,-2.0350,-0.0915
122	横桁取付部撤去-024	横桁取付部撤去						取付山形鋼 L-90x90x10x325	撤去箇所(B) x 337.95 G2	撤去図(2)	V_側面_201_撤去_第14径間_1-60	DWG の図から（測量前）	横桁取付部撤去 (B) x 337.95 G2	ext_poly	6	337.9455,-2.3600,-0.0915	337.8555,-2.3600,-0.0915	337.8555,-2.3600,-0.1015	337.9355,-2.3600,-0.1015	337.9355,-2.3600,-0.1815	337.9455,-2.3600,-0.1815	337.9455,-2.0350,-0.0915	337.8555,-2.0350,-0.0915	337.8555,-2.0350,-0.1015	337.9355,-2.0350,-0.1015	337.9355,-2.0350,-0.1815	337.9455,-2.0350,-0.1815
123	横桁取付部撤去-025	横桁取付部撤去						補剛材 L-125x90x9x210	撤去箇所(B) x 341.15 G1	撤去図(2)	V_側面_201_撤去_第14径間_1-60	DWG の図から（測量前）	横桁取付部撤去 (B) x 341.15 G1	ext_poly	6	341.1050,2.5060,-0.2685	341.1950,2.5060,-0.2685	341.1950,2.5150,-0.2685	341.1140,2.5150,-0.2685	341.1140,2.6310,-0.2685	341.1050,2.6310,-0.2685	341.1050,2.5060,-0.4785	341.1950,2.5060,-0.4785	341.1950,2.5150,-0.4785	341.1140,2.5150,-0.4785	341.1140,2.6310,-0.4785	341.1050,2.6310,-0.4785
124	横桁取付部撤去-026	横桁取付部撤去						補剛材 L-125x90x9x210	撤去箇所(B) x 341.15 G1	撤去図(2)	V_側面_201_撤去_第14径間_1-60	DWG の図から（測量前）	横桁取付部撤去 (B) x 341.15 G1	ext_poly	6	341.1050,2.3690,-0.2685	341.1140,2.3690,-0.2685	341.1140,2.4850,-0.2685	341.1950,2.4850,-0.2685	341.1950,2.4940,-0.2685	341.1050,2.4940,-0.2685	341.1050,2.3690,-0.4785	341.1140,2.3690,-0.4785	341.1140,2.4850,-0.4785	341.1950,2.4850,-0.4785	341.1950,2.4940,-0.4785	341.1050,2.4940,-0.4785
125	横桁取付部撤去-027	横桁取付部撤去						ガセット PL 425x9x500	撤去箇所(B) x 341.15 G1	撤去図(2)	V_側面_201_撤去_第14径間_1-60	DWG の図から（測量前）	横桁取付部撤去 (B) x 341.15 G1	ext_poly	5	341.1545,2.4600,-0.0915	341.1545,2.0350,-0.0915	341.1545,2.0350,-0.1915	341.1545,2.3600,-0.5915	341.1545,2.4600,-0.5915	341.1455,2.4600,-0.0915	341.1455,2.0350,-0.0915	341.1455,2.0350,-0.1915	341.1455,2.3600,-0.5915	341.1455,2.4600,-0.5915
126	横桁取付部撤去-028	横桁取付部撤去						取付山形鋼 L-90x90x10x325	撤去箇所(B) x 341.15 G1	撤去図(2)	V_側面_201_撤去_第14径間_1-60	DWG の図から（測量前）	横桁取付部撤去 (B) x 341.15 G1	ext_poly	6	341.1545,2.0350,-0.1815	341.1645,2.0350,-0.1815	341.1645,2.0350,-0.1015	341.2445,2.0350,-0.1015	341.2445,2.0350,-0.0915	341.1545,2.0350,-0.0915	341.1545,2.3600,-0.1815	341.1645,2.3600,-0.1815	341.1645,2.3600,-0.1015	341.2445,2.3600,-0.1015	341.2445,2.3600,-0.0915	341.1545,2.3600,-0.0915
127	横桁取付部撤去-029	横桁取付部撤去						取付山形鋼 L-90x90x10x325	撤去箇所(B) x 341.15 G1	撤去図(2)	V_側面_201_撤去_第14径間_1-60	DWG の図から（測量前）	横桁取付部撤去 (B) x 341.15 G1	ext_poly	6	341.1455,2.0350,-0.0915	341.0555,2.0350,-0.0915	341.0555,2.0350,-0.1015	341.1355,2.0350,-0.1015	341.1355,2.0350,-0.1815	341.1455,2.0350,-0.1815	341.1455,2.3600,-0.0915	341.0555,2.3600,-0.0915	341.0555,2.3600,-0.1015	341.1355,2.3600,-0.1015	341.1355,2.3600,-0.1815	341.1455,2.3600,-0.1815
128	横桁取付部撤去-030	横桁取付部撤去						補剛材 L-125x90x9x210	撤去箇所(B) x 341.15 G2	撤去図(2)	V_側面_201_撤去_第14径間_1-60	DWG の図から（測量前）	横桁取付部撤去 (B) x 341.15 G2	ext_poly	6	341.1050,-2.4940,-0.2685	341.1950,-2.4940,-0.2685	341.1950,-2.4850,-0.2685	341.1140,-2.4850,-0.2685	341.1140,-2.3690,-0.2685	341.1050,-2.3690,-0.2685	341.1050,-2.4940,-0.4785	341.1950,-2.4940,-0.4785	341.1950,-2.4850,-0.4785	341.1140,-2.4850,-0.4785	341.1140,-2.3690,-0.4785	341.1050,-2.3690,-0.4785
129	横桁取付部撤去-031	横桁取付部撤去						補剛材 L-125x90x9x210	撤去箇所(B) x 341.15 G2	撤去図(2)	V_側面_201_撤去_第14径間_1-60	DWG の図から（測量前）	横桁取付部撤去 (B) x 341.15 G2	ext_poly	6	341.1050,-2.6310,-0.2685	341.1140,-2.6310,-0.2685	341.1140,-2.5150,-0.2685	341.1950,-2.5150,-0.2685	341.1950,-2.5060,-0.2685	341.1050,-2.5060,-0.2685	341.1050,-2.6310,-0.4785	341.1140,-2.6310,-0.4785	341.1140,-2.5150,-0.4785	341.1950,-2.5150,-0.4785	341.1950,-2.5060,-0.4785	341.1050,-2.5060,-0.4785
130	横桁取付部撤去-032	横桁取付部撤去						ガセット PL 425x9x500	撤去箇所(B) x 341.15 G2	撤去図(2)	V_側面_201_撤去_第14径間_1-60	DWG の図から（測量前）	横桁取付部撤去 (B) x 341.15 G2	ext_poly	5	341.1545,-2.4600,-0.5915	341.1545,-2.3600,-0.5915	341.1545,-2.0350,-0.1915	341.1545,-2.0350,-0.0915	341.1545,-2.4600,-0.0915	341.1455,-2.4600,-0.5915	341.1455,-2.3600,-0.5915	341.1455,-2.0350,-0.1915	341.1455,-2.0350,-0.0915	341.1455,-2.4600,-0.0915
131	横桁取付部撤去-033	横桁取付部撤去						取付山形鋼 L-90x90x10x325	撤去箇所(B) x 341.15 G2	撤去図(2)	V_側面_201_撤去_第14径間_1-60	DWG の図から（測量前）	横桁取付部撤去 (B) x 341.15 G2	ext_poly	6	341.1545,-2.3600,-0.1815	341.1645,-2.3600,-0.1815	341.1645,-2.3600,-0.1015	341.2445,-2.3600,-0.1015	341.2445,-2.3600,-0.0915	341.1545,-2.3600,-0.0915	341.1545,-2.0350,-0.1815	341.1645,-2.0350,-0.1815	341.1645,-2.0350,-0.1015	341.2445,-2.0350,-0.1015	341.2445,-2.0350,-0.0915	341.1545,-2.0350,-0.0915
132	横桁取付部撤去-034	横桁取付部撤去						取付山形鋼 L-90x90x10x325	撤去箇所(B) x 341.15 G2	撤去図(2)	V_側面_201_撤去_第14径間_1-60	DWG の図から（測量前）	横桁取付部撤去 (B) x 341.15 G2	ext_poly	6	341.1455,-2.3600,-0.0915	341.0555,-2.3600,-0.0915	341.0555,-2.3600,-0.1015	341.1355,-2.3600,-0.1015	341.1355,-2.3600,-0.1815	341.1455,-2.3600,-0.1815	341.1455,-2.0350,-0.0915	341.0555,-2.0350,-0.0915	341.0555,-2.0350,-0.1015	341.1355,-2.0350,-0.1015	341.1355,-2.0350,-0.1815	341.1455,-2.0350,-0.1815
133	横桁取付部撤去-035	横桁取付部撤去						補剛材 L-125x90x9x210	撤去箇所(A) x 342.70 G1	撤去図(2)	V_側面_201_撤去_第14径間_1-60	DWG の図から（測量前）	横桁取付部撤去 (A) x 342.70 G1	ext_poly	6	342.6550,2.5060,-0.2685	342.7450,2.5060,-0.2685	342.7450,2.5150,-0.2685	342.6640,2.5150,-0.2685	342.6640,2.6310,-0.2685	342.6550,2.6310,-0.2685	342.6550,2.5060,-0.4785	342.7450,2.5060,-0.4785	342.7450,2.5150,-0.4785	342.6640,2.5150,-0.4785	342.6640,2.6310,-0.4785	342.6550,2.6310,-0.4785
134	横桁取付部撤去-036	横桁取付部撤去						補剛材 L-125x90x9x210	撤去箇所(A) x 342.70 G1	撤去図(2)	V_側面_201_撤去_第14径間_1-60	DWG の図から（測量前）	横桁取付部撤去 (A) x 342.70 G1	ext_poly	6	342.6550,2.3690,-0.2685	342.6640,2.3690,-0.2685	342.6640,2.4850,-0.2685	342.7450,2.4850,-0.2685	342.7450,2.4940,-0.2685	342.6550,2.4940,-0.2685	342.6550,2.3690,-0.4785	342.6640,2.3690,-0.4785	342.6640,2.4850,-0.4785	342.7450,2.4850,-0.4785	342.7450,2.4940,-0.4785	342.6550,2.4940,-0.4785
135	横桁取付部撤去-037	横桁取付部撤去						補剛材 L-125x90x9x210	撤去箇所(A) x 342.70 G2	撤去図(2)	V_側面_201_撤去_第14径間_1-60	DWG の図から（測量前）	横桁取付部撤去 (A) x 342.70 G2	ext_poly	6	342.6550,-2.4940,-0.2685	342.7450,-2.4940,-0.2685	342.7450,-2.4850,-0.2685	342.6640,-2.4850,-0.2685	342.6640,-2.3690,-0.2685	342.6550,-2.3690,-0.2685	342.6550,-2.4940,-0.4785	342.7450,-2.4940,-0.4785	342.7450,-2.4850,-0.4785	342.6640,-2.4850,-0.4785	342.6640,-2.3690,-0.4785	342.6550,-2.3690,-0.4785
136	横桁取付部撤去-038	横桁取付部撤去						補剛材 L-125x90x9x210	撤去箇所(A) x 342.70 G2	撤去図(2)	V_側面_201_撤去_第14径間_1-60	DWG の図から（測量前）	横桁取付部撤去 (A) x 342.70 G2	ext_poly	6	342.6550,-2.6310,-0.2685	342.6640,-2.6310,-0.2685	342.6640,-2.5150,-0.2685	342.7450,-2.5150,-0.2685	342.7450,-2.5060,-0.2685	342.6550,-2.5060,-0.2685	342.6550,-2.6310,-0.4785	342.6640,-2.6310,-0.4785	342.6640,-2.5150,-0.4785	342.7450,-2.5150,-0.4785	342.7450,-2.5060,-0.4785	342.6550,-2.5060,-0.4785
137	横桁取付部撤去-039	横桁取付部撤去						補剛材 L-125x90x9x210	撤去箇所(B) x 344.35 G1	撤去図(2)	V_側面_201_撤去_第14径間_1-60	DWG の図から（測量前）	横桁取付部撤去 (B) x 344.35 G1	ext_poly	6	344.3050,2.5060,-0.2685	344.3950,2.5060,-0.2685	344.3950,2.5150,-0.2685	344.3140,2.5150,-0.2685	344.3140,2.6310,-0.2685	344.3050,2.6310,-0.2685	344.3050,2.5060,-0.4785	344.3950,2.5060,-0.4785	344.3950,2.5150,-0.4785	344.3140,2.5150,-0.4785	344.3140,2.6310,-0.4785	344.3050,2.6310,-0.4785
138	横桁取付部撤去-040	横桁取付部撤去						補剛材 L-125x90x9x210	撤去箇所(B) x 344.35 G1	撤去図(2)	V_側面_201_撤去_第14径間_1-60	DWG の図から（測量前）	横桁取付部撤去 (B) x 344.35 G1	ext_poly	6	344.3050,2.3690,-0.2685	344.3140,2.3690,-0.2685	344.3140,2.4850,-0.2685	344.3950,2.4850,-0.2685	344.3950,2.4940,-0.2685	344.3050,2.4940,-0.2685	344.3050,2.3690,-0.4785	344.3140,2.3690,-0.4785	344.3140,2.4850,-0.4785	344.3950,2.4850,-0.4785	344.3950,2.4940,-0.4785	344.3050,2.4940,-0.4785
139	横桁取付部撤去-041	横桁取付部撤去						ガセット PL 425x9x500	撤去箇所(B) x 344.35 G1	撤去図(2)	V_側面_201_撤去_第14径間_1-60	DWG の図から（測量前）	横桁取付部撤去 (B) x 344.35 G1	ext_poly	5	344.3545,2.4600,-0.0915	344.3545,2.0350,-0.0915	344.3545,2.0350,-0.1915	344.3545,2.3600,-0.5915	344.3545,2.4600,-0.5915	344.3455,2.4600,-0.0915	344.3455,2.0350,-0.0915	344.3455,2.0350,-0.1915	344.3455,2.3600,-0.5915	344.3455,2.4600,-0.5915
140	横桁取付部撤去-042	横桁取付部撤去						取付山形鋼 L-90x90x10x325	撤去箇所(B) x 344.35 G1	撤去図(2)	V_側面_201_撤去_第14径間_1-60	DWG の図から（測量前）	横桁取付部撤去 (B) x 344.35 G1	ext_poly	6	344.3545,2.0350,-0.1815	344.3645,2.0350,-0.1815	344.3645,2.0350,-0.1015	344.4445,2.0350,-0.1015	344.4445,2.0350,-0.0915	344.3545,2.0350,-0.0915	344.3545,2.3600,-0.1815	344.3645,2.3600,-0.1815	344.3645,2.3600,-0.1015	344.4445,2.3600,-0.1015	344.4445,2.3600,-0.0915	344.3545,2.3600,-0.0915
141	横桁取付部撤去-043	横桁取付部撤去						取付山形鋼 L-90x90x10x325	撤去箇所(B) x 344.35 G1	撤去図(2)	V_側面_201_撤去_第14径間_1-60	DWG の図から（測量前）	横桁取付部撤去 (B) x 344.35 G1	ext_poly	6	344.3455,2.0350,-0.0915	344.2555,2.0350,-0.0915	344.2555,2.0350,-0.1015	344.3355,2.0350,-0.1015	344.3355,2.0350,-0.1815	344.3455,2.0350,-0.1815	344.3455,2.3600,-0.0915	344.2555,2.3600,-0.0915	344.2555,2.3600,-0.1015	344.3355,2.3600,-0.1015	344.3355,2.3600,-0.1815	344.3455,2.3600,-0.1815
142	横桁取付部撤去-044	横桁取付部撤去						補剛材 L-125x90x9x210	撤去箇所(B) x 344.35 G2	撤去図(2)	V_側面_201_撤去_第14径間_1-60	DWG の図から（測量前）	横桁取付部撤去 (B) x 344.35 G2	ext_poly	6	344.3050,-2.4940,-0.2685	344.3950,-2.4940,-0.2685	344.3950,-2.4850,-0.2685	344.3140,-2.4850,-0.2685	344.3140,-2.3690,-0.2685	344.3050,-2.3690,-0.2685	344.3050,-2.4940,-0.4785	344.3950,-2.4940,-0.4785	344.3950,-2.4850,-0.4785	344.3140,-2.4850,-0.4785	344.3140,-2.3690,-0.4785	344.3050,-2.3690,-0.4785
143	横桁取付部撤去-045	横桁取付部撤去						補剛材 L-125x90x9x210	撤去箇所(B) x 344.35 G2	撤去図(2)	V_側面_201_撤去_第14径間_1-60	DWG の図から（測量前）	横桁取付部撤去 (B) x 344.35 G2	ext_poly	6	344.3050,-2.6310,-0.2685	344.3140,-2.6310,-0.2685	344.3140,-2.5150,-0.2685	344.3950,-2.5150,-0.2685	344.3950,-2.5060,-0.2685	344.3050,-2.5060,-0.2685	344.3050,-2.6310,-0.4785	344.3140,-2.6310,-0.4785	344.3140,-2.5150,-0.4785	344.3950,-2.5150,-0.4785	344.3950,-2.5060,-0.4785	344.3050,-2.5060,-0.4785
144	横桁取付部撤去-046	横桁取付部撤去						ガセット PL 425x9x500	撤去箇所(B) x 344.35 G2	撤去図(2)	V_側面_201_撤去_第14径間_1-60	DWG の図から（測量前）	横桁取付部撤去 (B) x 344.35 G2	ext_poly	5	344.3545,-2.4600,-0.5915	344.3545,-2.3600,-0.5915	344.3545,-2.0350,-0.1915	344.3545,-2.0350,-0.0915	344.3545,-2.4600,-0.0915	344.3455,-2.4600,-0.5915	344.3455,-2.3600,-0.5915	344.3455,-2.0350,-0.1915	344.3455,-2.0350,-0.0915	344.3455,-2.4600,-0.0915
145	横桁取付部撤去-047	横桁取付部撤去						取付山形鋼 L-90x90x10x325	撤去箇所(B) x 344.35 G2	撤去図(2)	V_側面_201_撤去_第14径間_1-60	DWG の図から（測量前）	横桁取付部撤去 (B) x 344.35 G2	ext_poly	6	344.3545,-2.3600,-0.1815	344.3645,-2.3600,-0.1815	344.3645,-2.3600,-0.1015	344.4445,-2.3600,-0.1015	344.4445,-2.3600,-0.0915	344.3545,-2.3600,-0.0915	344.3545,-2.0350,-0.1815	344.3645,-2.0350,-0.1815	344.3645,-2.0350,-0.1015	344.4445,-2.0350,-0.1015	344.4445,-2.0350,-0.0915	344.3545,-2.0350,-0.0915
146	横桁取付部撤去-048	横桁取付部撤去						取付山形鋼 L-90x90x10x325	撤去箇所(B) x 344.35 G2	撤去図(2)	V_側面_201_撤去_第14径間_1-60	DWG の図から（測量前）	横桁取付部撤去 (B) x 344.35 G2	ext_poly	6	344.3455,-2.3600,-0.0915	344.2555,-2.3600,-0.0915	344.2555,-2.3600,-0.1015	344.3355,-2.3600,-0.1015	344.3355,-2.3600,-0.1815	344.3455,-2.3600,-0.1815	344.3455,-2.0350,-0.0915	344.2555,-2.0350,-0.0915	344.2555,-2.0350,-0.1015	344.3355,-2.0350,-0.1015	344.3355,-2.0350,-0.1815	344.3455,-2.0350,-0.1815
147	横桁取付部撤去-049	横桁取付部撤去						補剛材 L-125x90x9x210	撤去箇所(A) x 346.00 G1	撤去図(2)	V_側面_201_撤去_第14径間_1-60	DWG の図から（測量前）	横桁取付部撤去 (A) x 346.00 G1	ext_poly	6	345.9550,2.5060,-0.2685	346.0450,2.5060,-0.2685	346.0450,2.5150,-0.2685	345.9640,2.5150,-0.2685	345.9640,2.6310,-0.2685	345.9550,2.6310,-0.2685	345.9550,2.5060,-0.4785	346.0450,2.5060,-0.4785	346.0450,2.5150,-0.4785	345.9640,2.5150,-0.4785	345.9640,2.6310,-0.4785	345.9550,2.6310,-0.4785
148	横桁取付部撤去-050	横桁取付部撤去						補剛材 L-125x90x9x210	撤去箇所(A) x 346.00 G1	撤去図(2)	V_側面_201_撤去_第14径間_1-60	DWG の図から（測量前）	横桁取付部撤去 (A) x 346.00 G1	ext_poly	6	345.9550,2.3690,-0.2685	345.9640,2.3690,-0.2685	345.9640,2.4850,-0.2685	346.0450,2.4850,-0.2685	346.0450,2.4940,-0.2685	345.9550,2.4940,-0.2685	345.9550,2.3690,-0.4785	345.9640,2.3690,-0.4785	345.9640,2.4850,-0.4785	346.0450,2.4850,-0.4785	346.0450,2.4940,-0.4785	345.9550,2.4940,-0.4785
149	横桁取付部撤去-051	横桁取付部撤去						補剛材 L-125x90x9x210	撤去箇所(A) x 346.00 G2	撤去図(2)	V_側面_201_撤去_第14径間_1-60	DWG の図から（測量前）	横桁取付部撤去 (A) x 346.00 G2	ext_poly	6	345.9550,-2.4940,-0.2685	346.0450,-2.4940,-0.2685	346.0450,-2.4850,-0.2685	345.9640,-2.4850,-0.2685	345.9640,-2.3690,-0.2685	345.9550,-2.3690,-0.2685	345.9550,-2.4940,-0.4785	346.0450,-2.4940,-0.4785	346.0450,-2.4850,-0.4785	345.9640,-2.4850,-0.4785	345.9640,-2.3690,-0.4785	345.9550,-2.3690,-0.4785
150	横桁取付部撤去-052	横桁取付部撤去						補剛材 L-125x90x9x210	撤去箇所(A) x 346.00 G2	撤去図(2)	V_側面_201_撤去_第14径間_1-60	DWG の図から（測量前）	横桁取付部撤去 (A) x 346.00 G2	ext_poly	6	345.9550,-2.6310,-0.2685	345.9640,-2.6310,-0.2685	345.9640,-2.5150,-0.2685	346.0450,-2.5150,-0.2685	346.0450,-2.5060,-0.2685	345.9550,-2.5060,-0.2685	345.9550,-2.6310,-0.4785	345.9640,-2.6310,-0.4785	345.9640,-2.5150,-0.4785	346.0450,-2.5150,-0.4785	346.0450,-2.5060,-0.4785	345.9550,-2.5060,-0.4785
151	横桁取付部撤去-053	横桁取付部撤去						補剛材 L-125x90x9x210	撤去箇所(B) x 347.55 G1	撤去図(2)	V_側面_201_撤去_第14径間_1-60	DWG の図から（測量前）	横桁取付部撤去 (B) x 347.55 G1	ext_poly	6	347.5050,2.5060,-0.2685	347.5950,2.5060,-0.2685	347.5950,2.5150,-0.2685	347.5140,2.5150,-0.2685	347.5140,2.6310,-0.2685	347.5050,2.6310,-0.2685	347.5050,2.5060,-0.4785	347.5950,2.5060,-0.4785	347.5950,2.5150,-0.4785	347.5140,2.5150,-0.4785	347.5140,2.6310,-0.4785	347.5050,2.6310,-0.4785
152	横桁取付部撤去-054	横桁取付部撤去						補剛材 L-125x90x9x210	撤去箇所(B) x 347.55 G1	撤去図(2)	V_側面_201_撤去_第14径間_1-60	DWG の図から（測量前）	横桁取付部撤去 (B) x 347.55 G1	ext_poly	6	347.5050,2.3690,-0.2685	347.5140,2.3690,-0.2685	347.5140,2.4850,-0.2685	347.5950,2.4850,-0.2685	347.5950,2.4940,-0.2685	347.5050,2.4940,-0.2685	347.5050,2.3690,-0.4785	347.5140,2.3690,-0.4785	347.5140,2.4850,-0.4785	347.5950,2.4850,-0.4785	347.5950,2.4940,-0.4785	347.5050,2.4940,-0.4785
153	横桁取付部撤去-055	横桁取付部撤去						ガセット PL 425x9x500	撤去箇所(B) x 347.55 G1	撤去図(2)	V_側面_201_撤去_第14径間_1-60	DWG の図から（測量前）	横桁取付部撤去 (B) x 347.55 G1	ext_poly	5	347.5545,2.4600,-0.0915	347.5545,2.0350,-0.0915	347.5545,2.0350,-0.1915	347.5545,2.3600,-0.5915	347.5545,2.4600,-0.5915	347.5455,2.4600,-0.0915	347.5455,2.0350,-0.0915	347.5455,2.0350,-0.1915	347.5455,2.3600,-0.5915	347.5455,2.4600,-0.5915
154	横桁取付部撤去-056	横桁取付部撤去						取付山形鋼 L-90x90x10x325	撤去箇所(B) x 347.55 G1	撤去図(2)	V_側面_201_撤去_第14径間_1-60	DWG の図から（測量前）	横桁取付部撤去 (B) x 347.55 G1	ext_poly	6	347.5545,2.0350,-0.1815	347.5645,2.0350,-0.1815	347.5645,2.0350,-0.1015	347.6445,2.0350,-0.1015	347.6445,2.0350,-0.0915	347.5545,2.0350,-0.0915	347.5545,2.3600,-0.1815	347.5645,2.3600,-0.1815	347.5645,2.3600,-0.1015	347.6445,2.3600,-0.1015	347.6445,2.3600,-0.0915	347.5545,2.3600,-0.0915
155	横桁取付部撤去-057	横桁取付部撤去						取付山形鋼 L-90x90x10x325	撤去箇所(B) x 347.55 G1	撤去図(2)	V_側面_201_撤去_第14径間_1-60	DWG の図から（測量前）	横桁取付部撤去 (B) x 347.55 G1	ext_poly	6	347.5455,2.0350,-0.0915	347.4555,2.0350,-0.0915	347.4555,2.0350,-0.1015	347.5355,2.0350,-0.1015	347.5355,2.0350,-0.1815	347.5455,2.0350,-0.1815	347.5455,2.3600,-0.0915	347.4555,2.3600,-0.0915	347.4555,2.3600,-0.1015	347.5355,2.3600,-0.1015	347.5355,2.3600,-0.1815	347.5455,2.3600,-0.1815
156	横桁取付部撤去-058	横桁取付部撤去						補剛材 L-125x90x9x210	撤去箇所(B) x 347.55 G2	撤去図(2)	V_側面_201_撤去_第14径間_1-60	DWG の図から（測量前）	横桁取付部撤去 (B) x 347.55 G2	ext_poly	6	347.5050,-2.4940,-0.2685	347.5950,-2.4940,-0.2685	347.5950,-2.4850,-0.2685	347.5140,-2.4850,-0.2685	347.5140,-2.3690,-0.2685	347.5050,-2.3690,-0.2685	347.5050,-2.4940,-0.4785	347.5950,-2.4940,-0.4785	347.5950,-2.4850,-0.4785	347.5140,-2.4850,-0.4785	347.5140,-2.3690,-0.4785	347.5050,-2.3690,-0.4785
157	横桁取付部撤去-059	横桁取付部撤去						補剛材 L-125x90x9x210	撤去箇所(B) x 347.55 G2	撤去図(2)	V_側面_201_撤去_第14径間_1-60	DWG の図から（測量前）	横桁取付部撤去 (B) x 347.55 G2	ext_poly	6	347.5050,-2.6310,-0.2685	347.5140,-2.6310,-0.2685	347.5140,-2.5150,-0.2685	347.5950,-2.5150,-0.2685	347.5950,-2.5060,-0.2685	347.5050,-2.5060,-0.2685	347.5050,-2.6310,-0.4785	347.5140,-2.6310,-0.4785	347.5140,-2.5150,-0.4785	347.5950,-2.5150,-0.4785	347.5950,-2.5060,-0.4785	347.5050,-2.5060,-0.4785
158	横桁取付部撤去-060	横桁取付部撤去						ガセット PL 425x9x500	撤去箇所(B) x 347.55 G2	撤去図(2)	V_側面_201_撤去_第14径間_1-60	DWG の図から（測量前）	横桁取付部撤去 (B) x 347.55 G2	ext_poly	5	347.5545,-2.4600,-0.5915	347.5545,-2.3600,-0.5915	347.5545,-2.0350,-0.1915	347.5545,-2.0350,-0.0915	347.5545,-2.4600,-0.0915	347.5455,-2.4600,-0.5915	347.5455,-2.3600,-0.5915	347.5455,-2.0350,-0.1915	347.5455,-2.0350,-0.0915	347.5455,-2.4600,-0.0915
159	横桁取付部撤去-061	横桁取付部撤去						取付山形鋼 L-90x90x10x325	撤去箇所(B) x 347.55 G2	撤去図(2)	V_側面_201_撤去_第14径間_1-60	DWG の図から（測量前）	横桁取付部撤去 (B) x 347.55 G2	ext_poly	6	347.5545,-2.3600,-0.1815	347.5645,-2.3600,-0.1815	347.5645,-2.3600,-0.1015	347.6445,-2.3600,-0.1015	347.6445,-2.3600,-0.0915	347.5545,-2.3600,-0.0915	347.5545,-2.0350,-0.1815	347.5645,-2.0350,-0.1815	347.5645,-2.0350,-0.1015	347.6445,-2.0350,-0.1015	347.6445,-2.0350,-0.0915	347.5545,-2.0350,-0.0915
160	横桁取付部撤去-062	横桁取付部撤去						取付山形鋼 L-90x90x10x325	撤去箇所(B) x 347.55 G2	撤去図(2)	V_側面_201_撤去_第14径間_1-60	DWG の図から（測量前）	横桁取付部撤去 (B) x 347.55 G2	ext_poly	6	347.5455,-2.3600,-0.0915	347.4555,-2.3600,-0.0915	347.4555,-2.3600,-0.1015	347.5355,-2.3600,-0.1015	347.5355,-2.3600,-0.1815	347.5455,-2.3600,-0.1815	347.5455,-2.0350,-0.0915	347.4555,-2.0350,-0.0915	347.4555,-2.0350,-0.1015	347.5355,-2.0350,-0.1015	347.5355,-2.0350,-0.1815	347.5455,-2.0350,-0.1815
161	横桁取付部撤去-063	横桁取付部撤去						補剛材 L-125x90x9x210	撤去箇所(B) x 350.75 G1	撤去図(2)	V_側面_201_撤去_第14径間_1-60	DWG の図から（測量前）	横桁取付部撤去 (B) x 350.75 G1	ext_poly	6	350.7050,2.5060,-0.2685	350.7950,2.5060,-0.2685	350.7950,2.5150,-0.2685	350.7140,2.5150,-0.2685	350.7140,2.6310,-0.2685	350.7050,2.6310,-0.2685	350.7050,2.5060,-0.4785	350.7950,2.5060,-0.4785	350.7950,2.5150,-0.4785	350.7140,2.5150,-0.4785	350.7140,2.6310,-0.4785	350.7050,2.6310,-0.4785
162	横桁取付部撤去-064	横桁取付部撤去						補剛材 L-125x90x9x210	撤去箇所(B) x 350.75 G1	撤去図(2)	V_側面_201_撤去_第14径間_1-60	DWG の図から（測量前）	横桁取付部撤去 (B) x 350.75 G1	ext_poly	6	350.7050,2.3690,-0.2685	350.7140,2.3690,-0.2685	350.7140,2.4850,-0.2685	350.7950,2.4850,-0.2685	350.7950,2.4940,-0.2685	350.7050,2.4940,-0.2685	350.7050,2.3690,-0.4785	350.7140,2.3690,-0.4785	350.7140,2.4850,-0.4785	350.7950,2.4850,-0.4785	350.7950,2.4940,-0.4785	350.7050,2.4940,-0.4785
163	横桁取付部撤去-065	横桁取付部撤去						ガセット PL 425x9x500	撤去箇所(B) x 350.75 G1	撤去図(2)	V_側面_201_撤去_第14径間_1-60	DWG の図から（測量前）	横桁取付部撤去 (B) x 350.75 G1	ext_poly	5	350.7545,2.4600,-0.0915	350.7545,2.0350,-0.0915	350.7545,2.0350,-0.1915	350.7545,2.3600,-0.5915	350.7545,2.4600,-0.5915	350.7455,2.4600,-0.0915	350.7455,2.0350,-0.0915	350.7455,2.0350,-0.1915	350.7455,2.3600,-0.5915	350.7455,2.4600,-0.5915
164	横桁取付部撤去-066	横桁取付部撤去						取付山形鋼 L-90x90x10x325	撤去箇所(B) x 350.75 G1	撤去図(2)	V_側面_201_撤去_第14径間_1-60	DWG の図から（測量前）	横桁取付部撤去 (B) x 350.75 G1	ext_poly	6	350.7545,2.0350,-0.1815	350.7645,2.0350,-0.1815	350.7645,2.0350,-0.1015	350.8445,2.0350,-0.1015	350.8445,2.0350,-0.0915	350.7545,2.0350,-0.0915	350.7545,2.3600,-0.1815	350.7645,2.3600,-0.1815	350.7645,2.3600,-0.1015	350.8445,2.3600,-0.1015	350.8445,2.3600,-0.0915	350.7545,2.3600,-0.0915
165	横桁取付部撤去-067	横桁取付部撤去						取付山形鋼 L-90x90x10x325	撤去箇所(B) x 350.75 G1	撤去図(2)	V_側面_201_撤去_第14径間_1-60	DWG の図から（測量前）	横桁取付部撤去 (B) x 350.75 G1	ext_poly	6	350.7455,2.0350,-0.0915	350.6555,2.0350,-0.0915	350.6555,2.0350,-0.1015	350.7355,2.0350,-0.1015	350.7355,2.0350,-0.1815	350.7455,2.0350,-0.1815	350.7455,2.3600,-0.0915	350.6555,2.3600,-0.0915	350.6555,2.3600,-0.1015	350.7355,2.3600,-0.1015	350.7355,2.3600,-0.1815	350.7455,2.3600,-0.1815
166	横桁取付部撤去-068	横桁取付部撤去						補剛材 L-125x90x9x210	撤去箇所(B) x 350.75 G2	撤去図(2)	V_側面_201_撤去_第14径間_1-60	DWG の図から（測量前）	横桁取付部撤去 (B) x 350.75 G2	ext_poly	6	350.7050,-2.4940,-0.2685	350.7950,-2.4940,-0.2685	350.7950,-2.4850,-0.2685	350.7140,-2.4850,-0.2685	350.7140,-2.3690,-0.2685	350.7050,-2.3690,-0.2685	350.7050,-2.4940,-0.4785	350.7950,-2.4940,-0.4785	350.7950,-2.4850,-0.4785	350.7140,-2.4850,-0.4785	350.7140,-2.3690,-0.4785	350.7050,-2.3690,-0.4785
167	横桁取付部撤去-069	横桁取付部撤去						補剛材 L-125x90x9x210	撤去箇所(B) x 350.75 G2	撤去図(2)	V_側面_201_撤去_第14径間_1-60	DWG の図から（測量前）	横桁取付部撤去 (B) x 350.75 G2	ext_poly	6	350.7050,-2.6310,-0.2685	350.7140,-2.6310,-0.2685	350.7140,-2.5150,-0.2685	350.7950,-2.5150,-0.2685	350.7950,-2.5060,-0.2685	350.7050,-2.5060,-0.2685	350.7050,-2.6310,-0.4785	350.7140,-2.6310,-0.4785	350.7140,-2.5150,-0.4785	350.7950,-2.5150,-0.4785	350.7950,-2.5060,-0.4785	350.7050,-2.5060,-0.4785
168	横桁取付部撤去-070	横桁取付部撤去						ガセット PL 425x9x500	撤去箇所(B) x 350.75 G2	撤去図(2)	V_側面_201_撤去_第14径間_1-60	DWG の図から（測量前）	横桁取付部撤去 (B) x 350.75 G2	ext_poly	5	350.7545,-2.4600,-0.5915	350.7545,-2.3600,-0.5915	350.7545,-2.0350,-0.1915	350.7545,-2.0350,-0.0915	350.7545,-2.4600,-0.0915	350.7455,-2.4600,-0.5915	350.7455,-2.3600,-0.5915	350.7455,-2.0350,-0.1915	350.7455,-2.0350,-0.0915	350.7455,-2.4600,-0.0915
169	横桁取付部撤去-071	横桁取付部撤去						取付山形鋼 L-90x90x10x325	撤去箇所(B) x 350.75 G2	撤去図(2)	V_側面_201_撤去_第14径間_1-60	DWG の図から（測量前）	横桁取付部撤去 (B) x 350.75 G2	ext_poly	6	350.7545,-2.3600,-0.1815	350.7645,-2.3600,-0.1815	350.7645,-2.3600,-0.1015	350.8445,-2.3600,-0.1015	350.8445,-2.3600,-0.0915	350.7545,-2.3600,-0.0915	350.7545,-2.0350,-0.1815	350.7645,-2.0350,-0.1815	350.7645,-2.0350,-0.1015	350.8445,-2.0350,-0.1015	350.8445,-2.0350,-0.0915	350.7545,-2.0350,-0.0915
170	横桁取付部撤去-072	横桁取付部撤去						取付山形鋼 L-90x90x10x325	撤去箇所(B) x 350.75 G2	撤去図(2)	V_側面_201_撤去_第14径間_1-60	DWG の図から（測量前）	横桁取付部撤去 (B) x 350.75 G2	ext_poly	6	350.7455,-2.3600,-0.0915	350.6555,-2.3600,-0.0915	350.6555,-2.3600,-0.1015	350.7355,-2.3600,-0.1015	350.7355,-2.3600,-0.1815	350.7455,-2.3600,-0.1815	350.7455,-2.0350,-0.0915	350.6555,-2.0350,-0.0915	350.6555,-2.0350,-0.1015	350.7355,-2.0350,-0.1015	350.7355,-2.0350,-0.1815	350.7455,-2.0350,-0.1815
171	横桁取付部撤去-073	横桁取付部撤去						補剛材 L-125x90x9x210	撤去箇所(A) x 352.40 G1	撤去図(2)	V_側面_201_撤去_第14径間_1-60	DWG の図から（測量前）	横桁取付部撤去 (A) x 352.40 G1	ext_poly	6	352.3550,2.5060,-0.2685	352.4450,2.5060,-0.2685	352.4450,2.5150,-0.2685	352.3640,2.5150,-0.2685	352.3640,2.6310,-0.2685	352.3550,2.6310,-0.2685	352.3550,2.5060,-0.4785	352.4450,2.5060,-0.4785	352.4450,2.5150,-0.4785	352.3640,2.5150,-0.4785	352.3640,2.6310,-0.4785	352.3550,2.6310,-0.4785
172	横桁取付部撤去-074	横桁取付部撤去						補剛材 L-125x90x9x210	撤去箇所(A) x 352.40 G1	撤去図(2)	V_側面_201_撤去_第14径間_1-60	DWG の図から（測量前）	横桁取付部撤去 (A) x 352.40 G1	ext_poly	6	352.3550,2.3690,-0.2685	352.3640,2.3690,-0.2685	352.3640,2.4850,-0.2685	352.4450,2.4850,-0.2685	352.4450,2.4940,-0.2685	352.3550,2.4940,-0.2685	352.3550,2.3690,-0.4785	352.3640,2.3690,-0.4785	352.3640,2.4850,-0.4785	352.4450,2.4850,-0.4785	352.4450,2.4940,-0.4785	352.3550,2.4940,-0.4785
173	横桁取付部撤去-075	横桁取付部撤去						補剛材 L-125x90x9x210	撤去箇所(A) x 352.40 G2	撤去図(2)	V_側面_201_撤去_第14径間_1-60	DWG の図から（測量前）	横桁取付部撤去 (A) x 352.40 G2	ext_poly	6	352.3550,-2.4940,-0.2685	352.4450,-2.4940,-0.2685	352.4450,-2.4850,-0.2685	352.3640,-2.4850,-0.2685	352.3640,-2.3690,-0.2685	352.3550,-2.3690,-0.2685	352.3550,-2.4940,-0.4785	352.4450,-2.4940,-0.4785	352.4450,-2.4850,-0.4785	352.3640,-2.4850,-0.4785	352.3640,-2.3690,-0.4785	352.3550,-2.3690,-0.4785
174	横桁取付部撤去-076	横桁取付部撤去						補剛材 L-125x90x9x210	撤去箇所(A) x 352.40 G2	撤去図(2)	V_側面_201_撤去_第14径間_1-60	DWG の図から（測量前）	横桁取付部撤去 (A) x 352.40 G2	ext_poly	6	352.3550,-2.6310,-0.2685	352.3640,-2.6310,-0.2685	352.3640,-2.5150,-0.2685	352.4450,-2.5150,-0.2685	352.4450,-2.5060,-0.2685	352.3550,-2.5060,-0.2685	352.3550,-2.6310,-0.4785	352.3640,-2.6310,-0.4785	352.3640,-2.5150,-0.4785	352.4450,-2.5150,-0.4785	352.4450,-2.5060,-0.4785	352.3550,-2.5060,-0.4785
175	横桁取付部撤去-077	横桁取付部撤去						補剛材 L-125x90x9x210	撤去箇所(B) x 353.95 G1	撤去図(2)	V_側面_201_撤去_第14径間_1-60	DWG の図から（測量前）	横桁取付部撤去 (B) x 353.95 G1	ext_poly	6	353.9050,2.5060,-0.2685	353.9950,2.5060,-0.2685	353.9950,2.5150,-0.2685	353.9140,2.5150,-0.2685	353.9140,2.6310,-0.2685	353.9050,2.6310,-0.2685	353.9050,2.5060,-0.4785	353.9950,2.5060,-0.4785	353.9950,2.5150,-0.4785	353.9140,2.5150,-0.4785	353.9140,2.6310,-0.4785	353.9050,2.6310,-0.4785
176	横桁取付部撤去-078	横桁取付部撤去						補剛材 L-125x90x9x210	撤去箇所(B) x 353.95 G1	撤去図(2)	V_側面_201_撤去_第14径間_1-60	DWG の図から（測量前）	横桁取付部撤去 (B) x 353.95 G1	ext_poly	6	353.9050,2.3690,-0.2685	353.9140,2.3690,-0.2685	353.9140,2.4850,-0.2685	353.9950,2.4850,-0.2685	353.9950,2.4940,-0.2685	353.9050,2.4940,-0.2685	353.9050,2.3690,-0.4785	353.9140,2.3690,-0.4785	353.9140,2.4850,-0.4785	353.9950,2.4850,-0.4785	353.9950,2.4940,-0.4785	353.9050,2.4940,-0.4785
177	横桁取付部撤去-079	横桁取付部撤去						ガセット PL 425x9x500	撤去箇所(B) x 353.95 G1	撤去図(2)	V_側面_201_撤去_第14径間_1-60	DWG の図から（測量前）	横桁取付部撤去 (B) x 353.95 G1	ext_poly	5	353.9545,2.4600,-0.0915	353.9545,2.0350,-0.0915	353.9545,2.0350,-0.1915	353.9545,2.3600,-0.5915	353.9545,2.4600,-0.5915	353.9455,2.4600,-0.0915	353.9455,2.0350,-0.0915	353.9455,2.0350,-0.1915	353.9455,2.3600,-0.5915	353.9455,2.4600,-0.5915
178	横桁取付部撤去-080	横桁取付部撤去						取付山形鋼 L-90x90x10x325	撤去箇所(B) x 353.95 G1	撤去図(2)	V_側面_201_撤去_第14径間_1-60	DWG の図から（測量前）	横桁取付部撤去 (B) x 353.95 G1	ext_poly	6	353.9545,2.0350,-0.1815	353.9645,2.0350,-0.1815	353.9645,2.0350,-0.1015	354.0445,2.0350,-0.1015	354.0445,2.0350,-0.0915	353.9545,2.0350,-0.0915	353.9545,2.3600,-0.1815	353.9645,2.3600,-0.1815	353.9645,2.3600,-0.1015	354.0445,2.3600,-0.1015	354.0445,2.3600,-0.0915	353.9545,2.3600,-0.0915
179	横桁取付部撤去-081	横桁取付部撤去						取付山形鋼 L-90x90x10x325	撤去箇所(B) x 353.95 G1	撤去図(2)	V_側面_201_撤去_第14径間_1-60	DWG の図から（測量前）	横桁取付部撤去 (B) x 353.95 G1	ext_poly	6	353.9455,2.0350,-0.0915	353.8555,2.0350,-0.0915	353.8555,2.0350,-0.1015	353.9355,2.0350,-0.1015	353.9355,2.0350,-0.1815	353.9455,2.0350,-0.1815	353.9455,2.3600,-0.0915	353.8555,2.3600,-0.0915	353.8555,2.3600,-0.1015	353.9355,2.3600,-0.1015	353.9355,2.3600,-0.1815	353.9455,2.3600,-0.1815
180	横桁取付部撤去-082	横桁取付部撤去						補剛材 L-125x90x9x210	撤去箇所(B) x 353.95 G2	撤去図(2)	V_側面_201_撤去_第14径間_1-60	DWG の図から（測量前）	横桁取付部撤去 (B) x 353.95 G2	ext_poly	6	353.9050,-2.4940,-0.2685	353.9950,-2.4940,-0.2685	353.9950,-2.4850,-0.2685	353.9140,-2.4850,-0.2685	353.9140,-2.3690,-0.2685	353.9050,-2.3690,-0.2685	353.9050,-2.4940,-0.4785	353.9950,-2.4940,-0.4785	353.9950,-2.4850,-0.4785	353.9140,-2.4850,-0.4785	353.9140,-2.3690,-0.4785	353.9050,-2.3690,-0.4785
181	横桁取付部撤去-083	横桁取付部撤去						補剛材 L-125x90x9x210	撤去箇所(B) x 353.95 G2	撤去図(2)	V_側面_201_撤去_第14径間_1-60	DWG の図から（測量前）	横桁取付部撤去 (B) x 353.95 G2	ext_poly	6	353.9050,-2.6310,-0.2685	353.9140,-2.6310,-0.2685	353.9140,-2.5150,-0.2685	353.9950,-2.5150,-0.2685	353.9950,-2.5060,-0.2685	353.9050,-2.5060,-0.2685	353.9050,-2.6310,-0.4785	353.9140,-2.6310,-0.4785	353.9140,-2.5150,-0.4785	353.9950,-2.5150,-0.4785	353.9950,-2.5060,-0.4785	353.9050,-2.5060,-0.4785
182	横桁取付部撤去-084	横桁取付部撤去						ガセット PL 425x9x500	撤去箇所(B) x 353.95 G2	撤去図(2)	V_側面_201_撤去_第14径間_1-60	DWG の図から（測量前）	横桁取付部撤去 (B) x 353.95 G2	ext_poly	5	353.9545,-2.4600,-0.5915	353.9545,-2.3600,-0.5915	353.9545,-2.0350,-0.1915	353.9545,-2.0350,-0.0915	353.9545,-2.4600,-0.0915	353.9455,-2.4600,-0.5915	353.9455,-2.3600,-0.5915	353.9455,-2.0350,-0.1915	353.9455,-2.0350,-0.0915	353.9455,-2.4600,-0.0915
183	横桁取付部撤去-085	横桁取付部撤去						取付山形鋼 L-90x90x10x325	撤去箇所(B) x 353.95 G2	撤去図(2)	V_側面_201_撤去_第14径間_1-60	DWG の図から（測量前）	横桁取付部撤去 (B) x 353.95 G2	ext_poly	6	353.9545,-2.3600,-0.1815	353.9645,-2.3600,-0.1815	353.9645,-2.3600,-0.1015	354.0445,-2.3600,-0.1015	354.0445,-2.3600,-0.0915	353.9545,-2.3600,-0.0915	353.9545,-2.0350,-0.1815	353.9645,-2.0350,-0.1815	353.9645,-2.0350,-0.1015	354.0445,-2.0350,-0.1015	354.0445,-2.0350,-0.0915	353.9545,-2.0350,-0.0915
184	横桁取付部撤去-086	横桁取付部撤去						取付山形鋼 L-90x90x10x325	撤去箇所(B) x 353.95 G2	撤去図(2)	V_側面_201_撤去_第14径間_1-60	DWG の図から（測量前）	横桁取付部撤去 (B) x 353.95 G2	ext_poly	6	353.9455,-2.3600,-0.0915	353.8555,-2.3600,-0.0915	353.8555,-2.3600,-0.1015	353.9355,-2.3600,-0.1015	353.9355,-2.3600,-0.1815	353.9455,-2.3600,-0.1815	353.9455,-2.0350,-0.0915	353.8555,-2.0350,-0.0915	353.8555,-2.0350,-0.1015	353.9355,-2.0350,-0.1015	353.9355,-2.0350,-0.1815	353.9455,-2.0350,-0.1815
185	横桁取付部撤去-087	横桁取付部撤去						補剛材 L-125x90x9x210	撤去箇所(B) x 366.75 G1	撤去図(2)	V_側面_201_撤去_第15径間_1-60	DWG の図から（測量前）	横桁取付部撤去 (B) x 366.75 G1	ext_poly	6	366.7050,2.5060,-0.3097	366.7950,2.5060,-0.3097	366.7950,2.5150,-0.3097	366.7140,2.5150,-0.3097	366.7140,2.6310,-0.3097	366.7050,2.6310,-0.3097	366.7050,2.5060,-0.5197	366.7950,2.5060,-0.5197	366.7950,2.5150,-0.5197	366.7140,2.5150,-0.5197	366.7140,2.6310,-0.5197	366.7050,2.6310,-0.5197
186	横桁取付部撤去-088	横桁取付部撤去						補剛材 L-125x90x9x210	撤去箇所(B) x 366.75 G1	撤去図(2)	V_側面_201_撤去_第15径間_1-60	DWG の図から（測量前）	横桁取付部撤去 (B) x 366.75 G1	ext_poly	6	366.7050,2.3690,-0.3097	366.7140,2.3690,-0.3097	366.7140,2.4850,-0.3097	366.7950,2.4850,-0.3097	366.7950,2.4940,-0.3097	366.7050,2.4940,-0.3097	366.7050,2.3690,-0.5197	366.7140,2.3690,-0.5197	366.7140,2.4850,-0.5197	366.7950,2.4850,-0.5197	366.7950,2.4940,-0.5197	366.7050,2.4940,-0.5197
187	横桁取付部撤去-089	横桁取付部撤去						ガセット PL 425x9x500	撤去箇所(B) x 366.75 G1	撤去図(2)	V_側面_201_撤去_第15径間_1-60	DWG の図から（測量前）	横桁取付部撤去 (B) x 366.75 G1	ext_poly	5	366.7545,2.4600,-0.1327	366.7545,2.0350,-0.1327	366.7545,2.0350,-0.2327	366.7545,2.3600,-0.6327	366.7545,2.4600,-0.6327	366.7455,2.4600,-0.1327	366.7455,2.0350,-0.1327	366.7455,2.0350,-0.2327	366.7455,2.3600,-0.6327	366.7455,2.4600,-0.6327
188	横桁取付部撤去-090	横桁取付部撤去						取付山形鋼 L-90x90x10x325	撤去箇所(B) x 366.75 G1	撤去図(2)	V_側面_201_撤去_第15径間_1-60	DWG の図から（測量前）	横桁取付部撤去 (B) x 366.75 G1	ext_poly	6	366.7545,2.0350,-0.2227	366.7645,2.0350,-0.2227	366.7645,2.0350,-0.1427	366.8445,2.0350,-0.1427	366.8445,2.0350,-0.1327	366.7545,2.0350,-0.1327	366.7545,2.3600,-0.2227	366.7645,2.3600,-0.2227	366.7645,2.3600,-0.1427	366.8445,2.3600,-0.1427	366.8445,2.3600,-0.1327	366.7545,2.3600,-0.1327
189	横桁取付部撤去-091	横桁取付部撤去						取付山形鋼 L-90x90x10x325	撤去箇所(B) x 366.75 G1	撤去図(2)	V_側面_201_撤去_第15径間_1-60	DWG の図から（測量前）	横桁取付部撤去 (B) x 366.75 G1	ext_poly	6	366.7455,2.0350,-0.1327	366.6555,2.0350,-0.1327	366.6555,2.0350,-0.1427	366.7355,2.0350,-0.1427	366.7355,2.0350,-0.2227	366.7455,2.0350,-0.2227	366.7455,2.3600,-0.1327	366.6555,2.3600,-0.1327	366.6555,2.3600,-0.1427	366.7355,2.3600,-0.1427	366.7355,2.3600,-0.2227	366.7455,2.3600,-0.2227
190	横桁取付部撤去-092	横桁取付部撤去						補剛材 L-125x90x9x210	撤去箇所(B) x 366.75 G2	撤去図(2)	V_側面_201_撤去_第15径間_1-60	DWG の図から（測量前）	横桁取付部撤去 (B) x 366.75 G2	ext_poly	6	366.7050,-2.4940,-0.3097	366.7950,-2.4940,-0.3097	366.7950,-2.4850,-0.3097	366.7140,-2.4850,-0.3097	366.7140,-2.3690,-0.3097	366.7050,-2.3690,-0.3097	366.7050,-2.4940,-0.5197	366.7950,-2.4940,-0.5197	366.7950,-2.4850,-0.5197	366.7140,-2.4850,-0.5197	366.7140,-2.3690,-0.5197	366.7050,-2.3690,-0.5197
191	横桁取付部撤去-093	横桁取付部撤去						補剛材 L-125x90x9x210	撤去箇所(B) x 366.75 G2	撤去図(2)	V_側面_201_撤去_第15径間_1-60	DWG の図から（測量前）	横桁取付部撤去 (B) x 366.75 G2	ext_poly	6	366.7050,-2.6310,-0.3097	366.7140,-2.6310,-0.3097	366.7140,-2.5150,-0.3097	366.7950,-2.5150,-0.3097	366.7950,-2.5060,-0.3097	366.7050,-2.5060,-0.3097	366.7050,-2.6310,-0.5197	366.7140,-2.6310,-0.5197	366.7140,-2.5150,-0.5197	366.7950,-2.5150,-0.5197	366.7950,-2.5060,-0.5197	366.7050,-2.5060,-0.5197
192	横桁取付部撤去-094	横桁取付部撤去						ガセット PL 425x9x500	撤去箇所(B) x 366.75 G2	撤去図(2)	V_側面_201_撤去_第15径間_1-60	DWG の図から（測量前）	横桁取付部撤去 (B) x 366.75 G2	ext_poly	5	366.7545,-2.4600,-0.6327	366.7545,-2.3600,-0.6327	366.7545,-2.0350,-0.2327	366.7545,-2.0350,-0.1327	366.7545,-2.4600,-0.1327	366.7455,-2.4600,-0.6327	366.7455,-2.3600,-0.6327	366.7455,-2.0350,-0.2327	366.7455,-2.0350,-0.1327	366.7455,-2.4600,-0.1327
193	横桁取付部撤去-095	横桁取付部撤去						取付山形鋼 L-90x90x10x325	撤去箇所(B) x 366.75 G2	撤去図(2)	V_側面_201_撤去_第15径間_1-60	DWG の図から（測量前）	横桁取付部撤去 (B) x 366.75 G2	ext_poly	6	366.7545,-2.3600,-0.2227	366.7645,-2.3600,-0.2227	366.7645,-2.3600,-0.1427	366.8445,-2.3600,-0.1427	366.8445,-2.3600,-0.1327	366.7545,-2.3600,-0.1327	366.7545,-2.0350,-0.2227	366.7645,-2.0350,-0.2227	366.7645,-2.0350,-0.1427	366.8445,-2.0350,-0.1427	366.8445,-2.0350,-0.1327	366.7545,-2.0350,-0.1327
194	横桁取付部撤去-096	横桁取付部撤去						取付山形鋼 L-90x90x10x325	撤去箇所(B) x 366.75 G2	撤去図(2)	V_側面_201_撤去_第15径間_1-60	DWG の図から（測量前）	横桁取付部撤去 (B) x 366.75 G2	ext_poly	6	366.7455,-2.3600,-0.1327	366.6555,-2.3600,-0.1327	366.6555,-2.3600,-0.1427	366.7355,-2.3600,-0.1427	366.7355,-2.3600,-0.2227	366.7455,-2.3600,-0.2227	366.7455,-2.0350,-0.1327	366.6555,-2.0350,-0.1327	366.6555,-2.0350,-0.1427	366.7355,-2.0350,-0.1427	366.7355,-2.0350,-0.2227	366.7455,-2.0350,-0.2227
195	横桁取付部撤去-097	横桁取付部撤去						補剛材 L-125x90x9x210	撤去箇所(A) x 368.29 G1	撤去図(2)	V_側面_201_撤去_第15径間_1-60	DWG の図から（測量前）	横桁取付部撤去 (A) x 368.29 G1	ext_poly	6	368.2490,2.5060,-0.3196	368.3390,2.5060,-0.3196	368.3390,2.5150,-0.3196	368.2580,2.5150,-0.3196	368.2580,2.6310,-0.3196	368.2490,2.6310,-0.3196	368.2490,2.5060,-0.5296	368.3390,2.5060,-0.5296	368.3390,2.5150,-0.5296	368.2580,2.5150,-0.5296	368.2580,2.6310,-0.5296	368.2490,2.6310,-0.5296
196	横桁取付部撤去-098	横桁取付部撤去						補剛材 L-125x90x9x210	撤去箇所(A) x 368.29 G1	撤去図(2)	V_側面_201_撤去_第15径間_1-60	DWG の図から（測量前）	横桁取付部撤去 (A) x 368.29 G1	ext_poly	6	368.2490,2.3690,-0.3196	368.2580,2.3690,-0.3196	368.2580,2.4850,-0.3196	368.3390,2.4850,-0.3196	368.3390,2.4940,-0.3196	368.2490,2.4940,-0.3196	368.2490,2.3690,-0.5296	368.2580,2.3690,-0.5296	368.2580,2.4850,-0.5296	368.3390,2.4850,-0.5296	368.3390,2.4940,-0.5296	368.2490,2.4940,-0.5296
197	横桁取付部撤去-099	横桁取付部撤去						補剛材 L-125x90x9x210	撤去箇所(A) x 368.29 G2	撤去図(2)	V_側面_201_撤去_第15径間_1-60	DWG の図から（測量前）	横桁取付部撤去 (A) x 368.29 G2	ext_poly	6	368.2490,-2.4940,-0.3196	368.3390,-2.4940,-0.3196	368.3390,-2.4850,-0.3196	368.2580,-2.4850,-0.3196	368.2580,-2.3690,-0.3196	368.2490,-2.3690,-0.3196	368.2490,-2.4940,-0.5296	368.3390,-2.4940,-0.5296	368.3390,-2.4850,-0.5296	368.2580,-2.4850,-0.5296	368.2580,-2.3690,-0.5296	368.2490,-2.3690,-0.5296
198	横桁取付部撤去-100	横桁取付部撤去						補剛材 L-125x90x9x210	撤去箇所(A) x 368.29 G2	撤去図(2)	V_側面_201_撤去_第15径間_1-60	DWG の図から（測量前）	横桁取付部撤去 (A) x 368.29 G2	ext_poly	6	368.2490,-2.6310,-0.3196	368.2580,-2.6310,-0.3196	368.2580,-2.5150,-0.3196	368.3390,-2.5150,-0.3196	368.3390,-2.5060,-0.3196	368.2490,-2.5060,-0.3196	368.2490,-2.6310,-0.5296	368.2580,-2.6310,-0.5296	368.2580,-2.5150,-0.5296	368.3390,-2.5150,-0.5296	368.3390,-2.5060,-0.5296	368.2490,-2.5060,-0.5296
199	横桁取付部撤去-101	横桁取付部撤去						補剛材 L-125x90x9x210	撤去箇所(C) x 371.49 G1	撤去図(3)	V_側面_201_撤去_第15径間_1-60	DWG の図から（測量前）	横桁取付部撤去 (C) x 371.49 G1	ext_poly	6	371.4490,2.5045,-0.3402	371.5390,2.5045,-0.3402	371.5390,2.5135,-0.3402	371.4580,2.5135,-0.3402	371.4580,2.6295,-0.3402	371.4490,2.6295,-0.3402	371.4490,2.5045,-0.5502	371.5390,2.5045,-0.5502	371.5390,2.5135,-0.5502	371.4580,2.5135,-0.5502	371.4580,2.6295,-0.5502	371.4490,2.6295,-0.5502
200	横桁取付部撤去-102	横桁取付部撤去						補剛材 L-125x90x9x210	撤去箇所(C) x 371.49 G1	撤去図(3)	V_側面_201_撤去_第15径間_1-60	DWG の図から（測量前）	横桁取付部撤去 (C) x 371.49 G1	ext_poly	6	371.4490,2.3705,-0.3402	371.4580,2.3705,-0.3402	371.4580,2.4865,-0.3402	371.5390,2.4865,-0.3402	371.5390,2.4955,-0.3402	371.4490,2.4955,-0.3402	371.4490,2.3705,-0.5502	371.4580,2.3705,-0.5502	371.4580,2.4865,-0.5502	371.5390,2.4865,-0.5502	371.5390,2.4955,-0.5502	371.4490,2.4955,-0.5502
201	横桁取付部撤去-103	横桁取付部撤去						補剛材 L-125x90x9x210	撤去箇所(C) x 371.49 G2	撤去図(3)	V_側面_201_撤去_第15径間_1-60	DWG の図から（測量前）	横桁取付部撤去 (C) x 371.49 G2	ext_poly	6	371.4490,-2.4955,-0.3402	371.5390,-2.4955,-0.3402	371.5390,-2.4865,-0.3402	371.4580,-2.4865,-0.3402	371.4580,-2.3705,-0.3402	371.4490,-2.3705,-0.3402	371.4490,-2.4955,-0.5502	371.5390,-2.4955,-0.5502	371.5390,-2.4865,-0.5502	371.4580,-2.4865,-0.5502	371.4580,-2.3705,-0.5502	371.4490,-2.3705,-0.5502
202	横桁取付部撤去-104	横桁取付部撤去						補剛材 L-125x90x9x210	撤去箇所(C) x 371.49 G2	撤去図(3)	V_側面_201_撤去_第15径間_1-60	DWG の図から（測量前）	横桁取付部撤去 (C) x 371.49 G2	ext_poly	6	371.4490,-2.6295,-0.3402	371.4580,-2.6295,-0.3402	371.4580,-2.5135,-0.3402	371.5390,-2.5135,-0.3402	371.5390,-2.5045,-0.3402	371.4490,-2.5045,-0.3402	371.4490,-2.6295,-0.5502	371.4580,-2.6295,-0.5502	371.4580,-2.5135,-0.5502	371.5390,-2.5135,-0.5502	371.5390,-2.5045,-0.5502	371.4490,-2.5045,-0.5502
203	横桁取付部撤去-105	横桁取付部撤去						補剛材 L-125x90x9x210	撤去箇所(D) x 373.15 G1	撤去図(3)	V_側面_201_撤去_第15径間_1-60	DWG の図から（測量前）	横桁取付部撤去 (D) x 373.15 G1	ext_poly	6	373.1050,2.5045,-0.3508	373.1950,2.5045,-0.3508	373.1950,2.5135,-0.3508	373.1140,2.5135,-0.3508	373.1140,2.6295,-0.3508	373.1050,2.6295,-0.3508	373.1050,2.5045,-0.5608	373.1950,2.5045,-0.5608	373.1950,2.5135,-0.5608	373.1140,2.5135,-0.5608	373.1140,2.6295,-0.5608	373.1050,2.6295,-0.5608
204	横桁取付部撤去-106	横桁取付部撤去						補剛材 L-125x90x9x210	撤去箇所(D) x 373.15 G1	撤去図(3)	V_側面_201_撤去_第15径間_1-60	DWG の図から（測量前）	横桁取付部撤去 (D) x 373.15 G1	ext_poly	6	373.1050,2.3705,-0.3508	373.1140,2.3705,-0.3508	373.1140,2.4865,-0.3508	373.1950,2.4865,-0.3508	373.1950,2.4955,-0.3508	373.1050,2.4955,-0.3508	373.1050,2.3705,-0.5608	373.1140,2.3705,-0.5608	373.1140,2.4865,-0.5608	373.1950,2.4865,-0.5608	373.1950,2.4955,-0.5608	373.1050,2.4955,-0.5608
205	横桁取付部撤去-107	横桁取付部撤去						ガセット PL 425x9x500	撤去箇所(D) x 373.15 G1	撤去図(3)	V_側面_201_撤去_第15径間_1-60	DWG の図から（測量前）	横桁取付部撤去 (D) x 373.15 G1	ext_poly	5	373.1545,2.4600,-0.1738	373.1545,2.0350,-0.1738	373.1545,2.0350,-0.2738	373.1545,2.3600,-0.6738	373.1545,2.4600,-0.6738	373.1455,2.4600,-0.1738	373.1455,2.0350,-0.1738	373.1455,2.0350,-0.2738	373.1455,2.3600,-0.6738	373.1455,2.4600,-0.6738
206	横桁取付部撤去-108	横桁取付部撤去						取付山形鋼 L-90x90x10x325	撤去箇所(D) x 373.15 G1	撤去図(3)	V_側面_201_撤去_第15径間_1-60	DWG の図から（測量前）	横桁取付部撤去 (D) x 373.15 G1	ext_poly	6	373.1545,2.0350,-0.2638	373.1645,2.0350,-0.2638	373.1645,2.0350,-0.1838	373.2445,2.0350,-0.1838	373.2445,2.0350,-0.1738	373.1545,2.0350,-0.1738	373.1545,2.3600,-0.2638	373.1645,2.3600,-0.2638	373.1645,2.3600,-0.1838	373.2445,2.3600,-0.1838	373.2445,2.3600,-0.1738	373.1545,2.3600,-0.1738
207	横桁取付部撤去-109	横桁取付部撤去						取付山形鋼 L-90x90x10x325	撤去箇所(D) x 373.15 G1	撤去図(3)	V_側面_201_撤去_第15径間_1-60	DWG の図から（測量前）	横桁取付部撤去 (D) x 373.15 G1	ext_poly	6	373.1455,2.0350,-0.1738	373.0555,2.0350,-0.1738	373.0555,2.0350,-0.1838	373.1355,2.0350,-0.1838	373.1355,2.0350,-0.2638	373.1455,2.0350,-0.2638	373.1455,2.3600,-0.1738	373.0555,2.3600,-0.1738	373.0555,2.3600,-0.1838	373.1355,2.3600,-0.1838	373.1355,2.3600,-0.2638	373.1455,2.3600,-0.2638
208	横桁取付部撤去-110	横桁取付部撤去						補剛材 L-125x90x9x210	撤去箇所(D) x 373.15 G2	撤去図(3)	V_側面_201_撤去_第15径間_1-60	DWG の図から（測量前）	横桁取付部撤去 (D) x 373.15 G2	ext_poly	6	373.1050,-2.4955,-0.3508	373.1950,-2.4955,-0.3508	373.1950,-2.4865,-0.3508	373.1140,-2.4865,-0.3508	373.1140,-2.3705,-0.3508	373.1050,-2.3705,-0.3508	373.1050,-2.4955,-0.5608	373.1950,-2.4955,-0.5608	373.1950,-2.4865,-0.5608	373.1140,-2.4865,-0.5608	373.1140,-2.3705,-0.5608	373.1050,-2.3705,-0.5608
209	横桁取付部撤去-111	横桁取付部撤去						補剛材 L-125x90x9x210	撤去箇所(D) x 373.15 G2	撤去図(3)	V_側面_201_撤去_第15径間_1-60	DWG の図から（測量前）	横桁取付部撤去 (D) x 373.15 G2	ext_poly	6	373.1050,-2.6295,-0.3508	373.1140,-2.6295,-0.3508	373.1140,-2.5135,-0.3508	373.1950,-2.5135,-0.3508	373.1950,-2.5045,-0.3508	373.1050,-2.5045,-0.3508	373.1050,-2.6295,-0.5608	373.1140,-2.6295,-0.5608	373.1140,-2.5135,-0.5608	373.1950,-2.5135,-0.5608	373.1950,-2.5045,-0.5608	373.1050,-2.5045,-0.5608
210	横桁取付部撤去-112	横桁取付部撤去						ガセット PL 425x9x500	撤去箇所(D) x 373.15 G2	撤去図(3)	V_側面_201_撤去_第15径間_1-60	DWG の図から（測量前）	横桁取付部撤去 (D) x 373.15 G2	ext_poly	5	373.1545,-2.4600,-0.6738	373.1545,-2.3600,-0.6738	373.1545,-2.0350,-0.2738	373.1545,-2.0350,-0.1738	373.1545,-2.4600,-0.1738	373.1455,-2.4600,-0.6738	373.1455,-2.3600,-0.6738	373.1455,-2.0350,-0.2738	373.1455,-2.0350,-0.1738	373.1455,-2.4600,-0.1738
211	横桁取付部撤去-113	横桁取付部撤去						取付山形鋼 L-90x90x10x325	撤去箇所(D) x 373.15 G2	撤去図(3)	V_側面_201_撤去_第15径間_1-60	DWG の図から（測量前）	横桁取付部撤去 (D) x 373.15 G2	ext_poly	6	373.1545,-2.3600,-0.2638	373.1645,-2.3600,-0.2638	373.1645,-2.3600,-0.1838	373.2445,-2.3600,-0.1838	373.2445,-2.3600,-0.1738	373.1545,-2.3600,-0.1738	373.1545,-2.0350,-0.2638	373.1645,-2.0350,-0.2638	373.1645,-2.0350,-0.1838	373.2445,-2.0350,-0.1838	373.2445,-2.0350,-0.1738	373.1545,-2.0350,-0.1738
212	横桁取付部撤去-114	横桁取付部撤去						取付山形鋼 L-90x90x10x325	撤去箇所(D) x 373.15 G2	撤去図(3)	V_側面_201_撤去_第15径間_1-60	DWG の図から（測量前）	横桁取付部撤去 (D) x 373.15 G2	ext_poly	6	373.1455,-2.3600,-0.1738	373.0555,-2.3600,-0.1738	373.0555,-2.3600,-0.1838	373.1355,-2.3600,-0.1838	373.1355,-2.3600,-0.2638	373.1455,-2.3600,-0.2638	373.1455,-2.0350,-0.1738	373.0555,-2.0350,-0.1738	373.0555,-2.0350,-0.1838	373.1355,-2.0350,-0.1838	373.1355,-2.0350,-0.2638	373.1455,-2.0350,-0.2638
213	横桁取付部撤去-115	横桁取付部撤去						補剛材 L-125x90x9x210	撤去箇所(C) x 374.69 G1	撤去図(3)	V_側面_201_撤去_第15径間_1-60	DWG の図から（測量前）	横桁取付部撤去 (C) x 374.69 G1	ext_poly	6	374.6490,2.5045,-0.3608	374.7390,2.5045,-0.3608	374.7390,2.5135,-0.3608	374.6580,2.5135,-0.3608	374.6580,2.6295,-0.3608	374.6490,2.6295,-0.3608	374.6490,2.5045,-0.5708	374.7390,2.5045,-0.5708	374.7390,2.5135,-0.5708	374.6580,2.5135,-0.5708	374.6580,2.6295,-0.5708	374.6490,2.6295,-0.5708
214	横桁取付部撤去-116	横桁取付部撤去						補剛材 L-125x90x9x210	撤去箇所(C) x 374.69 G1	撤去図(3)	V_側面_201_撤去_第15径間_1-60	DWG の図から（測量前）	横桁取付部撤去 (C) x 374.69 G1	ext_poly	6	374.6490,2.3705,-0.3608	374.6580,2.3705,-0.3608	374.6580,2.4865,-0.3608	374.7390,2.4865,-0.3608	374.7390,2.4955,-0.3608	374.6490,2.4955,-0.3608	374.6490,2.3705,-0.5708	374.6580,2.3705,-0.5708	374.6580,2.4865,-0.5708	374.7390,2.4865,-0.5708	374.7390,2.4955,-0.5708	374.6490,2.4955,-0.5708
215	横桁取付部撤去-117	横桁取付部撤去						補剛材 L-125x90x9x210	撤去箇所(C) x 374.69 G2	撤去図(3)	V_側面_201_撤去_第15径間_1-60	DWG の図から（測量前）	横桁取付部撤去 (C) x 374.69 G2	ext_poly	6	374.6490,-2.4955,-0.3608	374.7390,-2.4955,-0.3608	374.7390,-2.4865,-0.3608	374.6580,-2.4865,-0.3608	374.6580,-2.3705,-0.3608	374.6490,-2.3705,-0.3608	374.6490,-2.4955,-0.5708	374.7390,-2.4955,-0.5708	374.7390,-2.4865,-0.5708	374.6580,-2.4865,-0.5708	374.6580,-2.3705,-0.5708	374.6490,-2.3705,-0.5708
216	横桁取付部撤去-118	横桁取付部撤去						補剛材 L-125x90x9x210	撤去箇所(C) x 374.69 G2	撤去図(3)	V_側面_201_撤去_第15径間_1-60	DWG の図から（測量前）	横桁取付部撤去 (C) x 374.69 G2	ext_poly	6	374.6490,-2.6295,-0.3608	374.6580,-2.6295,-0.3608	374.6580,-2.5135,-0.3608	374.7390,-2.5135,-0.3608	374.7390,-2.5045,-0.3608	374.6490,-2.5045,-0.3608	374.6490,-2.6295,-0.5708	374.6580,-2.6295,-0.5708	374.6580,-2.5135,-0.5708	374.7390,-2.5135,-0.5708	374.7390,-2.5045,-0.5708	374.6490,-2.5045,-0.5708
217	横桁取付部撤去-119	横桁取付部撤去						補剛材 L-125x90x9x240	撤去箇所(E) x 376.35 G1	撤去図(4)	V_側面_201_撤去_第15径間_1-60	DWG の図から（測量前）	横桁取付部撤去 (E) x 376.35 G1	ext_poly	6	376.3050,2.5045,-0.3414	376.3950,2.5045,-0.3414	376.3950,2.5135,-0.3414	376.3140,2.5135,-0.3414	376.3140,2.6295,-0.3414	376.3050,2.6295,-0.3414	376.3050,2.5045,-0.5814	376.3950,2.5045,-0.5814	376.3950,2.5135,-0.5814	376.3140,2.5135,-0.5814	376.3140,2.6295,-0.5814	376.3050,2.6295,-0.5814
218	横桁取付部撤去-120	横桁取付部撤去						補剛材 L-125x90x9x240	撤去箇所(E) x 376.35 G1	撤去図(4)	V_側面_201_撤去_第15径間_1-60	DWG の図から（測量前）	横桁取付部撤去 (E) x 376.35 G1	ext_poly	6	376.3050,2.3705,-0.3414	376.3140,2.3705,-0.3414	376.3140,2.4865,-0.3414	376.3950,2.4865,-0.3414	376.3950,2.4955,-0.3414	376.3050,2.4955,-0.3414	376.3050,2.3705,-0.5814	376.3140,2.3705,-0.5814	376.3140,2.4865,-0.5814	376.3950,2.4865,-0.5814	376.3950,2.4955,-0.5814	376.3050,2.4955,-0.5814
219	横桁取付部撤去-121	横桁取付部撤去						取付山形鋼 L-90x90x10x320	撤去箇所(E) x 376.35 G1	撤去図(4)	V_側面_201_撤去_第15径間_1-60	DWG の図から（測量前）	横桁取付部撤去 (E) x 376.35 G1	ext_poly	6	376.3545,2.0350,-0.2844	376.3645,2.0350,-0.2844	376.3645,2.0350,-0.2044	376.4445,2.0350,-0.2044	376.4445,2.0350,-0.1944	376.3545,2.0350,-0.1944	376.3545,2.3550,-0.2844	376.3645,2.3550,-0.2844	376.3645,2.3550,-0.2044	376.4445,2.3550,-0.2044	376.4445,2.3550,-0.1944	376.3545,2.3550,-0.1944
220	横桁取付部撤去-122	横桁取付部撤去						取付山形鋼 L-90x90x10x320	撤去箇所(E) x 376.35 G1	撤去図(4)	V_側面_201_撤去_第15径間_1-60	DWG の図から（測量前）	横桁取付部撤去 (E) x 376.35 G1	ext_poly	6	376.3455,2.0350,-0.1944	376.2555,2.0350,-0.1944	376.2555,2.0350,-0.2044	376.3355,2.0350,-0.2044	376.3355,2.0350,-0.2844	376.3455,2.0350,-0.2844	376.3455,2.3550,-0.1944	376.2555,2.3550,-0.1944	376.2555,2.3550,-0.2044	376.3355,2.3550,-0.2044	376.3355,2.3550,-0.2844	376.3455,2.3550,-0.2844
221	横桁取付部撤去-123	横桁取付部撤去						既設添接板 PL 245x12x940	撤去箇所(E) x 376.35 G1	撤去図(4)	V_側面_201_撤去_第15径間_1-60	DWG の図から（測量前）	横桁取付部撤去 (E) x 376.35 G1	ext_poly	4	376.8200,2.5045,-0.5814	376.8200,2.5165,-0.5814	376.8200,2.5165,-0.3364	376.8200,2.5045,-0.3364	375.8800,2.5045,-0.5814	375.8800,2.5165,-0.5814	375.8800,2.5165,-0.3364	375.8800,2.5045,-0.3364
222	横桁取付部撤去-124	横桁取付部撤去						既設添接板 PL 245x12x940	撤去箇所(E) x 376.35 G1	撤去図(4)	V_側面_201_撤去_第15径間_1-60	DWG の図から（測量前）	横桁取付部撤去 (E) x 376.35 G1	ext_poly	4	376.8200,2.4835,-0.5814	376.8200,2.4955,-0.5814	376.8200,2.4955,-0.3364	376.8200,2.4835,-0.3364	375.8800,2.4835,-0.5814	375.8800,2.4955,-0.5814	375.8800,2.4955,-0.3364	375.8800,2.4835,-0.3364
223	横桁取付部撤去-125	横桁取付部撤去						補剛材 L-125x90x9x240	撤去箇所(E) x 376.35 G2	撤去図(4)	V_側面_201_撤去_第15径間_1-60	DWG の図から（測量前）	横桁取付部撤去 (E) x 376.35 G2	ext_poly	6	376.3050,-2.4955,-0.3414	376.3950,-2.4955,-0.3414	376.3950,-2.4865,-0.3414	376.3140,-2.4865,-0.3414	376.3140,-2.3705,-0.3414	376.3050,-2.3705,-0.3414	376.3050,-2.4955,-0.5814	376.3950,-2.4955,-0.5814	376.3950,-2.4865,-0.5814	376.3140,-2.4865,-0.5814	376.3140,-2.3705,-0.5814	376.3050,-2.3705,-0.5814
224	横桁取付部撤去-126	横桁取付部撤去						補剛材 L-125x90x9x240	撤去箇所(E) x 376.35 G2	撤去図(4)	V_側面_201_撤去_第15径間_1-60	DWG の図から（測量前）	横桁取付部撤去 (E) x 376.35 G2	ext_poly	6	376.3050,-2.6295,-0.3414	376.3140,-2.6295,-0.3414	376.3140,-2.5135,-0.3414	376.3950,-2.5135,-0.3414	376.3950,-2.5045,-0.3414	376.3050,-2.5045,-0.3414	376.3050,-2.6295,-0.5814	376.3140,-2.6295,-0.5814	376.3140,-2.5135,-0.5814	376.3950,-2.5135,-0.5814	376.3950,-2.5045,-0.5814	376.3050,-2.5045,-0.5814
225	横桁取付部撤去-127	横桁取付部撤去						取付山形鋼 L-90x90x10x320	撤去箇所(E) x 376.35 G2	撤去図(4)	V_側面_201_撤去_第15径間_1-60	DWG の図から（測量前）	横桁取付部撤去 (E) x 376.35 G2	ext_poly	6	376.3545,-2.3550,-0.2844	376.3645,-2.3550,-0.2844	376.3645,-2.3550,-0.2044	376.4445,-2.3550,-0.2044	376.4445,-2.3550,-0.1944	376.3545,-2.3550,-0.1944	376.3545,-2.0350,-0.2844	376.3645,-2.0350,-0.2844	376.3645,-2.0350,-0.2044	376.4445,-2.0350,-0.2044	376.4445,-2.0350,-0.1944	376.3545,-2.0350,-0.1944
226	横桁取付部撤去-128	横桁取付部撤去						取付山形鋼 L-90x90x10x320	撤去箇所(E) x 376.35 G2	撤去図(4)	V_側面_201_撤去_第15径間_1-60	DWG の図から（測量前）	横桁取付部撤去 (E) x 376.35 G2	ext_poly	6	376.3455,-2.3550,-0.1944	376.2555,-2.3550,-0.1944	376.2555,-2.3550,-0.2044	376.3355,-2.3550,-0.2044	376.3355,-2.3550,-0.2844	376.3455,-2.3550,-0.2844	376.3455,-2.0350,-0.1944	376.2555,-2.0350,-0.1944	376.2555,-2.0350,-0.2044	376.3355,-2.0350,-0.2044	376.3355,-2.0350,-0.2844	376.3455,-2.0350,-0.2844
227	横桁取付部撤去-129	横桁取付部撤去						既設添接板 PL 245x12x940	撤去箇所(E) x 376.35 G2	撤去図(4)	V_側面_201_撤去_第15径間_1-60	DWG の図から（測量前）	横桁取付部撤去 (E) x 376.35 G2	ext_poly	4	376.8200,-2.4955,-0.5814	376.8200,-2.4835,-0.5814	376.8200,-2.4835,-0.3364	376.8200,-2.4955,-0.3364	375.8800,-2.4955,-0.5814	375.8800,-2.4835,-0.5814	375.8800,-2.4835,-0.3364	375.8800,-2.4955,-0.3364
228	横桁取付部撤去-130	横桁取付部撤去						既設添接板 PL 245x12x940	撤去箇所(E) x 376.35 G2	撤去図(4)	V_側面_201_撤去_第15径間_1-60	DWG の図から（測量前）	横桁取付部撤去 (E) x 376.35 G2	ext_poly	4	376.8200,-2.5165,-0.5814	376.8200,-2.5045,-0.5814	376.8200,-2.5045,-0.3364	376.8200,-2.5165,-0.3364	375.8800,-2.5165,-0.5814	375.8800,-2.5045,-0.5814	375.8800,-2.5045,-0.3364	375.8800,-2.5165,-0.3364
229	横桁取付部撤去-131	横桁取付部撤去						補剛材 L-125x90x9x210	撤去箇所(C) x 378.00 G1	撤去図(3)	V_側面_201_撤去_第15径間_1-60	DWG の図から（測量前）	横桁取付部撤去 (C) x 378.00 G1	ext_poly	6	377.9590,2.5045,-0.3820	378.0490,2.5045,-0.3820	378.0490,2.5135,-0.3820	377.9680,2.5135,-0.3820	377.9680,2.6295,-0.3820	377.9590,2.6295,-0.3820	377.9590,2.5045,-0.5920	378.0490,2.5045,-0.5920	378.0490,2.5135,-0.5920	377.9680,2.5135,-0.5920	377.9680,2.6295,-0.5920	377.9590,2.6295,-0.5920
230	横桁取付部撤去-132	横桁取付部撤去						補剛材 L-125x90x9x210	撤去箇所(C) x 378.00 G1	撤去図(3)	V_側面_201_撤去_第15径間_1-60	DWG の図から（測量前）	横桁取付部撤去 (C) x 378.00 G1	ext_poly	6	377.9590,2.3705,-0.3820	377.9680,2.3705,-0.3820	377.9680,2.4865,-0.3820	378.0490,2.4865,-0.3820	378.0490,2.4955,-0.3820	377.9590,2.4955,-0.3820	377.9590,2.3705,-0.5920	377.9680,2.3705,-0.5920	377.9680,2.4865,-0.5920	378.0490,2.4865,-0.5920	378.0490,2.4955,-0.5920	377.9590,2.4955,-0.5920
231	横桁取付部撤去-133	横桁取付部撤去						補剛材 L-125x90x9x210	撤去箇所(C) x 378.00 G2	撤去図(3)	V_側面_201_撤去_第15径間_1-60	DWG の図から（測量前）	横桁取付部撤去 (C) x 378.00 G2	ext_poly	6	377.9590,-2.4955,-0.3820	378.0490,-2.4955,-0.3820	378.0490,-2.4865,-0.3820	377.9680,-2.4865,-0.3820	377.9680,-2.3705,-0.3820	377.9590,-2.3705,-0.3820	377.9590,-2.4955,-0.5920	378.0490,-2.4955,-0.5920	378.0490,-2.4865,-0.5920	377.9680,-2.4865,-0.5920	377.9680,-2.3705,-0.5920	377.9590,-2.3705,-0.5920
232	横桁取付部撤去-134	横桁取付部撤去						補剛材 L-125x90x9x210	撤去箇所(C) x 378.00 G2	撤去図(3)	V_側面_201_撤去_第15径間_1-60	DWG の図から（測量前）	横桁取付部撤去 (C) x 378.00 G2	ext_poly	6	377.9590,-2.6295,-0.3820	377.9680,-2.6295,-0.3820	377.9680,-2.5135,-0.3820	378.0490,-2.5135,-0.3820	378.0490,-2.5045,-0.3820	377.9590,-2.5045,-0.3820	377.9590,-2.6295,-0.5920	377.9680,-2.6295,-0.5920	377.9680,-2.5135,-0.5920	378.0490,-2.5135,-0.5920	378.0490,-2.5045,-0.5920	377.9590,-2.5045,-0.5920
233	横桁取付部撤去-135	横桁取付部撤去						補剛材 L-125x90x9x210	撤去箇所(D) x 379.55 G1	撤去図(3)	V_側面_201_撤去_第15径間_1-60	DWG の図から（測量前）	横桁取付部撤去 (D) x 379.55 G1	ext_poly	6	379.5050,2.5045,-0.3920	379.5950,2.5045,-0.3920	379.5950,2.5135,-0.3920	379.5140,2.5135,-0.3920	379.5140,2.6295,-0.3920	379.5050,2.6295,-0.3920	379.5050,2.5045,-0.6020	379.5950,2.5045,-0.6020	379.5950,2.5135,-0.6020	379.5140,2.5135,-0.6020	379.5140,2.6295,-0.6020	379.5050,2.6295,-0.6020
234	横桁取付部撤去-136	横桁取付部撤去						補剛材 L-125x90x9x210	撤去箇所(D) x 379.55 G1	撤去図(3)	V_側面_201_撤去_第15径間_1-60	DWG の図から（測量前）	横桁取付部撤去 (D) x 379.55 G1	ext_poly	6	379.5050,2.3705,-0.3920	379.5140,2.3705,-0.3920	379.5140,2.4865,-0.3920	379.5950,2.4865,-0.3920	379.5950,2.4955,-0.3920	379.5050,2.4955,-0.3920	379.5050,2.3705,-0.6020	379.5140,2.3705,-0.6020	379.5140,2.4865,-0.6020	379.5950,2.4865,-0.6020	379.5950,2.4955,-0.6020	379.5050,2.4955,-0.6020
235	横桁取付部撤去-137	横桁取付部撤去						ガセット PL 425x9x500	撤去箇所(D) x 379.55 G1	撤去図(3)	V_側面_201_撤去_第15径間_1-60	DWG の図から（測量前）	横桁取付部撤去 (D) x 379.55 G1	ext_poly	5	379.5545,2.4600,-0.2150	379.5545,2.0350,-0.2150	379.5545,2.0350,-0.3150	379.5545,2.3600,-0.7150	379.5545,2.4600,-0.7150	379.5455,2.4600,-0.2150	379.5455,2.0350,-0.2150	379.5455,2.0350,-0.3150	379.5455,2.3600,-0.7150	379.5455,2.4600,-0.7150
236	横桁取付部撤去-138	横桁取付部撤去						取付山形鋼 L-90x90x10x325	撤去箇所(D) x 379.55 G1	撤去図(3)	V_側面_201_撤去_第15径間_1-60	DWG の図から（測量前）	横桁取付部撤去 (D) x 379.55 G1	ext_poly	6	379.5545,2.0350,-0.3050	379.5645,2.0350,-0.3050	379.5645,2.0350,-0.2250	379.6445,2.0350,-0.2250	379.6445,2.0350,-0.2150	379.5545,2.0350,-0.2150	379.5545,2.3600,-0.3050	379.5645,2.3600,-0.3050	379.5645,2.3600,-0.2250	379.6445,2.3600,-0.2250	379.6445,2.3600,-0.2150	379.5545,2.3600,-0.2150
237	横桁取付部撤去-139	横桁取付部撤去						取付山形鋼 L-90x90x10x325	撤去箇所(D) x 379.55 G1	撤去図(3)	V_側面_201_撤去_第15径間_1-60	DWG の図から（測量前）	横桁取付部撤去 (D) x 379.55 G1	ext_poly	6	379.5455,2.0350,-0.2150	379.4555,2.0350,-0.2150	379.4555,2.0350,-0.2250	379.5355,2.0350,-0.2250	379.5355,2.0350,-0.3050	379.5455,2.0350,-0.3050	379.5455,2.3600,-0.2150	379.4555,2.3600,-0.2150	379.4555,2.3600,-0.2250	379.5355,2.3600,-0.2250	379.5355,2.3600,-0.3050	379.5455,2.3600,-0.3050
238	横桁取付部撤去-140	横桁取付部撤去						補剛材 L-125x90x9x210	撤去箇所(D) x 379.55 G2	撤去図(3)	V_側面_201_撤去_第15径間_1-60	DWG の図から（測量前）	横桁取付部撤去 (D) x 379.55 G2	ext_poly	6	379.5050,-2.4955,-0.3920	379.5950,-2.4955,-0.3920	379.5950,-2.4865,-0.3920	379.5140,-2.4865,-0.3920	379.5140,-2.3705,-0.3920	379.5050,-2.3705,-0.3920	379.5050,-2.4955,-0.6020	379.5950,-2.4955,-0.6020	379.5950,-2.4865,-0.6020	379.5140,-2.4865,-0.6020	379.5140,-2.3705,-0.6020	379.5050,-2.3705,-0.6020
239	横桁取付部撤去-141	横桁取付部撤去						補剛材 L-125x90x9x210	撤去箇所(D) x 379.55 G2	撤去図(3)	V_側面_201_撤去_第15径間_1-60	DWG の図から（測量前）	横桁取付部撤去 (D) x 379.55 G2	ext_poly	6	379.5050,-2.6295,-0.3920	379.5140,-2.6295,-0.3920	379.5140,-2.5135,-0.3920	379.5950,-2.5135,-0.3920	379.5950,-2.5045,-0.3920	379.5050,-2.5045,-0.3920	379.5050,-2.6295,-0.6020	379.5140,-2.6295,-0.6020	379.5140,-2.5135,-0.6020	379.5950,-2.5135,-0.6020	379.5950,-2.5045,-0.6020	379.5050,-2.5045,-0.6020
240	横桁取付部撤去-142	横桁取付部撤去						ガセット PL 425x9x500	撤去箇所(D) x 379.55 G2	撤去図(3)	V_側面_201_撤去_第15径間_1-60	DWG の図から（測量前）	横桁取付部撤去 (D) x 379.55 G2	ext_poly	5	379.5545,-2.4600,-0.7150	379.5545,-2.3600,-0.7150	379.5545,-2.0350,-0.3150	379.5545,-2.0350,-0.2150	379.5545,-2.4600,-0.2150	379.5455,-2.4600,-0.7150	379.5455,-2.3600,-0.7150	379.5455,-2.0350,-0.3150	379.5455,-2.0350,-0.2150	379.5455,-2.4600,-0.2150
241	横桁取付部撤去-143	横桁取付部撤去						取付山形鋼 L-90x90x10x325	撤去箇所(D) x 379.55 G2	撤去図(3)	V_側面_201_撤去_第15径間_1-60	DWG の図から（測量前）	横桁取付部撤去 (D) x 379.55 G2	ext_poly	6	379.5545,-2.3600,-0.3050	379.5645,-2.3600,-0.3050	379.5645,-2.3600,-0.2250	379.6445,-2.3600,-0.2250	379.6445,-2.3600,-0.2150	379.5545,-2.3600,-0.2150	379.5545,-2.0350,-0.3050	379.5645,-2.0350,-0.3050	379.5645,-2.0350,-0.2250	379.6445,-2.0350,-0.2250	379.6445,-2.0350,-0.2150	379.5545,-2.0350,-0.2150
242	横桁取付部撤去-144	横桁取付部撤去						取付山形鋼 L-90x90x10x325	撤去箇所(D) x 379.55 G2	撤去図(3)	V_側面_201_撤去_第15径間_1-60	DWG の図から（測量前）	横桁取付部撤去 (D) x 379.55 G2	ext_poly	6	379.5455,-2.3600,-0.2150	379.4555,-2.3600,-0.2150	379.4555,-2.3600,-0.2250	379.5355,-2.3600,-0.2250	379.5355,-2.3600,-0.3050	379.5455,-2.3600,-0.3050	379.5455,-2.0350,-0.2150	379.4555,-2.0350,-0.2150	379.4555,-2.0350,-0.2250	379.5355,-2.0350,-0.2250	379.5355,-2.0350,-0.3050	379.5455,-2.0350,-0.3050
243	横桁取付部撤去-145	横桁取付部撤去						補剛材 L-125x90x9x210	撤去箇所(C) x 381.20 G1	撤去図(3)	V_側面_201_撤去_第15径間_1-60	DWG の図から（測量前）	横桁取付部撤去 (C) x 381.20 G1	ext_poly	6	381.1590,2.5045,-0.4026	381.2490,2.5045,-0.4026	381.2490,2.5135,-0.4026	381.1680,2.5135,-0.4026	381.1680,2.6295,-0.4026	381.1590,2.6295,-0.4026	381.1590,2.5045,-0.6126	381.2490,2.5045,-0.6126	381.2490,2.5135,-0.6126	381.1680,2.5135,-0.6126	381.1680,2.6295,-0.6126	381.1590,2.6295,-0.6126
244	横桁取付部撤去-146	横桁取付部撤去						補剛材 L-125x90x9x210	撤去箇所(C) x 381.20 G1	撤去図(3)	V_側面_201_撤去_第15径間_1-60	DWG の図から（測量前）	横桁取付部撤去 (C) x 381.20 G1	ext_poly	6	381.1590,2.3705,-0.4026	381.1680,2.3705,-0.4026	381.1680,2.4865,-0.4026	381.2490,2.4865,-0.4026	381.2490,2.4955,-0.4026	381.1590,2.4955,-0.4026	381.1590,2.3705,-0.6126	381.1680,2.3705,-0.6126	381.1680,2.4865,-0.6126	381.2490,2.4865,-0.6126	381.2490,2.4955,-0.6126	381.1590,2.4955,-0.6126
245	横桁取付部撤去-147	横桁取付部撤去						補剛材 L-125x90x9x210	撤去箇所(C) x 381.20 G2	撤去図(3)	V_側面_201_撤去_第15径間_1-60	DWG の図から（測量前）	横桁取付部撤去 (C) x 381.20 G2	ext_poly	6	381.1590,-2.4955,-0.4026	381.2490,-2.4955,-0.4026	381.2490,-2.4865,-0.4026	381.1680,-2.4865,-0.4026	381.1680,-2.3705,-0.4026	381.1590,-2.3705,-0.4026	381.1590,-2.4955,-0.6126	381.2490,-2.4955,-0.6126	381.2490,-2.4865,-0.6126	381.1680,-2.4865,-0.6126	381.1680,-2.3705,-0.6126	381.1590,-2.3705,-0.6126
246	横桁取付部撤去-148	横桁取付部撤去						補剛材 L-125x90x9x210	撤去箇所(C) x 381.20 G2	撤去図(3)	V_側面_201_撤去_第15径間_1-60	DWG の図から（測量前）	横桁取付部撤去 (C) x 381.20 G2	ext_poly	6	381.1590,-2.6295,-0.4026	381.1680,-2.6295,-0.4026	381.1680,-2.5135,-0.4026	381.2490,-2.5135,-0.4026	381.2490,-2.5045,-0.4026	381.1590,-2.5045,-0.4026	381.1590,-2.6295,-0.6126	381.1680,-2.6295,-0.6126	381.1680,-2.5135,-0.6126	381.2490,-2.5135,-0.6126	381.2490,-2.5045,-0.6126	381.1590,-2.5045,-0.6126
247	横桁取付部撤去-149	横桁取付部撤去						補剛材 L-125x90x9x210	撤去箇所(A) x 384.40 G1	撤去図(2)	V_側面_201_撤去_第15径間_1-60	DWG の図から（測量前）	横桁取付部撤去 (A) x 384.40 G1	ext_poly	6	384.3590,2.5060,-0.4232	384.4490,2.5060,-0.4232	384.4490,2.5150,-0.4232	384.3680,2.5150,-0.4232	384.3680,2.6310,-0.4232	384.3590,2.6310,-0.4232	384.3590,2.5060,-0.6332	384.4490,2.5060,-0.6332	384.4490,2.5150,-0.6332	384.3680,2.5150,-0.6332	384.3680,2.6310,-0.6332	384.3590,2.6310,-0.6332
248	横桁取付部撤去-150	横桁取付部撤去						補剛材 L-125x90x9x210	撤去箇所(A) x 384.40 G1	撤去図(2)	V_側面_201_撤去_第15径間_1-60	DWG の図から（測量前）	横桁取付部撤去 (A) x 384.40 G1	ext_poly	6	384.3590,2.3690,-0.4232	384.3680,2.3690,-0.4232	384.3680,2.4850,-0.4232	384.4490,2.4850,-0.4232	384.4490,2.4940,-0.4232	384.3590,2.4940,-0.4232	384.3590,2.3690,-0.6332	384.3680,2.3690,-0.6332	384.3680,2.4850,-0.6332	384.4490,2.4850,-0.6332	384.4490,2.4940,-0.6332	384.3590,2.4940,-0.6332
249	横桁取付部撤去-151	横桁取付部撤去						補剛材 L-125x90x9x210	撤去箇所(A) x 384.40 G2	撤去図(2)	V_側面_201_撤去_第15径間_1-60	DWG の図から（測量前）	横桁取付部撤去 (A) x 384.40 G2	ext_poly	6	384.3590,-2.4940,-0.4232	384.4490,-2.4940,-0.4232	384.4490,-2.4850,-0.4232	384.3680,-2.4850,-0.4232	384.3680,-2.3690,-0.4232	384.3590,-2.3690,-0.4232	384.3590,-2.4940,-0.6332	384.4490,-2.4940,-0.6332	384.4490,-2.4850,-0.6332	384.3680,-2.4850,-0.6332	384.3680,-2.3690,-0.6332	384.3590,-2.3690,-0.6332
250	横桁取付部撤去-152	横桁取付部撤去						補剛材 L-125x90x9x210	撤去箇所(A) x 384.40 G2	撤去図(2)	V_側面_201_撤去_第15径間_1-60	DWG の図から（測量前）	横桁取付部撤去 (A) x 384.40 G2	ext_poly	6	384.3590,-2.6310,-0.4232	384.3680,-2.6310,-0.4232	384.3680,-2.5150,-0.4232	384.4490,-2.5150,-0.4232	384.4490,-2.5060,-0.4232	384.3590,-2.5060,-0.4232	384.3590,-2.6310,-0.6332	384.3680,-2.6310,-0.6332	384.3680,-2.5150,-0.6332	384.4490,-2.5150,-0.6332	384.4490,-2.5060,-0.6332	384.3590,-2.5060,-0.6332
251	横桁取付部撤去-153	横桁取付部撤去						補剛材 L-125x90x9x210	撤去箇所(B) x 385.95 G1	撤去図(2)	V_側面_201_撤去_第15径間_1-60	DWG の図から（測量前）	横桁取付部撤去 (B) x 385.95 G1	ext_poly	6	385.9050,2.5060,-0.4331	385.9950,2.5060,-0.4331	385.9950,2.5150,-0.4331	385.9140,2.5150,-0.4331	385.9140,2.6310,-0.4331	385.9050,2.6310,-0.4331	385.9050,2.5060,-0.6431	385.9950,2.5060,-0.6431	385.9950,2.5150,-0.6431	385.9140,2.5150,-0.6431	385.9140,2.6310,-0.6431	385.9050,2.6310,-0.6431
252	横桁取付部撤去-154	横桁取付部撤去						補剛材 L-125x90x9x210	撤去箇所(B) x 385.95 G1	撤去図(2)	V_側面_201_撤去_第15径間_1-60	DWG の図から（測量前）	横桁取付部撤去 (B) x 385.95 G1	ext_poly	6	385.9050,2.3690,-0.4331	385.9140,2.3690,-0.4331	385.9140,2.4850,-0.4331	385.9950,2.4850,-0.4331	385.9950,2.4940,-0.4331	385.9050,2.4940,-0.4331	385.9050,2.3690,-0.6431	385.9140,2.3690,-0.6431	385.9140,2.4850,-0.6431	385.9950,2.4850,-0.6431	385.9950,2.4940,-0.6431	385.9050,2.4940,-0.6431
253	横桁取付部撤去-155	横桁取付部撤去						ガセット PL 425x9x500	撤去箇所(B) x 385.95 G1	撤去図(2)	V_側面_201_撤去_第15径間_1-60	DWG の図から（測量前）	横桁取付部撤去 (B) x 385.95 G1	ext_poly	5	385.9545,2.4600,-0.2561	385.9545,2.0350,-0.2561	385.9545,2.0350,-0.3561	385.9545,2.3600,-0.7561	385.9545,2.4600,-0.7561	385.9455,2.4600,-0.2561	385.9455,2.0350,-0.2561	385.9455,2.0350,-0.3561	385.9455,2.3600,-0.7561	385.9455,2.4600,-0.7561
254	横桁取付部撤去-156	横桁取付部撤去						取付山形鋼 L-90x90x10x325	撤去箇所(B) x 385.95 G1	撤去図(2)	V_側面_201_撤去_第15径間_1-60	DWG の図から（測量前）	横桁取付部撤去 (B) x 385.95 G1	ext_poly	6	385.9545,2.0350,-0.3461	385.9645,2.0350,-0.3461	385.9645,2.0350,-0.2661	386.0445,2.0350,-0.2661	386.0445,2.0350,-0.2561	385.9545,2.0350,-0.2561	385.9545,2.3600,-0.3461	385.9645,2.3600,-0.3461	385.9645,2.3600,-0.2661	386.0445,2.3600,-0.2661	386.0445,2.3600,-0.2561	385.9545,2.3600,-0.2561
255	横桁取付部撤去-157	横桁取付部撤去						取付山形鋼 L-90x90x10x325	撤去箇所(B) x 385.95 G1	撤去図(2)	V_側面_201_撤去_第15径間_1-60	DWG の図から（測量前）	横桁取付部撤去 (B) x 385.95 G1	ext_poly	6	385.9455,2.0350,-0.2561	385.8555,2.0350,-0.2561	385.8555,2.0350,-0.2661	385.9355,2.0350,-0.2661	385.9355,2.0350,-0.3461	385.9455,2.0350,-0.3461	385.9455,2.3600,-0.2561	385.8555,2.3600,-0.2561	385.8555,2.3600,-0.2661	385.9355,2.3600,-0.2661	385.9355,2.3600,-0.3461	385.9455,2.3600,-0.3461
256	横桁取付部撤去-158	横桁取付部撤去						補剛材 L-125x90x9x210	撤去箇所(B) x 385.95 G2	撤去図(2)	V_側面_201_撤去_第15径間_1-60	DWG の図から（測量前）	横桁取付部撤去 (B) x 385.95 G2	ext_poly	6	385.9050,-2.4940,-0.4331	385.9950,-2.4940,-0.4331	385.9950,-2.4850,-0.4331	385.9140,-2.4850,-0.4331	385.9140,-2.3690,-0.4331	385.9050,-2.3690,-0.4331	385.9050,-2.4940,-0.6431	385.9950,-2.4940,-0.6431	385.9950,-2.4850,-0.6431	385.9140,-2.4850,-0.6431	385.9140,-2.3690,-0.6431	385.9050,-2.3690,-0.6431
257	横桁取付部撤去-159	横桁取付部撤去						補剛材 L-125x90x9x210	撤去箇所(B) x 385.95 G2	撤去図(2)	V_側面_201_撤去_第15径間_1-60	DWG の図から（測量前）	横桁取付部撤去 (B) x 385.95 G2	ext_poly	6	385.9050,-2.6310,-0.4331	385.9140,-2.6310,-0.4331	385.9140,-2.5150,-0.4331	385.9950,-2.5150,-0.4331	385.9950,-2.5060,-0.4331	385.9050,-2.5060,-0.4331	385.9050,-2.6310,-0.6431	385.9140,-2.6310,-0.6431	385.9140,-2.5150,-0.6431	385.9950,-2.5150,-0.6431	385.9950,-2.5060,-0.6431	385.9050,-2.5060,-0.6431
258	横桁取付部撤去-160	横桁取付部撤去						ガセット PL 425x9x500	撤去箇所(B) x 385.95 G2	撤去図(2)	V_側面_201_撤去_第15径間_1-60	DWG の図から（測量前）	横桁取付部撤去 (B) x 385.95 G2	ext_poly	5	385.9545,-2.4600,-0.7561	385.9545,-2.3600,-0.7561	385.9545,-2.0350,-0.3561	385.9545,-2.0350,-0.2561	385.9545,-2.4600,-0.2561	385.9455,-2.4600,-0.7561	385.9455,-2.3600,-0.7561	385.9455,-2.0350,-0.3561	385.9455,-2.0350,-0.2561	385.9455,-2.4600,-0.2561
259	横桁取付部撤去-161	横桁取付部撤去						取付山形鋼 L-90x90x10x325	撤去箇所(B) x 385.95 G2	撤去図(2)	V_側面_201_撤去_第15径間_1-60	DWG の図から（測量前）	横桁取付部撤去 (B) x 385.95 G2	ext_poly	6	385.9545,-2.3600,-0.3461	385.9645,-2.3600,-0.3461	385.9645,-2.3600,-0.2661	386.0445,-2.3600,-0.2661	386.0445,-2.3600,-0.2561	385.9545,-2.3600,-0.2561	385.9545,-2.0350,-0.3461	385.9645,-2.0350,-0.3461	385.9645,-2.0350,-0.2661	386.0445,-2.0350,-0.2661	386.0445,-2.0350,-0.2561	385.9545,-2.0350,-0.2561
260	横桁取付部撤去-162	横桁取付部撤去						取付山形鋼 L-90x90x10x325	撤去箇所(B) x 385.95 G2	撤去図(2)	V_側面_201_撤去_第15径間_1-60	DWG の図から（測量前）	横桁取付部撤去 (B) x 385.95 G2	ext_poly	6	385.9455,-2.3600,-0.2561	385.8555,-2.3600,-0.2561	385.8555,-2.3600,-0.2661	385.9355,-2.3600,-0.2661	385.9355,-2.3600,-0.3461	385.9455,-2.3600,-0.3461	385.9455,-2.0350,-0.2561	385.8555,-2.0350,-0.2561	385.8555,-2.0350,-0.2661	385.9355,-2.0350,-0.2661	385.9355,-2.0350,-0.3461	385.9455,-2.0350,-0.3461
261	仮設主桁部材補強-001	仮設主桁部材補強						FB 280x22x1690	x 376.35 G1	仮設図	V_側面_101_仮設_第15径間_1-60	DWG の図から（測量前）	仮設主桁部材補強(A) x 376.35 G1	ext_poly	4	377.1950,2.3600,-0.7894	377.1950,2.6400,-0.7894	377.1950,2.6400,-0.7674	377.1950,2.3600,-0.7674	375.5050,2.3600,-0.7894	375.5050,2.6400,-0.7894	375.5050,2.6400,-0.7674	375.5050,2.3600,-0.7674
262	仮設主桁部材補強-002	仮設主桁部材補強						FB 300x36x365	x 376.35 G1	仮設図	V_側面_101_仮設_第15径間_1-60	DWG の図から（測量前）	仮設主桁部材補強(A) x 376.35 G1	ext_poly	4	375.8600,2.3500,-0.7674	375.8600,2.6500,-0.7674	375.8600,2.6500,-0.7314	375.8600,2.3500,-0.7314	375.4950,2.3500,-0.7674	375.4950,2.6500,-0.7674	375.4950,2.6500,-0.7314	375.4950,2.3500,-0.7314
263	仮設主桁部材補強-003	仮設主桁部材補強						FB 300x36x365	x 376.35 G1	仮設図	V_側面_101_仮設_第15径間_1-60	DWG の図から（測量前）	仮設主桁部材補強(A) x 376.35 G1	ext_poly	4	377.2050,2.3500,-0.7674	377.2050,2.6500,-0.7674	377.2050,2.6500,-0.7314	377.2050,2.3500,-0.7314	376.8400,2.3500,-0.7674	376.8400,2.6500,-0.7674	376.8400,2.6500,-0.7314	376.8400,2.3500,-0.7314
264	仮設主桁部材補強-004	仮設主桁部材補強						FB 90x22x1690	x 376.35 G1	仮設図	V_側面_101_仮設_第15径間_1-60	DWG の図から（測量前）	仮設主桁部材補強(A) x 376.35 G1	ext_poly	4	377.1950,2.3700,-0.6834	377.1950,2.4600,-0.6834	377.1950,2.4600,-0.6614	377.1950,2.3700,-0.6614	375.5050,2.3700,-0.6834	375.5050,2.4600,-0.6834	375.5050,2.4600,-0.6614	375.5050,2.3700,-0.6614
265	仮設主桁部材補強-005	仮設主桁部材補強						FB 100x36x365	x 376.35 G1	仮設図	V_側面_101_仮設_第15径間_1-60	DWG の図から（測量前）	仮設主桁部材補強(A) x 376.35 G1	ext_poly	4	375.8600,2.3700,-0.7194	375.8600,2.4700,-0.7194	375.8600,2.4700,-0.6834	375.8600,2.3700,-0.6834	375.4950,2.3700,-0.7194	375.4950,2.4700,-0.7194	375.4950,2.4700,-0.6834	375.4950,2.3700,-0.6834
266	仮設主桁部材補強-006	仮設主桁部材補強						FB 100x36x365	x 376.35 G1	仮設図	V_側面_101_仮設_第15径間_1-60	DWG の図から（測量前）	仮設主桁部材補強(A) x 376.35 G1	ext_poly	4	377.2050,2.3700,-0.7194	377.2050,2.4700,-0.7194	377.2050,2.4700,-0.6834	377.2050,2.3700,-0.6834	376.8400,2.3700,-0.7194	376.8400,2.4700,-0.7194	376.8400,2.4700,-0.6834	376.8400,2.3700,-0.6834
267	仮設主桁部材補強-007	仮設主桁部材補強						FB 90x22x1690	x 376.35 G1	仮設図	V_側面_101_仮設_第15径間_1-60	DWG の図から（測量前）	仮設主桁部材補強(A) x 376.35 G1	ext_poly	4	377.1950,2.5400,-0.6834	377.1950,2.6300,-0.6834	377.1950,2.6300,-0.6614	377.1950,2.5400,-0.6614	375.5050,2.5400,-0.6834	375.5050,2.6300,-0.6834	375.5050,2.6300,-0.6614	375.5050,2.5400,-0.6614
268	仮設主桁部材補強-008	仮設主桁部材補強						FB 100x36x365	x 376.35 G1	仮設図	V_側面_101_仮設_第15径間_1-60	DWG の図から（測量前）	仮設主桁部材補強(A) x 376.35 G1	ext_poly	4	375.8600,2.5300,-0.7194	375.8600,2.6300,-0.7194	375.8600,2.6300,-0.6834	375.8600,2.5300,-0.6834	375.4950,2.5300,-0.7194	375.4950,2.6300,-0.7194	375.4950,2.6300,-0.6834	375.4950,2.5300,-0.6834
269	仮設主桁部材補強-009	仮設主桁部材補強						FB 100x36x365	x 376.35 G1	仮設図	V_側面_101_仮設_第15径間_1-60	DWG の図から（測量前）	仮設主桁部材補強(A) x 376.35 G1	ext_poly	4	377.2050,2.5300,-0.7194	377.2050,2.6300,-0.7194	377.2050,2.6300,-0.6834	377.2050,2.5300,-0.6834	376.8400,2.5300,-0.7194	376.8400,2.6300,-0.7194	376.8400,2.6300,-0.6834	376.8400,2.5300,-0.6834
270	仮設主桁部材補強-010	仮設主桁部材補強						FB 280x22x1690	x 376.35 G2	仮設図	V_側面_101_仮設_第15径間_1-60	DWG の図から（測量前）	仮設主桁部材補強(A) x 376.35 G2	ext_poly	4	377.1950,-2.6400,-0.7894	377.1950,-2.3600,-0.7894	377.1950,-2.3600,-0.7674	377.1950,-2.6400,-0.7674	375.5050,-2.6400,-0.7894	375.5050,-2.3600,-0.7894	375.5050,-2.3600,-0.7674	375.5050,-2.6400,-0.7674
271	仮設主桁部材補強-011	仮設主桁部材補強						FB 300x36x365	x 376.35 G2	仮設図	V_側面_101_仮設_第15径間_1-60	DWG の図から（測量前）	仮設主桁部材補強(A) x 376.35 G2	ext_poly	4	375.8600,-2.6500,-0.7674	375.8600,-2.3500,-0.7674	375.8600,-2.3500,-0.7314	375.8600,-2.6500,-0.7314	375.4950,-2.6500,-0.7674	375.4950,-2.3500,-0.7674	375.4950,-2.3500,-0.7314	375.4950,-2.6500,-0.7314
272	仮設主桁部材補強-012	仮設主桁部材補強						FB 300x36x365	x 376.35 G2	仮設図	V_側面_101_仮設_第15径間_1-60	DWG の図から（測量前）	仮設主桁部材補強(A) x 376.35 G2	ext_poly	4	377.2050,-2.6500,-0.7674	377.2050,-2.3500,-0.7674	377.2050,-2.3500,-0.7314	377.2050,-2.6500,-0.7314	376.8400,-2.6500,-0.7674	376.8400,-2.3500,-0.7674	376.8400,-2.3500,-0.7314	376.8400,-2.6500,-0.7314
273	仮設主桁部材補強-013	仮設主桁部材補強						FB 90x22x1690	x 376.35 G2	仮設図	V_側面_101_仮設_第15径間_1-60	DWG の図から（測量前）	仮設主桁部材補強(A) x 376.35 G2	ext_poly	4	377.1950,-2.6300,-0.6834	377.1950,-2.5400,-0.6834	377.1950,-2.5400,-0.6614	377.1950,-2.6300,-0.6614	375.5050,-2.6300,-0.6834	375.5050,-2.5400,-0.6834	375.5050,-2.5400,-0.6614	375.5050,-2.6300,-0.6614
274	仮設主桁部材補強-014	仮設主桁部材補強						FB 100x36x365	x 376.35 G2	仮設図	V_側面_101_仮設_第15径間_1-60	DWG の図から（測量前）	仮設主桁部材補強(A) x 376.35 G2	ext_poly	4	375.8600,-2.6300,-0.7194	375.8600,-2.5300,-0.7194	375.8600,-2.5300,-0.6834	375.8600,-2.6300,-0.6834	375.4950,-2.6300,-0.7194	375.4950,-2.5300,-0.7194	375.4950,-2.5300,-0.6834	375.4950,-2.6300,-0.6834
275	仮設主桁部材補強-015	仮設主桁部材補強						FB 100x36x365	x 376.35 G2	仮設図	V_側面_101_仮設_第15径間_1-60	DWG の図から（測量前）	仮設主桁部材補強(A) x 376.35 G2	ext_poly	4	377.2050,-2.6300,-0.7194	377.2050,-2.5300,-0.7194	377.2050,-2.5300,-0.6834	377.2050,-2.6300,-0.6834	376.8400,-2.6300,-0.7194	376.8400,-2.5300,-0.7194	376.8400,-2.5300,-0.6834	376.8400,-2.6300,-0.6834
276	仮設主桁部材補強-016	仮設主桁部材補強						FB 90x22x1690	x 376.35 G2	仮設図	V_側面_101_仮設_第15径間_1-60	DWG の図から（測量前）	仮設主桁部材補強(A) x 376.35 G2	ext_poly	4	377.1950,-2.4600,-0.6834	377.1950,-2.3700,-0.6834	377.1950,-2.3700,-0.6614	377.1950,-2.4600,-0.6614	375.5050,-2.4600,-0.6834	375.5050,-2.3700,-0.6834	375.5050,-2.3700,-0.6614	375.5050,-2.4600,-0.6614
277	仮設主桁部材補強-017	仮設主桁部材補強						FB 100x36x365	x 376.35 G2	仮設図	V_側面_101_仮設_第15径間_1-60	DWG の図から（測量前）	仮設主桁部材補強(A) x 376.35 G2	ext_poly	4	375.8600,-2.4700,-0.7194	375.8600,-2.3700,-0.7194	375.8600,-2.3700,-0.6834	375.8600,-2.4700,-0.6834	375.4950,-2.4700,-0.7194	375.4950,-2.3700,-0.7194	375.4950,-2.3700,-0.6834	375.4950,-2.4700,-0.6834
278	仮設主桁部材補強-018	仮設主桁部材補強						FB 100x36x365	x 376.35 G2	仮設図	V_側面_101_仮設_第15径間_1-60	DWG の図から（測量前）	仮設主桁部材補強(A) x 376.35 G2	ext_poly	4	377.2050,-2.4700,-0.7194	377.2050,-2.3700,-0.7194	377.2050,-2.3700,-0.6834	377.2050,-2.4700,-0.6834	376.8400,-2.4700,-0.7194	376.8400,-2.3700,-0.7194	376.8400,-2.3700,-0.6834	376.8400,-2.4700,-0.6834
279	横桁部材取替-001	横桁部材取替						L-90x90x10x840	C15 x 113.95 G1 の端 終点側	補修図(6)		DWG の図から（測量前）	横桁部材取替 C15	ext_poly	6	113.9545,1.4985,0.0241	113.9645,1.4985,0.0241	113.9645,1.4985,0.1041	114.0445,1.4985,0.1041	114.0445,1.4985,0.1141	113.9545,1.4985,0.1141	113.9545,2.3385,0.0241	113.9645,2.3385,0.0241	113.9645,2.3385,0.1041	114.0445,2.3385,0.1041	114.0445,2.3385,0.1141	113.9545,2.3385,0.1141
280	横桁部材撤去-001	横桁部材撤去						L-90x90x10x840	C15 x 113.95 G1 の端 終点側	撤去図(5)		DWG の図から（測量前）	横桁部材撤去 C15	ext_poly	6	113.9545,1.4985,0.0241	113.9645,1.4985,0.0241	113.9645,1.4985,0.1041	114.0445,1.4985,0.1041	114.0445,1.4985,0.1141	113.9545,1.4985,0.1141	113.9545,2.3385,0.0241	113.9645,2.3385,0.0241	113.9645,2.3385,0.1041	114.0445,2.3385,0.1041	114.0445,2.3385,0.1141	113.9545,2.3385,0.1141
281	横桁部材取替-002	横桁部材取替						L-90x90x10x840	C20 x 127.38 G1 の端 終点側	補修図(6)		DWG の図から（測量前）	横桁部材取替 C20	ext_poly	6	127.3795,1.4985,0.1101	127.3895,1.4985,0.1101	127.3895,1.4985,0.1901	127.4695,1.4985,0.1901	127.4695,1.4985,0.2001	127.3795,1.4985,0.2001	127.3795,2.3385,0.1101	127.3895,2.3385,0.1101	127.3895,2.3385,0.1901	127.4695,2.3385,0.1901	127.4695,2.3385,0.2001	127.3795,2.3385,0.2001
282	横桁部材撤去-002	横桁部材撤去						L-90x90x10x840	C20 x 127.38 G1 の端 終点側	撤去図(5)		DWG の図から（測量前）	横桁部材撤去 C20	ext_poly	6	127.3795,1.4985,0.1101	127.3895,1.4985,0.1101	127.3895,1.4985,0.1901	127.4695,1.4985,0.1901	127.4695,1.4985,0.2001	127.3795,1.4985,0.2001	127.3795,2.3385,0.1101	127.3895,2.3385,0.1101	127.3895,2.3385,0.1901	127.4695,2.3385,0.1901	127.4695,2.3385,0.2001	127.3795,2.3385,0.2001
283	横桁下弦材取替-001	横桁下弦材取替						2-Ls 125x90x9x4690	P6 支点部横桁 終点側	補修図(7)		DWG の図から（測量前）	横桁下弦材取替 P6	ext_poly	6	104.3545,-2.3450,-1.8944	104.4795,-2.3450,-1.8944	104.4795,-2.3450,-1.8854	104.3635,-2.3450,-1.8854	104.3635,-2.3450,-1.8044	104.3545,-2.3450,-1.8044	104.3545,2.3450,-1.8944	104.4795,2.3450,-1.8944	104.4795,2.3450,-1.8854	104.3635,2.3450,-1.8854	104.3635,2.3450,-1.8044	104.3545,2.3450,-1.8044
284	横桁下弦材取替-002	横桁下弦材取替						2-Ls 125x90x9x4690	P6 支点部横桁 起点側	補修図(7)		DWG の図から（測量前）	横桁下弦材取替 P6	ext_poly	6	104.3455,-2.3450,-1.8044	104.3365,-2.3450,-1.8044	104.3365,-2.3450,-1.8854	104.2205,-2.3450,-1.8854	104.2205,-2.3450,-1.8944	104.3455,-2.3450,-1.8944	104.3455,2.3450,-1.8044	104.3365,2.3450,-1.8044	104.3365,2.3450,-1.8854	104.2205,2.3450,-1.8854	104.2205,2.3450,-1.8944	104.3455,2.3450,-1.8944
285	横桁下弦材撤去-001	横桁下弦材撤去						2-Ls 125x90x9x4690	P6 支点部横桁 終点側	撤去図(6)		DWG の図から（測量前）	横桁下弦材撤去 P6	ext_poly	6	104.3545,-2.3450,-1.8944	104.4795,-2.3450,-1.8944	104.4795,-2.3450,-1.8854	104.3635,-2.3450,-1.8854	104.3635,-2.3450,-1.8044	104.3545,-2.3450,-1.8044	104.3545,2.3450,-1.8944	104.4795,2.3450,-1.8944	104.4795,2.3450,-1.8854	104.3635,2.3450,-1.8854	104.3635,2.3450,-1.8044	104.3545,2.3450,-1.8044
286	横桁下弦材撤去-002	横桁下弦材撤去						2-Ls 125x90x9x4690	P6 支点部横桁 起点側	撤去図(6)		DWG の図から（測量前）	横桁下弦材撤去 P6	ext_poly	6	104.3455,-2.3450,-1.8044	104.3365,-2.3450,-1.8044	104.3365,-2.3450,-1.8854	104.2205,-2.3450,-1.8854	104.2205,-2.3450,-1.8944	104.3455,-2.3450,-1.8944	104.3455,2.3450,-1.8044	104.3365,2.3450,-1.8044	104.3365,2.3450,-1.8854	104.2205,2.3450,-1.8854	104.2205,2.3450,-1.8944	104.3455,2.3450,-1.8944
287	横桁下弦材取替-003	横桁下弦材取替						2-Ls 125x90x9x4690	P7 支点部横桁 終点側	補修図(7)		DWG の図から（測量前）	横桁下弦材取替 P7	ext_poly	6	136.3545,-2.3450,-1.6894	136.4795,-2.3450,-1.6894	136.4795,-2.3450,-1.6804	136.3635,-2.3450,-1.6804	136.3635,-2.3450,-1.5994	136.3545,-2.3450,-1.5994	136.3545,2.3450,-1.6894	136.4795,2.3450,-1.6894	136.4795,2.3450,-1.6804	136.3635,2.3450,-1.6804	136.3635,2.3450,-1.5994	136.3545,2.3450,-1.5994
288	横桁下弦材取替-004	横桁下弦材取替						2-Ls 125x90x9x4690	P7 支点部横桁 起点側	補修図(7)		DWG の図から（測量前）	横桁下弦材取替 P7	ext_poly	6	136.3455,-2.3450,-1.5994	136.3365,-2.3450,-1.5994	136.3365,-2.3450,-1.6804	136.2205,-2.3450,-1.6804	136.2205,-2.3450,-1.6894	136.3455,-2.3450,-1.6894	136.3455,2.3450,-1.5994	136.3365,2.3450,-1.5994	136.3365,2.3450,-1.6804	136.2205,2.3450,-1.6804	136.2205,2.3450,-1.6894	136.3455,2.3450,-1.6894
289	横桁下弦材撤去-003	横桁下弦材撤去						2-Ls 125x90x9x4690	P7 支点部横桁 終点側	撤去図(6)		DWG の図から（測量前）	横桁下弦材撤去 P7	ext_poly	6	136.3545,-2.3450,-1.6894	136.4795,-2.3450,-1.6894	136.4795,-2.3450,-1.6804	136.3635,-2.3450,-1.6804	136.3635,-2.3450,-1.5994	136.3545,-2.3450,-1.5994	136.3545,2.3450,-1.6894	136.4795,2.3450,-1.6894	136.4795,2.3450,-1.6804	136.3635,2.3450,-1.6804	136.3635,2.3450,-1.5994	136.3545,2.3450,-1.5994
290	横桁下弦材撤去-004	横桁下弦材撤去						2-Ls 125x90x9x4690	P7 支点部横桁 起点側	撤去図(6)		DWG の図から（測量前）	横桁下弦材撤去 P7	ext_poly	6	136.3455,-2.3450,-1.5994	136.3365,-2.3450,-1.5994	136.3365,-2.3450,-1.6804	136.2205,-2.3450,-1.6804	136.2205,-2.3450,-1.6894	136.3455,-2.3450,-1.6894	136.3455,2.3450,-1.5994	136.3365,2.3450,-1.5994	136.3365,2.3450,-1.6804	136.2205,2.3450,-1.6804	136.2205,2.3450,-1.6894	136.3455,2.3450,-1.6894
291	横桁当て板補修-001	横桁当て板補修						当て板 FB 180x12x3955	第15径間中央 x 376.35	補修図(9)		DWG の図から（測量前）	横桁当て板補修 x 376.35	ext_poly	4	376.4400,-1.9775,-0.2064	376.4400,1.9775,-0.2064	376.4400,1.9775,-0.1944	376.4400,-1.9775,-0.1944	376.2600,-1.9775,-0.2064	376.2600,1.9775,-0.2064	376.2600,1.9775,-0.1944	376.2600,-1.9775,-0.1944
292	桁間連結装置取替-001	桁間連結装置取替						連結板 PL 320x22x650	x 369.65 G1	補修図(8)		DWG の図から（測量前）	桁間連結装置取替 x 369.65 G1	ext_poly	4	370.0000,2.3400,-0.7126	370.0000,2.6600,-0.7126	370.0000,2.6600,-0.6906	370.0000,2.3400,-0.6906	369.3500,2.3400,-0.7126	369.3500,2.6600,-0.7126	369.3500,2.6600,-0.6906	369.3500,2.3400,-0.6906
293	桁間連結装置取替-002	桁間連結装置取替						フィラー PL 320x2.3x275	x 369.65 G1	補修図(8)		DWG の図から（測量前）	桁間連結装置取替 x 369.65 G1	ext_poly	4	369.6250,2.3400,-0.6906	369.6250,2.6600,-0.6906	369.6250,2.6600,-0.6883	369.6250,2.3400,-0.6883	369.3500,2.3400,-0.6906	369.3500,2.6600,-0.6906	369.3500,2.6600,-0.6883	369.3500,2.3400,-0.6883
294	桁間連結装置取替-003	桁間連結装置取替						連結板 PL 320x22x650	x 369.65 G2	補修図(8)		DWG の図から（測量前）	桁間連結装置取替 x 369.65 G2	ext_poly	4	370.0000,-2.6600,-0.7126	370.0000,-2.3400,-0.7126	370.0000,-2.3400,-0.6906	370.0000,-2.6600,-0.6906	369.3500,-2.6600,-0.7126	369.3500,-2.3400,-0.7126	369.3500,-2.3400,-0.6906	369.3500,-2.6600,-0.6906
295	桁間連結装置取替-004	桁間連結装置取替						フィラー PL 320x2.3x275	x 369.65 G2	補修図(8)		DWG の図から（測量前）	桁間連結装置取替 x 369.65 G2	ext_poly	4	369.6250,-2.6600,-0.6906	369.6250,-2.3400,-0.6906	369.6250,-2.3400,-0.6883	369.6250,-2.6600,-0.6883	369.3500,-2.6600,-0.6906	369.3500,-2.3400,-0.6906	369.3500,-2.3400,-0.6883	369.3500,-2.6600,-0.6883
296	桁間連結装置撤去-001	桁間連結装置撤去						連結板 PL 320x22x650	x 369.65 G1	撤去図(7)		DWG の図から（測量前）	桁間連結装置撤去 x 369.65 G1	ext_poly	4	370.0000,2.3400,-0.7126	370.0000,2.6600,-0.7126	370.0000,2.6600,-0.6906	370.0000,2.3400,-0.6906	369.3500,2.3400,-0.7126	369.3500,2.6600,-0.7126	369.3500,2.6600,-0.6906	369.3500,2.3400,-0.6906
297	桁間連結装置撤去-002	桁間連結装置撤去						フィラー PL 320x2.3x275	x 369.65 G1	撤去図(7)		DWG の図から（測量前）	桁間連結装置撤去 x 369.65 G1	ext_poly	4	369.6250,2.3400,-0.6906	369.6250,2.6600,-0.6906	369.6250,2.6600,-0.6883	369.6250,2.3400,-0.6883	369.3500,2.3400,-0.6906	369.3500,2.6600,-0.6906	369.3500,2.6600,-0.6883	369.3500,2.3400,-0.6883
298	桁間連結装置撤去-003	桁間連結装置撤去						連結板 PL 320x22x650	x 369.65 G2	撤去図(7)		DWG の図から（測量前）	桁間連結装置撤去 x 369.65 G2	ext_poly	4	370.0000,-2.6600,-0.7126	370.0000,-2.3400,-0.7126	370.0000,-2.3400,-0.6906	370.0000,-2.6600,-0.6906	369.3500,-2.6600,-0.7126	369.3500,-2.3400,-0.7126	369.3500,-2.3400,-0.6906	369.3500,-2.6600,-0.6906
299	桁間連結装置撤去-004	桁間連結装置撤去						フィラー PL 320x2.3x275	x 369.65 G2	撤去図(7)		DWG の図から（測量前）	桁間連結装置撤去 x 369.65 G2	ext_poly	4	369.6250,-2.6600,-0.6906	369.6250,-2.3400,-0.6906	369.6250,-2.3400,-0.6883	369.6250,-2.6600,-0.6883	369.3500,-2.6600,-0.6906	369.3500,-2.3400,-0.6906	369.3500,-2.3400,-0.6883	369.3500,-2.6600,-0.6883
300	落橋防止装置取替-001	落橋防止装置取替						ブラケット	x 369.65 起点側（可動） 定着桁側 G1	補修図(10)	V_断面_012_落橋防止装置_掛け違い_1-20	DWG の図から（測量前）	落橋防止装置取替 x 369.65 G1	ext_poly	4	368.5234,2.5060,0.0067	368.5234,2.8920,0.0067	368.5234,2.8920,0.6367	368.5234,2.5060,0.6367	367.6085,2.5060,0.0067	367.6085,2.8920,0.0067	367.6085,2.8920,0.6367	367.6085,2.5060,0.6367
301	落橋防止装置取替-002	落橋防止装置取替						ブラケット	x 369.65 起点側（可動） 吊桁側 G1	補修図(10)	V_断面_012_落橋防止装置_掛け違い_1-20	DWG の図から（測量前）	落橋防止装置取替 x 369.65 G1	ext_poly	4	371.4420,2.5060,0.0067	371.4420,2.8920,0.0067	371.4420,2.8920,0.6367	371.4420,2.5060,0.6367	370.5050,2.5060,0.0067	370.5050,2.8920,0.0067	370.5050,2.8920,0.6367	370.5050,2.5060,0.6367
302	落橋防止装置取替-003	落橋防止装置取替						落橋防止装置 F40TD L=3658	x 369.65 起点側（可動） G1	補修図(10)	V_断面_012_落橋防止装置_掛け違い_1-20	DWG の図から（測量前）	落橋防止装置取替 x 369.65 G1	ext_poly	12	371.3487,2.7200,0.3217	371.3487,2.7173,0.3317	371.3487,2.7100,0.3390	371.3487,2.7000,0.3417	371.3487,2.6900,0.3390	371.3487,2.6827,0.3317	371.3487,2.6800,0.3217	371.3487,2.6827,0.3117	371.3487,2.6900,0.3044	371.3487,2.7000,0.3017	371.3487,2.7100,0.3044	371.3487,2.7173,0.3117	367.6907,2.7200,0.3217	367.6907,2.7173,0.3317	367.6907,2.7100,0.3390	367.6907,2.7000,0.3417	367.6907,2.6900,0.3390	367.6907,2.6827,0.3317	367.6907,2.6800,0.3217	367.6907,2.6827,0.3117	367.6907,2.6900,0.3044	367.6907,2.7000,0.3017	367.6907,2.7100,0.3044	367.6907,2.7173,0.3117
303	落橋防止装置撤去-001	落橋防止装置撤去						既設ブラケット	x 369.65 起点側（可動） 定着桁側 G1	撤去図(8)		DWG の図から（測量前）	落橋防止装置撤去 x 369.65 G1	ext_poly	4	368.7840,2.5200,-0.3703	368.7840,2.7800,-0.3703	368.7840,2.7800,-0.0303	368.7840,2.5200,-0.0303	368.6910,2.5200,-0.3703	368.6910,2.7800,-0.3703	368.6910,2.7800,-0.0303	368.6910,2.5200,-0.0303
304	落橋防止装置撤去-002	落橋防止装置撤去						既設ブラケット	x 369.65 起点側（可動） 吊桁側 G1	撤去図(8)		DWG の図から（測量前）	落橋防止装置撤去 x 369.65 G1	ext_poly	4	370.7760,2.5200,-0.3703	370.7760,2.7800,-0.3703	370.7760,2.7800,-0.0303	370.7760,2.5200,-0.0303	370.4390,2.5200,-0.3703	370.4390,2.7800,-0.3703	370.4390,2.7800,-0.0303	370.4390,2.5200,-0.0303
305	落橋防止装置取替-004	落橋防止装置取替						ブラケット	x 369.65 起点側（可動） 定着桁側 G2	補修図(10)	V_断面_012_落橋防止装置_掛け違い_1-20	DWG の図から（測量前）	落橋防止装置取替 x 369.65 G2	ext_poly	4	368.5234,-2.8920,0.0067	368.5234,-2.5060,0.0067	368.5234,-2.5060,0.6367	368.5234,-2.8920,0.6367	367.6085,-2.8920,0.0067	367.6085,-2.5060,0.0067	367.6085,-2.5060,0.6367	367.6085,-2.8920,0.6367
306	落橋防止装置取替-005	落橋防止装置取替						ブラケット	x 369.65 起点側（可動） 吊桁側 G2	補修図(10)	V_断面_012_落橋防止装置_掛け違い_1-20	DWG の図から（測量前）	落橋防止装置取替 x 369.65 G2	ext_poly	4	371.4420,-2.8920,0.0067	371.4420,-2.5060,0.0067	371.4420,-2.5060,0.6367	371.4420,-2.8920,0.6367	370.5050,-2.8920,0.0067	370.5050,-2.5060,0.0067	370.5050,-2.5060,0.6367	370.5050,-2.8920,0.6367
307	落橋防止装置取替-006	落橋防止装置取替						落橋防止装置 F40TD L=3658	x 369.65 起点側（可動） G2	補修図(10)	V_断面_012_落橋防止装置_掛け違い_1-20	DWG の図から（測量前）	落橋防止装置取替 x 369.65 G2	ext_poly	12	371.3487,-2.6800,0.3217	371.3487,-2.6827,0.3317	371.3487,-2.6900,0.3390	371.3487,-2.7000,0.3417	371.3487,-2.7100,0.3390	371.3487,-2.7173,0.3317	371.3487,-2.7200,0.3217	371.3487,-2.7173,0.3117	371.3487,-2.7100,0.3044	371.3487,-2.7000,0.3017	371.3487,-2.6900,0.3044	371.3487,-2.6827,0.3117	367.6907,-2.6800,0.3217	367.6907,-2.6827,0.3317	367.6907,-2.6900,0.3390	367.6907,-2.7000,0.3417	367.6907,-2.7100,0.3390	367.6907,-2.7173,0.3317	367.6907,-2.7200,0.3217	367.6907,-2.7173,0.3117	367.6907,-2.7100,0.3044	367.6907,-2.7000,0.3017	367.6907,-2.6900,0.3044	367.6907,-2.6827,0.3117
308	落橋防止装置撤去-003	落橋防止装置撤去						既設ブラケット	x 369.65 起点側（可動） 定着桁側 G2	撤去図(8)		DWG の図から（測量前）	落橋防止装置撤去 x 369.65 G2	ext_poly	4	368.7840,-2.7800,-0.3703	368.7840,-2.5200,-0.3703	368.7840,-2.5200,-0.0303	368.7840,-2.7800,-0.0303	368.6910,-2.7800,-0.3703	368.6910,-2.5200,-0.3703	368.6910,-2.5200,-0.0303	368.6910,-2.7800,-0.0303
309	落橋防止装置撤去-004	落橋防止装置撤去						既設ブラケット	x 369.65 起点側（可動） 吊桁側 G2	撤去図(8)		DWG の図から（測量前）	落橋防止装置撤去 x 369.65 G2	ext_poly	4	370.7760,-2.7800,-0.3703	370.7760,-2.5200,-0.3703	370.7760,-2.5200,-0.0303	370.7760,-2.7800,-0.0303	370.4390,-2.7800,-0.3703	370.4390,-2.5200,-0.3703	370.4390,-2.5200,-0.0303	370.4390,-2.7800,-0.0303
310	落橋防止装置取替-007	落橋防止装置取替						ブラケット	x 383.05 終点側（固定） 定着桁側 G1	補修図(10)	V_断面_012_落橋防止装置_掛け違い_1-20	DWG の図から（測量前）	落橋防止装置取替 x 383.05 G1	ext_poly	4	385.0915,2.5060,-0.0795	385.0915,2.8920,-0.0795	385.0915,2.8920,0.5505	385.0915,2.5060,0.5505	384.1766,2.5060,-0.0795	384.1766,2.8920,-0.0795	384.1766,2.8920,0.5505	384.1766,2.5060,0.5505
311	落橋防止装置取替-008	落橋防止装置取替						ブラケット	x 383.05 終点側（固定） 吊桁側 G1	補修図(10)	V_断面_012_落橋防止装置_掛け違い_1-20	DWG の図から（測量前）	落橋防止装置取替 x 383.05 G1	ext_poly	4	382.1950,2.5060,-0.0795	382.1950,2.8920,-0.0795	382.1950,2.8920,0.5505	382.1950,2.5060,0.5505	381.2580,2.5060,-0.0795	381.2580,2.8920,-0.0795	381.2580,2.8920,0.5505	381.2580,2.5060,0.5505
312	落橋防止装置取替-009	落橋防止装置取替						落橋防止装置 F40TD L=3658	x 383.05 終点側（固定） G1	補修図(10)	V_断面_012_落橋防止装置_掛け違い_1-20	DWG の図から（測量前）	落橋防止装置取替 x 383.05 G1	ext_poly	12	385.0093,2.7200,0.2355	385.0093,2.7173,0.2455	385.0093,2.7100,0.2528	385.0093,2.7000,0.2555	385.0093,2.6900,0.2528	385.0093,2.6827,0.2455	385.0093,2.6800,0.2355	385.0093,2.6827,0.2255	385.0093,2.6900,0.2182	385.0093,2.7000,0.2155	385.0093,2.7100,0.2182	385.0093,2.7173,0.2255	381.3513,2.7200,0.2355	381.3513,2.7173,0.2455	381.3513,2.7100,0.2528	381.3513,2.7000,0.2555	381.3513,2.6900,0.2528	381.3513,2.6827,0.2455	381.3513,2.6800,0.2355	381.3513,2.6827,0.2255	381.3513,2.6900,0.2182	381.3513,2.7000,0.2155	381.3513,2.7100,0.2182	381.3513,2.7173,0.2255
313	落橋防止装置撤去-005	落橋防止装置撤去						既設ブラケット	x 383.05 終点側（固定） 定着桁側 G1	撤去図(8)		DWG の図から（測量前）	落橋防止装置撤去 x 383.05 G1	ext_poly	4	384.0090,2.5200,-0.4565	384.0090,2.7800,-0.4565	384.0090,2.7800,-0.1165	384.0090,2.5200,-0.1165	383.9160,2.5200,-0.4565	383.9160,2.7800,-0.4565	383.9160,2.7800,-0.1165	383.9160,2.5200,-0.1165
314	落橋防止装置撤去-006	落橋防止装置撤去						既設ブラケット	x 383.05 終点側（固定） 吊桁側 G1	撤去図(8)		DWG の図から（測量前）	落橋防止装置撤去 x 383.05 G1	ext_poly	4	382.2610,2.5200,-0.4565	382.2610,2.7800,-0.4565	382.2610,2.7800,-0.1165	382.2610,2.5200,-0.1165	381.9240,2.5200,-0.4565	381.9240,2.7800,-0.4565	381.9240,2.7800,-0.1165	381.9240,2.5200,-0.1165
315	落橋防止装置取替-010	落橋防止装置取替						ブラケット	x 383.05 終点側（固定） 定着桁側 G2	補修図(10)	V_断面_012_落橋防止装置_掛け違い_1-20	DWG の図から（測量前）	落橋防止装置取替 x 383.05 G2	ext_poly	4	385.0915,-2.8920,-0.0795	385.0915,-2.5060,-0.0795	385.0915,-2.5060,0.5505	385.0915,-2.8920,0.5505	384.1766,-2.8920,-0.0795	384.1766,-2.5060,-0.0795	384.1766,-2.5060,0.5505	384.1766,-2.8920,0.5505
316	落橋防止装置取替-011	落橋防止装置取替						ブラケット	x 383.05 終点側（固定） 吊桁側 G2	補修図(10)	V_断面_012_落橋防止装置_掛け違い_1-20	DWG の図から（測量前）	落橋防止装置取替 x 383.05 G2	ext_poly	4	382.1950,-2.8920,-0.0795	382.1950,-2.5060,-0.0795	382.1950,-2.5060,0.5505	382.1950,-2.8920,0.5505	381.2580,-2.8920,-0.0795	381.2580,-2.5060,-0.0795	381.2580,-2.5060,0.5505	381.2580,-2.8920,0.5505
317	落橋防止装置取替-012	落橋防止装置取替						落橋防止装置 F40TD L=3658	x 383.05 終点側（固定） G2	補修図(10)	V_断面_012_落橋防止装置_掛け違い_1-20	DWG の図から（測量前）	落橋防止装置取替 x 383.05 G2	ext_poly	12	385.0093,-2.6800,0.2355	385.0093,-2.6827,0.2455	385.0093,-2.6900,0.2528	385.0093,-2.7000,0.2555	385.0093,-2.7100,0.2528	385.0093,-2.7173,0.2455	385.0093,-2.7200,0.2355	385.0093,-2.7173,0.2255	385.0093,-2.7100,0.2182	385.0093,-2.7000,0.2155	385.0093,-2.6900,0.2182	385.0093,-2.6827,0.2255	381.3513,-2.6800,0.2355	381.3513,-2.6827,0.2455	381.3513,-2.6900,0.2528	381.3513,-2.7000,0.2555	381.3513,-2.7100,0.2528	381.3513,-2.7173,0.2455	381.3513,-2.7200,0.2355	381.3513,-2.7173,0.2255	381.3513,-2.7100,0.2182	381.3513,-2.7000,0.2155	381.3513,-2.6900,0.2182	381.3513,-2.6827,0.2255
318	落橋防止装置撤去-007	落橋防止装置撤去						既設ブラケット	x 383.05 終点側（固定） 定着桁側 G2	撤去図(8)		DWG の図から（測量前）	落橋防止装置撤去 x 383.05 G2	ext_poly	4	384.0090,-2.7800,-0.4565	384.0090,-2.5200,-0.4565	384.0090,-2.5200,-0.1165	384.0090,-2.7800,-0.1165	383.9160,-2.7800,-0.4565	383.9160,-2.5200,-0.4565	383.9160,-2.5200,-0.1165	383.9160,-2.7800,-0.1165
319	落橋防止装置撤去-008	落橋防止装置撤去						既設ブラケット	x 383.05 終点側（固定） 吊桁側 G2	撤去図(8)		DWG の図から（測量前）	落橋防止装置撤去 x 383.05 G2	ext_poly	4	382.2610,-2.7800,-0.4565	382.2610,-2.5200,-0.4565	382.2610,-2.5200,-0.1165	382.2610,-2.7800,-0.1165	381.9240,-2.7800,-0.4565	381.9240,-2.5200,-0.4565	381.9240,-2.5200,-0.1165	381.9240,-2.7800,-0.1165
320	支承防錆-001	支承防錆						支承（ローラー部のみ）	P5 G1	補修図(13)		DWG の図から（測量前）	支承防錆 P5 G1	ext_poly	4	72.6000,2.2000,-1.6154	72.6000,2.8000,-1.6154	72.6000,2.8000,-1.5404	72.6000,2.2000,-1.5404	72.1000,2.2000,-1.6154	72.1000,2.8000,-1.6154	72.1000,2.8000,-1.5404	72.1000,2.2000,-1.5404
321	カバープレート取替-001	カバープレート取替						L-100x75x10x626	P5 G1 起点側	補修図(13)		DWG の図から（測量前）	カバープレート取替 P5 G1	ext_poly	6	72.1000,2.1870,-1.5404	72.0250,2.1870,-1.5404	72.0250,2.1870,-1.5504	72.0900,2.1870,-1.5504	72.0900,2.1870,-1.6154	72.1000,2.1870,-1.6154	72.1000,2.8130,-1.5404	72.0250,2.8130,-1.5404	72.0250,2.8130,-1.5504	72.0900,2.8130,-1.5504	72.0900,2.8130,-1.6154	72.1000,2.8130,-1.6154
322	カバープレート取替-002	カバープレート取替						L-100x75x10x626	P5 G1 終点側	補修図(13)		DWG の図から（測量前）	カバープレート取替 P5 G1	ext_poly	6	72.6000,2.1870,-1.6154	72.6100,2.1870,-1.6154	72.6100,2.1870,-1.5504	72.6750,2.1870,-1.5504	72.6750,2.1870,-1.5404	72.6000,2.1870,-1.5404	72.6000,2.8130,-1.6154	72.6100,2.8130,-1.6154	72.6100,2.8130,-1.5504	72.6750,2.8130,-1.5504	72.6750,2.8130,-1.5404	72.6000,2.8130,-1.5404
323	カバープレート撤去-001	カバープレート撤去						L-100x75x10x626	P5 G1 起点側	撤去図(9)		DWG の図から（測量前）	カバープレート撤去 P5 G1	ext_poly	6	72.1000,2.1870,-1.5404	72.0250,2.1870,-1.5404	72.0250,2.1870,-1.5504	72.0900,2.1870,-1.5504	72.0900,2.1870,-1.6154	72.1000,2.1870,-1.6154	72.1000,2.8130,-1.5404	72.0250,2.8130,-1.5404	72.0250,2.8130,-1.5504	72.0900,2.8130,-1.5504	72.0900,2.8130,-1.6154	72.1000,2.8130,-1.6154
324	カバープレート撤去-002	カバープレート撤去						L-100x75x10x626	P5 G1 終点側	撤去図(9)		DWG の図から（測量前）	カバープレート撤去 P5 G1	ext_poly	6	72.6000,2.1870,-1.6154	72.6100,2.1870,-1.6154	72.6100,2.1870,-1.5504	72.6750,2.1870,-1.5504	72.6750,2.1870,-1.5404	72.6000,2.1870,-1.5404	72.6000,2.8130,-1.6154	72.6100,2.8130,-1.6154	72.6100,2.8130,-1.5504	72.6750,2.8130,-1.5504	72.6750,2.8130,-1.5404	72.6000,2.8130,-1.5404
325	支承防錆-002	支承防錆						支承（ローラー部のみ）	P5 G2	補修図(13)		DWG の図から（測量前）	支承防錆 P5 G2	ext_poly	4	72.6000,-2.8000,-1.6154	72.6000,-2.2000,-1.6154	72.6000,-2.2000,-1.5404	72.6000,-2.8000,-1.5404	72.1000,-2.8000,-1.6154	72.1000,-2.2000,-1.6154	72.1000,-2.2000,-1.5404	72.1000,-2.8000,-1.5404
326	カバープレート取替-003	カバープレート取替						L-100x75x10x626	P5 G2 起点側	補修図(13)		DWG の図から（測量前）	カバープレート取替 P5 G2	ext_poly	6	72.1000,-2.8130,-1.5404	72.0250,-2.8130,-1.5404	72.0250,-2.8130,-1.5504	72.0900,-2.8130,-1.5504	72.0900,-2.8130,-1.6154	72.1000,-2.8130,-1.6154	72.1000,-2.1870,-1.5404	72.0250,-2.1870,-1.5404	72.0250,-2.1870,-1.5504	72.0900,-2.1870,-1.5504	72.0900,-2.1870,-1.6154	72.1000,-2.1870,-1.6154
327	カバープレート取替-004	カバープレート取替						L-100x75x10x626	P5 G2 終点側	補修図(13)		DWG の図から（測量前）	カバープレート取替 P5 G2	ext_poly	6	72.6000,-2.8130,-1.6154	72.6100,-2.8130,-1.6154	72.6100,-2.8130,-1.5504	72.6750,-2.8130,-1.5504	72.6750,-2.8130,-1.5404	72.6000,-2.8130,-1.5404	72.6000,-2.1870,-1.6154	72.6100,-2.1870,-1.6154	72.6100,-2.1870,-1.5504	72.6750,-2.1870,-1.5504	72.6750,-2.1870,-1.5404	72.6000,-2.1870,-1.5404
328	カバープレート撤去-003	カバープレート撤去						L-100x75x10x626	P5 G2 起点側	撤去図(9)		DWG の図から（測量前）	カバープレート撤去 P5 G2	ext_poly	6	72.1000,-2.8130,-1.5404	72.0250,-2.8130,-1.5404	72.0250,-2.8130,-1.5504	72.0900,-2.8130,-1.5504	72.0900,-2.8130,-1.6154	72.1000,-2.8130,-1.6154	72.1000,-2.1870,-1.5404	72.0250,-2.1870,-1.5404	72.0250,-2.1870,-1.5504	72.0900,-2.1870,-1.5504	72.0900,-2.1870,-1.6154	72.1000,-2.1870,-1.6154
329	カバープレート撤去-004	カバープレート撤去						L-100x75x10x626	P5 G2 終点側	撤去図(9)		DWG の図から（測量前）	カバープレート撤去 P5 G2	ext_poly	6	72.6000,-2.8130,-1.6154	72.6100,-2.8130,-1.6154	72.6100,-2.8130,-1.5504	72.6750,-2.8130,-1.5504	72.6750,-2.8130,-1.5404	72.6000,-2.8130,-1.5404	72.6000,-2.1870,-1.6154	72.6100,-2.1870,-1.6154	72.6100,-2.1870,-1.5504	72.6750,-2.1870,-1.5504	72.6750,-2.1870,-1.5404	72.6000,-2.1870,-1.5404
330	紫外線硬化型FRPシート-001	紫外線硬化型FRPシート						FRPシート 250x309	C1 A部	補修図(14)		DWG の図から（測量前）	紫外線硬化型FRPシート C1 A部	ext_poly	4	72.4600,2.1000,-1.4075	72.4600,2.4090,-1.4075	72.4600,2.4090,-1.4045	72.4600,2.1000,-1.4045	72.2100,2.1000,-1.4075	72.2100,2.4090,-1.4075	72.2100,2.4090,-1.4045	72.2100,2.1000,-1.4045
331	紫外線硬化型FRPシート-002	紫外線硬化型FRPシート						FRPシート 135x329	C1 A部	補修図(14)		DWG の図から（測量前）	紫外線硬化型FRPシート C1 A部	ext_poly	4	72.6150,2.1000,-1.4062	72.6150,2.4290,-1.4062	72.6150,2.4290,-1.4032	72.6150,2.1000,-1.4032	72.4800,2.1000,-1.4062	72.4800,2.4290,-1.4062	72.4800,2.4290,-1.4032	72.4800,2.1000,-1.4032
332	紫外線硬化型FRPシート-003	紫外線硬化型FRPシート						FRPシート 100x160	C1 A部	補修図(14)		DWG の図から（測量前）	紫外線硬化型FRPシート C1 A部	ext_poly	4	72.7300,2.1800,-1.4053	72.7300,2.3400,-1.4053	72.7300,2.3400,-1.4023	72.7300,2.1800,-1.4023	72.6300,2.1800,-1.4053	72.6300,2.3400,-1.4053	72.6300,2.3400,-1.4023	72.6300,2.1800,-1.4023
333	紫外線硬化型FRPシート-004	紫外線硬化型FRPシート						FRPシート 100x100	C20 B部	補修図(14)		DWG の図から（測量前）	紫外線硬化型FRPシート C20 B部	ext_poly	4	127.2950,-0.0500,-1.0557	127.2950,0.0500,-1.0557	127.2950,0.0500,-1.0527	127.2950,-0.0500,-1.0527	127.1950,-0.0500,-1.0557	127.1950,0.0500,-1.0557	127.1950,0.0500,-1.0527	127.1950,-0.0500,-1.0527
334	紫外線硬化型FRPシート-005	紫外線硬化型FRPシート						FRPシート 135x259	C20 B部	補修図(14)		DWG の図から（測量前）	紫外線硬化型FRPシート C20 B部	ext_poly	4	127.4500,-0.1295,-1.0548	127.4500,0.1295,-1.0548	127.4500,0.1295,-1.0518	127.4500,-0.1295,-1.0518	127.3150,-0.1295,-1.0548	127.3150,0.1295,-1.0548	127.3150,0.1295,-1.0518	127.3150,-0.1295,-1.0518
335	紫外線硬化型FRPシート-006	紫外線硬化型FRPシート						FRPシート 100x125	C20 B部	補修図(14)		DWG の図から（測量前）	紫外線硬化型FRPシート C20 B部	ext_poly	4	127.5700,-0.0625,-1.0540	127.5700,0.0625,-1.0540	127.5700,0.0625,-1.0510	127.5700,-0.0625,-1.0510	127.4700,-0.0625,-1.0540	127.4700,0.0625,-1.0540	127.4700,0.0625,-1.0510	127.4700,-0.0625,-1.0510
336	現場塗装-001	現場塗装						現場塗装（主桁部材取替(B) 新設L形鋼 200x200x25x6005）	x 333.36〜339.36 G1 +y の側	補修一般図	V_側面_004_主桁部材取替B_第14径間_1-60	DWG の図から（測量前）	現場塗装 主桁部材取替(B) L形鋼 x 333.36 G1	ext_poly	6	339.3650,2.5060,-0.4485	339.3650,2.7060,-0.4485	339.3650,2.7060,-0.4235	339.3650,2.5310,-0.4235	339.3650,2.5310,-0.2485	339.3650,2.5060,-0.2485	333.3600,2.5060,-0.4485	333.3600,2.7060,-0.4485	333.3600,2.7060,-0.4235	333.3600,2.5310,-0.4235	333.3600,2.5310,-0.2485	333.3600,2.5060,-0.2485
337	現場塗装-002	現場塗装						現場塗装（主桁部材取替(B) 新設L形鋼 200x200x25x6005）	x 333.36〜339.36 G1 −y の側	補修一般図	V_側面_004_主桁部材取替B_第14径間_1-60	DWG の図から（測量前）	現場塗装 主桁部材取替(B) L形鋼 x 333.36 G1	ext_poly	6	339.3650,2.4940,-0.2485	339.3650,2.4690,-0.2485	339.3650,2.4690,-0.4235	339.3650,2.2940,-0.4235	339.3650,2.2940,-0.4485	339.3650,2.4940,-0.4485	333.3600,2.4940,-0.2485	333.3600,2.4690,-0.2485	333.3600,2.4690,-0.4235	333.3600,2.2940,-0.4235	333.3600,2.2940,-0.4485	333.3600,2.4940,-0.4485
338	現場塗装-003	現場塗装						現場塗装（主桁部材取替(B) 新設L形鋼 200x200x25x6005）	x 333.36〜339.36 G2 +y の側	補修一般図	V_側面_004_主桁部材取替B_第14径間_1-60	DWG の図から（測量前）	現場塗装 主桁部材取替(B) L形鋼 x 333.36 G2	ext_poly	6	339.3650,-2.4940,-0.4485	339.3650,-2.2940,-0.4485	339.3650,-2.2940,-0.4235	339.3650,-2.4690,-0.4235	339.3650,-2.4690,-0.2485	339.3650,-2.4940,-0.2485	333.3600,-2.4940,-0.4485	333.3600,-2.2940,-0.4485	333.3600,-2.2940,-0.4235	333.3600,-2.4690,-0.4235	333.3600,-2.4690,-0.2485	333.3600,-2.4940,-0.2485
339	現場塗装-004	現場塗装						現場塗装（主桁部材取替(B) 新設L形鋼 200x200x25x6005）	x 333.36〜339.36 G2 −y の側	補修一般図	V_側面_004_主桁部材取替B_第14径間_1-60	DWG の図から（測量前）	現場塗装 主桁部材取替(B) L形鋼 x 333.36 G2	ext_poly	6	339.3650,-2.5060,-0.2485	339.3650,-2.5310,-0.2485	339.3650,-2.5310,-0.4235	339.3650,-2.7060,-0.4235	339.3650,-2.7060,-0.4485	339.3650,-2.5060,-0.4485	333.3600,-2.5060,-0.2485	333.3600,-2.5310,-0.2485	333.3600,-2.5310,-0.4235	333.3600,-2.7060,-0.4235	333.3600,-2.7060,-0.4485	333.3600,-2.5060,-0.4485
340	現場塗装-005	現場塗装						現場塗装（主桁部材取替(B) 新設L形鋼 200x200x25x9230）	x 339.73〜348.96 G1 +y の側	補修一般図	V_側面_004_主桁部材取替B_第14径間_1-60	DWG の図から（測量前）	現場塗装 主桁部材取替(B) L形鋼 x 339.73 G1	ext_poly	6	348.9650,2.5060,-0.4485	348.9650,2.7060,-0.4485	348.9650,2.7060,-0.4235	348.9650,2.5310,-0.4235	348.9650,2.5310,-0.2485	348.9650,2.5060,-0.2485	339.7350,2.5060,-0.4485	339.7350,2.7060,-0.4485	339.7350,2.7060,-0.4235	339.7350,2.5310,-0.4235	339.7350,2.5310,-0.2485	339.7350,2.5060,-0.2485
341	現場塗装-006	現場塗装						現場塗装（主桁部材取替(B) 新設L形鋼 200x200x25x9230）	x 339.73〜348.96 G1 −y の側	補修一般図	V_側面_004_主桁部材取替B_第14径間_1-60	DWG の図から（測量前）	現場塗装 主桁部材取替(B) L形鋼 x 339.73 G1	ext_poly	6	348.9650,2.4940,-0.2485	348.9650,2.4690,-0.2485	348.9650,2.4690,-0.4235	348.9650,2.2940,-0.4235	348.9650,2.2940,-0.4485	348.9650,2.4940,-0.4485	339.7350,2.4940,-0.2485	339.7350,2.4690,-0.2485	339.7350,2.4690,-0.4235	339.7350,2.2940,-0.4235	339.7350,2.2940,-0.4485	339.7350,2.4940,-0.4485
342	現場塗装-007	現場塗装						現場塗装（主桁部材取替(B) 新設L形鋼 200x200x25x9230）	x 339.73〜348.96 G2 +y の側	補修一般図	V_側面_004_主桁部材取替B_第14径間_1-60	DWG の図から（測量前）	現場塗装 主桁部材取替(B) L形鋼 x 339.73 G2	ext_poly	6	348.9650,-2.4940,-0.4485	348.9650,-2.2940,-0.4485	348.9650,-2.2940,-0.4235	348.9650,-2.4690,-0.4235	348.9650,-2.4690,-0.2485	348.9650,-2.4940,-0.2485	339.7350,-2.4940,-0.4485	339.7350,-2.2940,-0.4485	339.7350,-2.2940,-0.4235	339.7350,-2.4690,-0.4235	339.7350,-2.4690,-0.2485	339.7350,-2.4940,-0.2485
343	現場塗装-008	現場塗装						現場塗装（主桁部材取替(B) 新設L形鋼 200x200x25x9230）	x 339.73〜348.96 G2 −y の側	補修一般図	V_側面_004_主桁部材取替B_第14径間_1-60	DWG の図から（測量前）	現場塗装 主桁部材取替(B) L形鋼 x 339.73 G2	ext_poly	6	348.9650,-2.5060,-0.2485	348.9650,-2.5310,-0.2485	348.9650,-2.5310,-0.4235	348.9650,-2.7060,-0.4235	348.9650,-2.7060,-0.4485	348.9650,-2.5060,-0.4485	339.7350,-2.5060,-0.2485	339.7350,-2.5310,-0.2485	339.7350,-2.5310,-0.4235	339.7350,-2.7060,-0.4235	339.7350,-2.7060,-0.4485	339.7350,-2.5060,-0.4485
344	現場塗装-009	現場塗装						現場塗装（主桁部材取替(B) 新設L形鋼 200x200x25x6005）	x 349.33〜355.34 G1 +y の側	補修一般図	V_側面_004_主桁部材取替B_第14径間_1-60	DWG の図から（測量前）	現場塗装 主桁部材取替(B) L形鋼 x 349.33 G1	ext_poly	6	355.3400,2.5060,-0.4485	355.3400,2.7060,-0.4485	355.3400,2.7060,-0.4235	355.3400,2.5310,-0.4235	355.3400,2.5310,-0.2485	355.3400,2.5060,-0.2485	349.3350,2.5060,-0.4485	349.3350,2.7060,-0.4485	349.3350,2.7060,-0.4235	349.3350,2.5310,-0.4235	349.3350,2.5310,-0.2485	349.3350,2.5060,-0.2485
345	現場塗装-010	現場塗装						現場塗装（主桁部材取替(B) 新設L形鋼 200x200x25x6005）	x 349.33〜355.34 G1 −y の側	補修一般図	V_側面_004_主桁部材取替B_第14径間_1-60	DWG の図から（測量前）	現場塗装 主桁部材取替(B) L形鋼 x 349.33 G1	ext_poly	6	355.3400,2.4940,-0.2485	355.3400,2.4690,-0.2485	355.3400,2.4690,-0.4235	355.3400,2.2940,-0.4235	355.3400,2.2940,-0.4485	355.3400,2.4940,-0.4485	349.3350,2.4940,-0.2485	349.3350,2.4690,-0.2485	349.3350,2.4690,-0.4235	349.3350,2.2940,-0.4235	349.3350,2.2940,-0.4485	349.3350,2.4940,-0.4485
346	現場塗装-011	現場塗装						現場塗装（主桁部材取替(B) 新設L形鋼 200x200x25x6005）	x 349.33〜355.34 G2 +y の側	補修一般図	V_側面_004_主桁部材取替B_第14径間_1-60	DWG の図から（測量前）	現場塗装 主桁部材取替(B) L形鋼 x 349.33 G2	ext_poly	6	355.3400,-2.4940,-0.4485	355.3400,-2.2940,-0.4485	355.3400,-2.2940,-0.4235	355.3400,-2.4690,-0.4235	355.3400,-2.4690,-0.2485	355.3400,-2.4940,-0.2485	349.3350,-2.4940,-0.4485	349.3350,-2.2940,-0.4485	349.3350,-2.2940,-0.4235	349.3350,-2.4690,-0.4235	349.3350,-2.4690,-0.2485	349.3350,-2.4940,-0.2485
347	現場塗装-012	現場塗装						現場塗装（主桁部材取替(B) 新設L形鋼 200x200x25x6005）	x 349.33〜355.34 G2 −y の側	補修一般図	V_側面_004_主桁部材取替B_第14径間_1-60	DWG の図から（測量前）	現場塗装 主桁部材取替(B) L形鋼 x 349.33 G2	ext_poly	6	355.3400,-2.5060,-0.2485	355.3400,-2.5310,-0.2485	355.3400,-2.5310,-0.4235	355.3400,-2.7060,-0.4235	355.3400,-2.7060,-0.4485	355.3400,-2.5060,-0.4485	349.3350,-2.5060,-0.2485	349.3350,-2.5310,-0.2485	349.3350,-2.5310,-0.4235	349.3350,-2.7060,-0.4235	349.3350,-2.7060,-0.4485	349.3350,-2.5060,-0.4485
348	現場塗装-013	現場塗装						現場塗装（主桁部材取替(A) 新設L形鋼 200x200x25x3355）	x 365.43〜368.78 G1 +y の側	補修一般図	V_側面_003_主桁部材取替A_第15径間_1-60	DWG の図から（測量前）	現場塗装 主桁部材取替(A) L形鋼 x 365.43 G1	ext_poly	6	368.7813,2.5060,-0.4920	368.7813,2.7060,-0.4920	368.7813,2.7060,-0.4670	368.7813,2.5310,-0.4670	368.7813,2.5310,-0.2920	368.7813,2.5060,-0.2920	365.4263,2.5060,-0.4920	365.4263,2.7060,-0.4920	365.4263,2.7060,-0.4670	365.4263,2.5310,-0.4670	365.4263,2.5310,-0.2920	365.4263,2.5060,-0.2920
349	現場塗装-014	現場塗装						現場塗装（主桁部材取替(A) 新設L形鋼 200x200x25x3355）	x 365.43〜368.78 G1 −y の側	補修一般図	V_側面_003_主桁部材取替A_第15径間_1-60	DWG の図から（測量前）	現場塗装 主桁部材取替(A) L形鋼 x 365.43 G1	ext_poly	6	368.7813,2.4940,-0.2920	368.7813,2.4690,-0.2920	368.7813,2.4690,-0.4670	368.7813,2.2940,-0.4670	368.7813,2.2940,-0.4920	368.7813,2.4940,-0.4920	365.4263,2.4940,-0.2920	365.4263,2.4690,-0.2920	365.4263,2.4690,-0.4670	365.4263,2.2940,-0.4670	365.4263,2.2940,-0.4920	365.4263,2.4940,-0.4920
350	現場塗装-015	現場塗装						現場塗装（主桁部材取替(A) 新設L形鋼 200x200x25x3355）	x 365.43〜368.78 G2 +y の側	補修一般図	V_側面_003_主桁部材取替A_第15径間_1-60	DWG の図から（測量前）	現場塗装 主桁部材取替(A) L形鋼 x 365.43 G2	ext_poly	6	368.7813,-2.4940,-0.4920	368.7813,-2.2940,-0.4920	368.7813,-2.2940,-0.4670	368.7813,-2.4690,-0.4670	368.7813,-2.4690,-0.2920	368.7813,-2.4940,-0.2920	365.4263,-2.4940,-0.4920	365.4263,-2.2940,-0.4920	365.4263,-2.2940,-0.4670	365.4263,-2.4690,-0.4670	365.4263,-2.4690,-0.2920	365.4263,-2.4940,-0.2920
351	現場塗装-016	現場塗装						現場塗装（主桁部材取替(A) 新設L形鋼 200x200x25x3355）	x 365.43〜368.78 G2 −y の側	補修一般図	V_側面_003_主桁部材取替A_第15径間_1-60	DWG の図から（測量前）	現場塗装 主桁部材取替(A) L形鋼 x 365.43 G2	ext_poly	6	368.7813,-2.5060,-0.2920	368.7813,-2.5310,-0.2920	368.7813,-2.5310,-0.4670	368.7813,-2.7060,-0.4670	368.7813,-2.7060,-0.4920	368.7813,-2.5060,-0.4920	365.4263,-2.5060,-0.2920	365.4263,-2.5310,-0.2920	365.4263,-2.5310,-0.4670	365.4263,-2.7060,-0.4670	365.4263,-2.7060,-0.4920	365.4263,-2.5060,-0.4920
352	現場塗装-017	現場塗装						現場塗装（主桁部材取替(A) 新設L形鋼 200x200x25x11740）	x 370.47〜382.21 G1 +y の側	補修一般図	V_側面_003_主桁部材取替A_第15径間_1-60	DWG の図から（測量前）	現場塗装 主桁部材取替(A) L形鋼 x 370.47 G1	ext_poly	6	382.2109,2.5045,-0.5664	382.2109,2.7045,-0.5664	382.2109,2.7045,-0.5414	382.2109,2.5295,-0.5414	382.2109,2.5295,-0.3664	382.2109,2.5045,-0.3664	370.4711,2.5045,-0.5664	370.4711,2.7045,-0.5664	370.4711,2.7045,-0.5414	370.4711,2.5295,-0.5414	370.4711,2.5295,-0.3664	370.4711,2.5045,-0.3664
353	現場塗装-018	現場塗装						現場塗装（主桁部材取替(A) 新設L形鋼 200x200x25x11740）	x 370.47〜382.21 G1 −y の側	補修一般図	V_側面_003_主桁部材取替A_第15径間_1-60	DWG の図から（測量前）	現場塗装 主桁部材取替(A) L形鋼 x 370.47 G1	ext_poly	6	382.2109,2.4955,-0.3664	382.2109,2.4705,-0.3664	382.2109,2.4705,-0.5414	382.2109,2.2955,-0.5414	382.2109,2.2955,-0.5664	382.2109,2.4955,-0.5664	370.4711,2.4955,-0.3664	370.4711,2.4705,-0.3664	370.4711,2.4705,-0.5414	370.4711,2.2955,-0.5414	370.4711,2.2955,-0.5664	370.4711,2.4955,-0.5664
354	現場塗装-019	現場塗装						現場塗装（主桁部材取替(A) 新設L形鋼 200x200x25x11740）	x 370.47〜382.21 G2 +y の側	補修一般図	V_側面_003_主桁部材取替A_第15径間_1-60	DWG の図から（測量前）	現場塗装 主桁部材取替(A) L形鋼 x 370.47 G2	ext_poly	6	382.2109,-2.4955,-0.5664	382.2109,-2.2955,-0.5664	382.2109,-2.2955,-0.5414	382.2109,-2.4705,-0.5414	382.2109,-2.4705,-0.3664	382.2109,-2.4955,-0.3664	370.4711,-2.4955,-0.5664	370.4711,-2.2955,-0.5664	370.4711,-2.2955,-0.5414	370.4711,-2.4705,-0.5414	370.4711,-2.4705,-0.3664	370.4711,-2.4955,-0.3664
355	現場塗装-020	現場塗装						現場塗装（主桁部材取替(A) 新設L形鋼 200x200x25x11740）	x 370.47〜382.21 G2 −y の側	補修一般図	V_側面_003_主桁部材取替A_第15径間_1-60	DWG の図から（測量前）	現場塗装 主桁部材取替(A) L形鋼 x 370.47 G2	ext_poly	6	382.2109,-2.5045,-0.3664	382.2109,-2.5295,-0.3664	382.2109,-2.5295,-0.5414	382.2109,-2.7045,-0.5414	382.2109,-2.7045,-0.5664	382.2109,-2.5045,-0.5664	370.4711,-2.5045,-0.3664	370.4711,-2.5295,-0.3664	370.4711,-2.5295,-0.5414	370.4711,-2.7045,-0.5414	370.4711,-2.7045,-0.5664	370.4711,-2.5045,-0.5664
356	現場塗装-021	現場塗装						現場塗装（主桁部材取替(A) 新設L形鋼 200x200x25x3355）	x 383.90〜387.26 G1 +y の側	補修一般図	V_側面_003_主桁部材取替A_第15径間_1-60	DWG の図から（測量前）	現場塗装 主桁部材取替(A) L形鋼 x 383.90 G1	ext_poly	6	387.2559,2.5060,-0.6108	387.2559,2.7060,-0.6108	387.2559,2.7060,-0.5858	387.2559,2.5310,-0.5858	387.2559,2.5310,-0.4108	387.2559,2.5060,-0.4108	383.9010,2.5060,-0.6108	383.9010,2.7060,-0.6108	383.9010,2.7060,-0.5858	383.9010,2.5310,-0.5858	383.9010,2.5310,-0.4108	383.9010,2.5060,-0.4108
357	現場塗装-022	現場塗装						現場塗装（主桁部材取替(A) 新設L形鋼 200x200x25x3355）	x 383.90〜387.26 G1 −y の側	補修一般図	V_側面_003_主桁部材取替A_第15径間_1-60	DWG の図から（測量前）	現場塗装 主桁部材取替(A) L形鋼 x 383.90 G1	ext_poly	6	387.2559,2.4940,-0.4108	387.2559,2.4690,-0.4108	387.2559,2.4690,-0.5858	387.2559,2.2940,-0.5858	387.2559,2.2940,-0.6108	387.2559,2.4940,-0.6108	383.9010,2.4940,-0.4108	383.9010,2.4690,-0.4108	383.9010,2.4690,-0.5858	383.9010,2.2940,-0.5858	383.9010,2.2940,-0.6108	383.9010,2.4940,-0.6108
358	現場塗装-023	現場塗装						現場塗装（主桁部材取替(A) 新設L形鋼 200x200x25x3355）	x 383.90〜387.26 G2 +y の側	補修一般図	V_側面_003_主桁部材取替A_第15径間_1-60	DWG の図から（測量前）	現場塗装 主桁部材取替(A) L形鋼 x 383.90 G2	ext_poly	6	387.2559,-2.4940,-0.6108	387.2559,-2.2940,-0.6108	387.2559,-2.2940,-0.5858	387.2559,-2.4690,-0.5858	387.2559,-2.4690,-0.4108	387.2559,-2.4940,-0.4108	383.9010,-2.4940,-0.6108	383.9010,-2.2940,-0.6108	383.9010,-2.2940,-0.5858	383.9010,-2.4690,-0.5858	383.9010,-2.4690,-0.4108	383.9010,-2.4940,-0.4108
359	現場塗装-024	現場塗装						現場塗装（主桁部材取替(A) 新設L形鋼 200x200x25x3355）	x 383.90〜387.26 G2 −y の側	補修一般図	V_側面_003_主桁部材取替A_第15径間_1-60	DWG の図から（測量前）	現場塗装 主桁部材取替(A) L形鋼 x 383.90 G2	ext_poly	6	387.2559,-2.5060,-0.4108	387.2559,-2.5310,-0.4108	387.2559,-2.5310,-0.5858	387.2559,-2.7060,-0.5858	387.2559,-2.7060,-0.6108	387.2559,-2.5060,-0.6108	383.9010,-2.5060,-0.4108	383.9010,-2.5310,-0.4108	383.9010,-2.5310,-0.5858	383.9010,-2.7060,-0.5858	383.9010,-2.7060,-0.6108	383.9010,-2.5060,-0.6108
360	現場塗装-025	現場塗装						現場塗装（主桁部材取替(B) 横桁接合部材 PL 315x9x455）	x 334.75 G1	補修一般図	V_側面_004_主桁部材取替B_第14径間_1-60	DWG の図から（測量前）	現場塗装 横桁接合部材 x 334.75 G1	ext_poly	5	334.7545,2.4690,-0.1085	334.7545,2.0140,-0.1085	334.7545,2.0140,-0.2335	334.7545,2.3060,-0.4235	334.7545,2.4690,-0.4235	334.7455,2.4690,-0.1085	334.7455,2.0140,-0.1085	334.7455,2.0140,-0.2335	334.7455,2.3060,-0.4235	334.7455,2.4690,-0.4235
361	現場塗装-026	現場塗装						現場塗装（主桁部材取替(B) 横桁接合部材 2-L 150x90x12x325）	x 334.75 G1 終点側	補修一般図	V_側面_004_主桁部材取替B_第14径間_1-60	DWG の図から（測量前）	現場塗装 横桁接合部材 x 334.75 G1	ext_poly	6	334.7545,2.0200,-0.2505	334.7665,2.0200,-0.2505	334.7665,2.0200,-0.1125	334.8445,2.0200,-0.1125	334.8445,2.0200,-0.1005	334.7545,2.0200,-0.1005	334.7545,2.3450,-0.2505	334.7665,2.3450,-0.2505	334.7665,2.3450,-0.1125	334.8445,2.3450,-0.1125	334.8445,2.3450,-0.1005	334.7545,2.3450,-0.1005
362	現場塗装-027	現場塗装						現場塗装（主桁部材取替(B) 横桁接合部材 2-L 150x90x12x325）	x 334.75 G1 起点側	補修一般図	V_側面_004_主桁部材取替B_第14径間_1-60	DWG の図から（測量前）	現場塗装 横桁接合部材 x 334.75 G1	ext_poly	6	334.7455,2.0200,-0.1005	334.6555,2.0200,-0.1005	334.6555,2.0200,-0.1125	334.7335,2.0200,-0.1125	334.7335,2.0200,-0.2505	334.7455,2.0200,-0.2505	334.7455,2.3450,-0.1005	334.6555,2.3450,-0.1005	334.6555,2.3450,-0.1125	334.7335,2.3450,-0.1125	334.7335,2.3450,-0.2505	334.7455,2.3450,-0.2505
363	現場塗装-028	現場塗装						現場塗装（主桁部材取替(B) 横桁接合部材 PL 315x9x455）	x 334.75 G2	補修一般図	V_側面_004_主桁部材取替B_第14径間_1-60	DWG の図から（測量前）	現場塗装 横桁接合部材 x 334.75 G2	ext_poly	5	334.7545,-2.4690,-0.4235	334.7545,-2.3060,-0.4235	334.7545,-2.0140,-0.2335	334.7545,-2.0140,-0.1085	334.7545,-2.4690,-0.1085	334.7455,-2.4690,-0.4235	334.7455,-2.3060,-0.4235	334.7455,-2.0140,-0.2335	334.7455,-2.0140,-0.1085	334.7455,-2.4690,-0.1085
364	現場塗装-029	現場塗装						現場塗装（主桁部材取替(B) 横桁接合部材 2-L 150x90x12x325）	x 334.75 G2 終点側	補修一般図	V_側面_004_主桁部材取替B_第14径間_1-60	DWG の図から（測量前）	現場塗装 横桁接合部材 x 334.75 G2	ext_poly	6	334.7545,-2.3450,-0.2505	334.7665,-2.3450,-0.2505	334.7665,-2.3450,-0.1125	334.8445,-2.3450,-0.1125	334.8445,-2.3450,-0.1005	334.7545,-2.3450,-0.1005	334.7545,-2.0200,-0.2505	334.7665,-2.0200,-0.2505	334.7665,-2.0200,-0.1125	334.8445,-2.0200,-0.1125	334.8445,-2.0200,-0.1005	334.7545,-2.0200,-0.1005
365	現場塗装-030	現場塗装						現場塗装（主桁部材取替(B) 横桁接合部材 2-L 150x90x12x325）	x 334.75 G2 起点側	補修一般図	V_側面_004_主桁部材取替B_第14径間_1-60	DWG の図から（測量前）	現場塗装 横桁接合部材 x 334.75 G2	ext_poly	6	334.7455,-2.3450,-0.1005	334.6555,-2.3450,-0.1005	334.6555,-2.3450,-0.1125	334.7335,-2.3450,-0.1125	334.7335,-2.3450,-0.2505	334.7455,-2.3450,-0.2505	334.7455,-2.0200,-0.1005	334.6555,-2.0200,-0.1005	334.6555,-2.0200,-0.1125	334.7335,-2.0200,-0.1125	334.7335,-2.0200,-0.2505	334.7455,-2.0200,-0.2505
366	現場塗装-031	現場塗装						現場塗装（主桁部材取替(B) 横桁接合部材 PL 315x9x455）	x 337.95 G1	補修一般図	V_側面_004_主桁部材取替B_第14径間_1-60	DWG の図から（測量前）	現場塗装 横桁接合部材 x 337.95 G1	ext_poly	5	337.9545,2.4690,-0.1085	337.9545,2.0140,-0.1085	337.9545,2.0140,-0.2335	337.9545,2.3060,-0.4235	337.9545,2.4690,-0.4235	337.9455,2.4690,-0.1085	337.9455,2.0140,-0.1085	337.9455,2.0140,-0.2335	337.9455,2.3060,-0.4235	337.9455,2.4690,-0.4235
367	現場塗装-032	現場塗装						現場塗装（主桁部材取替(B) 横桁接合部材 2-L 150x90x12x325）	x 337.95 G1 終点側	補修一般図	V_側面_004_主桁部材取替B_第14径間_1-60	DWG の図から（測量前）	現場塗装 横桁接合部材 x 337.95 G1	ext_poly	6	337.9545,2.0200,-0.2505	337.9665,2.0200,-0.2505	337.9665,2.0200,-0.1125	338.0445,2.0200,-0.1125	338.0445,2.0200,-0.1005	337.9545,2.0200,-0.1005	337.9545,2.3450,-0.2505	337.9665,2.3450,-0.2505	337.9665,2.3450,-0.1125	338.0445,2.3450,-0.1125	338.0445,2.3450,-0.1005	337.9545,2.3450,-0.1005
368	現場塗装-033	現場塗装						現場塗装（主桁部材取替(B) 横桁接合部材 2-L 150x90x12x325）	x 337.95 G1 起点側	補修一般図	V_側面_004_主桁部材取替B_第14径間_1-60	DWG の図から（測量前）	現場塗装 横桁接合部材 x 337.95 G1	ext_poly	6	337.9455,2.0200,-0.1005	337.8555,2.0200,-0.1005	337.8555,2.0200,-0.1125	337.9335,2.0200,-0.1125	337.9335,2.0200,-0.2505	337.9455,2.0200,-0.2505	337.9455,2.3450,-0.1005	337.8555,2.3450,-0.1005	337.8555,2.3450,-0.1125	337.9335,2.3450,-0.1125	337.9335,2.3450,-0.2505	337.9455,2.3450,-0.2505
369	現場塗装-034	現場塗装						現場塗装（主桁部材取替(B) 横桁接合部材 PL 315x9x455）	x 337.95 G2	補修一般図	V_側面_004_主桁部材取替B_第14径間_1-60	DWG の図から（測量前）	現場塗装 横桁接合部材 x 337.95 G2	ext_poly	5	337.9545,-2.4690,-0.4235	337.9545,-2.3060,-0.4235	337.9545,-2.0140,-0.2335	337.9545,-2.0140,-0.1085	337.9545,-2.4690,-0.1085	337.9455,-2.4690,-0.4235	337.9455,-2.3060,-0.4235	337.9455,-2.0140,-0.2335	337.9455,-2.0140,-0.1085	337.9455,-2.4690,-0.1085
370	現場塗装-035	現場塗装						現場塗装（主桁部材取替(B) 横桁接合部材 2-L 150x90x12x325）	x 337.95 G2 終点側	補修一般図	V_側面_004_主桁部材取替B_第14径間_1-60	DWG の図から（測量前）	現場塗装 横桁接合部材 x 337.95 G2	ext_poly	6	337.9545,-2.3450,-0.2505	337.9665,-2.3450,-0.2505	337.9665,-2.3450,-0.1125	338.0445,-2.3450,-0.1125	338.0445,-2.3450,-0.1005	337.9545,-2.3450,-0.1005	337.9545,-2.0200,-0.2505	337.9665,-2.0200,-0.2505	337.9665,-2.0200,-0.1125	338.0445,-2.0200,-0.1125	338.0445,-2.0200,-0.1005	337.9545,-2.0200,-0.1005
371	現場塗装-036	現場塗装						現場塗装（主桁部材取替(B) 横桁接合部材 2-L 150x90x12x325）	x 337.95 G2 起点側	補修一般図	V_側面_004_主桁部材取替B_第14径間_1-60	DWG の図から（測量前）	現場塗装 横桁接合部材 x 337.95 G2	ext_poly	6	337.9455,-2.3450,-0.1005	337.8555,-2.3450,-0.1005	337.8555,-2.3450,-0.1125	337.9335,-2.3450,-0.1125	337.9335,-2.3450,-0.2505	337.9455,-2.3450,-0.2505	337.9455,-2.0200,-0.1005	337.8555,-2.0200,-0.1005	337.8555,-2.0200,-0.1125	337.9335,-2.0200,-0.1125	337.9335,-2.0200,-0.2505	337.9455,-2.0200,-0.2505
372	現場塗装-037	現場塗装						現場塗装（主桁部材取替(B) 横桁接合部材 PL 315x9x455）	x 341.15 G1	補修一般図	V_側面_004_主桁部材取替B_第14径間_1-60	DWG の図から（測量前）	現場塗装 横桁接合部材 x 341.15 G1	ext_poly	5	341.1545,2.4690,-0.1085	341.1545,2.0140,-0.1085	341.1545,2.0140,-0.2335	341.1545,2.3060,-0.4235	341.1545,2.4690,-0.4235	341.1455,2.4690,-0.1085	341.1455,2.0140,-0.1085	341.1455,2.0140,-0.2335	341.1455,2.3060,-0.4235	341.1455,2.4690,-0.4235
373	現場塗装-038	現場塗装						現場塗装（主桁部材取替(B) 横桁接合部材 2-L 150x90x12x325）	x 341.15 G1 終点側	補修一般図	V_側面_004_主桁部材取替B_第14径間_1-60	DWG の図から（測量前）	現場塗装 横桁接合部材 x 341.15 G1	ext_poly	6	341.1545,2.0200,-0.2505	341.1665,2.0200,-0.2505	341.1665,2.0200,-0.1125	341.2445,2.0200,-0.1125	341.2445,2.0200,-0.1005	341.1545,2.0200,-0.1005	341.1545,2.3450,-0.2505	341.1665,2.3450,-0.2505	341.1665,2.3450,-0.1125	341.2445,2.3450,-0.1125	341.2445,2.3450,-0.1005	341.1545,2.3450,-0.1005
374	現場塗装-039	現場塗装						現場塗装（主桁部材取替(B) 横桁接合部材 2-L 150x90x12x325）	x 341.15 G1 起点側	補修一般図	V_側面_004_主桁部材取替B_第14径間_1-60	DWG の図から（測量前）	現場塗装 横桁接合部材 x 341.15 G1	ext_poly	6	341.1455,2.0200,-0.1005	341.0555,2.0200,-0.1005	341.0555,2.0200,-0.1125	341.1335,2.0200,-0.1125	341.1335,2.0200,-0.2505	341.1455,2.0200,-0.2505	341.1455,2.3450,-0.1005	341.0555,2.3450,-0.1005	341.0555,2.3450,-0.1125	341.1335,2.3450,-0.1125	341.1335,2.3450,-0.2505	341.1455,2.3450,-0.2505
375	現場塗装-040	現場塗装						現場塗装（主桁部材取替(B) 横桁接合部材 PL 315x9x455）	x 341.15 G2	補修一般図	V_側面_004_主桁部材取替B_第14径間_1-60	DWG の図から（測量前）	現場塗装 横桁接合部材 x 341.15 G2	ext_poly	5	341.1545,-2.4690,-0.4235	341.1545,-2.3060,-0.4235	341.1545,-2.0140,-0.2335	341.1545,-2.0140,-0.1085	341.1545,-2.4690,-0.1085	341.1455,-2.4690,-0.4235	341.1455,-2.3060,-0.4235	341.1455,-2.0140,-0.2335	341.1455,-2.0140,-0.1085	341.1455,-2.4690,-0.1085
376	現場塗装-041	現場塗装						現場塗装（主桁部材取替(B) 横桁接合部材 2-L 150x90x12x325）	x 341.15 G2 終点側	補修一般図	V_側面_004_主桁部材取替B_第14径間_1-60	DWG の図から（測量前）	現場塗装 横桁接合部材 x 341.15 G2	ext_poly	6	341.1545,-2.3450,-0.2505	341.1665,-2.3450,-0.2505	341.1665,-2.3450,-0.1125	341.2445,-2.3450,-0.1125	341.2445,-2.3450,-0.1005	341.1545,-2.3450,-0.1005	341.1545,-2.0200,-0.2505	341.1665,-2.0200,-0.2505	341.1665,-2.0200,-0.1125	341.2445,-2.0200,-0.1125	341.2445,-2.0200,-0.1005	341.1545,-2.0200,-0.1005
377	現場塗装-042	現場塗装						現場塗装（主桁部材取替(B) 横桁接合部材 2-L 150x90x12x325）	x 341.15 G2 起点側	補修一般図	V_側面_004_主桁部材取替B_第14径間_1-60	DWG の図から（測量前）	現場塗装 横桁接合部材 x 341.15 G2	ext_poly	6	341.1455,-2.3450,-0.1005	341.0555,-2.3450,-0.1005	341.0555,-2.3450,-0.1125	341.1335,-2.3450,-0.1125	341.1335,-2.3450,-0.2505	341.1455,-2.3450,-0.2505	341.1455,-2.0200,-0.1005	341.0555,-2.0200,-0.1005	341.0555,-2.0200,-0.1125	341.1335,-2.0200,-0.1125	341.1335,-2.0200,-0.2505	341.1455,-2.0200,-0.2505
378	現場塗装-043	現場塗装						現場塗装（主桁部材取替(B) 横桁接合部材 PL 315x9x455）	x 344.35 G1	補修一般図	V_側面_004_主桁部材取替B_第14径間_1-60	DWG の図から（測量前）	現場塗装 横桁接合部材 x 344.35 G1	ext_poly	5	344.3545,2.4690,-0.1085	344.3545,2.0140,-0.1085	344.3545,2.0140,-0.2335	344.3545,2.3060,-0.4235	344.3545,2.4690,-0.4235	344.3455,2.4690,-0.1085	344.3455,2.0140,-0.1085	344.3455,2.0140,-0.2335	344.3455,2.3060,-0.4235	344.3455,2.4690,-0.4235
379	現場塗装-044	現場塗装						現場塗装（主桁部材取替(B) 横桁接合部材 2-L 150x90x12x325）	x 344.35 G1 終点側	補修一般図	V_側面_004_主桁部材取替B_第14径間_1-60	DWG の図から（測量前）	現場塗装 横桁接合部材 x 344.35 G1	ext_poly	6	344.3545,2.0200,-0.2505	344.3665,2.0200,-0.2505	344.3665,2.0200,-0.1125	344.4445,2.0200,-0.1125	344.4445,2.0200,-0.1005	344.3545,2.0200,-0.1005	344.3545,2.3450,-0.2505	344.3665,2.3450,-0.2505	344.3665,2.3450,-0.1125	344.4445,2.3450,-0.1125	344.4445,2.3450,-0.1005	344.3545,2.3450,-0.1005
380	現場塗装-045	現場塗装						現場塗装（主桁部材取替(B) 横桁接合部材 2-L 150x90x12x325）	x 344.35 G1 起点側	補修一般図	V_側面_004_主桁部材取替B_第14径間_1-60	DWG の図から（測量前）	現場塗装 横桁接合部材 x 344.35 G1	ext_poly	6	344.3455,2.0200,-0.1005	344.2555,2.0200,-0.1005	344.2555,2.0200,-0.1125	344.3335,2.0200,-0.1125	344.3335,2.0200,-0.2505	344.3455,2.0200,-0.2505	344.3455,2.3450,-0.1005	344.2555,2.3450,-0.1005	344.2555,2.3450,-0.1125	344.3335,2.3450,-0.1125	344.3335,2.3450,-0.2505	344.3455,2.3450,-0.2505
381	現場塗装-046	現場塗装						現場塗装（主桁部材取替(B) 横桁接合部材 PL 315x9x455）	x 344.35 G2	補修一般図	V_側面_004_主桁部材取替B_第14径間_1-60	DWG の図から（測量前）	現場塗装 横桁接合部材 x 344.35 G2	ext_poly	5	344.3545,-2.4690,-0.4235	344.3545,-2.3060,-0.4235	344.3545,-2.0140,-0.2335	344.3545,-2.0140,-0.1085	344.3545,-2.4690,-0.1085	344.3455,-2.4690,-0.4235	344.3455,-2.3060,-0.4235	344.3455,-2.0140,-0.2335	344.3455,-2.0140,-0.1085	344.3455,-2.4690,-0.1085
382	現場塗装-047	現場塗装						現場塗装（主桁部材取替(B) 横桁接合部材 2-L 150x90x12x325）	x 344.35 G2 終点側	補修一般図	V_側面_004_主桁部材取替B_第14径間_1-60	DWG の図から（測量前）	現場塗装 横桁接合部材 x 344.35 G2	ext_poly	6	344.3545,-2.3450,-0.2505	344.3665,-2.3450,-0.2505	344.3665,-2.3450,-0.1125	344.4445,-2.3450,-0.1125	344.4445,-2.3450,-0.1005	344.3545,-2.3450,-0.1005	344.3545,-2.0200,-0.2505	344.3665,-2.0200,-0.2505	344.3665,-2.0200,-0.1125	344.4445,-2.0200,-0.1125	344.4445,-2.0200,-0.1005	344.3545,-2.0200,-0.1005
383	現場塗装-048	現場塗装						現場塗装（主桁部材取替(B) 横桁接合部材 2-L 150x90x12x325）	x 344.35 G2 起点側	補修一般図	V_側面_004_主桁部材取替B_第14径間_1-60	DWG の図から（測量前）	現場塗装 横桁接合部材 x 344.35 G2	ext_poly	6	344.3455,-2.3450,-0.1005	344.2555,-2.3450,-0.1005	344.2555,-2.3450,-0.1125	344.3335,-2.3450,-0.1125	344.3335,-2.3450,-0.2505	344.3455,-2.3450,-0.2505	344.3455,-2.0200,-0.1005	344.2555,-2.0200,-0.1005	344.2555,-2.0200,-0.1125	344.3335,-2.0200,-0.1125	344.3335,-2.0200,-0.2505	344.3455,-2.0200,-0.2505
384	現場塗装-049	現場塗装						現場塗装（主桁部材取替(B) 横桁接合部材 PL 315x9x455）	x 347.55 G1	補修一般図	V_側面_004_主桁部材取替B_第14径間_1-60	DWG の図から（測量前）	現場塗装 横桁接合部材 x 347.55 G1	ext_poly	5	347.5545,2.4690,-0.1085	347.5545,2.0140,-0.1085	347.5545,2.0140,-0.2335	347.5545,2.3060,-0.4235	347.5545,2.4690,-0.4235	347.5455,2.4690,-0.1085	347.5455,2.0140,-0.1085	347.5455,2.0140,-0.2335	347.5455,2.3060,-0.4235	347.5455,2.4690,-0.4235
385	現場塗装-050	現場塗装						現場塗装（主桁部材取替(B) 横桁接合部材 2-L 150x90x12x325）	x 347.55 G1 終点側	補修一般図	V_側面_004_主桁部材取替B_第14径間_1-60	DWG の図から（測量前）	現場塗装 横桁接合部材 x 347.55 G1	ext_poly	6	347.5545,2.0200,-0.2505	347.5665,2.0200,-0.2505	347.5665,2.0200,-0.1125	347.6445,2.0200,-0.1125	347.6445,2.0200,-0.1005	347.5545,2.0200,-0.1005	347.5545,2.3450,-0.2505	347.5665,2.3450,-0.2505	347.5665,2.3450,-0.1125	347.6445,2.3450,-0.1125	347.6445,2.3450,-0.1005	347.5545,2.3450,-0.1005
386	現場塗装-051	現場塗装						現場塗装（主桁部材取替(B) 横桁接合部材 2-L 150x90x12x325）	x 347.55 G1 起点側	補修一般図	V_側面_004_主桁部材取替B_第14径間_1-60	DWG の図から（測量前）	現場塗装 横桁接合部材 x 347.55 G1	ext_poly	6	347.5455,2.0200,-0.1005	347.4555,2.0200,-0.1005	347.4555,2.0200,-0.1125	347.5335,2.0200,-0.1125	347.5335,2.0200,-0.2505	347.5455,2.0200,-0.2505	347.5455,2.3450,-0.1005	347.4555,2.3450,-0.1005	347.4555,2.3450,-0.1125	347.5335,2.3450,-0.1125	347.5335,2.3450,-0.2505	347.5455,2.3450,-0.2505
387	現場塗装-052	現場塗装						現場塗装（主桁部材取替(B) 横桁接合部材 PL 315x9x455）	x 347.55 G2	補修一般図	V_側面_004_主桁部材取替B_第14径間_1-60	DWG の図から（測量前）	現場塗装 横桁接合部材 x 347.55 G2	ext_poly	5	347.5545,-2.4690,-0.4235	347.5545,-2.3060,-0.4235	347.5545,-2.0140,-0.2335	347.5545,-2.0140,-0.1085	347.5545,-2.4690,-0.1085	347.5455,-2.4690,-0.4235	347.5455,-2.3060,-0.4235	347.5455,-2.0140,-0.2335	347.5455,-2.0140,-0.1085	347.5455,-2.4690,-0.1085
388	現場塗装-053	現場塗装						現場塗装（主桁部材取替(B) 横桁接合部材 2-L 150x90x12x325）	x 347.55 G2 終点側	補修一般図	V_側面_004_主桁部材取替B_第14径間_1-60	DWG の図から（測量前）	現場塗装 横桁接合部材 x 347.55 G2	ext_poly	6	347.5545,-2.3450,-0.2505	347.5665,-2.3450,-0.2505	347.5665,-2.3450,-0.1125	347.6445,-2.3450,-0.1125	347.6445,-2.3450,-0.1005	347.5545,-2.3450,-0.1005	347.5545,-2.0200,-0.2505	347.5665,-2.0200,-0.2505	347.5665,-2.0200,-0.1125	347.6445,-2.0200,-0.1125	347.6445,-2.0200,-0.1005	347.5545,-2.0200,-0.1005
389	現場塗装-054	現場塗装						現場塗装（主桁部材取替(B) 横桁接合部材 2-L 150x90x12x325）	x 347.55 G2 起点側	補修一般図	V_側面_004_主桁部材取替B_第14径間_1-60	DWG の図から（測量前）	現場塗装 横桁接合部材 x 347.55 G2	ext_poly	6	347.5455,-2.3450,-0.1005	347.4555,-2.3450,-0.1005	347.4555,-2.3450,-0.1125	347.5335,-2.3450,-0.1125	347.5335,-2.3450,-0.2505	347.5455,-2.3450,-0.2505	347.5455,-2.0200,-0.1005	347.4555,-2.0200,-0.1005	347.4555,-2.0200,-0.1125	347.5335,-2.0200,-0.1125	347.5335,-2.0200,-0.2505	347.5455,-2.0200,-0.2505
390	現場塗装-055	現場塗装						現場塗装（主桁部材取替(B) 横桁接合部材 PL 315x9x455）	x 350.75 G1	補修一般図	V_側面_004_主桁部材取替B_第14径間_1-60	DWG の図から（測量前）	現場塗装 横桁接合部材 x 350.75 G1	ext_poly	5	350.7545,2.4690,-0.1085	350.7545,2.0140,-0.1085	350.7545,2.0140,-0.2335	350.7545,2.3060,-0.4235	350.7545,2.4690,-0.4235	350.7455,2.4690,-0.1085	350.7455,2.0140,-0.1085	350.7455,2.0140,-0.2335	350.7455,2.3060,-0.4235	350.7455,2.4690,-0.4235
391	現場塗装-056	現場塗装						現場塗装（主桁部材取替(B) 横桁接合部材 2-L 150x90x12x325）	x 350.75 G1 終点側	補修一般図	V_側面_004_主桁部材取替B_第14径間_1-60	DWG の図から（測量前）	現場塗装 横桁接合部材 x 350.75 G1	ext_poly	6	350.7545,2.0200,-0.2505	350.7665,2.0200,-0.2505	350.7665,2.0200,-0.1125	350.8445,2.0200,-0.1125	350.8445,2.0200,-0.1005	350.7545,2.0200,-0.1005	350.7545,2.3450,-0.2505	350.7665,2.3450,-0.2505	350.7665,2.3450,-0.1125	350.8445,2.3450,-0.1125	350.8445,2.3450,-0.1005	350.7545,2.3450,-0.1005
392	現場塗装-057	現場塗装						現場塗装（主桁部材取替(B) 横桁接合部材 2-L 150x90x12x325）	x 350.75 G1 起点側	補修一般図	V_側面_004_主桁部材取替B_第14径間_1-60	DWG の図から（測量前）	現場塗装 横桁接合部材 x 350.75 G1	ext_poly	6	350.7455,2.0200,-0.1005	350.6555,2.0200,-0.1005	350.6555,2.0200,-0.1125	350.7335,2.0200,-0.1125	350.7335,2.0200,-0.2505	350.7455,2.0200,-0.2505	350.7455,2.3450,-0.1005	350.6555,2.3450,-0.1005	350.6555,2.3450,-0.1125	350.7335,2.3450,-0.1125	350.7335,2.3450,-0.2505	350.7455,2.3450,-0.2505
393	現場塗装-058	現場塗装						現場塗装（主桁部材取替(B) 横桁接合部材 PL 315x9x455）	x 350.75 G2	補修一般図	V_側面_004_主桁部材取替B_第14径間_1-60	DWG の図から（測量前）	現場塗装 横桁接合部材 x 350.75 G2	ext_poly	5	350.7545,-2.4690,-0.4235	350.7545,-2.3060,-0.4235	350.7545,-2.0140,-0.2335	350.7545,-2.0140,-0.1085	350.7545,-2.4690,-0.1085	350.7455,-2.4690,-0.4235	350.7455,-2.3060,-0.4235	350.7455,-2.0140,-0.2335	350.7455,-2.0140,-0.1085	350.7455,-2.4690,-0.1085
394	現場塗装-059	現場塗装						現場塗装（主桁部材取替(B) 横桁接合部材 2-L 150x90x12x325）	x 350.75 G2 終点側	補修一般図	V_側面_004_主桁部材取替B_第14径間_1-60	DWG の図から（測量前）	現場塗装 横桁接合部材 x 350.75 G2	ext_poly	6	350.7545,-2.3450,-0.2505	350.7665,-2.3450,-0.2505	350.7665,-2.3450,-0.1125	350.8445,-2.3450,-0.1125	350.8445,-2.3450,-0.1005	350.7545,-2.3450,-0.1005	350.7545,-2.0200,-0.2505	350.7665,-2.0200,-0.2505	350.7665,-2.0200,-0.1125	350.8445,-2.0200,-0.1125	350.8445,-2.0200,-0.1005	350.7545,-2.0200,-0.1005
395	現場塗装-060	現場塗装						現場塗装（主桁部材取替(B) 横桁接合部材 2-L 150x90x12x325）	x 350.75 G2 起点側	補修一般図	V_側面_004_主桁部材取替B_第14径間_1-60	DWG の図から（測量前）	現場塗装 横桁接合部材 x 350.75 G2	ext_poly	6	350.7455,-2.3450,-0.1005	350.6555,-2.3450,-0.1005	350.6555,-2.3450,-0.1125	350.7335,-2.3450,-0.1125	350.7335,-2.3450,-0.2505	350.7455,-2.3450,-0.2505	350.7455,-2.0200,-0.1005	350.6555,-2.0200,-0.1005	350.6555,-2.0200,-0.1125	350.7335,-2.0200,-0.1125	350.7335,-2.0200,-0.2505	350.7455,-2.0200,-0.2505
396	現場塗装-061	現場塗装						現場塗装（主桁部材取替(B) 横桁接合部材 PL 315x9x455）	x 353.95 G1	補修一般図	V_側面_004_主桁部材取替B_第14径間_1-60	DWG の図から（測量前）	現場塗装 横桁接合部材 x 353.95 G1	ext_poly	5	353.9545,2.4690,-0.1085	353.9545,2.0140,-0.1085	353.9545,2.0140,-0.2335	353.9545,2.3060,-0.4235	353.9545,2.4690,-0.4235	353.9455,2.4690,-0.1085	353.9455,2.0140,-0.1085	353.9455,2.0140,-0.2335	353.9455,2.3060,-0.4235	353.9455,2.4690,-0.4235
397	現場塗装-062	現場塗装						現場塗装（主桁部材取替(B) 横桁接合部材 2-L 150x90x12x325）	x 353.95 G1 終点側	補修一般図	V_側面_004_主桁部材取替B_第14径間_1-60	DWG の図から（測量前）	現場塗装 横桁接合部材 x 353.95 G1	ext_poly	6	353.9545,2.0200,-0.2505	353.9665,2.0200,-0.2505	353.9665,2.0200,-0.1125	354.0445,2.0200,-0.1125	354.0445,2.0200,-0.1005	353.9545,2.0200,-0.1005	353.9545,2.3450,-0.2505	353.9665,2.3450,-0.2505	353.9665,2.3450,-0.1125	354.0445,2.3450,-0.1125	354.0445,2.3450,-0.1005	353.9545,2.3450,-0.1005
398	現場塗装-063	現場塗装						現場塗装（主桁部材取替(B) 横桁接合部材 2-L 150x90x12x325）	x 353.95 G1 起点側	補修一般図	V_側面_004_主桁部材取替B_第14径間_1-60	DWG の図から（測量前）	現場塗装 横桁接合部材 x 353.95 G1	ext_poly	6	353.9455,2.0200,-0.1005	353.8555,2.0200,-0.1005	353.8555,2.0200,-0.1125	353.9335,2.0200,-0.1125	353.9335,2.0200,-0.2505	353.9455,2.0200,-0.2505	353.9455,2.3450,-0.1005	353.8555,2.3450,-0.1005	353.8555,2.3450,-0.1125	353.9335,2.3450,-0.1125	353.9335,2.3450,-0.2505	353.9455,2.3450,-0.2505
399	現場塗装-064	現場塗装						現場塗装（主桁部材取替(B) 横桁接合部材 PL 315x9x455）	x 353.95 G2	補修一般図	V_側面_004_主桁部材取替B_第14径間_1-60	DWG の図から（測量前）	現場塗装 横桁接合部材 x 353.95 G2	ext_poly	5	353.9545,-2.4690,-0.4235	353.9545,-2.3060,-0.4235	353.9545,-2.0140,-0.2335	353.9545,-2.0140,-0.1085	353.9545,-2.4690,-0.1085	353.9455,-2.4690,-0.4235	353.9455,-2.3060,-0.4235	353.9455,-2.0140,-0.2335	353.9455,-2.0140,-0.1085	353.9455,-2.4690,-0.1085
400	現場塗装-065	現場塗装						現場塗装（主桁部材取替(B) 横桁接合部材 2-L 150x90x12x325）	x 353.95 G2 終点側	補修一般図	V_側面_004_主桁部材取替B_第14径間_1-60	DWG の図から（測量前）	現場塗装 横桁接合部材 x 353.95 G2	ext_poly	6	353.9545,-2.3450,-0.2505	353.9665,-2.3450,-0.2505	353.9665,-2.3450,-0.1125	354.0445,-2.3450,-0.1125	354.0445,-2.3450,-0.1005	353.9545,-2.3450,-0.1005	353.9545,-2.0200,-0.2505	353.9665,-2.0200,-0.2505	353.9665,-2.0200,-0.1125	354.0445,-2.0200,-0.1125	354.0445,-2.0200,-0.1005	353.9545,-2.0200,-0.1005
401	現場塗装-066	現場塗装						現場塗装（主桁部材取替(B) 横桁接合部材 2-L 150x90x12x325）	x 353.95 G2 起点側	補修一般図	V_側面_004_主桁部材取替B_第14径間_1-60	DWG の図から（測量前）	現場塗装 横桁接合部材 x 353.95 G2	ext_poly	6	353.9455,-2.3450,-0.1005	353.8555,-2.3450,-0.1005	353.8555,-2.3450,-0.1125	353.9335,-2.3450,-0.1125	353.9335,-2.3450,-0.2505	353.9455,-2.3450,-0.2505	353.9455,-2.0200,-0.1005	353.8555,-2.0200,-0.1005	353.8555,-2.0200,-0.1125	353.9335,-2.0200,-0.1125	353.9335,-2.0200,-0.2505	353.9455,-2.0200,-0.2505
402	現場塗装-067	現場塗装						現場塗装（主桁部材取替(A) 横桁接合部材 PL 315x9x455）	x 366.75 G1	補修一般図	V_側面_003_主桁部材取替A_第15径間_1-60	DWG の図から（測量前）	現場塗装 横桁接合部材 x 366.75 G1	ext_poly	5	366.7545,2.4690,-0.1520	366.7545,2.0140,-0.1520	366.7545,2.0140,-0.2770	366.7545,2.3060,-0.4670	366.7545,2.4690,-0.4670	366.7455,2.4690,-0.1520	366.7455,2.0140,-0.1520	366.7455,2.0140,-0.2770	366.7455,2.3060,-0.4670	366.7455,2.4690,-0.4670
403	現場塗装-068	現場塗装						現場塗装（主桁部材取替(A) 横桁接合部材 2-L 150x90x12x325）	x 366.75 G1 終点側	補修一般図	V_側面_003_主桁部材取替A_第15径間_1-60	DWG の図から（測量前）	現場塗装 横桁接合部材 x 366.75 G1	ext_poly	6	366.7545,2.0200,-0.2940	366.7665,2.0200,-0.2940	366.7665,2.0200,-0.1560	366.8445,2.0200,-0.1560	366.8445,2.0200,-0.1440	366.7545,2.0200,-0.1440	366.7545,2.3450,-0.2940	366.7665,2.3450,-0.2940	366.7665,2.3450,-0.1560	366.8445,2.3450,-0.1560	366.8445,2.3450,-0.1440	366.7545,2.3450,-0.1440
404	現場塗装-069	現場塗装						現場塗装（主桁部材取替(A) 横桁接合部材 2-L 150x90x12x325）	x 366.75 G1 起点側	補修一般図	V_側面_003_主桁部材取替A_第15径間_1-60	DWG の図から（測量前）	現場塗装 横桁接合部材 x 366.75 G1	ext_poly	6	366.7455,2.0200,-0.1440	366.6555,2.0200,-0.1440	366.6555,2.0200,-0.1560	366.7335,2.0200,-0.1560	366.7335,2.0200,-0.2940	366.7455,2.0200,-0.2940	366.7455,2.3450,-0.1440	366.6555,2.3450,-0.1440	366.6555,2.3450,-0.1560	366.7335,2.3450,-0.1560	366.7335,2.3450,-0.2940	366.7455,2.3450,-0.2940
405	現場塗装-070	現場塗装						現場塗装（主桁部材取替(A) 横桁接合部材 PL 315x9x455）	x 366.75 G2	補修一般図	V_側面_003_主桁部材取替A_第15径間_1-60	DWG の図から（測量前）	現場塗装 横桁接合部材 x 366.75 G2	ext_poly	5	366.7545,-2.4690,-0.4670	366.7545,-2.3060,-0.4670	366.7545,-2.0140,-0.2770	366.7545,-2.0140,-0.1520	366.7545,-2.4690,-0.1520	366.7455,-2.4690,-0.4670	366.7455,-2.3060,-0.4670	366.7455,-2.0140,-0.2770	366.7455,-2.0140,-0.1520	366.7455,-2.4690,-0.1520
406	現場塗装-071	現場塗装						現場塗装（主桁部材取替(A) 横桁接合部材 2-L 150x90x12x325）	x 366.75 G2 終点側	補修一般図	V_側面_003_主桁部材取替A_第15径間_1-60	DWG の図から（測量前）	現場塗装 横桁接合部材 x 366.75 G2	ext_poly	6	366.7545,-2.3450,-0.2940	366.7665,-2.3450,-0.2940	366.7665,-2.3450,-0.1560	366.8445,-2.3450,-0.1560	366.8445,-2.3450,-0.1440	366.7545,-2.3450,-0.1440	366.7545,-2.0200,-0.2940	366.7665,-2.0200,-0.2940	366.7665,-2.0200,-0.1560	366.8445,-2.0200,-0.1560	366.8445,-2.0200,-0.1440	366.7545,-2.0200,-0.1440
407	現場塗装-072	現場塗装						現場塗装（主桁部材取替(A) 横桁接合部材 2-L 150x90x12x325）	x 366.75 G2 起点側	補修一般図	V_側面_003_主桁部材取替A_第15径間_1-60	DWG の図から（測量前）	現場塗装 横桁接合部材 x 366.75 G2	ext_poly	6	366.7455,-2.3450,-0.1440	366.6555,-2.3450,-0.1440	366.6555,-2.3450,-0.1560	366.7335,-2.3450,-0.1560	366.7335,-2.3450,-0.2940	366.7455,-2.3450,-0.2940	366.7455,-2.0200,-0.1440	366.6555,-2.0200,-0.1440	366.6555,-2.0200,-0.1560	366.7335,-2.0200,-0.1560	366.7335,-2.0200,-0.2940	366.7455,-2.0200,-0.2940
408	現場塗装-073	現場塗装						現場塗装（主桁部材取替(A) 横桁接合部材 PL 330x9x450）	x 373.15 G1	補修一般図	V_側面_003_主桁部材取替A_第15径間_1-60	DWG の図から（測量前）	現場塗装 横桁接合部材 x 373.15 G1	ext_poly	5	373.1545,2.4705,-0.2114	373.1545,2.0205,-0.2114	373.1545,2.0205,-0.3364	373.1545,2.3075,-0.5414	373.1545,2.4705,-0.5414	373.1455,2.4705,-0.2114	373.1455,2.0205,-0.2114	373.1455,2.0205,-0.3364	373.1455,2.3075,-0.5414	373.1455,2.4705,-0.5414
409	現場塗装-074	現場塗装						現場塗装（主桁部材取替(A) 横桁接合部材 2-L 150x90x12x325）	x 373.15 G1 終点側	補修一般図	V_側面_003_主桁部材取替A_第15径間_1-60	DWG の図から（測量前）	現場塗装 横桁接合部材 x 373.15 G1	ext_poly	6	373.1545,2.0245,-0.3534	373.1665,2.0245,-0.3534	373.1665,2.0245,-0.2154	373.2445,2.0245,-0.2154	373.2445,2.0245,-0.2034	373.1545,2.0245,-0.2034	373.1545,2.3495,-0.3534	373.1665,2.3495,-0.3534	373.1665,2.3495,-0.2154	373.2445,2.3495,-0.2154	373.2445,2.3495,-0.2034	373.1545,2.3495,-0.2034
410	現場塗装-075	現場塗装						現場塗装（主桁部材取替(A) 横桁接合部材 2-L 150x90x12x325）	x 373.15 G1 起点側	補修一般図	V_側面_003_主桁部材取替A_第15径間_1-60	DWG の図から（測量前）	現場塗装 横桁接合部材 x 373.15 G1	ext_poly	6	373.1455,2.0245,-0.2034	373.0555,2.0245,-0.2034	373.0555,2.0245,-0.2154	373.1335,2.0245,-0.2154	373.1335,2.0245,-0.3534	373.1455,2.0245,-0.3534	373.1455,2.3495,-0.2034	373.0555,2.3495,-0.2034	373.0555,2.3495,-0.2154	373.1335,2.3495,-0.2154	373.1335,2.3495,-0.3534	373.1455,2.3495,-0.3534
411	現場塗装-076	現場塗装						現場塗装（主桁部材取替(A) 横桁接合部材 PL 330x9x450）	x 373.15 G2	補修一般図	V_側面_003_主桁部材取替A_第15径間_1-60	DWG の図から（測量前）	現場塗装 横桁接合部材 x 373.15 G2	ext_poly	5	373.1545,-2.4705,-0.5414	373.1545,-2.3075,-0.5414	373.1545,-2.0205,-0.3364	373.1545,-2.0205,-0.2114	373.1545,-2.4705,-0.2114	373.1455,-2.4705,-0.5414	373.1455,-2.3075,-0.5414	373.1455,-2.0205,-0.3364	373.1455,-2.0205,-0.2114	373.1455,-2.4705,-0.2114
412	現場塗装-077	現場塗装						現場塗装（主桁部材取替(A) 横桁接合部材 2-L 150x90x12x325）	x 373.15 G2 終点側	補修一般図	V_側面_003_主桁部材取替A_第15径間_1-60	DWG の図から（測量前）	現場塗装 横桁接合部材 x 373.15 G2	ext_poly	6	373.1545,-2.3495,-0.3534	373.1665,-2.3495,-0.3534	373.1665,-2.3495,-0.2154	373.2445,-2.3495,-0.2154	373.2445,-2.3495,-0.2034	373.1545,-2.3495,-0.2034	373.1545,-2.0245,-0.3534	373.1665,-2.0245,-0.3534	373.1665,-2.0245,-0.2154	373.2445,-2.0245,-0.2154	373.2445,-2.0245,-0.2034	373.1545,-2.0245,-0.2034
413	現場塗装-078	現場塗装						現場塗装（主桁部材取替(A) 横桁接合部材 2-L 150x90x12x325）	x 373.15 G2 起点側	補修一般図	V_側面_003_主桁部材取替A_第15径間_1-60	DWG の図から（測量前）	現場塗装 横桁接合部材 x 373.15 G2	ext_poly	6	373.1455,-2.3495,-0.2034	373.0555,-2.3495,-0.2034	373.0555,-2.3495,-0.2154	373.1335,-2.3495,-0.2154	373.1335,-2.3495,-0.3534	373.1455,-2.3495,-0.3534	373.1455,-2.0245,-0.2034	373.0555,-2.0245,-0.2034	373.0555,-2.0245,-0.2154	373.1335,-2.0245,-0.2154	373.1335,-2.0245,-0.3534	373.1455,-2.0245,-0.3534
414	現場塗装-079	現場塗装						現場塗装（主桁部材取替(A) 横桁接合部材 PL 330x9x460）	x 376.35 G1	補修一般図	V_側面_003_主桁部材取替A_第15径間_1-60	DWG の図から（測量前）	現場塗装 横桁接合部材 x 376.35 G1	ext_poly	5	376.3545,2.4705,-0.2114	376.3545,2.0105,-0.2114	376.3545,2.0105,-0.3364	376.3545,2.3075,-0.5414	376.3545,2.4705,-0.5414	376.3455,2.4705,-0.2114	376.3455,2.0105,-0.2114	376.3455,2.0105,-0.3364	376.3455,2.3075,-0.5414	376.3455,2.4705,-0.5414
415	現場塗装-080	現場塗装						現場塗装（主桁部材取替(A) 横桁接合部材 2-L 150x90x12x320）	x 376.35 G1 終点側	補修一般図	V_側面_003_主桁部材取替A_第15径間_1-60	DWG の図から（測量前）	現場塗装 横桁接合部材 x 376.35 G1	ext_poly	6	376.3545,2.0200,-0.3534	376.3665,2.0200,-0.3534	376.3665,2.0200,-0.2154	376.4445,2.0200,-0.2154	376.4445,2.0200,-0.2034	376.3545,2.0200,-0.2034	376.3545,2.3400,-0.3534	376.3665,2.3400,-0.3534	376.3665,2.3400,-0.2154	376.4445,2.3400,-0.2154	376.4445,2.3400,-0.2034	376.3545,2.3400,-0.2034
416	現場塗装-081	現場塗装						現場塗装（主桁部材取替(A) 横桁接合部材 2-L 150x90x12x320）	x 376.35 G1 起点側	補修一般図	V_側面_003_主桁部材取替A_第15径間_1-60	DWG の図から（測量前）	現場塗装 横桁接合部材 x 376.35 G1	ext_poly	6	376.3455,2.0200,-0.2034	376.2555,2.0200,-0.2034	376.2555,2.0200,-0.2154	376.3335,2.0200,-0.2154	376.3335,2.0200,-0.3534	376.3455,2.0200,-0.3534	376.3455,2.3400,-0.2034	376.2555,2.3400,-0.2034	376.2555,2.3400,-0.2154	376.3335,2.3400,-0.2154	376.3335,2.3400,-0.3534	376.3455,2.3400,-0.3534
417	現場塗装-082	現場塗装						現場塗装（主桁部材取替(A) 横桁接合部材 PL 330x9x460）	x 376.35 G2	補修一般図	V_側面_003_主桁部材取替A_第15径間_1-60	DWG の図から（測量前）	現場塗装 横桁接合部材 x 376.35 G2	ext_poly	5	376.3545,-2.4705,-0.5414	376.3545,-2.3075,-0.5414	376.3545,-2.0105,-0.3364	376.3545,-2.0105,-0.2114	376.3545,-2.4705,-0.2114	376.3455,-2.4705,-0.5414	376.3455,-2.3075,-0.5414	376.3455,-2.0105,-0.3364	376.3455,-2.0105,-0.2114	376.3455,-2.4705,-0.2114
418	現場塗装-083	現場塗装						現場塗装（主桁部材取替(A) 横桁接合部材 2-L 150x90x12x320）	x 376.35 G2 終点側	補修一般図	V_側面_003_主桁部材取替A_第15径間_1-60	DWG の図から（測量前）	現場塗装 横桁接合部材 x 376.35 G2	ext_poly	6	376.3545,-2.3400,-0.3534	376.3665,-2.3400,-0.3534	376.3665,-2.3400,-0.2154	376.4445,-2.3400,-0.2154	376.4445,-2.3400,-0.2034	376.3545,-2.3400,-0.2034	376.3545,-2.0200,-0.3534	376.3665,-2.0200,-0.3534	376.3665,-2.0200,-0.2154	376.4445,-2.0200,-0.2154	376.4445,-2.0200,-0.2034	376.3545,-2.0200,-0.2034
419	現場塗装-084	現場塗装						現場塗装（主桁部材取替(A) 横桁接合部材 2-L 150x90x12x320）	x 376.35 G2 起点側	補修一般図	V_側面_003_主桁部材取替A_第15径間_1-60	DWG の図から（測量前）	現場塗装 横桁接合部材 x 376.35 G2	ext_poly	6	376.3455,-2.3400,-0.2034	376.2555,-2.3400,-0.2034	376.2555,-2.3400,-0.2154	376.3335,-2.3400,-0.2154	376.3335,-2.3400,-0.3534	376.3455,-2.3400,-0.3534	376.3455,-2.0200,-0.2034	376.2555,-2.0200,-0.2034	376.2555,-2.0200,-0.2154	376.3335,-2.0200,-0.2154	376.3335,-2.0200,-0.3534	376.3455,-2.0200,-0.3534
420	現場塗装-085	現場塗装						現場塗装（主桁部材取替(A) 横桁接合部材 PL 330x9x450）	x 379.55 G1	補修一般図	V_側面_003_主桁部材取替A_第15径間_1-60	DWG の図から（測量前）	現場塗装 横桁接合部材 x 379.55 G1	ext_poly	5	379.5545,2.4705,-0.2114	379.5545,2.0205,-0.2114	379.5545,2.0205,-0.3364	379.5545,2.3075,-0.5414	379.5545,2.4705,-0.5414	379.5455,2.4705,-0.2114	379.5455,2.0205,-0.2114	379.5455,2.0205,-0.3364	379.5455,2.3075,-0.5414	379.5455,2.4705,-0.5414
421	現場塗装-086	現場塗装						現場塗装（主桁部材取替(A) 横桁接合部材 2-L 150x90x12x325）	x 379.55 G1 終点側	補修一般図	V_側面_003_主桁部材取替A_第15径間_1-60	DWG の図から（測量前）	現場塗装 横桁接合部材 x 379.55 G1	ext_poly	6	379.5545,2.0245,-0.3534	379.5665,2.0245,-0.3534	379.5665,2.0245,-0.2154	379.6445,2.0245,-0.2154	379.6445,2.0245,-0.2034	379.5545,2.0245,-0.2034	379.5545,2.3495,-0.3534	379.5665,2.3495,-0.3534	379.5665,2.3495,-0.2154	379.6445,2.3495,-0.2154	379.6445,2.3495,-0.2034	379.5545,2.3495,-0.2034
422	現場塗装-087	現場塗装						現場塗装（主桁部材取替(A) 横桁接合部材 2-L 150x90x12x325）	x 379.55 G1 起点側	補修一般図	V_側面_003_主桁部材取替A_第15径間_1-60	DWG の図から（測量前）	現場塗装 横桁接合部材 x 379.55 G1	ext_poly	6	379.5455,2.0245,-0.2034	379.4555,2.0245,-0.2034	379.4555,2.0245,-0.2154	379.5335,2.0245,-0.2154	379.5335,2.0245,-0.3534	379.5455,2.0245,-0.3534	379.5455,2.3495,-0.2034	379.4555,2.3495,-0.2034	379.4555,2.3495,-0.2154	379.5335,2.3495,-0.2154	379.5335,2.3495,-0.3534	379.5455,2.3495,-0.3534
423	現場塗装-088	現場塗装						現場塗装（主桁部材取替(A) 横桁接合部材 PL 330x9x450）	x 379.55 G2	補修一般図	V_側面_003_主桁部材取替A_第15径間_1-60	DWG の図から（測量前）	現場塗装 横桁接合部材 x 379.55 G2	ext_poly	5	379.5545,-2.4705,-0.5414	379.5545,-2.3075,-0.5414	379.5545,-2.0205,-0.3364	379.5545,-2.0205,-0.2114	379.5545,-2.4705,-0.2114	379.5455,-2.4705,-0.5414	379.5455,-2.3075,-0.5414	379.5455,-2.0205,-0.3364	379.5455,-2.0205,-0.2114	379.5455,-2.4705,-0.2114
424	現場塗装-089	現場塗装						現場塗装（主桁部材取替(A) 横桁接合部材 2-L 150x90x12x325）	x 379.55 G2 終点側	補修一般図	V_側面_003_主桁部材取替A_第15径間_1-60	DWG の図から（測量前）	現場塗装 横桁接合部材 x 379.55 G2	ext_poly	6	379.5545,-2.3495,-0.3534	379.5665,-2.3495,-0.3534	379.5665,-2.3495,-0.2154	379.6445,-2.3495,-0.2154	379.6445,-2.3495,-0.2034	379.5545,-2.3495,-0.2034	379.5545,-2.0245,-0.3534	379.5665,-2.0245,-0.3534	379.5665,-2.0245,-0.2154	379.6445,-2.0245,-0.2154	379.6445,-2.0245,-0.2034	379.5545,-2.0245,-0.2034
425	現場塗装-090	現場塗装						現場塗装（主桁部材取替(A) 横桁接合部材 2-L 150x90x12x325）	x 379.55 G2 起点側	補修一般図	V_側面_003_主桁部材取替A_第15径間_1-60	DWG の図から（測量前）	現場塗装 横桁接合部材 x 379.55 G2	ext_poly	6	379.5455,-2.3495,-0.2034	379.4555,-2.3495,-0.2034	379.4555,-2.3495,-0.2154	379.5335,-2.3495,-0.2154	379.5335,-2.3495,-0.3534	379.5455,-2.3495,-0.3534	379.5455,-2.0245,-0.2034	379.4555,-2.0245,-0.2034	379.4555,-2.0245,-0.2154	379.5335,-2.0245,-0.2154	379.5335,-2.0245,-0.3534	379.5455,-2.0245,-0.3534
426	現場塗装-091	現場塗装						現場塗装（主桁部材取替(A) 横桁接合部材 PL 315x9x455）	x 385.95 G1	補修一般図	V_側面_003_主桁部材取替A_第15径間_1-60	DWG の図から（測量前）	現場塗装 横桁接合部材 x 385.95 G1	ext_poly	5	385.9545,2.4690,-0.2708	385.9545,2.0140,-0.2708	385.9545,2.0140,-0.3958	385.9545,2.3060,-0.5858	385.9545,2.4690,-0.5858	385.9455,2.4690,-0.2708	385.9455,2.0140,-0.2708	385.9455,2.0140,-0.3958	385.9455,2.3060,-0.5858	385.9455,2.4690,-0.5858
427	現場塗装-092	現場塗装						現場塗装（主桁部材取替(A) 横桁接合部材 2-L 150x90x12x325）	x 385.95 G1 終点側	補修一般図	V_側面_003_主桁部材取替A_第15径間_1-60	DWG の図から（測量前）	現場塗装 横桁接合部材 x 385.95 G1	ext_poly	6	385.9545,2.0200,-0.4128	385.9665,2.0200,-0.4128	385.9665,2.0200,-0.2748	386.0445,2.0200,-0.2748	386.0445,2.0200,-0.2628	385.9545,2.0200,-0.2628	385.9545,2.3450,-0.4128	385.9665,2.3450,-0.4128	385.9665,2.3450,-0.2748	386.0445,2.3450,-0.2748	386.0445,2.3450,-0.2628	385.9545,2.3450,-0.2628
428	現場塗装-093	現場塗装						現場塗装（主桁部材取替(A) 横桁接合部材 2-L 150x90x12x325）	x 385.95 G1 起点側	補修一般図	V_側面_003_主桁部材取替A_第15径間_1-60	DWG の図から（測量前）	現場塗装 横桁接合部材 x 385.95 G1	ext_poly	6	385.9455,2.0200,-0.2628	385.8555,2.0200,-0.2628	385.8555,2.0200,-0.2748	385.9335,2.0200,-0.2748	385.9335,2.0200,-0.4128	385.9455,2.0200,-0.4128	385.9455,2.3450,-0.2628	385.8555,2.3450,-0.2628	385.8555,2.3450,-0.2748	385.9335,2.3450,-0.2748	385.9335,2.3450,-0.4128	385.9455,2.3450,-0.4128
429	現場塗装-094	現場塗装						現場塗装（主桁部材取替(A) 横桁接合部材 PL 315x9x455）	x 385.95 G2	補修一般図	V_側面_003_主桁部材取替A_第15径間_1-60	DWG の図から（測量前）	現場塗装 横桁接合部材 x 385.95 G2	ext_poly	5	385.9545,-2.4690,-0.5858	385.9545,-2.3060,-0.5858	385.9545,-2.0140,-0.3958	385.9545,-2.0140,-0.2708	385.9545,-2.4690,-0.2708	385.9455,-2.4690,-0.5858	385.9455,-2.3060,-0.5858	385.9455,-2.0140,-0.3958	385.9455,-2.0140,-0.2708	385.9455,-2.4690,-0.2708
430	現場塗装-095	現場塗装						現場塗装（主桁部材取替(A) 横桁接合部材 2-L 150x90x12x325）	x 385.95 G2 終点側	補修一般図	V_側面_003_主桁部材取替A_第15径間_1-60	DWG の図から（測量前）	現場塗装 横桁接合部材 x 385.95 G2	ext_poly	6	385.9545,-2.3450,-0.4128	385.9665,-2.3450,-0.4128	385.9665,-2.3450,-0.2748	386.0445,-2.3450,-0.2748	386.0445,-2.3450,-0.2628	385.9545,-2.3450,-0.2628	385.9545,-2.0200,-0.4128	385.9665,-2.0200,-0.4128	385.9665,-2.0200,-0.2748	386.0445,-2.0200,-0.2748	386.0445,-2.0200,-0.2628	385.9545,-2.0200,-0.2628
431	現場塗装-096	現場塗装						現場塗装（主桁部材取替(A) 横桁接合部材 2-L 150x90x12x325）	x 385.95 G2 起点側	補修一般図	V_側面_003_主桁部材取替A_第15径間_1-60	DWG の図から（測量前）	現場塗装 横桁接合部材 x 385.95 G2	ext_poly	6	385.9455,-2.3450,-0.2628	385.8555,-2.3450,-0.2628	385.8555,-2.3450,-0.2748	385.9335,-2.3450,-0.2748	385.9335,-2.3450,-0.4128	385.9455,-2.3450,-0.4128	385.9455,-2.0200,-0.2628	385.8555,-2.0200,-0.2628	385.8555,-2.0200,-0.2748	385.9335,-2.0200,-0.2748	385.9335,-2.0200,-0.4128	385.9455,-2.0200,-0.4128
432	現場塗装-097	現場塗装						現場塗装（L-90x90x10x840）	C15 x 113.95 G1 の端 終点側	補修一般図		DWG の図から（測量前）	現場塗装 横桁部材取替 C15	ext_poly	6	113.9545,1.4985,0.0241	113.9645,1.4985,0.0241	113.9645,1.4985,0.1041	114.0445,1.4985,0.1041	114.0445,1.4985,0.1141	113.9545,1.4985,0.1141	113.9545,2.3385,0.0241	113.9645,2.3385,0.0241	113.9645,2.3385,0.1041	114.0445,2.3385,0.1041	114.0445,2.3385,0.1141	113.9545,2.3385,0.1141
433	現場塗装-098	現場塗装						現場塗装（L-90x90x10x840）	C20 x 127.38 G1 の端 終点側	補修一般図		DWG の図から（測量前）	現場塗装 横桁部材取替 C20	ext_poly	6	127.3795,1.4985,0.1101	127.3895,1.4985,0.1101	127.3895,1.4985,0.1901	127.4695,1.4985,0.1901	127.4695,1.4985,0.2001	127.3795,1.4985,0.2001	127.3795,2.3385,0.1101	127.3895,2.3385,0.1101	127.3895,2.3385,0.1901	127.4695,2.3385,0.1901	127.4695,2.3385,0.2001	127.3795,2.3385,0.2001
434	現場塗装-099	現場塗装						現場塗装（2-Ls 125x90x9x4690）	P6 支点部横桁 終点側	補修一般図		DWG の図から（測量前）	現場塗装 横桁下弦材取替 P6	ext_poly	6	104.3545,-2.3450,-1.8944	104.4795,-2.3450,-1.8944	104.4795,-2.3450,-1.8854	104.3635,-2.3450,-1.8854	104.3635,-2.3450,-1.8044	104.3545,-2.3450,-1.8044	104.3545,2.3450,-1.8944	104.4795,2.3450,-1.8944	104.4795,2.3450,-1.8854	104.3635,2.3450,-1.8854	104.3635,2.3450,-1.8044	104.3545,2.3450,-1.8044
435	現場塗装-100	現場塗装						現場塗装（2-Ls 125x90x9x4690）	P6 支点部横桁 起点側	補修一般図		DWG の図から（測量前）	現場塗装 横桁下弦材取替 P6	ext_poly	6	104.3455,-2.3450,-1.8044	104.3365,-2.3450,-1.8044	104.3365,-2.3450,-1.8854	104.2205,-2.3450,-1.8854	104.2205,-2.3450,-1.8944	104.3455,-2.3450,-1.8944	104.3455,2.3450,-1.8044	104.3365,2.3450,-1.8044	104.3365,2.3450,-1.8854	104.2205,2.3450,-1.8854	104.2205,2.3450,-1.8944	104.3455,2.3450,-1.8944
436	現場塗装-101	現場塗装						現場塗装（2-Ls 125x90x9x4690）	P7 支点部横桁 終点側	補修一般図		DWG の図から（測量前）	現場塗装 横桁下弦材取替 P7	ext_poly	6	136.3545,-2.3450,-1.6894	136.4795,-2.3450,-1.6894	136.4795,-2.3450,-1.6804	136.3635,-2.3450,-1.6804	136.3635,-2.3450,-1.5994	136.3545,-2.3450,-1.5994	136.3545,2.3450,-1.6894	136.4795,2.3450,-1.6894	136.4795,2.3450,-1.6804	136.3635,2.3450,-1.6804	136.3635,2.3450,-1.5994	136.3545,2.3450,-1.5994
437	現場塗装-102	現場塗装						現場塗装（2-Ls 125x90x9x4690）	P7 支点部横桁 起点側	補修一般図		DWG の図から（測量前）	現場塗装 横桁下弦材取替 P7	ext_poly	6	136.3455,-2.3450,-1.5994	136.3365,-2.3450,-1.5994	136.3365,-2.3450,-1.6804	136.2205,-2.3450,-1.6804	136.2205,-2.3450,-1.6894	136.3455,-2.3450,-1.6894	136.3455,2.3450,-1.5994	136.3365,2.3450,-1.5994	136.3365,2.3450,-1.6804	136.2205,2.3450,-1.6804	136.2205,2.3450,-1.6894	136.3455,2.3450,-1.6894
438	現場塗装-103	現場塗装						現場塗装（当て板 FB 180x12x3955）	第15径間中央 x 376.35	補修一般図		DWG の図から（測量前）	現場塗装 横桁当て板補修 x 376.35	ext_poly	4	376.4400,-1.9775,-0.2064	376.4400,1.9775,-0.2064	376.4400,1.9775,-0.1944	376.4400,-1.9775,-0.1944	376.2600,-1.9775,-0.2064	376.2600,1.9775,-0.2064	376.2600,1.9775,-0.1944	376.2600,-1.9775,-0.1944
439	現場塗装-104	現場塗装						現場塗装（連結板 PL 320x22x650）	x 369.65 G1	補修一般図		DWG の図から（測量前）	現場塗装 桁間連結装置取替 x 369.65 G1	ext_poly	4	370.0000,2.3400,-0.7126	370.0000,2.6600,-0.7126	370.0000,2.6600,-0.6906	370.0000,2.3400,-0.6906	369.3500,2.3400,-0.7126	369.3500,2.6600,-0.7126	369.3500,2.6600,-0.6906	369.3500,2.3400,-0.6906
440	現場塗装-105	現場塗装						現場塗装（フィラー PL 320x2.3x275）	x 369.65 G1	補修一般図		DWG の図から（測量前）	現場塗装 桁間連結装置取替 x 369.65 G1	ext_poly	4	369.6250,2.3400,-0.6906	369.6250,2.6600,-0.6906	369.6250,2.6600,-0.6883	369.6250,2.3400,-0.6883	369.3500,2.3400,-0.6906	369.3500,2.6600,-0.6906	369.3500,2.6600,-0.6883	369.3500,2.3400,-0.6883
441	現場塗装-106	現場塗装						現場塗装（連結板 PL 320x22x650）	x 369.65 G2	補修一般図		DWG の図から（測量前）	現場塗装 桁間連結装置取替 x 369.65 G2	ext_poly	4	370.0000,-2.6600,-0.7126	370.0000,-2.3400,-0.7126	370.0000,-2.3400,-0.6906	370.0000,-2.6600,-0.6906	369.3500,-2.6600,-0.7126	369.3500,-2.3400,-0.7126	369.3500,-2.3400,-0.6906	369.3500,-2.6600,-0.6906
442	現場塗装-107	現場塗装						現場塗装（フィラー PL 320x2.3x275）	x 369.65 G2	補修一般図		DWG の図から（測量前）	現場塗装 桁間連結装置取替 x 369.65 G2	ext_poly	4	369.6250,-2.6600,-0.6906	369.6250,-2.3400,-0.6906	369.6250,-2.3400,-0.6883	369.6250,-2.6600,-0.6883	369.3500,-2.6600,-0.6906	369.3500,-2.3400,-0.6906	369.3500,-2.3400,-0.6883	369.3500,-2.6600,-0.6883
443	現場塗装-108	現場塗装						現場塗装（ブラケット）	x 369.65 起点側（可動） 定着桁側 G1	補修一般図	V_断面_012_落橋防止装置_掛け違い_1-20	DWG の図から（測量前）	現場塗装 落橋防止装置取替 x 369.65 G1	ext_poly	4	368.5234,2.5060,0.0067	368.5234,2.8920,0.0067	368.5234,2.8920,0.6367	368.5234,2.5060,0.6367	367.6085,2.5060,0.0067	367.6085,2.8920,0.0067	367.6085,2.8920,0.6367	367.6085,2.5060,0.6367
444	現場塗装-109	現場塗装						現場塗装（ブラケット）	x 369.65 起点側（可動） 吊桁側 G1	補修一般図	V_断面_012_落橋防止装置_掛け違い_1-20	DWG の図から（測量前）	現場塗装 落橋防止装置取替 x 369.65 G1	ext_poly	4	371.4420,2.5060,0.0067	371.4420,2.8920,0.0067	371.4420,2.8920,0.6367	371.4420,2.5060,0.6367	370.5050,2.5060,0.0067	370.5050,2.8920,0.0067	370.5050,2.8920,0.6367	370.5050,2.5060,0.6367
445	現場塗装-110	現場塗装						現場塗装（落橋防止装置 F40TD L=3658）	x 369.65 起点側（可動） G1	補修一般図	V_断面_012_落橋防止装置_掛け違い_1-20	DWG の図から（測量前）	現場塗装 落橋防止装置取替 x 369.65 G1	ext_poly	12	371.3487,2.7200,0.3217	371.3487,2.7173,0.3317	371.3487,2.7100,0.3390	371.3487,2.7000,0.3417	371.3487,2.6900,0.3390	371.3487,2.6827,0.3317	371.3487,2.6800,0.3217	371.3487,2.6827,0.3117	371.3487,2.6900,0.3044	371.3487,2.7000,0.3017	371.3487,2.7100,0.3044	371.3487,2.7173,0.3117	367.6907,2.7200,0.3217	367.6907,2.7173,0.3317	367.6907,2.7100,0.3390	367.6907,2.7000,0.3417	367.6907,2.6900,0.3390	367.6907,2.6827,0.3317	367.6907,2.6800,0.3217	367.6907,2.6827,0.3117	367.6907,2.6900,0.3044	367.6907,2.7000,0.3017	367.6907,2.7100,0.3044	367.6907,2.7173,0.3117
446	現場塗装-111	現場塗装						現場塗装（ブラケット）	x 369.65 起点側（可動） 定着桁側 G2	補修一般図	V_断面_012_落橋防止装置_掛け違い_1-20	DWG の図から（測量前）	現場塗装 落橋防止装置取替 x 369.65 G2	ext_poly	4	368.5234,-2.8920,0.0067	368.5234,-2.5060,0.0067	368.5234,-2.5060,0.6367	368.5234,-2.8920,0.6367	367.6085,-2.8920,0.0067	367.6085,-2.5060,0.0067	367.6085,-2.5060,0.6367	367.6085,-2.8920,0.6367
447	現場塗装-112	現場塗装						現場塗装（ブラケット）	x 369.65 起点側（可動） 吊桁側 G2	補修一般図	V_断面_012_落橋防止装置_掛け違い_1-20	DWG の図から（測量前）	現場塗装 落橋防止装置取替 x 369.65 G2	ext_poly	4	371.4420,-2.8920,0.0067	371.4420,-2.5060,0.0067	371.4420,-2.5060,0.6367	371.4420,-2.8920,0.6367	370.5050,-2.8920,0.0067	370.5050,-2.5060,0.0067	370.5050,-2.5060,0.6367	370.5050,-2.8920,0.6367
448	現場塗装-113	現場塗装						現場塗装（落橋防止装置 F40TD L=3658）	x 369.65 起点側（可動） G2	補修一般図	V_断面_012_落橋防止装置_掛け違い_1-20	DWG の図から（測量前）	現場塗装 落橋防止装置取替 x 369.65 G2	ext_poly	12	371.3487,-2.6800,0.3217	371.3487,-2.6827,0.3317	371.3487,-2.6900,0.3390	371.3487,-2.7000,0.3417	371.3487,-2.7100,0.3390	371.3487,-2.7173,0.3317	371.3487,-2.7200,0.3217	371.3487,-2.7173,0.3117	371.3487,-2.7100,0.3044	371.3487,-2.7000,0.3017	371.3487,-2.6900,0.3044	371.3487,-2.6827,0.3117	367.6907,-2.6800,0.3217	367.6907,-2.6827,0.3317	367.6907,-2.6900,0.3390	367.6907,-2.7000,0.3417	367.6907,-2.7100,0.3390	367.6907,-2.7173,0.3317	367.6907,-2.7200,0.3217	367.6907,-2.7173,0.3117	367.6907,-2.7100,0.3044	367.6907,-2.7000,0.3017	367.6907,-2.6900,0.3044	367.6907,-2.6827,0.3117
449	現場塗装-114	現場塗装						現場塗装（ブラケット）	x 383.05 終点側（固定） 定着桁側 G1	補修一般図	V_断面_012_落橋防止装置_掛け違い_1-20	DWG の図から（測量前）	現場塗装 落橋防止装置取替 x 383.05 G1	ext_poly	4	385.0915,2.5060,-0.0795	385.0915,2.8920,-0.0795	385.0915,2.8920,0.5505	385.0915,2.5060,0.5505	384.1766,2.5060,-0.0795	384.1766,2.8920,-0.0795	384.1766,2.8920,0.5505	384.1766,2.5060,0.5505
450	現場塗装-115	現場塗装						現場塗装（ブラケット）	x 383.05 終点側（固定） 吊桁側 G1	補修一般図	V_断面_012_落橋防止装置_掛け違い_1-20	DWG の図から（測量前）	現場塗装 落橋防止装置取替 x 383.05 G1	ext_poly	4	382.1950,2.5060,-0.0795	382.1950,2.8920,-0.0795	382.1950,2.8920,0.5505	382.1950,2.5060,0.5505	381.2580,2.5060,-0.0795	381.2580,2.8920,-0.0795	381.2580,2.8920,0.5505	381.2580,2.5060,0.5505
451	現場塗装-116	現場塗装						現場塗装（落橋防止装置 F40TD L=3658）	x 383.05 終点側（固定） G1	補修一般図	V_断面_012_落橋防止装置_掛け違い_1-20	DWG の図から（測量前）	現場塗装 落橋防止装置取替 x 383.05 G1	ext_poly	12	385.0093,2.7200,0.2355	385.0093,2.7173,0.2455	385.0093,2.7100,0.2528	385.0093,2.7000,0.2555	385.0093,2.6900,0.2528	385.0093,2.6827,0.2455	385.0093,2.6800,0.2355	385.0093,2.6827,0.2255	385.0093,2.6900,0.2182	385.0093,2.7000,0.2155	385.0093,2.7100,0.2182	385.0093,2.7173,0.2255	381.3513,2.7200,0.2355	381.3513,2.7173,0.2455	381.3513,2.7100,0.2528	381.3513,2.7000,0.2555	381.3513,2.6900,0.2528	381.3513,2.6827,0.2455	381.3513,2.6800,0.2355	381.3513,2.6827,0.2255	381.3513,2.6900,0.2182	381.3513,2.7000,0.2155	381.3513,2.7100,0.2182	381.3513,2.7173,0.2255
452	現場塗装-117	現場塗装						現場塗装（ブラケット）	x 383.05 終点側（固定） 定着桁側 G2	補修一般図	V_断面_012_落橋防止装置_掛け違い_1-20	DWG の図から（測量前）	現場塗装 落橋防止装置取替 x 383.05 G2	ext_poly	4	385.0915,-2.8920,-0.0795	385.0915,-2.5060,-0.0795	385.0915,-2.5060,0.5505	385.0915,-2.8920,0.5505	384.1766,-2.8920,-0.0795	384.1766,-2.5060,-0.0795	384.1766,-2.5060,0.5505	384.1766,-2.8920,0.5505
453	現場塗装-118	現場塗装						現場塗装（ブラケット）	x 383.05 終点側（固定） 吊桁側 G2	補修一般図	V_断面_012_落橋防止装置_掛け違い_1-20	DWG の図から（測量前）	現場塗装 落橋防止装置取替 x 383.05 G2	ext_poly	4	382.1950,-2.8920,-0.0795	382.1950,-2.5060,-0.0795	382.1950,-2.5060,0.5505	382.1950,-2.8920,0.5505	381.2580,-2.8920,-0.0795	381.2580,-2.5060,-0.0795	381.2580,-2.5060,0.5505	381.2580,-2.8920,0.5505
454	現場塗装-119	現場塗装						現場塗装（落橋防止装置 F40TD L=3658）	x 383.05 終点側（固定） G2	補修一般図	V_断面_012_落橋防止装置_掛け違い_1-20	DWG の図から（測量前）	現場塗装 落橋防止装置取替 x 383.05 G2	ext_poly	12	385.0093,-2.6800,0.2355	385.0093,-2.6827,0.2455	385.0093,-2.6900,0.2528	385.0093,-2.7000,0.2555	385.0093,-2.7100,0.2528	385.0093,-2.7173,0.2455	385.0093,-2.7200,0.2355	385.0093,-2.7173,0.2255	385.0093,-2.7100,0.2182	385.0093,-2.7000,0.2155	385.0093,-2.6900,0.2182	385.0093,-2.6827,0.2255	381.3513,-2.6800,0.2355	381.3513,-2.6827,0.2455	381.3513,-2.6900,0.2528	381.3513,-2.7000,0.2555	381.3513,-2.7100,0.2528	381.3513,-2.7173,0.2455	381.3513,-2.7200,0.2355	381.3513,-2.7173,0.2255	381.3513,-2.7100,0.2182	381.3513,-2.7000,0.2155	381.3513,-2.6900,0.2182	381.3513,-2.6827,0.2255
455	現場塗装-120	現場塗装						現場塗装（L-100x75x10x626）	P5 G1 起点側	補修一般図		DWG の図から（測量前）	現場塗装 カバープレート取替 P5 G1	ext_poly	6	72.1000,2.1870,-1.5404	72.0250,2.1870,-1.5404	72.0250,2.1870,-1.5504	72.0900,2.1870,-1.5504	72.0900,2.1870,-1.6154	72.1000,2.1870,-1.6154	72.1000,2.8130,-1.5404	72.0250,2.8130,-1.5404	72.0250,2.8130,-1.5504	72.0900,2.8130,-1.5504	72.0900,2.8130,-1.6154	72.1000,2.8130,-1.6154
456	現場塗装-121	現場塗装						現場塗装（L-100x75x10x626）	P5 G1 終点側	補修一般図		DWG の図から（測量前）	現場塗装 カバープレート取替 P5 G1	ext_poly	6	72.6000,2.1870,-1.6154	72.6100,2.1870,-1.6154	72.6100,2.1870,-1.5504	72.6750,2.1870,-1.5504	72.6750,2.1870,-1.5404	72.6000,2.1870,-1.5404	72.6000,2.8130,-1.6154	72.6100,2.8130,-1.6154	72.6100,2.8130,-1.5504	72.6750,2.8130,-1.5504	72.6750,2.8130,-1.5404	72.6000,2.8130,-1.5404
457	現場塗装-122	現場塗装						現場塗装（L-100x75x10x626）	P5 G2 起点側	補修一般図		DWG の図から（測量前）	現場塗装 カバープレート取替 P5 G2	ext_poly	6	72.1000,-2.8130,-1.5404	72.0250,-2.8130,-1.5404	72.0250,-2.8130,-1.5504	72.0900,-2.8130,-1.5504	72.0900,-2.8130,-1.6154	72.1000,-2.8130,-1.6154	72.1000,-2.1870,-1.5404	72.0250,-2.1870,-1.5404	72.0250,-2.1870,-1.5504	72.0900,-2.1870,-1.5504	72.0900,-2.1870,-1.6154	72.1000,-2.1870,-1.6154
458	現場塗装-123	現場塗装						現場塗装（L-100x75x10x626）	P5 G2 終点側	補修一般図		DWG の図から（測量前）	現場塗装 カバープレート取替 P5 G2	ext_poly	6	72.6000,-2.8130,-1.6154	72.6100,-2.8130,-1.6154	72.6100,-2.8130,-1.5504	72.6750,-2.8130,-1.5504	72.6750,-2.8130,-1.5404	72.6000,-2.8130,-1.5404	72.6000,-2.1870,-1.6154	72.6100,-2.1870,-1.6154	72.6100,-2.1870,-1.5504	72.6750,-2.1870,-1.5504	72.6750,-2.1870,-1.5404	72.6000,-2.1870,-1.5404
459	塗替塗装-001	塗替塗装						主桁（腹板）	x 111.59〜129.11 G1	塗替塗装範囲詳細図		DWG の図から（測量前）	塗替塗装 x 111.59〜129.11 主桁（腹板） G1	ext_poly	12	111.6400,2.4940,0.3123	111.5900,2.4940,0.3120	111.5900,2.4940,-1.1980	111.6400,2.4940,-1.1977	112.1400,2.4940,-1.1945	112.6400,2.4940,-1.1913	113.1400,2.4940,-1.1881	113.6250,2.4940,-1.1850	113.6250,2.4940,0.3250	113.1400,2.4940,0.3219	112.6400,2.4940,0.3187	112.1400,2.4940,0.3155	111.6400,2.5060,0.3123	111.5900,2.5060,0.3120	111.5900,2.5060,-1.1980	111.6400,2.5060,-1.1977	112.1400,2.5060,-1.1945	112.6400,2.5060,-1.1913	113.1400,2.5060,-1.1881	113.6250,2.5060,-1.1850	113.6250,2.5060,0.3250	113.1400,2.5060,0.3219	112.6400,2.5060,0.3187	112.1400,2.5060,0.3155
460	塗替塗装-002	塗替塗装						主桁（上山形鋼）	x 111.59〜129.11 G1	塗替塗装範囲詳細図		DWG の図から（測量前）	塗替塗装 x 111.59〜129.11 主桁（上山形鋼） G1	ext_poly	12	111.6400,2.5060,0.3123	111.5900,2.5060,0.3120	111.5900,2.5060,0.2970	111.6400,2.5060,0.2973	112.1400,2.5060,0.3005	112.6400,2.5060,0.3037	113.1400,2.5060,0.3069	113.6250,2.5060,0.3100	113.6250,2.5060,0.3250	113.1400,2.5060,0.3219	112.6400,2.5060,0.3187	112.1400,2.5060,0.3155	111.6400,2.6560,0.3123	111.5900,2.6560,0.3120	111.5900,2.6560,0.2970	111.6400,2.6560,0.2973	112.1400,2.6560,0.3005	112.6400,2.6560,0.3037	113.1400,2.6560,0.3069	113.6250,2.6560,0.3100	113.6250,2.6560,0.3250	113.1400,2.6560,0.3219	112.6400,2.6560,0.3187	112.1400,2.6560,0.3155
461	塗替塗装-003	塗替塗装						主桁（上山形鋼）	x 111.59〜129.11 G1	塗替塗装範囲詳細図		DWG の図から（測量前）	塗替塗装 x 111.59〜129.11 主桁（上山形鋼） G1	ext_poly	12	111.6400,2.5060,0.2973	111.5900,2.5060,0.2970	111.5900,2.5060,0.1620	111.6400,2.5060,0.1623	112.1400,2.5060,0.1655	112.6400,2.5060,0.1687	113.1400,2.5060,0.1719	113.6250,2.5060,0.1750	113.6250,2.5060,0.3100	113.1400,2.5060,0.3069	112.6400,2.5060,0.3037	112.1400,2.5060,0.3005	111.6400,2.5210,0.2973	111.5900,2.5210,0.2970	111.5900,2.5210,0.1620	111.6400,2.5210,0.1623	112.1400,2.5210,0.1655	112.6400,2.5210,0.1687	113.1400,2.5210,0.1719	113.6250,2.5210,0.1750	113.6250,2.5210,0.3100	113.1400,2.5210,0.3069	112.6400,2.5210,0.3037	112.1400,2.5210,0.3005
462	塗替塗装-004	塗替塗装						主桁（下山形鋼）	x 111.59〜129.11 G1	塗替塗装範囲詳細図		DWG の図から（測量前）	塗替塗装 x 111.59〜129.11 主桁（下山形鋼） G1	ext_poly	12	111.6400,2.5060,-1.1827	111.5900,2.5060,-1.1830	111.5900,2.5060,-1.1980	111.6400,2.5060,-1.1977	112.1400,2.5060,-1.1945	112.6400,2.5060,-1.1913	113.1400,2.5060,-1.1881	113.6250,2.5060,-1.1850	113.6250,2.5060,-1.1700	113.1400,2.5060,-1.1731	112.6400,2.5060,-1.1763	112.1400,2.5060,-1.1795	111.6400,2.6560,-1.1827	111.5900,2.6560,-1.1830	111.5900,2.6560,-1.1980	111.6400,2.6560,-1.1977	112.1400,2.6560,-1.1945	112.6400,2.6560,-1.1913	113.1400,2.6560,-1.1881	113.6250,2.6560,-1.1850	113.6250,2.6560,-1.1700	113.1400,2.6560,-1.1731	112.6400,2.6560,-1.1763	112.1400,2.6560,-1.1795
463	塗替塗装-005	塗替塗装						主桁（下山形鋼）	x 111.59〜129.11 G1	塗替塗装範囲詳細図		DWG の図から（測量前）	塗替塗装 x 111.59〜129.11 主桁（下山形鋼） G1	ext_poly	12	111.6400,2.5060,-1.0477	111.5900,2.5060,-1.0480	111.5900,2.5060,-1.1830	111.6400,2.5060,-1.1827	112.1400,2.5060,-1.1795	112.6400,2.5060,-1.1763	113.1400,2.5060,-1.1731	113.6250,2.5060,-1.1700	113.6250,2.5060,-1.0350	113.1400,2.5060,-1.0381	112.6400,2.5060,-1.0413	112.1400,2.5060,-1.0445	111.6400,2.5210,-1.0477	111.5900,2.5210,-1.0480	111.5900,2.5210,-1.1830	111.6400,2.5210,-1.1827	112.1400,2.5210,-1.1795	112.6400,2.5210,-1.1763	113.1400,2.5210,-1.1731	113.6250,2.5210,-1.1700	113.6250,2.5210,-1.0350	113.1400,2.5210,-1.0381	112.6400,2.5210,-1.0413	112.1400,2.5210,-1.0445
464	塗替塗装-006	塗替塗装						主桁（上山形鋼）	x 111.59〜129.11 G1	塗替塗装範囲詳細図		DWG の図から（測量前）	塗替塗装 x 111.59〜129.11 主桁（上山形鋼） G1	ext_poly	12	111.6400,2.3440,0.3123	111.5900,2.3440,0.3120	111.5900,2.3440,0.2970	111.6400,2.3440,0.2973	112.1400,2.3440,0.3005	112.6400,2.3440,0.3037	113.1400,2.3440,0.3069	113.6250,2.3440,0.3100	113.6250,2.3440,0.3250	113.1400,2.3440,0.3219	112.6400,2.3440,0.3187	112.1400,2.3440,0.3155	111.6400,2.4940,0.3123	111.5900,2.4940,0.3120	111.5900,2.4940,0.2970	111.6400,2.4940,0.2973	112.1400,2.4940,0.3005	112.6400,2.4940,0.3037	113.1400,2.4940,0.3069	113.6250,2.4940,0.3100	113.6250,2.4940,0.3250	113.1400,2.4940,0.3219	112.6400,2.4940,0.3187	112.1400,2.4940,0.3155
465	塗替塗装-007	塗替塗装						主桁（上山形鋼）	x 111.59〜129.11 G1	塗替塗装範囲詳細図		DWG の図から（測量前）	塗替塗装 x 111.59〜129.11 主桁（上山形鋼） G1	ext_poly	12	111.6400,2.4790,0.2973	111.5900,2.4790,0.2970	111.5900,2.4790,0.1620	111.6400,2.4790,0.1623	112.1400,2.4790,0.1655	112.6400,2.4790,0.1687	113.1400,2.4790,0.1719	113.6250,2.4790,0.1750	113.6250,2.4790,0.3100	113.1400,2.4790,0.3069	112.6400,2.4790,0.3037	112.1400,2.4790,0.3005	111.6400,2.4940,0.2973	111.5900,2.4940,0.2970	111.5900,2.4940,0.1620	111.6400,2.4940,0.1623	112.1400,2.4940,0.1655	112.6400,2.4940,0.1687	113.1400,2.4940,0.1719	113.6250,2.4940,0.1750	113.6250,2.4940,0.3100	113.1400,2.4940,0.3069	112.6400,2.4940,0.3037	112.1400,2.4940,0.3005
466	塗替塗装-008	塗替塗装						主桁（下山形鋼）	x 111.59〜129.11 G1	塗替塗装範囲詳細図		DWG の図から（測量前）	塗替塗装 x 111.59〜129.11 主桁（下山形鋼） G1	ext_poly	12	111.6400,2.3440,-1.1827	111.5900,2.3440,-1.1830	111.5900,2.3440,-1.1980	111.6400,2.3440,-1.1977	112.1400,2.3440,-1.1945	112.6400,2.3440,-1.1913	113.1400,2.3440,-1.1881	113.6250,2.3440,-1.1850	113.6250,2.3440,-1.1700	113.1400,2.3440,-1.1731	112.6400,2.3440,-1.1763	112.1400,2.3440,-1.1795	111.6400,2.4940,-1.1827	111.5900,2.4940,-1.1830	111.5900,2.4940,-1.1980	111.6400,2.4940,-1.1977	112.1400,2.4940,-1.1945	112.6400,2.4940,-1.1913	113.1400,2.4940,-1.1881	113.6250,2.4940,-1.1850	113.6250,2.4940,-1.1700	113.1400,2.4940,-1.1731	112.6400,2.4940,-1.1763	112.1400,2.4940,-1.1795
467	塗替塗装-009	塗替塗装						主桁（下山形鋼）	x 111.59〜129.11 G1	塗替塗装範囲詳細図		DWG の図から（測量前）	塗替塗装 x 111.59〜129.11 主桁（下山形鋼） G1	ext_poly	12	111.6400,2.4790,-1.0477	111.5900,2.4790,-1.0480	111.5900,2.4790,-1.1830	111.6400,2.4790,-1.1827	112.1400,2.4790,-1.1795	112.6400,2.4790,-1.1763	113.1400,2.4790,-1.1731	113.6250,2.4790,-1.1700	113.6250,2.4790,-1.0350	113.1400,2.4790,-1.0381	112.6400,2.4790,-1.0413	112.1400,2.4790,-1.0445	111.6400,2.4940,-1.0477	111.5900,2.4940,-1.0480	111.5900,2.4940,-1.1830	111.6400,2.4940,-1.1827	112.1400,2.4940,-1.1795	112.6400,2.4940,-1.1763	113.1400,2.4940,-1.1731	113.6250,2.4940,-1.1700	113.6250,2.4940,-1.0350	113.1400,2.4940,-1.0381	112.6400,2.4940,-1.0413	112.1400,2.4940,-1.0445
468	塗替塗装-010	塗替塗装						主桁（腹板）	x 111.59〜129.11 G2	塗替塗装範囲詳細図		DWG の図から（測量前）	塗替塗装 x 111.59〜129.11 主桁（腹板） G2	ext_poly	12	111.6400,-2.5060,0.3123	111.5900,-2.5060,0.3120	111.5900,-2.5060,-1.1980	111.6400,-2.5060,-1.1977	112.1400,-2.5060,-1.1945	112.6400,-2.5060,-1.1913	113.1400,-2.5060,-1.1881	113.6250,-2.5060,-1.1850	113.6250,-2.5060,0.3250	113.1400,-2.5060,0.3219	112.6400,-2.5060,0.3187	112.1400,-2.5060,0.3155	111.6400,-2.4940,0.3123	111.5900,-2.4940,0.3120	111.5900,-2.4940,-1.1980	111.6400,-2.4940,-1.1977	112.1400,-2.4940,-1.1945	112.6400,-2.4940,-1.1913	113.1400,-2.4940,-1.1881	113.6250,-2.4940,-1.1850	113.6250,-2.4940,0.3250	113.1400,-2.4940,0.3219	112.6400,-2.4940,0.3187	112.1400,-2.4940,0.3155
469	塗替塗装-011	塗替塗装						主桁（上山形鋼）	x 111.59〜129.11 G2	塗替塗装範囲詳細図		DWG の図から（測量前）	塗替塗装 x 111.59〜129.11 主桁（上山形鋼） G2	ext_poly	12	111.6400,-2.4940,0.3123	111.5900,-2.4940,0.3120	111.5900,-2.4940,0.2970	111.6400,-2.4940,0.2973	112.1400,-2.4940,0.3005	112.6400,-2.4940,0.3037	113.1400,-2.4940,0.3069	113.6250,-2.4940,0.3100	113.6250,-2.4940,0.3250	113.1400,-2.4940,0.3219	112.6400,-2.4940,0.3187	112.1400,-2.4940,0.3155	111.6400,-2.3440,0.3123	111.5900,-2.3440,0.3120	111.5900,-2.3440,0.2970	111.6400,-2.3440,0.2973	112.1400,-2.3440,0.3005	112.6400,-2.3440,0.3037	113.1400,-2.3440,0.3069	113.6250,-2.3440,0.3100	113.6250,-2.3440,0.3250	113.1400,-2.3440,0.3219	112.6400,-2.3440,0.3187	112.1400,-2.3440,0.3155
470	塗替塗装-012	塗替塗装						主桁（上山形鋼）	x 111.59〜129.11 G2	塗替塗装範囲詳細図		DWG の図から（測量前）	塗替塗装 x 111.59〜129.11 主桁（上山形鋼） G2	ext_poly	12	111.6400,-2.4940,0.2973	111.5900,-2.4940,0.2970	111.5900,-2.4940,0.1620	111.6400,-2.4940,0.1623	112.1400,-2.4940,0.1655	112.6400,-2.4940,0.1687	113.1400,-2.4940,0.1719	113.6250,-2.4940,0.1750	113.6250,-2.4940,0.3100	113.1400,-2.4940,0.3069	112.6400,-2.4940,0.3037	112.1400,-2.4940,0.3005	111.6400,-2.4790,0.2973	111.5900,-2.4790,0.2970	111.5900,-2.4790,0.1620	111.6400,-2.4790,0.1623	112.1400,-2.4790,0.1655	112.6400,-2.4790,0.1687	113.1400,-2.4790,0.1719	113.6250,-2.4790,0.1750	113.6250,-2.4790,0.3100	113.1400,-2.4790,0.3069	112.6400,-2.4790,0.3037	112.1400,-2.4790,0.3005
471	塗替塗装-013	塗替塗装						主桁（下山形鋼）	x 111.59〜129.11 G2	塗替塗装範囲詳細図		DWG の図から（測量前）	塗替塗装 x 111.59〜129.11 主桁（下山形鋼） G2	ext_poly	12	111.6400,-2.4940,-1.1827	111.5900,-2.4940,-1.1830	111.5900,-2.4940,-1.1980	111.6400,-2.4940,-1.1977	112.1400,-2.4940,-1.1945	112.6400,-2.4940,-1.1913	113.1400,-2.4940,-1.1881	113.6250,-2.4940,-1.1850	113.6250,-2.4940,-1.1700	113.1400,-2.4940,-1.1731	112.6400,-2.4940,-1.1763	112.1400,-2.4940,-1.1795	111.6400,-2.3440,-1.1827	111.5900,-2.3440,-1.1830	111.5900,-2.3440,-1.1980	111.6400,-2.3440,-1.1977	112.1400,-2.3440,-1.1945	112.6400,-2.3440,-1.1913	113.1400,-2.3440,-1.1881	113.6250,-2.3440,-1.1850	113.6250,-2.3440,-1.1700	113.1400,-2.3440,-1.1731	112.6400,-2.3440,-1.1763	112.1400,-2.3440,-1.1795
472	塗替塗装-014	塗替塗装						主桁（下山形鋼）	x 111.59〜129.11 G2	塗替塗装範囲詳細図		DWG の図から（測量前）	塗替塗装 x 111.59〜129.11 主桁（下山形鋼） G2	ext_poly	12	111.6400,-2.4940,-1.0477	111.5900,-2.4940,-1.0480	111.5900,-2.4940,-1.1830	111.6400,-2.4940,-1.1827	112.1400,-2.4940,-1.1795	112.6400,-2.4940,-1.1763	113.1400,-2.4940,-1.1731	113.6250,-2.4940,-1.1700	113.6250,-2.4940,-1.0350	113.1400,-2.4940,-1.0381	112.6400,-2.4940,-1.0413	112.1400,-2.4940,-1.0445	111.6400,-2.4790,-1.0477	111.5900,-2.4790,-1.0480	111.5900,-2.4790,-1.1830	111.6400,-2.4790,-1.1827	112.1400,-2.4790,-1.1795	112.6400,-2.4790,-1.1763	113.1400,-2.4790,-1.1731	113.6250,-2.4790,-1.1700	113.6250,-2.4790,-1.0350	113.1400,-2.4790,-1.0381	112.6400,-2.4790,-1.0413	112.1400,-2.4790,-1.0445
473	塗替塗装-015	塗替塗装						主桁（上山形鋼）	x 111.59〜129.11 G2	塗替塗装範囲詳細図		DWG の図から（測量前）	塗替塗装 x 111.59〜129.11 主桁（上山形鋼） G2	ext_poly	12	111.6400,-2.6560,0.3123	111.5900,-2.6560,0.3120	111.5900,-2.6560,0.2970	111.6400,-2.6560,0.2973	112.1400,-2.6560,0.3005	112.6400,-2.6560,0.3037	113.1400,-2.6560,0.3069	113.6250,-2.6560,0.3100	113.6250,-2.6560,0.3250	113.1400,-2.6560,0.3219	112.6400,-2.6560,0.3187	112.1400,-2.6560,0.3155	111.6400,-2.5060,0.3123	111.5900,-2.5060,0.3120	111.5900,-2.5060,0.2970	111.6400,-2.5060,0.2973	112.1400,-2.5060,0.3005	112.6400,-2.5060,0.3037	113.1400,-2.5060,0.3069	113.6250,-2.5060,0.3100	113.6250,-2.5060,0.3250	113.1400,-2.5060,0.3219	112.6400,-2.5060,0.3187	112.1400,-2.5060,0.3155
474	塗替塗装-016	塗替塗装						主桁（上山形鋼）	x 111.59〜129.11 G2	塗替塗装範囲詳細図		DWG の図から（測量前）	塗替塗装 x 111.59〜129.11 主桁（上山形鋼） G2	ext_poly	12	111.6400,-2.5210,0.2973	111.5900,-2.5210,0.2970	111.5900,-2.5210,0.1620	111.6400,-2.5210,0.1623	112.1400,-2.5210,0.1655	112.6400,-2.5210,0.1687	113.1400,-2.5210,0.1719	113.6250,-2.5210,0.1750	113.6250,-2.5210,0.3100	113.1400,-2.5210,0.3069	112.6400,-2.5210,0.3037	112.1400,-2.5210,0.3005	111.6400,-2.5060,0.2973	111.5900,-2.5060,0.2970	111.5900,-2.5060,0.1620	111.6400,-2.5060,0.1623	112.1400,-2.5060,0.1655	112.6400,-2.5060,0.1687	113.1400,-2.5060,0.1719	113.6250,-2.5060,0.1750	113.6250,-2.5060,0.3100	113.1400,-2.5060,0.3069	112.6400,-2.5060,0.3037	112.1400,-2.5060,0.3005
475	塗替塗装-017	塗替塗装						主桁（下山形鋼）	x 111.59〜129.11 G2	塗替塗装範囲詳細図		DWG の図から（測量前）	塗替塗装 x 111.59〜129.11 主桁（下山形鋼） G2	ext_poly	12	111.6400,-2.6560,-1.1827	111.5900,-2.6560,-1.1830	111.5900,-2.6560,-1.1980	111.6400,-2.6560,-1.1977	112.1400,-2.6560,-1.1945	112.6400,-2.6560,-1.1913	113.1400,-2.6560,-1.1881	113.6250,-2.6560,-1.1850	113.6250,-2.6560,-1.1700	113.1400,-2.6560,-1.1731	112.6400,-2.6560,-1.1763	112.1400,-2.6560,-1.1795	111.6400,-2.5060,-1.1827	111.5900,-2.5060,-1.1830	111.5900,-2.5060,-1.1980	111.6400,-2.5060,-1.1977	112.1400,-2.5060,-1.1945	112.6400,-2.5060,-1.1913	113.1400,-2.5060,-1.1881	113.6250,-2.5060,-1.1850	113.6250,-2.5060,-1.1700	113.1400,-2.5060,-1.1731	112.6400,-2.5060,-1.1763	112.1400,-2.5060,-1.1795
476	塗替塗装-018	塗替塗装						主桁（下山形鋼）	x 111.59〜129.11 G2	塗替塗装範囲詳細図		DWG の図から（測量前）	塗替塗装 x 111.59〜129.11 主桁（下山形鋼） G2	ext_poly	12	111.6400,-2.5210,-1.0477	111.5900,-2.5210,-1.0480	111.5900,-2.5210,-1.1830	111.6400,-2.5210,-1.1827	112.1400,-2.5210,-1.1795	112.6400,-2.5210,-1.1763	113.1400,-2.5210,-1.1731	113.6250,-2.5210,-1.1700	113.6250,-2.5210,-1.0350	113.1400,-2.5210,-1.0381	112.6400,-2.5210,-1.0413	112.1400,-2.5210,-1.0445	111.6400,-2.5060,-1.0477	111.5900,-2.5060,-1.0480	111.5900,-2.5060,-1.1830	111.6400,-2.5060,-1.1827	112.1400,-2.5060,-1.1795	112.6400,-2.5060,-1.1763	113.1400,-2.5060,-1.1731	113.6250,-2.5060,-1.1700	113.6250,-2.5060,-1.0350	113.1400,-2.5060,-1.0381	112.6400,-2.5060,-1.0413	112.1400,-2.5060,-1.0445
477	塗替塗装-019	塗替塗装						主桁（腹板）	x 111.59〜129.11 G1	塗替塗装範囲詳細図		DWG の図から（測量前）	塗替塗装 x 111.59〜129.11 主桁（腹板） G1	ext_poly	56	114.1750,2.4955,0.3285	113.6750,2.4955,0.3253	113.6750,2.4955,-1.1847	114.1750,2.4955,-1.1815	114.6750,2.4955,-1.1783	115.1750,2.4955,-1.1751	115.6750,2.4955,-1.1718	116.1750,2.4955,-1.1686	116.6750,2.4955,-1.1654	117.1750,2.4955,-1.1622	117.6750,2.4955,-1.1590	118.1750,2.4955,-1.1558	118.6750,2.4955,-1.1526	119.1750,2.4955,-1.1494	119.6750,2.4955,-1.1462	120.1750,2.4955,-1.1430	120.6750,2.4955,-1.1398	121.1750,2.4955,-1.1366	121.6750,2.4955,-1.1334	122.1750,2.4955,-1.1302	122.6750,2.4955,-1.1270	123.1750,2.4955,-1.1238	123.6750,2.4955,-1.1206	124.1750,2.4955,-1.1174	124.6750,2.4955,-1.1142	125.1750,2.4955,-1.1110	125.6750,2.4955,-1.1078	126.1750,2.4955,-1.1046	126.6750,2.4955,-1.1014	127.0250,2.4955,-1.0991	127.0250,2.4955,0.4109	126.6750,2.4955,0.4086	126.1750,2.4955,0.4054	125.6750,2.4955,0.4022	125.1750,2.4955,0.3990	124.6750,2.4955,0.3958	124.1750,2.4955,0.3926	123.6750,2.4955,0.3894	123.1750,2.4955,0.3862	122.6750,2.4955,0.3830	122.1750,2.4955,0.3798	121.6750,2.4955,0.3766	121.1750,2.4955,0.3734	120.6750,2.4955,0.3702	120.1750,2.4955,0.3670	119.6750,2.4955,0.3638	119.1750,2.4955,0.3606	118.6750,2.4955,0.3574	118.1750,2.4955,0.3542	117.6750,2.4955,0.3510	117.1750,2.4955,0.3478	116.6750,2.4955,0.3446	116.1750,2.4955,0.3414	115.6750,2.4955,0.3382	115.1750,2.4955,0.3349	114.6750,2.4955,0.3317	114.1750,2.5045,0.3285	113.6750,2.5045,0.3253	113.6750,2.5045,-1.1847	114.1750,2.5045,-1.1815	114.6750,2.5045,-1.1783	115.1750,2.5045,-1.1751	115.6750,2.5045,-1.1718	116.1750,2.5045,-1.1686	116.6750,2.5045,-1.1654	117.1750,2.5045,-1.1622	117.6750,2.5045,-1.1590	118.1750,2.5045,-1.1558	118.6750,2.5045,-1.1526	119.1750,2.5045,-1.1494	119.6750,2.5045,-1.1462	120.1750,2.5045,-1.1430	120.6750,2.5045,-1.1398	121.1750,2.5045,-1.1366	121.6750,2.5045,-1.1334	122.1750,2.5045,-1.1302	122.6750,2.5045,-1.1270	123.1750,2.5045,-1.1238	123.6750,2.5045,-1.1206	124.1750,2.5045,-1.1174	124.6750,2.5045,-1.1142	125.1750,2.5045,-1.1110	125.6750,2.5045,-1.1078	126.1750,2.5045,-1.1046	126.6750,2.5045,-1.1014	127.0250,2.5045,-1.0991	127.0250,2.5045,0.4109	126.6750,2.5045,0.4086	126.1750,2.5045,0.4054	125.6750,2.5045,0.4022	125.1750,2.5045,0.3990	124.6750,2.5045,0.3958	124.1750,2.5045,0.3926	123.6750,2.5045,0.3894	123.1750,2.5045,0.3862	122.6750,2.5045,0.3830	122.1750,2.5045,0.3798	121.6750,2.5045,0.3766	121.1750,2.5045,0.3734	120.6750,2.5045,0.3702	120.1750,2.5045,0.3670	119.6750,2.5045,0.3638	119.1750,2.5045,0.3606	118.6750,2.5045,0.3574	118.1750,2.5045,0.3542	117.6750,2.5045,0.3510	117.1750,2.5045,0.3478	116.6750,2.5045,0.3446	116.1750,2.5045,0.3414	115.6750,2.5045,0.3382	115.1750,2.5045,0.3349	114.6750,2.5045,0.3317
478	塗替塗装-020	塗替塗装						主桁（上山形鋼）	x 111.59〜129.11 G1	塗替塗装範囲詳細図		DWG の図から（測量前）	塗替塗装 x 111.59〜129.11 主桁（上山形鋼） G1	ext_poly	56	114.1750,2.5045,0.3285	113.6750,2.5045,0.3253	113.6750,2.5045,0.3133	114.1750,2.5045,0.3165	114.6750,2.5045,0.3197	115.1750,2.5045,0.3229	115.6750,2.5045,0.3262	116.1750,2.5045,0.3294	116.6750,2.5045,0.3326	117.1750,2.5045,0.3358	117.6750,2.5045,0.3390	118.1750,2.5045,0.3422	118.6750,2.5045,0.3454	119.1750,2.5045,0.3486	119.6750,2.5045,0.3518	120.1750,2.5045,0.3550	120.6750,2.5045,0.3582	121.1750,2.5045,0.3614	121.6750,2.5045,0.3646	122.1750,2.5045,0.3678	122.6750,2.5045,0.3710	123.1750,2.5045,0.3742	123.6750,2.5045,0.3774	124.1750,2.5045,0.3806	124.6750,2.5045,0.3838	125.1750,2.5045,0.3870	125.6750,2.5045,0.3902	126.1750,2.5045,0.3934	126.6750,2.5045,0.3966	127.0250,2.5045,0.3989	127.0250,2.5045,0.4109	126.6750,2.5045,0.4086	126.1750,2.5045,0.4054	125.6750,2.5045,0.4022	125.1750,2.5045,0.3990	124.6750,2.5045,0.3958	124.1750,2.5045,0.3926	123.6750,2.5045,0.3894	123.1750,2.5045,0.3862	122.6750,2.5045,0.3830	122.1750,2.5045,0.3798	121.6750,2.5045,0.3766	121.1750,2.5045,0.3734	120.6750,2.5045,0.3702	120.1750,2.5045,0.3670	119.6750,2.5045,0.3638	119.1750,2.5045,0.3606	118.6750,2.5045,0.3574	118.1750,2.5045,0.3542	117.6750,2.5045,0.3510	117.1750,2.5045,0.3478	116.6750,2.5045,0.3446	116.1750,2.5045,0.3414	115.6750,2.5045,0.3382	115.1750,2.5045,0.3349	114.6750,2.5045,0.3317	114.1750,2.6545,0.3285	113.6750,2.6545,0.3253	113.6750,2.6545,0.3133	114.1750,2.6545,0.3165	114.6750,2.6545,0.3197	115.1750,2.6545,0.3229	115.6750,2.6545,0.3262	116.1750,2.6545,0.3294	116.6750,2.6545,0.3326	117.1750,2.6545,0.3358	117.6750,2.6545,0.3390	118.1750,2.6545,0.3422	118.6750,2.6545,0.3454	119.1750,2.6545,0.3486	119.6750,2.6545,0.3518	120.1750,2.6545,0.3550	120.6750,2.6545,0.3582	121.1750,2.6545,0.3614	121.6750,2.6545,0.3646	122.1750,2.6545,0.3678	122.6750,2.6545,0.3710	123.1750,2.6545,0.3742	123.6750,2.6545,0.3774	124.1750,2.6545,0.3806	124.6750,2.6545,0.3838	125.1750,2.6545,0.3870	125.6750,2.6545,0.3902	126.1750,2.6545,0.3934	126.6750,2.6545,0.3966	127.0250,2.6545,0.3989	127.0250,2.6545,0.4109	126.6750,2.6545,0.4086	126.1750,2.6545,0.4054	125.6750,2.6545,0.4022	125.1750,2.6545,0.3990	124.6750,2.6545,0.3958	124.1750,2.6545,0.3926	123.6750,2.6545,0.3894	123.1750,2.6545,0.3862	122.6750,2.6545,0.3830	122.1750,2.6545,0.3798	121.6750,2.6545,0.3766	121.1750,2.6545,0.3734	120.6750,2.6545,0.3702	120.1750,2.6545,0.3670	119.6750,2.6545,0.3638	119.1750,2.6545,0.3606	118.6750,2.6545,0.3574	118.1750,2.6545,0.3542	117.6750,2.6545,0.3510	117.1750,2.6545,0.3478	116.6750,2.6545,0.3446	116.1750,2.6545,0.3414	115.6750,2.6545,0.3382	115.1750,2.6545,0.3349	114.6750,2.6545,0.3317
479	塗替塗装-021	塗替塗装						主桁（上山形鋼）	x 111.59〜129.11 G1	塗替塗装範囲詳細図		DWG の図から（測量前）	塗替塗装 x 111.59〜129.11 主桁（上山形鋼） G1	ext_poly	56	114.1750,2.5045,0.3165	113.6750,2.5045,0.3133	113.6750,2.5045,0.1753	114.1750,2.5045,0.1785	114.6750,2.5045,0.1817	115.1750,2.5045,0.1849	115.6750,2.5045,0.1882	116.1750,2.5045,0.1914	116.6750,2.5045,0.1946	117.1750,2.5045,0.1978	117.6750,2.5045,0.2010	118.1750,2.5045,0.2042	118.6750,2.5045,0.2074	119.1750,2.5045,0.2106	119.6750,2.5045,0.2138	120.1750,2.5045,0.2170	120.6750,2.5045,0.2202	121.1750,2.5045,0.2234	121.6750,2.5045,0.2266	122.1750,2.5045,0.2298	122.6750,2.5045,0.2330	123.1750,2.5045,0.2362	123.6750,2.5045,0.2394	124.1750,2.5045,0.2426	124.6750,2.5045,0.2458	125.1750,2.5045,0.2490	125.6750,2.5045,0.2522	126.1750,2.5045,0.2554	126.6750,2.5045,0.2586	127.0250,2.5045,0.2609	127.0250,2.5045,0.3989	126.6750,2.5045,0.3966	126.1750,2.5045,0.3934	125.6750,2.5045,0.3902	125.1750,2.5045,0.3870	124.6750,2.5045,0.3838	124.1750,2.5045,0.3806	123.6750,2.5045,0.3774	123.1750,2.5045,0.3742	122.6750,2.5045,0.3710	122.1750,2.5045,0.3678	121.6750,2.5045,0.3646	121.1750,2.5045,0.3614	120.6750,2.5045,0.3582	120.1750,2.5045,0.3550	119.6750,2.5045,0.3518	119.1750,2.5045,0.3486	118.6750,2.5045,0.3454	118.1750,2.5045,0.3422	117.6750,2.5045,0.3390	117.1750,2.5045,0.3358	116.6750,2.5045,0.3326	116.1750,2.5045,0.3294	115.6750,2.5045,0.3262	115.1750,2.5045,0.3229	114.6750,2.5045,0.3197	114.1750,2.5165,0.3165	113.6750,2.5165,0.3133	113.6750,2.5165,0.1753	114.1750,2.5165,0.1785	114.6750,2.5165,0.1817	115.1750,2.5165,0.1849	115.6750,2.5165,0.1882	116.1750,2.5165,0.1914	116.6750,2.5165,0.1946	117.1750,2.5165,0.1978	117.6750,2.5165,0.2010	118.1750,2.5165,0.2042	118.6750,2.5165,0.2074	119.1750,2.5165,0.2106	119.6750,2.5165,0.2138	120.1750,2.5165,0.2170	120.6750,2.5165,0.2202	121.1750,2.5165,0.2234	121.6750,2.5165,0.2266	122.1750,2.5165,0.2298	122.6750,2.5165,0.2330	123.1750,2.5165,0.2362	123.6750,2.5165,0.2394	124.1750,2.5165,0.2426	124.6750,2.5165,0.2458	125.1750,2.5165,0.2490	125.6750,2.5165,0.2522	126.1750,2.5165,0.2554	126.6750,2.5165,0.2586	127.0250,2.5165,0.2609	127.0250,2.5165,0.3989	126.6750,2.5165,0.3966	126.1750,2.5165,0.3934	125.6750,2.5165,0.3902	125.1750,2.5165,0.3870	124.6750,2.5165,0.3838	124.1750,2.5165,0.3806	123.6750,2.5165,0.3774	123.1750,2.5165,0.3742	122.6750,2.5165,0.3710	122.1750,2.5165,0.3678	121.6750,2.5165,0.3646	121.1750,2.5165,0.3614	120.6750,2.5165,0.3582	120.1750,2.5165,0.3550	119.6750,2.5165,0.3518	119.1750,2.5165,0.3486	118.6750,2.5165,0.3454	118.1750,2.5165,0.3422	117.6750,2.5165,0.3390	117.1750,2.5165,0.3358	116.6750,2.5165,0.3326	116.1750,2.5165,0.3294	115.6750,2.5165,0.3262	115.1750,2.5165,0.3229	114.6750,2.5165,0.3197
480	塗替塗装-022	塗替塗装						主桁（下山形鋼）	x 111.59〜129.11 G1	塗替塗装範囲詳細図		DWG の図から（測量前）	塗替塗装 x 111.59〜129.11 主桁（下山形鋼） G1	ext_poly	56	114.1750,2.5045,-1.1695	113.6750,2.5045,-1.1727	113.6750,2.5045,-1.1847	114.1750,2.5045,-1.1815	114.6750,2.5045,-1.1783	115.1750,2.5045,-1.1751	115.6750,2.5045,-1.1718	116.1750,2.5045,-1.1686	116.6750,2.5045,-1.1654	117.1750,2.5045,-1.1622	117.6750,2.5045,-1.1590	118.1750,2.5045,-1.1558	118.6750,2.5045,-1.1526	119.1750,2.5045,-1.1494	119.6750,2.5045,-1.1462	120.1750,2.5045,-1.1430	120.6750,2.5045,-1.1398	121.1750,2.5045,-1.1366	121.6750,2.5045,-1.1334	122.1750,2.5045,-1.1302	122.6750,2.5045,-1.1270	123.1750,2.5045,-1.1238	123.6750,2.5045,-1.1206	124.1750,2.5045,-1.1174	124.6750,2.5045,-1.1142	125.1750,2.5045,-1.1110	125.6750,2.5045,-1.1078	126.1750,2.5045,-1.1046	126.6750,2.5045,-1.1014	127.0250,2.5045,-1.0991	127.0250,2.5045,-1.0871	126.6750,2.5045,-1.0894	126.1750,2.5045,-1.0926	125.6750,2.5045,-1.0958	125.1750,2.5045,-1.0990	124.6750,2.5045,-1.1022	124.1750,2.5045,-1.1054	123.6750,2.5045,-1.1086	123.1750,2.5045,-1.1118	122.6750,2.5045,-1.1150	122.1750,2.5045,-1.1182	121.6750,2.5045,-1.1214	121.1750,2.5045,-1.1246	120.6750,2.5045,-1.1278	120.1750,2.5045,-1.1310	119.6750,2.5045,-1.1342	119.1750,2.5045,-1.1374	118.6750,2.5045,-1.1406	118.1750,2.5045,-1.1438	117.6750,2.5045,-1.1470	117.1750,2.5045,-1.1502	116.6750,2.5045,-1.1534	116.1750,2.5045,-1.1566	115.6750,2.5045,-1.1598	115.1750,2.5045,-1.1631	114.6750,2.5045,-1.1663	114.1750,2.6545,-1.1695	113.6750,2.6545,-1.1727	113.6750,2.6545,-1.1847	114.1750,2.6545,-1.1815	114.6750,2.6545,-1.1783	115.1750,2.6545,-1.1751	115.6750,2.6545,-1.1718	116.1750,2.6545,-1.1686	116.6750,2.6545,-1.1654	117.1750,2.6545,-1.1622	117.6750,2.6545,-1.1590	118.1750,2.6545,-1.1558	118.6750,2.6545,-1.1526	119.1750,2.6545,-1.1494	119.6750,2.6545,-1.1462	120.1750,2.6545,-1.1430	120.6750,2.6545,-1.1398	121.1750,2.6545,-1.1366	121.6750,2.6545,-1.1334	122.1750,2.6545,-1.1302	122.6750,2.6545,-1.1270	123.1750,2.6545,-1.1238	123.6750,2.6545,-1.1206	124.1750,2.6545,-1.1174	124.6750,2.6545,-1.1142	125.1750,2.6545,-1.1110	125.6750,2.6545,-1.1078	126.1750,2.6545,-1.1046	126.6750,2.6545,-1.1014	127.0250,2.6545,-1.0991	127.0250,2.6545,-1.0871	126.6750,2.6545,-1.0894	126.1750,2.6545,-1.0926	125.6750,2.6545,-1.0958	125.1750,2.6545,-1.0990	124.6750,2.6545,-1.1022	124.1750,2.6545,-1.1054	123.6750,2.6545,-1.1086	123.1750,2.6545,-1.1118	122.6750,2.6545,-1.1150	122.1750,2.6545,-1.1182	121.6750,2.6545,-1.1214	121.1750,2.6545,-1.1246	120.6750,2.6545,-1.1278	120.1750,2.6545,-1.1310	119.6750,2.6545,-1.1342	119.1750,2.6545,-1.1374	118.6750,2.6545,-1.1406	118.1750,2.6545,-1.1438	117.6750,2.6545,-1.1470	117.1750,2.6545,-1.1502	116.6750,2.6545,-1.1534	116.1750,2.6545,-1.1566	115.6750,2.6545,-1.1598	115.1750,2.6545,-1.1631	114.6750,2.6545,-1.1663
481	塗替塗装-023	塗替塗装						主桁（下山形鋼）	x 111.59〜129.11 G1	塗替塗装範囲詳細図		DWG の図から（測量前）	塗替塗装 x 111.59〜129.11 主桁（下山形鋼） G1	ext_poly	56	114.1750,2.5045,-1.0315	113.6750,2.5045,-1.0347	113.6750,2.5045,-1.1727	114.1750,2.5045,-1.1695	114.6750,2.5045,-1.1663	115.1750,2.5045,-1.1631	115.6750,2.5045,-1.1598	116.1750,2.5045,-1.1566	116.6750,2.5045,-1.1534	117.1750,2.5045,-1.1502	117.6750,2.5045,-1.1470	118.1750,2.5045,-1.1438	118.6750,2.5045,-1.1406	119.1750,2.5045,-1.1374	119.6750,2.5045,-1.1342	120.1750,2.5045,-1.1310	120.6750,2.5045,-1.1278	121.1750,2.5045,-1.1246	121.6750,2.5045,-1.1214	122.1750,2.5045,-1.1182	122.6750,2.5045,-1.1150	123.1750,2.5045,-1.1118	123.6750,2.5045,-1.1086	124.1750,2.5045,-1.1054	124.6750,2.5045,-1.1022	125.1750,2.5045,-1.0990	125.6750,2.5045,-1.0958	126.1750,2.5045,-1.0926	126.6750,2.5045,-1.0894	127.0250,2.5045,-1.0871	127.0250,2.5045,-0.9491	126.6750,2.5045,-0.9514	126.1750,2.5045,-0.9546	125.6750,2.5045,-0.9578	125.1750,2.5045,-0.9610	124.6750,2.5045,-0.9642	124.1750,2.5045,-0.9674	123.6750,2.5045,-0.9706	123.1750,2.5045,-0.9738	122.6750,2.5045,-0.9770	122.1750,2.5045,-0.9802	121.6750,2.5045,-0.9834	121.1750,2.5045,-0.9866	120.6750,2.5045,-0.9898	120.1750,2.5045,-0.9930	119.6750,2.5045,-0.9962	119.1750,2.5045,-0.9994	118.6750,2.5045,-1.0026	118.1750,2.5045,-1.0058	117.6750,2.5045,-1.0090	117.1750,2.5045,-1.0122	116.6750,2.5045,-1.0154	116.1750,2.5045,-1.0186	115.6750,2.5045,-1.0218	115.1750,2.5045,-1.0251	114.6750,2.5045,-1.0283	114.1750,2.5165,-1.0315	113.6750,2.5165,-1.0347	113.6750,2.5165,-1.1727	114.1750,2.5165,-1.1695	114.6750,2.5165,-1.1663	115.1750,2.5165,-1.1631	115.6750,2.5165,-1.1598	116.1750,2.5165,-1.1566	116.6750,2.5165,-1.1534	117.1750,2.5165,-1.1502	117.6750,2.5165,-1.1470	118.1750,2.5165,-1.1438	118.6750,2.5165,-1.1406	119.1750,2.5165,-1.1374	119.6750,2.5165,-1.1342	120.1750,2.5165,-1.1310	120.6750,2.5165,-1.1278	121.1750,2.5165,-1.1246	121.6750,2.5165,-1.1214	122.1750,2.5165,-1.1182	122.6750,2.5165,-1.1150	123.1750,2.5165,-1.1118	123.6750,2.5165,-1.1086	124.1750,2.5165,-1.1054	124.6750,2.5165,-1.1022	125.1750,2.5165,-1.0990	125.6750,2.5165,-1.0958	126.1750,2.5165,-1.0926	126.6750,2.5165,-1.0894	127.0250,2.5165,-1.0871	127.0250,2.5165,-0.9491	126.6750,2.5165,-0.9514	126.1750,2.5165,-0.9546	125.6750,2.5165,-0.9578	125.1750,2.5165,-0.9610	124.6750,2.5165,-0.9642	124.1750,2.5165,-0.9674	123.6750,2.5165,-0.9706	123.1750,2.5165,-0.9738	122.6750,2.5165,-0.9770	122.1750,2.5165,-0.9802	121.6750,2.5165,-0.9834	121.1750,2.5165,-0.9866	120.6750,2.5165,-0.9898	120.1750,2.5165,-0.9930	119.6750,2.5165,-0.9962	119.1750,2.5165,-0.9994	118.6750,2.5165,-1.0026	118.1750,2.5165,-1.0058	117.6750,2.5165,-1.0090	117.1750,2.5165,-1.0122	116.6750,2.5165,-1.0154	116.1750,2.5165,-1.0186	115.6750,2.5165,-1.0218	115.1750,2.5165,-1.0251	114.6750,2.5165,-1.0283
482	塗替塗装-024	塗替塗装						主桁（上山形鋼）	x 111.59〜129.11 G1	塗替塗装範囲詳細図		DWG の図から（測量前）	塗替塗装 x 111.59〜129.11 主桁（上山形鋼） G1	ext_poly	56	114.1750,2.3455,0.3285	113.6750,2.3455,0.3253	113.6750,2.3455,0.3133	114.1750,2.3455,0.3165	114.6750,2.3455,0.3197	115.1750,2.3455,0.3229	115.6750,2.3455,0.3262	116.1750,2.3455,0.3294	116.6750,2.3455,0.3326	117.1750,2.3455,0.3358	117.6750,2.3455,0.3390	118.1750,2.3455,0.3422	118.6750,2.3455,0.3454	119.1750,2.3455,0.3486	119.6750,2.3455,0.3518	120.1750,2.3455,0.3550	120.6750,2.3455,0.3582	121.1750,2.3455,0.3614	121.6750,2.3455,0.3646	122.1750,2.3455,0.3678	122.6750,2.3455,0.3710	123.1750,2.3455,0.3742	123.6750,2.3455,0.3774	124.1750,2.3455,0.3806	124.6750,2.3455,0.3838	125.1750,2.3455,0.3870	125.6750,2.3455,0.3902	126.1750,2.3455,0.3934	126.6750,2.3455,0.3966	127.0250,2.3455,0.3989	127.0250,2.3455,0.4109	126.6750,2.3455,0.4086	126.1750,2.3455,0.4054	125.6750,2.3455,0.4022	125.1750,2.3455,0.3990	124.6750,2.3455,0.3958	124.1750,2.3455,0.3926	123.6750,2.3455,0.3894	123.1750,2.3455,0.3862	122.6750,2.3455,0.3830	122.1750,2.3455,0.3798	121.6750,2.3455,0.3766	121.1750,2.3455,0.3734	120.6750,2.3455,0.3702	120.1750,2.3455,0.3670	119.6750,2.3455,0.3638	119.1750,2.3455,0.3606	118.6750,2.3455,0.3574	118.1750,2.3455,0.3542	117.6750,2.3455,0.3510	117.1750,2.3455,0.3478	116.6750,2.3455,0.3446	116.1750,2.3455,0.3414	115.6750,2.3455,0.3382	115.1750,2.3455,0.3349	114.6750,2.3455,0.3317	114.1750,2.4955,0.3285	113.6750,2.4955,0.3253	113.6750,2.4955,0.3133	114.1750,2.4955,0.3165	114.6750,2.4955,0.3197	115.1750,2.4955,0.3229	115.6750,2.4955,0.3262	116.1750,2.4955,0.3294	116.6750,2.4955,0.3326	117.1750,2.4955,0.3358	117.6750,2.4955,0.3390	118.1750,2.4955,0.3422	118.6750,2.4955,0.3454	119.1750,2.4955,0.3486	119.6750,2.4955,0.3518	120.1750,2.4955,0.3550	120.6750,2.4955,0.3582	121.1750,2.4955,0.3614	121.6750,2.4955,0.3646	122.1750,2.4955,0.3678	122.6750,2.4955,0.3710	123.1750,2.4955,0.3742	123.6750,2.4955,0.3774	124.1750,2.4955,0.3806	124.6750,2.4955,0.3838	125.1750,2.4955,0.3870	125.6750,2.4955,0.3902	126.1750,2.4955,0.3934	126.6750,2.4955,0.3966	127.0250,2.4955,0.3989	127.0250,2.4955,0.4109	126.6750,2.4955,0.4086	126.1750,2.4955,0.4054	125.6750,2.4955,0.4022	125.1750,2.4955,0.3990	124.6750,2.4955,0.3958	124.1750,2.4955,0.3926	123.6750,2.4955,0.3894	123.1750,2.4955,0.3862	122.6750,2.4955,0.3830	122.1750,2.4955,0.3798	121.6750,2.4955,0.3766	121.1750,2.4955,0.3734	120.6750,2.4955,0.3702	120.1750,2.4955,0.3670	119.6750,2.4955,0.3638	119.1750,2.4955,0.3606	118.6750,2.4955,0.3574	118.1750,2.4955,0.3542	117.6750,2.4955,0.3510	117.1750,2.4955,0.3478	116.6750,2.4955,0.3446	116.1750,2.4955,0.3414	115.6750,2.4955,0.3382	115.1750,2.4955,0.3349	114.6750,2.4955,0.3317
483	塗替塗装-025	塗替塗装						主桁（上山形鋼）	x 111.59〜129.11 G1	塗替塗装範囲詳細図		DWG の図から（測量前）	塗替塗装 x 111.59〜129.11 主桁（上山形鋼） G1	ext_poly	56	114.1750,2.4835,0.3165	113.6750,2.4835,0.3133	113.6750,2.4835,0.1753	114.1750,2.4835,0.1785	114.6750,2.4835,0.1817	115.1750,2.4835,0.1849	115.6750,2.4835,0.1882	116.1750,2.4835,0.1914	116.6750,2.4835,0.1946	117.1750,2.4835,0.1978	117.6750,2.4835,0.2010	118.1750,2.4835,0.2042	118.6750,2.4835,0.2074	119.1750,2.4835,0.2106	119.6750,2.4835,0.2138	120.1750,2.4835,0.2170	120.6750,2.4835,0.2202	121.1750,2.4835,0.2234	121.6750,2.4835,0.2266	122.1750,2.4835,0.2298	122.6750,2.4835,0.2330	123.1750,2.4835,0.2362	123.6750,2.4835,0.2394	124.1750,2.4835,0.2426	124.6750,2.4835,0.2458	125.1750,2.4835,0.2490	125.6750,2.4835,0.2522	126.1750,2.4835,0.2554	126.6750,2.4835,0.2586	127.0250,2.4835,0.2609	127.0250,2.4835,0.3989	126.6750,2.4835,0.3966	126.1750,2.4835,0.3934	125.6750,2.4835,0.3902	125.1750,2.4835,0.3870	124.6750,2.4835,0.3838	124.1750,2.4835,0.3806	123.6750,2.4835,0.3774	123.1750,2.4835,0.3742	122.6750,2.4835,0.3710	122.1750,2.4835,0.3678	121.6750,2.4835,0.3646	121.1750,2.4835,0.3614	120.6750,2.4835,0.3582	120.1750,2.4835,0.3550	119.6750,2.4835,0.3518	119.1750,2.4835,0.3486	118.6750,2.4835,0.3454	118.1750,2.4835,0.3422	117.6750,2.4835,0.3390	117.1750,2.4835,0.3358	116.6750,2.4835,0.3326	116.1750,2.4835,0.3294	115.6750,2.4835,0.3262	115.1750,2.4835,0.3229	114.6750,2.4835,0.3197	114.1750,2.4955,0.3165	113.6750,2.4955,0.3133	113.6750,2.4955,0.1753	114.1750,2.4955,0.1785	114.6750,2.4955,0.1817	115.1750,2.4955,0.1849	115.6750,2.4955,0.1882	116.1750,2.4955,0.1914	116.6750,2.4955,0.1946	117.1750,2.4955,0.1978	117.6750,2.4955,0.2010	118.1750,2.4955,0.2042	118.6750,2.4955,0.2074	119.1750,2.4955,0.2106	119.6750,2.4955,0.2138	120.1750,2.4955,0.2170	120.6750,2.4955,0.2202	121.1750,2.4955,0.2234	121.6750,2.4955,0.2266	122.1750,2.4955,0.2298	122.6750,2.4955,0.2330	123.1750,2.4955,0.2362	123.6750,2.4955,0.2394	124.1750,2.4955,0.2426	124.6750,2.4955,0.2458	125.1750,2.4955,0.2490	125.6750,2.4955,0.2522	126.1750,2.4955,0.2554	126.6750,2.4955,0.2586	127.0250,2.4955,0.2609	127.0250,2.4955,0.3989	126.6750,2.4955,0.3966	126.1750,2.4955,0.3934	125.6750,2.4955,0.3902	125.1750,2.4955,0.3870	124.6750,2.4955,0.3838	124.1750,2.4955,0.3806	123.6750,2.4955,0.3774	123.1750,2.4955,0.3742	122.6750,2.4955,0.3710	122.1750,2.4955,0.3678	121.6750,2.4955,0.3646	121.1750,2.4955,0.3614	120.6750,2.4955,0.3582	120.1750,2.4955,0.3550	119.6750,2.4955,0.3518	119.1750,2.4955,0.3486	118.6750,2.4955,0.3454	118.1750,2.4955,0.3422	117.6750,2.4955,0.3390	117.1750,2.4955,0.3358	116.6750,2.4955,0.3326	116.1750,2.4955,0.3294	115.6750,2.4955,0.3262	115.1750,2.4955,0.3229	114.6750,2.4955,0.3197
484	塗替塗装-026	塗替塗装						主桁（下山形鋼）	x 111.59〜129.11 G1	塗替塗装範囲詳細図		DWG の図から（測量前）	塗替塗装 x 111.59〜129.11 主桁（下山形鋼） G1	ext_poly	56	114.1750,2.3455,-1.1695	113.6750,2.3455,-1.1727	113.6750,2.3455,-1.1847	114.1750,2.3455,-1.1815	114.6750,2.3455,-1.1783	115.1750,2.3455,-1.1751	115.6750,2.3455,-1.1718	116.1750,2.3455,-1.1686	116.6750,2.3455,-1.1654	117.1750,2.3455,-1.1622	117.6750,2.3455,-1.1590	118.1750,2.3455,-1.1558	118.6750,2.3455,-1.1526	119.1750,2.3455,-1.1494	119.6750,2.3455,-1.1462	120.1750,2.3455,-1.1430	120.6750,2.3455,-1.1398	121.1750,2.3455,-1.1366	121.6750,2.3455,-1.1334	122.1750,2.3455,-1.1302	122.6750,2.3455,-1.1270	123.1750,2.3455,-1.1238	123.6750,2.3455,-1.1206	124.1750,2.3455,-1.1174	124.6750,2.3455,-1.1142	125.1750,2.3455,-1.1110	125.6750,2.3455,-1.1078	126.1750,2.3455,-1.1046	126.6750,2.3455,-1.1014	127.0250,2.3455,-1.0991	127.0250,2.3455,-1.0871	126.6750,2.3455,-1.0894	126.1750,2.3455,-1.0926	125.6750,2.3455,-1.0958	125.1750,2.3455,-1.0990	124.6750,2.3455,-1.1022	124.1750,2.3455,-1.1054	123.6750,2.3455,-1.1086	123.1750,2.3455,-1.1118	122.6750,2.3455,-1.1150	122.1750,2.3455,-1.1182	121.6750,2.3455,-1.1214	121.1750,2.3455,-1.1246	120.6750,2.3455,-1.1278	120.1750,2.3455,-1.1310	119.6750,2.3455,-1.1342	119.1750,2.3455,-1.1374	118.6750,2.3455,-1.1406	118.1750,2.3455,-1.1438	117.6750,2.3455,-1.1470	117.1750,2.3455,-1.1502	116.6750,2.3455,-1.1534	116.1750,2.3455,-1.1566	115.6750,2.3455,-1.1598	115.1750,2.3455,-1.1631	114.6750,2.3455,-1.1663	114.1750,2.4955,-1.1695	113.6750,2.4955,-1.1727	113.6750,2.4955,-1.1847	114.1750,2.4955,-1.1815	114.6750,2.4955,-1.1783	115.1750,2.4955,-1.1751	115.6750,2.4955,-1.1718	116.1750,2.4955,-1.1686	116.6750,2.4955,-1.1654	117.1750,2.4955,-1.1622	117.6750,2.4955,-1.1590	118.1750,2.4955,-1.1558	118.6750,2.4955,-1.1526	119.1750,2.4955,-1.1494	119.6750,2.4955,-1.1462	120.1750,2.4955,-1.1430	120.6750,2.4955,-1.1398	121.1750,2.4955,-1.1366	121.6750,2.4955,-1.1334	122.1750,2.4955,-1.1302	122.6750,2.4955,-1.1270	123.1750,2.4955,-1.1238	123.6750,2.4955,-1.1206	124.1750,2.4955,-1.1174	124.6750,2.4955,-1.1142	125.1750,2.4955,-1.1110	125.6750,2.4955,-1.1078	126.1750,2.4955,-1.1046	126.6750,2.4955,-1.1014	127.0250,2.4955,-1.0991	127.0250,2.4955,-1.0871	126.6750,2.4955,-1.0894	126.1750,2.4955,-1.0926	125.6750,2.4955,-1.0958	125.1750,2.4955,-1.0990	124.6750,2.4955,-1.1022	124.1750,2.4955,-1.1054	123.6750,2.4955,-1.1086	123.1750,2.4955,-1.1118	122.6750,2.4955,-1.1150	122.1750,2.4955,-1.1182	121.6750,2.4955,-1.1214	121.1750,2.4955,-1.1246	120.6750,2.4955,-1.1278	120.1750,2.4955,-1.1310	119.6750,2.4955,-1.1342	119.1750,2.4955,-1.1374	118.6750,2.4955,-1.1406	118.1750,2.4955,-1.1438	117.6750,2.4955,-1.1470	117.1750,2.4955,-1.1502	116.6750,2.4955,-1.1534	116.1750,2.4955,-1.1566	115.6750,2.4955,-1.1598	115.1750,2.4955,-1.1631	114.6750,2.4955,-1.1663
485	塗替塗装-027	塗替塗装						主桁（下山形鋼）	x 111.59〜129.11 G1	塗替塗装範囲詳細図		DWG の図から（測量前）	塗替塗装 x 111.59〜129.11 主桁（下山形鋼） G1	ext_poly	56	114.1750,2.4835,-1.0315	113.6750,2.4835,-1.0347	113.6750,2.4835,-1.1727	114.1750,2.4835,-1.1695	114.6750,2.4835,-1.1663	115.1750,2.4835,-1.1631	115.6750,2.4835,-1.1598	116.1750,2.4835,-1.1566	116.6750,2.4835,-1.1534	117.1750,2.4835,-1.1502	117.6750,2.4835,-1.1470	118.1750,2.4835,-1.1438	118.6750,2.4835,-1.1406	119.1750,2.4835,-1.1374	119.6750,2.4835,-1.1342	120.1750,2.4835,-1.1310	120.6750,2.4835,-1.1278	121.1750,2.4835,-1.1246	121.6750,2.4835,-1.1214	122.1750,2.4835,-1.1182	122.6750,2.4835,-1.1150	123.1750,2.4835,-1.1118	123.6750,2.4835,-1.1086	124.1750,2.4835,-1.1054	124.6750,2.4835,-1.1022	125.1750,2.4835,-1.0990	125.6750,2.4835,-1.0958	126.1750,2.4835,-1.0926	126.6750,2.4835,-1.0894	127.0250,2.4835,-1.0871	127.0250,2.4835,-0.9491	126.6750,2.4835,-0.9514	126.1750,2.4835,-0.9546	125.6750,2.4835,-0.9578	125.1750,2.4835,-0.9610	124.6750,2.4835,-0.9642	124.1750,2.4835,-0.9674	123.6750,2.4835,-0.9706	123.1750,2.4835,-0.9738	122.6750,2.4835,-0.9770	122.1750,2.4835,-0.9802	121.6750,2.4835,-0.9834	121.1750,2.4835,-0.9866	120.6750,2.4835,-0.9898	120.1750,2.4835,-0.9930	119.6750,2.4835,-0.9962	119.1750,2.4835,-0.9994	118.6750,2.4835,-1.0026	118.1750,2.4835,-1.0058	117.6750,2.4835,-1.0090	117.1750,2.4835,-1.0122	116.6750,2.4835,-1.0154	116.1750,2.4835,-1.0186	115.6750,2.4835,-1.0218	115.1750,2.4835,-1.0251	114.6750,2.4835,-1.0283	114.1750,2.4955,-1.0315	113.6750,2.4955,-1.0347	113.6750,2.4955,-1.1727	114.1750,2.4955,-1.1695	114.6750,2.4955,-1.1663	115.1750,2.4955,-1.1631	115.6750,2.4955,-1.1598	116.1750,2.4955,-1.1566	116.6750,2.4955,-1.1534	117.1750,2.4955,-1.1502	117.6750,2.4955,-1.1470	118.1750,2.4955,-1.1438	118.6750,2.4955,-1.1406	119.1750,2.4955,-1.1374	119.6750,2.4955,-1.1342	120.1750,2.4955,-1.1310	120.6750,2.4955,-1.1278	121.1750,2.4955,-1.1246	121.6750,2.4955,-1.1214	122.1750,2.4955,-1.1182	122.6750,2.4955,-1.1150	123.1750,2.4955,-1.1118	123.6750,2.4955,-1.1086	124.1750,2.4955,-1.1054	124.6750,2.4955,-1.1022	125.1750,2.4955,-1.0990	125.6750,2.4955,-1.0958	126.1750,2.4955,-1.0926	126.6750,2.4955,-1.0894	127.0250,2.4955,-1.0871	127.0250,2.4955,-0.9491	126.6750,2.4955,-0.9514	126.1750,2.4955,-0.9546	125.6750,2.4955,-0.9578	125.1750,2.4955,-0.9610	124.6750,2.4955,-0.9642	124.1750,2.4955,-0.9674	123.6750,2.4955,-0.9706	123.1750,2.4955,-0.9738	122.6750,2.4955,-0.9770	122.1750,2.4955,-0.9802	121.6750,2.4955,-0.9834	121.1750,2.4955,-0.9866	120.6750,2.4955,-0.9898	120.1750,2.4955,-0.9930	119.6750,2.4955,-0.9962	119.1750,2.4955,-0.9994	118.6750,2.4955,-1.0026	118.1750,2.4955,-1.0058	117.6750,2.4955,-1.0090	117.1750,2.4955,-1.0122	116.6750,2.4955,-1.0154	116.1750,2.4955,-1.0186	115.6750,2.4955,-1.0218	115.1750,2.4955,-1.0251	114.6750,2.4955,-1.0283
486	塗替塗装-028	塗替塗装						主桁（腹板）	x 111.59〜129.11 G2	塗替塗装範囲詳細図		DWG の図から（測量前）	塗替塗装 x 111.59〜129.11 主桁（腹板） G2	ext_poly	56	114.1750,-2.5045,0.3285	113.6750,-2.5045,0.3253	113.6750,-2.5045,-1.1847	114.1750,-2.5045,-1.1815	114.6750,-2.5045,-1.1783	115.1750,-2.5045,-1.1751	115.6750,-2.5045,-1.1718	116.1750,-2.5045,-1.1686	116.6750,-2.5045,-1.1654	117.1750,-2.5045,-1.1622	117.6750,-2.5045,-1.1590	118.1750,-2.5045,-1.1558	118.6750,-2.5045,-1.1526	119.1750,-2.5045,-1.1494	119.6750,-2.5045,-1.1462	120.1750,-2.5045,-1.1430	120.6750,-2.5045,-1.1398	121.1750,-2.5045,-1.1366	121.6750,-2.5045,-1.1334	122.1750,-2.5045,-1.1302	122.6750,-2.5045,-1.1270	123.1750,-2.5045,-1.1238	123.6750,-2.5045,-1.1206	124.1750,-2.5045,-1.1174	124.6750,-2.5045,-1.1142	125.1750,-2.5045,-1.1110	125.6750,-2.5045,-1.1078	126.1750,-2.5045,-1.1046	126.6750,-2.5045,-1.1014	127.0250,-2.5045,-1.0991	127.0250,-2.5045,0.4109	126.6750,-2.5045,0.4086	126.1750,-2.5045,0.4054	125.6750,-2.5045,0.4022	125.1750,-2.5045,0.3990	124.6750,-2.5045,0.3958	124.1750,-2.5045,0.3926	123.6750,-2.5045,0.3894	123.1750,-2.5045,0.3862	122.6750,-2.5045,0.3830	122.1750,-2.5045,0.3798	121.6750,-2.5045,0.3766	121.1750,-2.5045,0.3734	120.6750,-2.5045,0.3702	120.1750,-2.5045,0.3670	119.6750,-2.5045,0.3638	119.1750,-2.5045,0.3606	118.6750,-2.5045,0.3574	118.1750,-2.5045,0.3542	117.6750,-2.5045,0.3510	117.1750,-2.5045,0.3478	116.6750,-2.5045,0.3446	116.1750,-2.5045,0.3414	115.6750,-2.5045,0.3382	115.1750,-2.5045,0.3349	114.6750,-2.5045,0.3317	114.1750,-2.4955,0.3285	113.6750,-2.4955,0.3253	113.6750,-2.4955,-1.1847	114.1750,-2.4955,-1.1815	114.6750,-2.4955,-1.1783	115.1750,-2.4955,-1.1751	115.6750,-2.4955,-1.1718	116.1750,-2.4955,-1.1686	116.6750,-2.4955,-1.1654	117.1750,-2.4955,-1.1622	117.6750,-2.4955,-1.1590	118.1750,-2.4955,-1.1558	118.6750,-2.4955,-1.1526	119.1750,-2.4955,-1.1494	119.6750,-2.4955,-1.1462	120.1750,-2.4955,-1.1430	120.6750,-2.4955,-1.1398	121.1750,-2.4955,-1.1366	121.6750,-2.4955,-1.1334	122.1750,-2.4955,-1.1302	122.6750,-2.4955,-1.1270	123.1750,-2.4955,-1.1238	123.6750,-2.4955,-1.1206	124.1750,-2.4955,-1.1174	124.6750,-2.4955,-1.1142	125.1750,-2.4955,-1.1110	125.6750,-2.4955,-1.1078	126.1750,-2.4955,-1.1046	126.6750,-2.4955,-1.1014	127.0250,-2.4955,-1.0991	127.0250,-2.4955,0.4109	126.6750,-2.4955,0.4086	126.1750,-2.4955,0.4054	125.6750,-2.4955,0.4022	125.1750,-2.4955,0.3990	124.6750,-2.4955,0.3958	124.1750,-2.4955,0.3926	123.6750,-2.4955,0.3894	123.1750,-2.4955,0.3862	122.6750,-2.4955,0.3830	122.1750,-2.4955,0.3798	121.6750,-2.4955,0.3766	121.1750,-2.4955,0.3734	120.6750,-2.4955,0.3702	120.1750,-2.4955,0.3670	119.6750,-2.4955,0.3638	119.1750,-2.4955,0.3606	118.6750,-2.4955,0.3574	118.1750,-2.4955,0.3542	117.6750,-2.4955,0.3510	117.1750,-2.4955,0.3478	116.6750,-2.4955,0.3446	116.1750,-2.4955,0.3414	115.6750,-2.4955,0.3382	115.1750,-2.4955,0.3349	114.6750,-2.4955,0.3317
487	塗替塗装-029	塗替塗装						主桁（上山形鋼）	x 111.59〜129.11 G2	塗替塗装範囲詳細図		DWG の図から（測量前）	塗替塗装 x 111.59〜129.11 主桁（上山形鋼） G2	ext_poly	56	114.1750,-2.4955,0.3285	113.6750,-2.4955,0.3253	113.6750,-2.4955,0.3133	114.1750,-2.4955,0.3165	114.6750,-2.4955,0.3197	115.1750,-2.4955,0.3229	115.6750,-2.4955,0.3262	116.1750,-2.4955,0.3294	116.6750,-2.4955,0.3326	117.1750,-2.4955,0.3358	117.6750,-2.4955,0.3390	118.1750,-2.4955,0.3422	118.6750,-2.4955,0.3454	119.1750,-2.4955,0.3486	119.6750,-2.4955,0.3518	120.1750,-2.4955,0.3550	120.6750,-2.4955,0.3582	121.1750,-2.4955,0.3614	121.6750,-2.4955,0.3646	122.1750,-2.4955,0.3678	122.6750,-2.4955,0.3710	123.1750,-2.4955,0.3742	123.6750,-2.4955,0.3774	124.1750,-2.4955,0.3806	124.6750,-2.4955,0.3838	125.1750,-2.4955,0.3870	125.6750,-2.4955,0.3902	126.1750,-2.4955,0.3934	126.6750,-2.4955,0.3966	127.0250,-2.4955,0.3989	127.0250,-2.4955,0.4109	126.6750,-2.4955,0.4086	126.1750,-2.4955,0.4054	125.6750,-2.4955,0.4022	125.1750,-2.4955,0.3990	124.6750,-2.4955,0.3958	124.1750,-2.4955,0.3926	123.6750,-2.4955,0.3894	123.1750,-2.4955,0.3862	122.6750,-2.4955,0.3830	122.1750,-2.4955,0.3798	121.6750,-2.4955,0.3766	121.1750,-2.4955,0.3734	120.6750,-2.4955,0.3702	120.1750,-2.4955,0.3670	119.6750,-2.4955,0.3638	119.1750,-2.4955,0.3606	118.6750,-2.4955,0.3574	118.1750,-2.4955,0.3542	117.6750,-2.4955,0.3510	117.1750,-2.4955,0.3478	116.6750,-2.4955,0.3446	116.1750,-2.4955,0.3414	115.6750,-2.4955,0.3382	115.1750,-2.4955,0.3349	114.6750,-2.4955,0.3317	114.1750,-2.3455,0.3285	113.6750,-2.3455,0.3253	113.6750,-2.3455,0.3133	114.1750,-2.3455,0.3165	114.6750,-2.3455,0.3197	115.1750,-2.3455,0.3229	115.6750,-2.3455,0.3262	116.1750,-2.3455,0.3294	116.6750,-2.3455,0.3326	117.1750,-2.3455,0.3358	117.6750,-2.3455,0.3390	118.1750,-2.3455,0.3422	118.6750,-2.3455,0.3454	119.1750,-2.3455,0.3486	119.6750,-2.3455,0.3518	120.1750,-2.3455,0.3550	120.6750,-2.3455,0.3582	121.1750,-2.3455,0.3614	121.6750,-2.3455,0.3646	122.1750,-2.3455,0.3678	122.6750,-2.3455,0.3710	123.1750,-2.3455,0.3742	123.6750,-2.3455,0.3774	124.1750,-2.3455,0.3806	124.6750,-2.3455,0.3838	125.1750,-2.3455,0.3870	125.6750,-2.3455,0.3902	126.1750,-2.3455,0.3934	126.6750,-2.3455,0.3966	127.0250,-2.3455,0.3989	127.0250,-2.3455,0.4109	126.6750,-2.3455,0.4086	126.1750,-2.3455,0.4054	125.6750,-2.3455,0.4022	125.1750,-2.3455,0.3990	124.6750,-2.3455,0.3958	124.1750,-2.3455,0.3926	123.6750,-2.3455,0.3894	123.1750,-2.3455,0.3862	122.6750,-2.3455,0.3830	122.1750,-2.3455,0.3798	121.6750,-2.3455,0.3766	121.1750,-2.3455,0.3734	120.6750,-2.3455,0.3702	120.1750,-2.3455,0.3670	119.6750,-2.3455,0.3638	119.1750,-2.3455,0.3606	118.6750,-2.3455,0.3574	118.1750,-2.3455,0.3542	117.6750,-2.3455,0.3510	117.1750,-2.3455,0.3478	116.6750,-2.3455,0.3446	116.1750,-2.3455,0.3414	115.6750,-2.3455,0.3382	115.1750,-2.3455,0.3349	114.6750,-2.3455,0.3317
488	塗替塗装-030	塗替塗装						主桁（上山形鋼）	x 111.59〜129.11 G2	塗替塗装範囲詳細図		DWG の図から（測量前）	塗替塗装 x 111.59〜129.11 主桁（上山形鋼） G2	ext_poly	56	114.1750,-2.4955,0.3165	113.6750,-2.4955,0.3133	113.6750,-2.4955,0.1753	114.1750,-2.4955,0.1785	114.6750,-2.4955,0.1817	115.1750,-2.4955,0.1849	115.6750,-2.4955,0.1882	116.1750,-2.4955,0.1914	116.6750,-2.4955,0.1946	117.1750,-2.4955,0.1978	117.6750,-2.4955,0.2010	118.1750,-2.4955,0.2042	118.6750,-2.4955,0.2074	119.1750,-2.4955,0.2106	119.6750,-2.4955,0.2138	120.1750,-2.4955,0.2170	120.6750,-2.4955,0.2202	121.1750,-2.4955,0.2234	121.6750,-2.4955,0.2266	122.1750,-2.4955,0.2298	122.6750,-2.4955,0.2330	123.1750,-2.4955,0.2362	123.6750,-2.4955,0.2394	124.1750,-2.4955,0.2426	124.6750,-2.4955,0.2458	125.1750,-2.4955,0.2490	125.6750,-2.4955,0.2522	126.1750,-2.4955,0.2554	126.6750,-2.4955,0.2586	127.0250,-2.4955,0.2609	127.0250,-2.4955,0.3989	126.6750,-2.4955,0.3966	126.1750,-2.4955,0.3934	125.6750,-2.4955,0.3902	125.1750,-2.4955,0.3870	124.6750,-2.4955,0.3838	124.1750,-2.4955,0.3806	123.6750,-2.4955,0.3774	123.1750,-2.4955,0.3742	122.6750,-2.4955,0.3710	122.1750,-2.4955,0.3678	121.6750,-2.4955,0.3646	121.1750,-2.4955,0.3614	120.6750,-2.4955,0.3582	120.1750,-2.4955,0.3550	119.6750,-2.4955,0.3518	119.1750,-2.4955,0.3486	118.6750,-2.4955,0.3454	118.1750,-2.4955,0.3422	117.6750,-2.4955,0.3390	117.1750,-2.4955,0.3358	116.6750,-2.4955,0.3326	116.1750,-2.4955,0.3294	115.6750,-2.4955,0.3262	115.1750,-2.4955,0.3229	114.6750,-2.4955,0.3197	114.1750,-2.4835,0.3165	113.6750,-2.4835,0.3133	113.6750,-2.4835,0.1753	114.1750,-2.4835,0.1785	114.6750,-2.4835,0.1817	115.1750,-2.4835,0.1849	115.6750,-2.4835,0.1882	116.1750,-2.4835,0.1914	116.6750,-2.4835,0.1946	117.1750,-2.4835,0.1978	117.6750,-2.4835,0.2010	118.1750,-2.4835,0.2042	118.6750,-2.4835,0.2074	119.1750,-2.4835,0.2106	119.6750,-2.4835,0.2138	120.1750,-2.4835,0.2170	120.6750,-2.4835,0.2202	121.1750,-2.4835,0.2234	121.6750,-2.4835,0.2266	122.1750,-2.4835,0.2298	122.6750,-2.4835,0.2330	123.1750,-2.4835,0.2362	123.6750,-2.4835,0.2394	124.1750,-2.4835,0.2426	124.6750,-2.4835,0.2458	125.1750,-2.4835,0.2490	125.6750,-2.4835,0.2522	126.1750,-2.4835,0.2554	126.6750,-2.4835,0.2586	127.0250,-2.4835,0.2609	127.0250,-2.4835,0.3989	126.6750,-2.4835,0.3966	126.1750,-2.4835,0.3934	125.6750,-2.4835,0.3902	125.1750,-2.4835,0.3870	124.6750,-2.4835,0.3838	124.1750,-2.4835,0.3806	123.6750,-2.4835,0.3774	123.1750,-2.4835,0.3742	122.6750,-2.4835,0.3710	122.1750,-2.4835,0.3678	121.6750,-2.4835,0.3646	121.1750,-2.4835,0.3614	120.6750,-2.4835,0.3582	120.1750,-2.4835,0.3550	119.6750,-2.4835,0.3518	119.1750,-2.4835,0.3486	118.6750,-2.4835,0.3454	118.1750,-2.4835,0.3422	117.6750,-2.4835,0.3390	117.1750,-2.4835,0.3358	116.6750,-2.4835,0.3326	116.1750,-2.4835,0.3294	115.6750,-2.4835,0.3262	115.1750,-2.4835,0.3229	114.6750,-2.4835,0.3197
489	塗替塗装-031	塗替塗装						主桁（下山形鋼）	x 111.59〜129.11 G2	塗替塗装範囲詳細図		DWG の図から（測量前）	塗替塗装 x 111.59〜129.11 主桁（下山形鋼） G2	ext_poly	56	114.1750,-2.4955,-1.1695	113.6750,-2.4955,-1.1727	113.6750,-2.4955,-1.1847	114.1750,-2.4955,-1.1815	114.6750,-2.4955,-1.1783	115.1750,-2.4955,-1.1751	115.6750,-2.4955,-1.1718	116.1750,-2.4955,-1.1686	116.6750,-2.4955,-1.1654	117.1750,-2.4955,-1.1622	117.6750,-2.4955,-1.1590	118.1750,-2.4955,-1.1558	118.6750,-2.4955,-1.1526	119.1750,-2.4955,-1.1494	119.6750,-2.4955,-1.1462	120.1750,-2.4955,-1.1430	120.6750,-2.4955,-1.1398	121.1750,-2.4955,-1.1366	121.6750,-2.4955,-1.1334	122.1750,-2.4955,-1.1302	122.6750,-2.4955,-1.1270	123.1750,-2.4955,-1.1238	123.6750,-2.4955,-1.1206	124.1750,-2.4955,-1.1174	124.6750,-2.4955,-1.1142	125.1750,-2.4955,-1.1110	125.6750,-2.4955,-1.1078	126.1750,-2.4955,-1.1046	126.6750,-2.4955,-1.1014	127.0250,-2.4955,-1.0991	127.0250,-2.4955,-1.0871	126.6750,-2.4955,-1.0894	126.1750,-2.4955,-1.0926	125.6750,-2.4955,-1.0958	125.1750,-2.4955,-1.0990	124.6750,-2.4955,-1.1022	124.1750,-2.4955,-1.1054	123.6750,-2.4955,-1.1086	123.1750,-2.4955,-1.1118	122.6750,-2.4955,-1.1150	122.1750,-2.4955,-1.1182	121.6750,-2.4955,-1.1214	121.1750,-2.4955,-1.1246	120.6750,-2.4955,-1.1278	120.1750,-2.4955,-1.1310	119.6750,-2.4955,-1.1342	119.1750,-2.4955,-1.1374	118.6750,-2.4955,-1.1406	118.1750,-2.4955,-1.1438	117.6750,-2.4955,-1.1470	117.1750,-2.4955,-1.1502	116.6750,-2.4955,-1.1534	116.1750,-2.4955,-1.1566	115.6750,-2.4955,-1.1598	115.1750,-2.4955,-1.1631	114.6750,-2.4955,-1.1663	114.1750,-2.3455,-1.1695	113.6750,-2.3455,-1.1727	113.6750,-2.3455,-1.1847	114.1750,-2.3455,-1.1815	114.6750,-2.3455,-1.1783	115.1750,-2.3455,-1.1751	115.6750,-2.3455,-1.1718	116.1750,-2.3455,-1.1686	116.6750,-2.3455,-1.1654	117.1750,-2.3455,-1.1622	117.6750,-2.3455,-1.1590	118.1750,-2.3455,-1.1558	118.6750,-2.3455,-1.1526	119.1750,-2.3455,-1.1494	119.6750,-2.3455,-1.1462	120.1750,-2.3455,-1.1430	120.6750,-2.3455,-1.1398	121.1750,-2.3455,-1.1366	121.6750,-2.3455,-1.1334	122.1750,-2.3455,-1.1302	122.6750,-2.3455,-1.1270	123.1750,-2.3455,-1.1238	123.6750,-2.3455,-1.1206	124.1750,-2.3455,-1.1174	124.6750,-2.3455,-1.1142	125.1750,-2.3455,-1.1110	125.6750,-2.3455,-1.1078	126.1750,-2.3455,-1.1046	126.6750,-2.3455,-1.1014	127.0250,-2.3455,-1.0991	127.0250,-2.3455,-1.0871	126.6750,-2.3455,-1.0894	126.1750,-2.3455,-1.0926	125.6750,-2.3455,-1.0958	125.1750,-2.3455,-1.0990	124.6750,-2.3455,-1.1022	124.1750,-2.3455,-1.1054	123.6750,-2.3455,-1.1086	123.1750,-2.3455,-1.1118	122.6750,-2.3455,-1.1150	122.1750,-2.3455,-1.1182	121.6750,-2.3455,-1.1214	121.1750,-2.3455,-1.1246	120.6750,-2.3455,-1.1278	120.1750,-2.3455,-1.1310	119.6750,-2.3455,-1.1342	119.1750,-2.3455,-1.1374	118.6750,-2.3455,-1.1406	118.1750,-2.3455,-1.1438	117.6750,-2.3455,-1.1470	117.1750,-2.3455,-1.1502	116.6750,-2.3455,-1.1534	116.1750,-2.3455,-1.1566	115.6750,-2.3455,-1.1598	115.1750,-2.3455,-1.1631	114.6750,-2.3455,-1.1663
490	塗替塗装-032	塗替塗装						主桁（下山形鋼）	x 111.59〜129.11 G2	塗替塗装範囲詳細図		DWG の図から（測量前）	塗替塗装 x 111.59〜129.11 主桁（下山形鋼） G2	ext_poly	56	114.1750,-2.4955,-1.0315	113.6750,-2.4955,-1.0347	113.6750,-2.4955,-1.1727	114.1750,-2.4955,-1.1695	114.6750,-2.4955,-1.1663	115.1750,-2.4955,-1.1631	115.6750,-2.4955,-1.1598	116.1750,-2.4955,-1.1566	116.6750,-2.4955,-1.1534	117.1750,-2.4955,-1.1502	117.6750,-2.4955,-1.1470	118.1750,-2.4955,-1.1438	118.6750,-2.4955,-1.1406	119.1750,-2.4955,-1.1374	119.6750,-2.4955,-1.1342	120.1750,-2.4955,-1.1310	120.6750,-2.4955,-1.1278	121.1750,-2.4955,-1.1246	121.6750,-2.4955,-1.1214	122.1750,-2.4955,-1.1182	122.6750,-2.4955,-1.1150	123.1750,-2.4955,-1.1118	123.6750,-2.4955,-1.1086	124.1750,-2.4955,-1.1054	124.6750,-2.4955,-1.1022	125.1750,-2.4955,-1.0990	125.6750,-2.4955,-1.0958	126.1750,-2.4955,-1.0926	126.6750,-2.4955,-1.0894	127.0250,-2.4955,-1.0871	127.0250,-2.4955,-0.9491	126.6750,-2.4955,-0.9514	126.1750,-2.4955,-0.9546	125.6750,-2.4955,-0.9578	125.1750,-2.4955,-0.9610	124.6750,-2.4955,-0.9642	124.1750,-2.4955,-0.9674	123.6750,-2.4955,-0.9706	123.1750,-2.4955,-0.9738	122.6750,-2.4955,-0.9770	122.1750,-2.4955,-0.9802	121.6750,-2.4955,-0.9834	121.1750,-2.4955,-0.9866	120.6750,-2.4955,-0.9898	120.1750,-2.4955,-0.9930	119.6750,-2.4955,-0.9962	119.1750,-2.4955,-0.9994	118.6750,-2.4955,-1.0026	118.1750,-2.4955,-1.0058	117.6750,-2.4955,-1.0090	117.1750,-2.4955,-1.0122	116.6750,-2.4955,-1.0154	116.1750,-2.4955,-1.0186	115.6750,-2.4955,-1.0218	115.1750,-2.4955,-1.0251	114.6750,-2.4955,-1.0283	114.1750,-2.4835,-1.0315	113.6750,-2.4835,-1.0347	113.6750,-2.4835,-1.1727	114.1750,-2.4835,-1.1695	114.6750,-2.4835,-1.1663	115.1750,-2.4835,-1.1631	115.6750,-2.4835,-1.1598	116.1750,-2.4835,-1.1566	116.6750,-2.4835,-1.1534	117.1750,-2.4835,-1.1502	117.6750,-2.4835,-1.1470	118.1750,-2.4835,-1.1438	118.6750,-2.4835,-1.1406	119.1750,-2.4835,-1.1374	119.6750,-2.4835,-1.1342	120.1750,-2.4835,-1.1310	120.6750,-2.4835,-1.1278	121.1750,-2.4835,-1.1246	121.6750,-2.4835,-1.1214	122.1750,-2.4835,-1.1182	122.6750,-2.4835,-1.1150	123.1750,-2.4835,-1.1118	123.6750,-2.4835,-1.1086	124.1750,-2.4835,-1.1054	124.6750,-2.4835,-1.1022	125.1750,-2.4835,-1.0990	125.6750,-2.4835,-1.0958	126.1750,-2.4835,-1.0926	126.6750,-2.4835,-1.0894	127.0250,-2.4835,-1.0871	127.0250,-2.4835,-0.9491	126.6750,-2.4835,-0.9514	126.1750,-2.4835,-0.9546	125.6750,-2.4835,-0.9578	125.1750,-2.4835,-0.9610	124.6750,-2.4835,-0.9642	124.1750,-2.4835,-0.9674	123.6750,-2.4835,-0.9706	123.1750,-2.4835,-0.9738	122.6750,-2.4835,-0.9770	122.1750,-2.4835,-0.9802	121.6750,-2.4835,-0.9834	121.1750,-2.4835,-0.9866	120.6750,-2.4835,-0.9898	120.1750,-2.4835,-0.9930	119.6750,-2.4835,-0.9962	119.1750,-2.4835,-0.9994	118.6750,-2.4835,-1.0026	118.1750,-2.4835,-1.0058	117.6750,-2.4835,-1.0090	117.1750,-2.4835,-1.0122	116.6750,-2.4835,-1.0154	116.1750,-2.4835,-1.0186	115.6750,-2.4835,-1.0218	115.1750,-2.4835,-1.0251	114.6750,-2.4835,-1.0283
491	塗替塗装-033	塗替塗装						主桁（上山形鋼）	x 111.59〜129.11 G2	塗替塗装範囲詳細図		DWG の図から（測量前）	塗替塗装 x 111.59〜129.11 主桁（上山形鋼） G2	ext_poly	56	114.1750,-2.6545,0.3285	113.6750,-2.6545,0.3253	113.6750,-2.6545,0.3133	114.1750,-2.6545,0.3165	114.6750,-2.6545,0.3197	115.1750,-2.6545,0.3229	115.6750,-2.6545,0.3262	116.1750,-2.6545,0.3294	116.6750,-2.6545,0.3326	117.1750,-2.6545,0.3358	117.6750,-2.6545,0.3390	118.1750,-2.6545,0.3422	118.6750,-2.6545,0.3454	119.1750,-2.6545,0.3486	119.6750,-2.6545,0.3518	120.1750,-2.6545,0.3550	120.6750,-2.6545,0.3582	121.1750,-2.6545,0.3614	121.6750,-2.6545,0.3646	122.1750,-2.6545,0.3678	122.6750,-2.6545,0.3710	123.1750,-2.6545,0.3742	123.6750,-2.6545,0.3774	124.1750,-2.6545,0.3806	124.6750,-2.6545,0.3838	125.1750,-2.6545,0.3870	125.6750,-2.6545,0.3902	126.1750,-2.6545,0.3934	126.6750,-2.6545,0.3966	127.0250,-2.6545,0.3989	127.0250,-2.6545,0.4109	126.6750,-2.6545,0.4086	126.1750,-2.6545,0.4054	125.6750,-2.6545,0.4022	125.1750,-2.6545,0.3990	124.6750,-2.6545,0.3958	124.1750,-2.6545,0.3926	123.6750,-2.6545,0.3894	123.1750,-2.6545,0.3862	122.6750,-2.6545,0.3830	122.1750,-2.6545,0.3798	121.6750,-2.6545,0.3766	121.1750,-2.6545,0.3734	120.6750,-2.6545,0.3702	120.1750,-2.6545,0.3670	119.6750,-2.6545,0.3638	119.1750,-2.6545,0.3606	118.6750,-2.6545,0.3574	118.1750,-2.6545,0.3542	117.6750,-2.6545,0.3510	117.1750,-2.6545,0.3478	116.6750,-2.6545,0.3446	116.1750,-2.6545,0.3414	115.6750,-2.6545,0.3382	115.1750,-2.6545,0.3349	114.6750,-2.6545,0.3317	114.1750,-2.5045,0.3285	113.6750,-2.5045,0.3253	113.6750,-2.5045,0.3133	114.1750,-2.5045,0.3165	114.6750,-2.5045,0.3197	115.1750,-2.5045,0.3229	115.6750,-2.5045,0.3262	116.1750,-2.5045,0.3294	116.6750,-2.5045,0.3326	117.1750,-2.5045,0.3358	117.6750,-2.5045,0.3390	118.1750,-2.5045,0.3422	118.6750,-2.5045,0.3454	119.1750,-2.5045,0.3486	119.6750,-2.5045,0.3518	120.1750,-2.5045,0.3550	120.6750,-2.5045,0.3582	121.1750,-2.5045,0.3614	121.6750,-2.5045,0.3646	122.1750,-2.5045,0.3678	122.6750,-2.5045,0.3710	123.1750,-2.5045,0.3742	123.6750,-2.5045,0.3774	124.1750,-2.5045,0.3806	124.6750,-2.5045,0.3838	125.1750,-2.5045,0.3870	125.6750,-2.5045,0.3902	126.1750,-2.5045,0.3934	126.6750,-2.5045,0.3966	127.0250,-2.5045,0.3989	127.0250,-2.5045,0.4109	126.6750,-2.5045,0.4086	126.1750,-2.5045,0.4054	125.6750,-2.5045,0.4022	125.1750,-2.5045,0.3990	124.6750,-2.5045,0.3958	124.1750,-2.5045,0.3926	123.6750,-2.5045,0.3894	123.1750,-2.5045,0.3862	122.6750,-2.5045,0.3830	122.1750,-2.5045,0.3798	121.6750,-2.5045,0.3766	121.1750,-2.5045,0.3734	120.6750,-2.5045,0.3702	120.1750,-2.5045,0.3670	119.6750,-2.5045,0.3638	119.1750,-2.5045,0.3606	118.6750,-2.5045,0.3574	118.1750,-2.5045,0.3542	117.6750,-2.5045,0.3510	117.1750,-2.5045,0.3478	116.6750,-2.5045,0.3446	116.1750,-2.5045,0.3414	115.6750,-2.5045,0.3382	115.1750,-2.5045,0.3349	114.6750,-2.5045,0.3317
492	塗替塗装-034	塗替塗装						主桁（上山形鋼）	x 111.59〜129.11 G2	塗替塗装範囲詳細図		DWG の図から（測量前）	塗替塗装 x 111.59〜129.11 主桁（上山形鋼） G2	ext_poly	56	114.1750,-2.5165,0.3165	113.6750,-2.5165,0.3133	113.6750,-2.5165,0.1753	114.1750,-2.5165,0.1785	114.6750,-2.5165,0.1817	115.1750,-2.5165,0.1849	115.6750,-2.5165,0.1882	116.1750,-2.5165,0.1914	116.6750,-2.5165,0.1946	117.1750,-2.5165,0.1978	117.6750,-2.5165,0.2010	118.1750,-2.5165,0.2042	118.6750,-2.5165,0.2074	119.1750,-2.5165,0.2106	119.6750,-2.5165,0.2138	120.1750,-2.5165,0.2170	120.6750,-2.5165,0.2202	121.1750,-2.5165,0.2234	121.6750,-2.5165,0.2266	122.1750,-2.5165,0.2298	122.6750,-2.5165,0.2330	123.1750,-2.5165,0.2362	123.6750,-2.5165,0.2394	124.1750,-2.5165,0.2426	124.6750,-2.5165,0.2458	125.1750,-2.5165,0.2490	125.6750,-2.5165,0.2522	126.1750,-2.5165,0.2554	126.6750,-2.5165,0.2586	127.0250,-2.5165,0.2609	127.0250,-2.5165,0.3989	126.6750,-2.5165,0.3966	126.1750,-2.5165,0.3934	125.6750,-2.5165,0.3902	125.1750,-2.5165,0.3870	124.6750,-2.5165,0.3838	124.1750,-2.5165,0.3806	123.6750,-2.5165,0.3774	123.1750,-2.5165,0.3742	122.6750,-2.5165,0.3710	122.1750,-2.5165,0.3678	121.6750,-2.5165,0.3646	121.1750,-2.5165,0.3614	120.6750,-2.5165,0.3582	120.1750,-2.5165,0.3550	119.6750,-2.5165,0.3518	119.1750,-2.5165,0.3486	118.6750,-2.5165,0.3454	118.1750,-2.5165,0.3422	117.6750,-2.5165,0.3390	117.1750,-2.5165,0.3358	116.6750,-2.5165,0.3326	116.1750,-2.5165,0.3294	115.6750,-2.5165,0.3262	115.1750,-2.5165,0.3229	114.6750,-2.5165,0.3197	114.1750,-2.5045,0.3165	113.6750,-2.5045,0.3133	113.6750,-2.5045,0.1753	114.1750,-2.5045,0.1785	114.6750,-2.5045,0.1817	115.1750,-2.5045,0.1849	115.6750,-2.5045,0.1882	116.1750,-2.5045,0.1914	116.6750,-2.5045,0.1946	117.1750,-2.5045,0.1978	117.6750,-2.5045,0.2010	118.1750,-2.5045,0.2042	118.6750,-2.5045,0.2074	119.1750,-2.5045,0.2106	119.6750,-2.5045,0.2138	120.1750,-2.5045,0.2170	120.6750,-2.5045,0.2202	121.1750,-2.5045,0.2234	121.6750,-2.5045,0.2266	122.1750,-2.5045,0.2298	122.6750,-2.5045,0.2330	123.1750,-2.5045,0.2362	123.6750,-2.5045,0.2394	124.1750,-2.5045,0.2426	124.6750,-2.5045,0.2458	125.1750,-2.5045,0.2490	125.6750,-2.5045,0.2522	126.1750,-2.5045,0.2554	126.6750,-2.5045,0.2586	127.0250,-2.5045,0.2609	127.0250,-2.5045,0.3989	126.6750,-2.5045,0.3966	126.1750,-2.5045,0.3934	125.6750,-2.5045,0.3902	125.1750,-2.5045,0.3870	124.6750,-2.5045,0.3838	124.1750,-2.5045,0.3806	123.6750,-2.5045,0.3774	123.1750,-2.5045,0.3742	122.6750,-2.5045,0.3710	122.1750,-2.5045,0.3678	121.6750,-2.5045,0.3646	121.1750,-2.5045,0.3614	120.6750,-2.5045,0.3582	120.1750,-2.5045,0.3550	119.6750,-2.5045,0.3518	119.1750,-2.5045,0.3486	118.6750,-2.5045,0.3454	118.1750,-2.5045,0.3422	117.6750,-2.5045,0.3390	117.1750,-2.5045,0.3358	116.6750,-2.5045,0.3326	116.1750,-2.5045,0.3294	115.6750,-2.5045,0.3262	115.1750,-2.5045,0.3229	114.6750,-2.5045,0.3197
493	塗替塗装-035	塗替塗装						主桁（下山形鋼）	x 111.59〜129.11 G2	塗替塗装範囲詳細図		DWG の図から（測量前）	塗替塗装 x 111.59〜129.11 主桁（下山形鋼） G2	ext_poly	56	114.1750,-2.6545,-1.1695	113.6750,-2.6545,-1.1727	113.6750,-2.6545,-1.1847	114.1750,-2.6545,-1.1815	114.6750,-2.6545,-1.1783	115.1750,-2.6545,-1.1751	115.6750,-2.6545,-1.1718	116.1750,-2.6545,-1.1686	116.6750,-2.6545,-1.1654	117.1750,-2.6545,-1.1622	117.6750,-2.6545,-1.1590	118.1750,-2.6545,-1.1558	118.6750,-2.6545,-1.1526	119.1750,-2.6545,-1.1494	119.6750,-2.6545,-1.1462	120.1750,-2.6545,-1.1430	120.6750,-2.6545,-1.1398	121.1750,-2.6545,-1.1366	121.6750,-2.6545,-1.1334	122.1750,-2.6545,-1.1302	122.6750,-2.6545,-1.1270	123.1750,-2.6545,-1.1238	123.6750,-2.6545,-1.1206	124.1750,-2.6545,-1.1174	124.6750,-2.6545,-1.1142	125.1750,-2.6545,-1.1110	125.6750,-2.6545,-1.1078	126.1750,-2.6545,-1.1046	126.6750,-2.6545,-1.1014	127.0250,-2.6545,-1.0991	127.0250,-2.6545,-1.0871	126.6750,-2.6545,-1.0894	126.1750,-2.6545,-1.0926	125.6750,-2.6545,-1.0958	125.1750,-2.6545,-1.0990	124.6750,-2.6545,-1.1022	124.1750,-2.6545,-1.1054	123.6750,-2.6545,-1.1086	123.1750,-2.6545,-1.1118	122.6750,-2.6545,-1.1150	122.1750,-2.6545,-1.1182	121.6750,-2.6545,-1.1214	121.1750,-2.6545,-1.1246	120.6750,-2.6545,-1.1278	120.1750,-2.6545,-1.1310	119.6750,-2.6545,-1.1342	119.1750,-2.6545,-1.1374	118.6750,-2.6545,-1.1406	118.1750,-2.6545,-1.1438	117.6750,-2.6545,-1.1470	117.1750,-2.6545,-1.1502	116.6750,-2.6545,-1.1534	116.1750,-2.6545,-1.1566	115.6750,-2.6545,-1.1598	115.1750,-2.6545,-1.1631	114.6750,-2.6545,-1.1663	114.1750,-2.5045,-1.1695	113.6750,-2.5045,-1.1727	113.6750,-2.5045,-1.1847	114.1750,-2.5045,-1.1815	114.6750,-2.5045,-1.1783	115.1750,-2.5045,-1.1751	115.6750,-2.5045,-1.1718	116.1750,-2.5045,-1.1686	116.6750,-2.5045,-1.1654	117.1750,-2.5045,-1.1622	117.6750,-2.5045,-1.1590	118.1750,-2.5045,-1.1558	118.6750,-2.5045,-1.1526	119.1750,-2.5045,-1.1494	119.6750,-2.5045,-1.1462	120.1750,-2.5045,-1.1430	120.6750,-2.5045,-1.1398	121.1750,-2.5045,-1.1366	121.6750,-2.5045,-1.1334	122.1750,-2.5045,-1.1302	122.6750,-2.5045,-1.1270	123.1750,-2.5045,-1.1238	123.6750,-2.5045,-1.1206	124.1750,-2.5045,-1.1174	124.6750,-2.5045,-1.1142	125.1750,-2.5045,-1.1110	125.6750,-2.5045,-1.1078	126.1750,-2.5045,-1.1046	126.6750,-2.5045,-1.1014	127.0250,-2.5045,-1.0991	127.0250,-2.5045,-1.0871	126.6750,-2.5045,-1.0894	126.1750,-2.5045,-1.0926	125.6750,-2.5045,-1.0958	125.1750,-2.5045,-1.0990	124.6750,-2.5045,-1.1022	124.1750,-2.5045,-1.1054	123.6750,-2.5045,-1.1086	123.1750,-2.5045,-1.1118	122.6750,-2.5045,-1.1150	122.1750,-2.5045,-1.1182	121.6750,-2.5045,-1.1214	121.1750,-2.5045,-1.1246	120.6750,-2.5045,-1.1278	120.1750,-2.5045,-1.1310	119.6750,-2.5045,-1.1342	119.1750,-2.5045,-1.1374	118.6750,-2.5045,-1.1406	118.1750,-2.5045,-1.1438	117.6750,-2.5045,-1.1470	117.1750,-2.5045,-1.1502	116.6750,-2.5045,-1.1534	116.1750,-2.5045,-1.1566	115.6750,-2.5045,-1.1598	115.1750,-2.5045,-1.1631	114.6750,-2.5045,-1.1663
494	塗替塗装-036	塗替塗装						主桁（下山形鋼）	x 111.59〜129.11 G2	塗替塗装範囲詳細図		DWG の図から（測量前）	塗替塗装 x 111.59〜129.11 主桁（下山形鋼） G2	ext_poly	56	114.1750,-2.5165,-1.0315	113.6750,-2.5165,-1.0347	113.6750,-2.5165,-1.1727	114.1750,-2.5165,-1.1695	114.6750,-2.5165,-1.1663	115.1750,-2.5165,-1.1631	115.6750,-2.5165,-1.1598	116.1750,-2.5165,-1.1566	116.6750,-2.5165,-1.1534	117.1750,-2.5165,-1.1502	117.6750,-2.5165,-1.1470	118.1750,-2.5165,-1.1438	118.6750,-2.5165,-1.1406	119.1750,-2.5165,-1.1374	119.6750,-2.5165,-1.1342	120.1750,-2.5165,-1.1310	120.6750,-2.5165,-1.1278	121.1750,-2.5165,-1.1246	121.6750,-2.5165,-1.1214	122.1750,-2.5165,-1.1182	122.6750,-2.5165,-1.1150	123.1750,-2.5165,-1.1118	123.6750,-2.5165,-1.1086	124.1750,-2.5165,-1.1054	124.6750,-2.5165,-1.1022	125.1750,-2.5165,-1.0990	125.6750,-2.5165,-1.0958	126.1750,-2.5165,-1.0926	126.6750,-2.5165,-1.0894	127.0250,-2.5165,-1.0871	127.0250,-2.5165,-0.9491	126.6750,-2.5165,-0.9514	126.1750,-2.5165,-0.9546	125.6750,-2.5165,-0.9578	125.1750,-2.5165,-0.9610	124.6750,-2.5165,-0.9642	124.1750,-2.5165,-0.9674	123.6750,-2.5165,-0.9706	123.1750,-2.5165,-0.9738	122.6750,-2.5165,-0.9770	122.1750,-2.5165,-0.9802	121.6750,-2.5165,-0.9834	121.1750,-2.5165,-0.9866	120.6750,-2.5165,-0.9898	120.1750,-2.5165,-0.9930	119.6750,-2.5165,-0.9962	119.1750,-2.5165,-0.9994	118.6750,-2.5165,-1.0026	118.1750,-2.5165,-1.0058	117.6750,-2.5165,-1.0090	117.1750,-2.5165,-1.0122	116.6750,-2.5165,-1.0154	116.1750,-2.5165,-1.0186	115.6750,-2.5165,-1.0218	115.1750,-2.5165,-1.0251	114.6750,-2.5165,-1.0283	114.1750,-2.5045,-1.0315	113.6750,-2.5045,-1.0347	113.6750,-2.5045,-1.1727	114.1750,-2.5045,-1.1695	114.6750,-2.5045,-1.1663	115.1750,-2.5045,-1.1631	115.6750,-2.5045,-1.1598	116.1750,-2.5045,-1.1566	116.6750,-2.5045,-1.1534	117.1750,-2.5045,-1.1502	117.6750,-2.5045,-1.1470	118.1750,-2.5045,-1.1438	118.6750,-2.5045,-1.1406	119.1750,-2.5045,-1.1374	119.6750,-2.5045,-1.1342	120.1750,-2.5045,-1.1310	120.6750,-2.5045,-1.1278	121.1750,-2.5045,-1.1246	121.6750,-2.5045,-1.1214	122.1750,-2.5045,-1.1182	122.6750,-2.5045,-1.1150	123.1750,-2.5045,-1.1118	123.6750,-2.5045,-1.1086	124.1750,-2.5045,-1.1054	124.6750,-2.5045,-1.1022	125.1750,-2.5045,-1.0990	125.6750,-2.5045,-1.0958	126.1750,-2.5045,-1.0926	126.6750,-2.5045,-1.0894	127.0250,-2.5045,-1.0871	127.0250,-2.5045,-0.9491	126.6750,-2.5045,-0.9514	126.1750,-2.5045,-0.9546	125.6750,-2.5045,-0.9578	125.1750,-2.5045,-0.9610	124.6750,-2.5045,-0.9642	124.1750,-2.5045,-0.9674	123.6750,-2.5045,-0.9706	123.1750,-2.5045,-0.9738	122.6750,-2.5045,-0.9770	122.1750,-2.5045,-0.9802	121.6750,-2.5045,-0.9834	121.1750,-2.5045,-0.9866	120.6750,-2.5045,-0.9898	120.1750,-2.5045,-0.9930	119.6750,-2.5045,-0.9962	119.1750,-2.5045,-0.9994	118.6750,-2.5045,-1.0026	118.1750,-2.5045,-1.0058	117.6750,-2.5045,-1.0090	117.1750,-2.5045,-1.0122	116.6750,-2.5045,-1.0154	116.1750,-2.5045,-1.0186	115.6750,-2.5045,-1.0218	115.1750,-2.5045,-1.0251	114.6750,-2.5045,-1.0283
495	塗替塗装-037	塗替塗装						主桁（腹板）	x 111.59〜129.11 G1	塗替塗装範囲詳細図		DWG の図から（測量前）	塗替塗装 x 111.59〜129.11 主桁（腹板） G1	ext_poly	12	127.5750,2.4940,0.4144	127.0750,2.4940,0.4112	127.0750,2.4940,-1.0988	127.5750,2.4940,-1.0956	128.0750,2.4940,-1.0924	128.5750,2.4940,-1.0892	129.0750,2.4940,-1.0860	129.1100,2.4940,-1.0858	129.1100,2.4940,0.4242	129.0750,2.4940,0.4240	128.5750,2.4940,0.4208	128.0750,2.4940,0.4176	127.5750,2.5060,0.4144	127.0750,2.5060,0.4112	127.0750,2.5060,-1.0988	127.5750,2.5060,-1.0956	128.0750,2.5060,-1.0924	128.5750,2.5060,-1.0892	129.0750,2.5060,-1.0860	129.1100,2.5060,-1.0858	129.1100,2.5060,0.4242	129.0750,2.5060,0.4240	128.5750,2.5060,0.4208	128.0750,2.5060,0.4176
496	塗替塗装-038	塗替塗装						主桁（上山形鋼）	x 111.59〜129.11 G1	塗替塗装範囲詳細図		DWG の図から（測量前）	塗替塗装 x 111.59〜129.11 主桁（上山形鋼） G1	ext_poly	12	127.5750,2.5060,0.4144	127.0750,2.5060,0.4112	127.0750,2.5060,0.3962	127.5750,2.5060,0.3994	128.0750,2.5060,0.4026	128.5750,2.5060,0.4058	129.0750,2.5060,0.4090	129.1100,2.5060,0.4092	129.1100,2.5060,0.4242	129.0750,2.5060,0.4240	128.5750,2.5060,0.4208	128.0750,2.5060,0.4176	127.5750,2.6560,0.4144	127.0750,2.6560,0.4112	127.0750,2.6560,0.3962	127.5750,2.6560,0.3994	128.0750,2.6560,0.4026	128.5750,2.6560,0.4058	129.0750,2.6560,0.4090	129.1100,2.6560,0.4092	129.1100,2.6560,0.4242	129.0750,2.6560,0.4240	128.5750,2.6560,0.4208	128.0750,2.6560,0.4176
497	塗替塗装-039	塗替塗装						主桁（上山形鋼）	x 111.59〜129.11 G1	塗替塗装範囲詳細図		DWG の図から（測量前）	塗替塗装 x 111.59〜129.11 主桁（上山形鋼） G1	ext_poly	12	127.5750,2.5060,0.3994	127.0750,2.5060,0.3962	127.0750,2.5060,0.2612	127.5750,2.5060,0.2644	128.0750,2.5060,0.2676	128.5750,2.5060,0.2708	129.0750,2.5060,0.2740	129.1100,2.5060,0.2742	129.1100,2.5060,0.4092	129.0750,2.5060,0.4090	128.5750,2.5060,0.4058	128.0750,2.5060,0.4026	127.5750,2.5210,0.3994	127.0750,2.5210,0.3962	127.0750,2.5210,0.2612	127.5750,2.5210,0.2644	128.0750,2.5210,0.2676	128.5750,2.5210,0.2708	129.0750,2.5210,0.2740	129.1100,2.5210,0.2742	129.1100,2.5210,0.4092	129.0750,2.5210,0.4090	128.5750,2.5210,0.4058	128.0750,2.5210,0.4026
498	塗替塗装-040	塗替塗装						主桁（下山形鋼）	x 111.59〜129.11 G1	塗替塗装範囲詳細図		DWG の図から（測量前）	塗替塗装 x 111.59〜129.11 主桁（下山形鋼） G1	ext_poly	12	127.5750,2.5060,-1.0806	127.0750,2.5060,-1.0838	127.0750,2.5060,-1.0988	127.5750,2.5060,-1.0956	128.0750,2.5060,-1.0924	128.5750,2.5060,-1.0892	129.0750,2.5060,-1.0860	129.1100,2.5060,-1.0858	129.1100,2.5060,-1.0708	129.0750,2.5060,-1.0710	128.5750,2.5060,-1.0742	128.0750,2.5060,-1.0774	127.5750,2.6560,-1.0806	127.0750,2.6560,-1.0838	127.0750,2.6560,-1.0988	127.5750,2.6560,-1.0956	128.0750,2.6560,-1.0924	128.5750,2.6560,-1.0892	129.0750,2.6560,-1.0860	129.1100,2.6560,-1.0858	129.1100,2.6560,-1.0708	129.0750,2.6560,-1.0710	128.5750,2.6560,-1.0742	128.0750,2.6560,-1.0774
499	塗替塗装-041	塗替塗装						主桁（下山形鋼）	x 111.59〜129.11 G1	塗替塗装範囲詳細図		DWG の図から（測量前）	塗替塗装 x 111.59〜129.11 主桁（下山形鋼） G1	ext_poly	12	127.5750,2.5060,-0.9456	127.0750,2.5060,-0.9488	127.0750,2.5060,-1.0838	127.5750,2.5060,-1.0806	128.0750,2.5060,-1.0774	128.5750,2.5060,-1.0742	129.0750,2.5060,-1.0710	129.1100,2.5060,-1.0708	129.1100,2.5060,-0.9358	129.0750,2.5060,-0.9360	128.5750,2.5060,-0.9392	128.0750,2.5060,-0.9424	127.5750,2.5210,-0.9456	127.0750,2.5210,-0.9488	127.0750,2.5210,-1.0838	127.5750,2.5210,-1.0806	128.0750,2.5210,-1.0774	128.5750,2.5210,-1.0742	129.0750,2.5210,-1.0710	129.1100,2.5210,-1.0708	129.1100,2.5210,-0.9358	129.0750,2.5210,-0.9360	128.5750,2.5210,-0.9392	128.0750,2.5210,-0.9424
500	塗替塗装-042	塗替塗装						主桁（上山形鋼）	x 111.59〜129.11 G1	塗替塗装範囲詳細図		DWG の図から（測量前）	塗替塗装 x 111.59〜129.11 主桁（上山形鋼） G1	ext_poly	12	127.5750,2.3440,0.4144	127.0750,2.3440,0.4112	127.0750,2.3440,0.3962	127.5750,2.3440,0.3994	128.0750,2.3440,0.4026	128.5750,2.3440,0.4058	129.0750,2.3440,0.4090	129.1100,2.3440,0.4092	129.1100,2.3440,0.4242	129.0750,2.3440,0.4240	128.5750,2.3440,0.4208	128.0750,2.3440,0.4176	127.5750,2.4940,0.4144	127.0750,2.4940,0.4112	127.0750,2.4940,0.3962	127.5750,2.4940,0.3994	128.0750,2.4940,0.4026	128.5750,2.4940,0.4058	129.0750,2.4940,0.4090	129.1100,2.4940,0.4092	129.1100,2.4940,0.4242	129.0750,2.4940,0.4240	128.5750,2.4940,0.4208	128.0750,2.4940,0.4176
501	塗替塗装-043	塗替塗装						主桁（上山形鋼）	x 111.59〜129.11 G1	塗替塗装範囲詳細図		DWG の図から（測量前）	塗替塗装 x 111.59〜129.11 主桁（上山形鋼） G1	ext_poly	12	127.5750,2.4790,0.3994	127.0750,2.4790,0.3962	127.0750,2.4790,0.2612	127.5750,2.4790,0.2644	128.0750,2.4790,0.2676	128.5750,2.4790,0.2708	129.0750,2.4790,0.2740	129.1100,2.4790,0.2742	129.1100,2.4790,0.4092	129.0750,2.4790,0.4090	128.5750,2.4790,0.4058	128.0750,2.4790,0.4026	127.5750,2.4940,0.3994	127.0750,2.4940,0.3962	127.0750,2.4940,0.2612	127.5750,2.4940,0.2644	128.0750,2.4940,0.2676	128.5750,2.4940,0.2708	129.0750,2.4940,0.2740	129.1100,2.4940,0.2742	129.1100,2.4940,0.4092	129.0750,2.4940,0.4090	128.5750,2.4940,0.4058	128.0750,2.4940,0.4026
502	塗替塗装-044	塗替塗装						主桁（下山形鋼）	x 111.59〜129.11 G1	塗替塗装範囲詳細図		DWG の図から（測量前）	塗替塗装 x 111.59〜129.11 主桁（下山形鋼） G1	ext_poly	12	127.5750,2.3440,-1.0806	127.0750,2.3440,-1.0838	127.0750,2.3440,-1.0988	127.5750,2.3440,-1.0956	128.0750,2.3440,-1.0924	128.5750,2.3440,-1.0892	129.0750,2.3440,-1.0860	129.1100,2.3440,-1.0858	129.1100,2.3440,-1.0708	129.0750,2.3440,-1.0710	128.5750,2.3440,-1.0742	128.0750,2.3440,-1.0774	127.5750,2.4940,-1.0806	127.0750,2.4940,-1.0838	127.0750,2.4940,-1.0988	127.5750,2.4940,-1.0956	128.0750,2.4940,-1.0924	128.5750,2.4940,-1.0892	129.0750,2.4940,-1.0860	129.1100,2.4940,-1.0858	129.1100,2.4940,-1.0708	129.0750,2.4940,-1.0710	128.5750,2.4940,-1.0742	128.0750,2.4940,-1.0774
503	塗替塗装-045	塗替塗装						主桁（下山形鋼）	x 111.59〜129.11 G1	塗替塗装範囲詳細図		DWG の図から（測量前）	塗替塗装 x 111.59〜129.11 主桁（下山形鋼） G1	ext_poly	12	127.5750,2.4790,-0.9456	127.0750,2.4790,-0.9488	127.0750,2.4790,-1.0838	127.5750,2.4790,-1.0806	128.0750,2.4790,-1.0774	128.5750,2.4790,-1.0742	129.0750,2.4790,-1.0710	129.1100,2.4790,-1.0708	129.1100,2.4790,-0.9358	129.0750,2.4790,-0.9360	128.5750,2.4790,-0.9392	128.0750,2.4790,-0.9424	127.5750,2.4940,-0.9456	127.0750,2.4940,-0.9488	127.0750,2.4940,-1.0838	127.5750,2.4940,-1.0806	128.0750,2.4940,-1.0774	128.5750,2.4940,-1.0742	129.0750,2.4940,-1.0710	129.1100,2.4940,-1.0708	129.1100,2.4940,-0.9358	129.0750,2.4940,-0.9360	128.5750,2.4940,-0.9392	128.0750,2.4940,-0.9424
504	塗替塗装-046	塗替塗装						主桁（腹板）	x 111.59〜129.11 G2	塗替塗装範囲詳細図		DWG の図から（測量前）	塗替塗装 x 111.59〜129.11 主桁（腹板） G2	ext_poly	12	127.5750,-2.5060,0.4144	127.0750,-2.5060,0.4112	127.0750,-2.5060,-1.0988	127.5750,-2.5060,-1.0956	128.0750,-2.5060,-1.0924	128.5750,-2.5060,-1.0892	129.0750,-2.5060,-1.0860	129.1100,-2.5060,-1.0858	129.1100,-2.5060,0.4242	129.0750,-2.5060,0.4240	128.5750,-2.5060,0.4208	128.0750,-2.5060,0.4176	127.5750,-2.4940,0.4144	127.0750,-2.4940,0.4112	127.0750,-2.4940,-1.0988	127.5750,-2.4940,-1.0956	128.0750,-2.4940,-1.0924	128.5750,-2.4940,-1.0892	129.0750,-2.4940,-1.0860	129.1100,-2.4940,-1.0858	129.1100,-2.4940,0.4242	129.0750,-2.4940,0.4240	128.5750,-2.4940,0.4208	128.0750,-2.4940,0.4176
505	塗替塗装-047	塗替塗装						主桁（上山形鋼）	x 111.59〜129.11 G2	塗替塗装範囲詳細図		DWG の図から（測量前）	塗替塗装 x 111.59〜129.11 主桁（上山形鋼） G2	ext_poly	12	127.5750,-2.4940,0.4144	127.0750,-2.4940,0.4112	127.0750,-2.4940,0.3962	127.5750,-2.4940,0.3994	128.0750,-2.4940,0.4026	128.5750,-2.4940,0.4058	129.0750,-2.4940,0.4090	129.1100,-2.4940,0.4092	129.1100,-2.4940,0.4242	129.0750,-2.4940,0.4240	128.5750,-2.4940,0.4208	128.0750,-2.4940,0.4176	127.5750,-2.3440,0.4144	127.0750,-2.3440,0.4112	127.0750,-2.3440,0.3962	127.5750,-2.3440,0.3994	128.0750,-2.3440,0.4026	128.5750,-2.3440,0.4058	129.0750,-2.3440,0.4090	129.1100,-2.3440,0.4092	129.1100,-2.3440,0.4242	129.0750,-2.3440,0.4240	128.5750,-2.3440,0.4208	128.0750,-2.3440,0.4176
506	塗替塗装-048	塗替塗装						主桁（上山形鋼）	x 111.59〜129.11 G2	塗替塗装範囲詳細図		DWG の図から（測量前）	塗替塗装 x 111.59〜129.11 主桁（上山形鋼） G2	ext_poly	12	127.5750,-2.4940,0.3994	127.0750,-2.4940,0.3962	127.0750,-2.4940,0.2612	127.5750,-2.4940,0.2644	128.0750,-2.4940,0.2676	128.5750,-2.4940,0.2708	129.0750,-2.4940,0.2740	129.1100,-2.4940,0.2742	129.1100,-2.4940,0.4092	129.0750,-2.4940,0.4090	128.5750,-2.4940,0.4058	128.0750,-2.4940,0.4026	127.5750,-2.4790,0.3994	127.0750,-2.4790,0.3962	127.0750,-2.4790,0.2612	127.5750,-2.4790,0.2644	128.0750,-2.4790,0.2676	128.5750,-2.4790,0.2708	129.0750,-2.4790,0.2740	129.1100,-2.4790,0.2742	129.1100,-2.4790,0.4092	129.0750,-2.4790,0.4090	128.5750,-2.4790,0.4058	128.0750,-2.4790,0.4026
507	塗替塗装-049	塗替塗装						主桁（下山形鋼）	x 111.59〜129.11 G2	塗替塗装範囲詳細図		DWG の図から（測量前）	塗替塗装 x 111.59〜129.11 主桁（下山形鋼） G2	ext_poly	12	127.5750,-2.4940,-1.0806	127.0750,-2.4940,-1.0838	127.0750,-2.4940,-1.0988	127.5750,-2.4940,-1.0956	128.0750,-2.4940,-1.0924	128.5750,-2.4940,-1.0892	129.0750,-2.4940,-1.0860	129.1100,-2.4940,-1.0858	129.1100,-2.4940,-1.0708	129.0750,-2.4940,-1.0710	128.5750,-2.4940,-1.0742	128.0750,-2.4940,-1.0774	127.5750,-2.3440,-1.0806	127.0750,-2.3440,-1.0838	127.0750,-2.3440,-1.0988	127.5750,-2.3440,-1.0956	128.0750,-2.3440,-1.0924	128.5750,-2.3440,-1.0892	129.0750,-2.3440,-1.0860	129.1100,-2.3440,-1.0858	129.1100,-2.3440,-1.0708	129.0750,-2.3440,-1.0710	128.5750,-2.3440,-1.0742	128.0750,-2.3440,-1.0774
508	塗替塗装-050	塗替塗装						主桁（下山形鋼）	x 111.59〜129.11 G2	塗替塗装範囲詳細図		DWG の図から（測量前）	塗替塗装 x 111.59〜129.11 主桁（下山形鋼） G2	ext_poly	12	127.5750,-2.4940,-0.9456	127.0750,-2.4940,-0.9488	127.0750,-2.4940,-1.0838	127.5750,-2.4940,-1.0806	128.0750,-2.4940,-1.0774	128.5750,-2.4940,-1.0742	129.0750,-2.4940,-1.0710	129.1100,-2.4940,-1.0708	129.1100,-2.4940,-0.9358	129.0750,-2.4940,-0.9360	128.5750,-2.4940,-0.9392	128.0750,-2.4940,-0.9424	127.5750,-2.4790,-0.9456	127.0750,-2.4790,-0.9488	127.0750,-2.4790,-1.0838	127.5750,-2.4790,-1.0806	128.0750,-2.4790,-1.0774	128.5750,-2.4790,-1.0742	129.0750,-2.4790,-1.0710	129.1100,-2.4790,-1.0708	129.1100,-2.4790,-0.9358	129.0750,-2.4790,-0.9360	128.5750,-2.4790,-0.9392	128.0750,-2.4790,-0.9424
509	塗替塗装-051	塗替塗装						主桁（上山形鋼）	x 111.59〜129.11 G2	塗替塗装範囲詳細図		DWG の図から（測量前）	塗替塗装 x 111.59〜129.11 主桁（上山形鋼） G2	ext_poly	12	127.5750,-2.6560,0.4144	127.0750,-2.6560,0.4112	127.0750,-2.6560,0.3962	127.5750,-2.6560,0.3994	128.0750,-2.6560,0.4026	128.5750,-2.6560,0.4058	129.0750,-2.6560,0.4090	129.1100,-2.6560,0.4092	129.1100,-2.6560,0.4242	129.0750,-2.6560,0.4240	128.5750,-2.6560,0.4208	128.0750,-2.6560,0.4176	127.5750,-2.5060,0.4144	127.0750,-2.5060,0.4112	127.0750,-2.5060,0.3962	127.5750,-2.5060,0.3994	128.0750,-2.5060,0.4026	128.5750,-2.5060,0.4058	129.0750,-2.5060,0.4090	129.1100,-2.5060,0.4092	129.1100,-2.5060,0.4242	129.0750,-2.5060,0.4240	128.5750,-2.5060,0.4208	128.0750,-2.5060,0.4176
510	塗替塗装-052	塗替塗装						主桁（上山形鋼）	x 111.59〜129.11 G2	塗替塗装範囲詳細図		DWG の図から（測量前）	塗替塗装 x 111.59〜129.11 主桁（上山形鋼） G2	ext_poly	12	127.5750,-2.5210,0.3994	127.0750,-2.5210,0.3962	127.0750,-2.5210,0.2612	127.5750,-2.5210,0.2644	128.0750,-2.5210,0.2676	128.5750,-2.5210,0.2708	129.0750,-2.5210,0.2740	129.1100,-2.5210,0.2742	129.1100,-2.5210,0.4092	129.0750,-2.5210,0.4090	128.5750,-2.5210,0.4058	128.0750,-2.5210,0.4026	127.5750,-2.5060,0.3994	127.0750,-2.5060,0.3962	127.0750,-2.5060,0.2612	127.5750,-2.5060,0.2644	128.0750,-2.5060,0.2676	128.5750,-2.5060,0.2708	129.0750,-2.5060,0.2740	129.1100,-2.5060,0.2742	129.1100,-2.5060,0.4092	129.0750,-2.5060,0.4090	128.5750,-2.5060,0.4058	128.0750,-2.5060,0.4026
511	塗替塗装-053	塗替塗装						主桁（下山形鋼）	x 111.59〜129.11 G2	塗替塗装範囲詳細図		DWG の図から（測量前）	塗替塗装 x 111.59〜129.11 主桁（下山形鋼） G2	ext_poly	12	127.5750,-2.6560,-1.0806	127.0750,-2.6560,-1.0838	127.0750,-2.6560,-1.0988	127.5750,-2.6560,-1.0956	128.0750,-2.6560,-1.0924	128.5750,-2.6560,-1.0892	129.0750,-2.6560,-1.0860	129.1100,-2.6560,-1.0858	129.1100,-2.6560,-1.0708	129.0750,-2.6560,-1.0710	128.5750,-2.6560,-1.0742	128.0750,-2.6560,-1.0774	127.5750,-2.5060,-1.0806	127.0750,-2.5060,-1.0838	127.0750,-2.5060,-1.0988	127.5750,-2.5060,-1.0956	128.0750,-2.5060,-1.0924	128.5750,-2.5060,-1.0892	129.0750,-2.5060,-1.0860	129.1100,-2.5060,-1.0858	129.1100,-2.5060,-1.0708	129.0750,-2.5060,-1.0710	128.5750,-2.5060,-1.0742	128.0750,-2.5060,-1.0774
512	塗替塗装-054	塗替塗装						主桁（下山形鋼）	x 111.59〜129.11 G2	塗替塗装範囲詳細図		DWG の図から（測量前）	塗替塗装 x 111.59〜129.11 主桁（下山形鋼） G2	ext_poly	12	127.5750,-2.5210,-0.9456	127.0750,-2.5210,-0.9488	127.0750,-2.5210,-1.0838	127.5750,-2.5210,-1.0806	128.0750,-2.5210,-1.0774	128.5750,-2.5210,-1.0742	129.0750,-2.5210,-1.0710	129.1100,-2.5210,-1.0708	129.1100,-2.5210,-0.9358	129.0750,-2.5210,-0.9360	128.5750,-2.5210,-0.9392	128.0750,-2.5210,-0.9424	127.5750,-2.5060,-0.9456	127.0750,-2.5060,-0.9488	127.0750,-2.5060,-1.0838	127.5750,-2.5060,-1.0806	128.0750,-2.5060,-1.0774	128.5750,-2.5060,-1.0742	129.0750,-2.5060,-1.0710	129.1100,-2.5060,-1.0708	129.1100,-2.5060,-0.9358	129.0750,-2.5060,-0.9360	128.5750,-2.5060,-0.9392	128.0750,-2.5060,-0.9424
513	塗替塗装-055	塗替塗装						中間部横桁	x 111.59〜129.11 x 113.33	塗替塗装範囲詳細図		DWG の図から（測量前）	塗替塗装 x 111.59〜129.11 横桁 x 113.30	ext_poly	4	113.3205,-2.4935,0.1101	113.3295,-2.4935,0.1101	113.3295,2.4935,0.1101	113.3205,2.4935,0.1101	113.3205,-2.4935,-0.6499	113.3295,-2.4935,-0.6499	113.3295,2.4935,-0.6499	113.3205,2.4935,-0.6499
514	塗替塗装-056	塗替塗装						中間部横桁	x 111.59〜129.11 x 113.37	塗替塗装範囲詳細図		DWG の図から（測量前）	塗替塗装 x 111.59〜129.11 横桁 x 113.40	ext_poly	4	113.3295,-2.4935,0.1101	113.4195,-2.4935,0.1101	113.4195,2.4935,0.1101	113.3295,2.4935,0.1101	113.3295,-2.4935,0.1001	113.4195,-2.4935,0.1001	113.4195,2.4935,0.1001	113.3295,2.4935,0.1001
515	塗替塗装-057	塗替塗装						中間部横桁	x 111.59〜129.11 x 113.33	塗替塗装範囲詳細図		DWG の図から（測量前）	塗替塗装 x 111.59〜129.11 横桁 x 113.30	ext_poly	4	113.3295,-2.4935,0.1101	113.3395,-2.4935,0.1101	113.3395,2.4935,0.1101	113.3295,2.4935,0.1101	113.3295,-2.4935,0.0201	113.3395,-2.4935,0.0201	113.3395,2.4935,0.0201	113.3295,2.4935,0.0201
516	塗替塗装-058	塗替塗装						中間部横桁	x 111.59〜129.11 x 113.37	塗替塗装範囲詳細図		DWG の図から（測量前）	塗替塗装 x 111.59〜129.11 横桁 x 113.40	ext_poly	4	113.3295,-2.4935,-0.6399	113.4195,-2.4935,-0.6399	113.4195,2.4935,-0.6399	113.3295,2.4935,-0.6399	113.3295,-2.4935,-0.6499	113.4195,-2.4935,-0.6499	113.4195,2.4935,-0.6499	113.3295,2.4935,-0.6499
517	塗替塗装-059	塗替塗装						中間部横桁	x 111.59〜129.11 x 113.33	塗替塗装範囲詳細図		DWG の図から（測量前）	塗替塗装 x 111.59〜129.11 横桁 x 113.30	ext_poly	4	113.3295,-2.4935,-0.5599	113.3395,-2.4935,-0.5599	113.3395,2.4935,-0.5599	113.3295,2.4935,-0.5599	113.3295,-2.4935,-0.6499	113.3395,-2.4935,-0.6499	113.3395,2.4935,-0.6499	113.3295,2.4935,-0.6499
518	塗替塗装-060	塗替塗装						中間部横桁	x 111.59〜129.11 x 113.28	塗替塗装範囲詳細図		DWG の図から（測量前）	塗替塗装 x 111.59〜129.11 横桁 x 113.30	ext_poly	4	113.2305,-2.4935,0.1101	113.3205,-2.4935,0.1101	113.3205,2.4935,0.1101	113.2305,2.4935,0.1101	113.2305,-2.4935,0.1001	113.3205,-2.4935,0.1001	113.3205,2.4935,0.1001	113.2305,2.4935,0.1001
519	塗替塗装-061	塗替塗装						中間部横桁	x 111.59〜129.11 x 113.32	塗替塗装範囲詳細図		DWG の図から（測量前）	塗替塗装 x 111.59〜129.11 横桁 x 113.30	ext_poly	4	113.3105,-2.4935,0.1101	113.3205,-2.4935,0.1101	113.3205,2.4935,0.1101	113.3105,2.4935,0.1101	113.3105,-2.4935,0.0201	113.3205,-2.4935,0.0201	113.3205,2.4935,0.0201	113.3105,2.4935,0.0201
520	塗替塗装-062	塗替塗装						中間部横桁	x 111.59〜129.11 x 113.28	塗替塗装範囲詳細図		DWG の図から（測量前）	塗替塗装 x 111.59〜129.11 横桁 x 113.30	ext_poly	4	113.2305,-2.4935,-0.6399	113.3205,-2.4935,-0.6399	113.3205,2.4935,-0.6399	113.2305,2.4935,-0.6399	113.2305,-2.4935,-0.6499	113.3205,-2.4935,-0.6499	113.3205,2.4935,-0.6499	113.2305,2.4935,-0.6499
521	塗替塗装-063	塗替塗装						中間部横桁	x 111.59〜129.11 x 113.32	塗替塗装範囲詳細図		DWG の図から（測量前）	塗替塗装 x 111.59〜129.11 横桁 x 113.30	ext_poly	4	113.3105,-2.4935,-0.5599	113.3205,-2.4935,-0.5599	113.3205,2.4935,-0.5599	113.3105,2.4935,-0.5599	113.3105,-2.4935,-0.6499	113.3205,-2.4935,-0.6499	113.3205,2.4935,-0.6499	113.3105,2.4935,-0.6499
522	塗替塗装-064	塗替塗装						中間部横桁	x 111.59〜129.11 x 113.95	塗替塗装範囲詳細図		DWG の図から（測量前）	塗替塗装 x 111.59〜129.11 横桁 x 114.00	ext_poly	4	113.9455,-2.4935,0.1141	113.9545,-2.4935,0.1141	113.9545,2.4935,0.1141	113.9455,2.4935,0.1141	113.9455,-2.4935,-0.6459	113.9545,-2.4935,-0.6459	113.9545,2.4935,-0.6459	113.9455,2.4935,-0.6459
523	塗替塗装-065	塗替塗装						中間部横桁	x 111.59〜129.11 x 114.00	塗替塗装範囲詳細図		DWG の図から（測量前）	塗替塗装 x 111.59〜129.11 横桁 x 114.00	ext_poly	4	113.9545,-2.4935,0.1141	114.0445,-2.4935,0.1141	114.0445,2.4935,0.1141	113.9545,2.4935,0.1141	113.9545,-2.4935,0.1041	114.0445,-2.4935,0.1041	114.0445,2.4935,0.1041	113.9545,2.4935,0.1041
524	塗替塗装-066	塗替塗装						中間部横桁	x 111.59〜129.11 x 113.96	塗替塗装範囲詳細図		DWG の図から（測量前）	塗替塗装 x 111.59〜129.11 横桁 x 114.00	ext_poly	4	113.9545,-2.4935,0.1141	113.9645,-2.4935,0.1141	113.9645,2.4935,0.1141	113.9545,2.4935,0.1141	113.9545,-2.4935,0.0241	113.9645,-2.4935,0.0241	113.9645,2.4935,0.0241	113.9545,2.4935,0.0241
525	塗替塗装-067	塗替塗装						中間部横桁	x 111.59〜129.11 x 114.00	塗替塗装範囲詳細図		DWG の図から（測量前）	塗替塗装 x 111.59〜129.11 横桁 x 114.00	ext_poly	4	113.9545,-2.4935,-0.6359	114.0445,-2.4935,-0.6359	114.0445,2.4935,-0.6359	113.9545,2.4935,-0.6359	113.9545,-2.4935,-0.6459	114.0445,-2.4935,-0.6459	114.0445,2.4935,-0.6459	113.9545,2.4935,-0.6459
526	塗替塗装-068	塗替塗装						中間部横桁	x 111.59〜129.11 x 113.96	塗替塗装範囲詳細図		DWG の図から（測量前）	塗替塗装 x 111.59〜129.11 横桁 x 114.00	ext_poly	4	113.9545,-2.4935,-0.5559	113.9645,-2.4935,-0.5559	113.9645,2.4935,-0.5559	113.9545,2.4935,-0.5559	113.9545,-2.4935,-0.6459	113.9645,-2.4935,-0.6459	113.9645,2.4935,-0.6459	113.9545,2.4935,-0.6459
527	塗替塗装-069	塗替塗装						中間部横桁	x 111.59〜129.11 x 113.90	塗替塗装範囲詳細図		DWG の図から（測量前）	塗替塗装 x 111.59〜129.11 横桁 x 113.90	ext_poly	4	113.8555,-2.4935,0.1141	113.9455,-2.4935,0.1141	113.9455,2.4935,0.1141	113.8555,2.4935,0.1141	113.8555,-2.4935,0.1041	113.9455,-2.4935,0.1041	113.9455,2.4935,0.1041	113.8555,2.4935,0.1041
528	塗替塗装-070	塗替塗装						中間部横桁	x 111.59〜129.11 x 113.94	塗替塗装範囲詳細図		DWG の図から（測量前）	塗替塗装 x 111.59〜129.11 横桁 x 113.90	ext_poly	4	113.9355,-2.4935,0.1141	113.9455,-2.4935,0.1141	113.9455,2.4935,0.1141	113.9355,2.4935,0.1141	113.9355,-2.4935,0.0241	113.9455,-2.4935,0.0241	113.9455,2.4935,0.0241	113.9355,2.4935,0.0241
529	塗替塗装-071	塗替塗装						中間部横桁	x 111.59〜129.11 x 113.90	塗替塗装範囲詳細図		DWG の図から（測量前）	塗替塗装 x 111.59〜129.11 横桁 x 113.90	ext_poly	4	113.8555,-2.4935,-0.6359	113.9455,-2.4935,-0.6359	113.9455,2.4935,-0.6359	113.8555,2.4935,-0.6359	113.8555,-2.4935,-0.6459	113.9455,-2.4935,-0.6459	113.9455,2.4935,-0.6459	113.8555,2.4935,-0.6459
530	塗替塗装-072	塗替塗装						中間部横桁	x 111.59〜129.11 x 113.94	塗替塗装範囲詳細図		DWG の図から（測量前）	塗替塗装 x 111.59〜129.11 横桁 x 113.90	ext_poly	4	113.9355,-2.4935,-0.5559	113.9455,-2.4935,-0.5559	113.9455,2.4935,-0.5559	113.9355,2.4935,-0.5559	113.9355,-2.4935,-0.6459	113.9455,-2.4935,-0.6459	113.9455,2.4935,-0.6459	113.9355,2.4935,-0.6459
531	塗替塗装-073	塗替塗装						中間部横桁	x 111.59〜129.11 x 117.15	塗替塗装範囲詳細図		DWG の図から（測量前）	塗替塗装 x 111.59〜129.11 横桁 x 117.20	ext_poly	4	117.1455,-2.4935,0.1346	117.1545,-2.4935,0.1346	117.1545,2.4935,0.1346	117.1455,2.4935,0.1346	117.1455,-2.4935,-0.6254	117.1545,-2.4935,-0.6254	117.1545,2.4935,-0.6254	117.1455,2.4935,-0.6254
532	塗替塗装-074	塗替塗装						中間部横桁	x 111.59〜129.11 x 117.20	塗替塗装範囲詳細図		DWG の図から（測量前）	塗替塗装 x 111.59〜129.11 横桁 x 117.20	ext_poly	4	117.1545,-2.4935,0.1346	117.2445,-2.4935,0.1346	117.2445,2.4935,0.1346	117.1545,2.4935,0.1346	117.1545,-2.4935,0.1246	117.2445,-2.4935,0.1246	117.2445,2.4935,0.1246	117.1545,2.4935,0.1246
533	塗替塗装-075	塗替塗装						中間部横桁	x 111.59〜129.11 x 117.16	塗替塗装範囲詳細図		DWG の図から（測量前）	塗替塗装 x 111.59〜129.11 横桁 x 117.20	ext_poly	4	117.1545,-2.4935,0.1346	117.1645,-2.4935,0.1346	117.1645,2.4935,0.1346	117.1545,2.4935,0.1346	117.1545,-2.4935,0.0446	117.1645,-2.4935,0.0446	117.1645,2.4935,0.0446	117.1545,2.4935,0.0446
534	塗替塗装-076	塗替塗装						中間部横桁	x 111.59〜129.11 x 117.20	塗替塗装範囲詳細図		DWG の図から（測量前）	塗替塗装 x 111.59〜129.11 横桁 x 117.20	ext_poly	4	117.1545,-2.4935,-0.6154	117.2445,-2.4935,-0.6154	117.2445,2.4935,-0.6154	117.1545,2.4935,-0.6154	117.1545,-2.4935,-0.6254	117.2445,-2.4935,-0.6254	117.2445,2.4935,-0.6254	117.1545,2.4935,-0.6254
535	塗替塗装-077	塗替塗装						中間部横桁	x 111.59〜129.11 x 117.16	塗替塗装範囲詳細図		DWG の図から（測量前）	塗替塗装 x 111.59〜129.11 横桁 x 117.20	ext_poly	4	117.1545,-2.4935,-0.5354	117.1645,-2.4935,-0.5354	117.1645,2.4935,-0.5354	117.1545,2.4935,-0.5354	117.1545,-2.4935,-0.6254	117.1645,-2.4935,-0.6254	117.1645,2.4935,-0.6254	117.1545,2.4935,-0.6254
536	塗替塗装-078	塗替塗装						中間部横桁	x 111.59〜129.11 x 117.10	塗替塗装範囲詳細図		DWG の図から（測量前）	塗替塗装 x 111.59〜129.11 横桁 x 117.10	ext_poly	4	117.0555,-2.4935,0.1346	117.1455,-2.4935,0.1346	117.1455,2.4935,0.1346	117.0555,2.4935,0.1346	117.0555,-2.4935,0.1246	117.1455,-2.4935,0.1246	117.1455,2.4935,0.1246	117.0555,2.4935,0.1246
537	塗替塗装-079	塗替塗装						中間部横桁	x 111.59〜129.11 x 117.14	塗替塗装範囲詳細図		DWG の図から（測量前）	塗替塗装 x 111.59〜129.11 横桁 x 117.10	ext_poly	4	117.1355,-2.4935,0.1346	117.1455,-2.4935,0.1346	117.1455,2.4935,0.1346	117.1355,2.4935,0.1346	117.1355,-2.4935,0.0446	117.1455,-2.4935,0.0446	117.1455,2.4935,0.0446	117.1355,2.4935,0.0446
538	塗替塗装-080	塗替塗装						中間部横桁	x 111.59〜129.11 x 117.10	塗替塗装範囲詳細図		DWG の図から（測量前）	塗替塗装 x 111.59〜129.11 横桁 x 117.10	ext_poly	4	117.0555,-2.4935,-0.6154	117.1455,-2.4935,-0.6154	117.1455,2.4935,-0.6154	117.0555,2.4935,-0.6154	117.0555,-2.4935,-0.6254	117.1455,-2.4935,-0.6254	117.1455,2.4935,-0.6254	117.0555,2.4935,-0.6254
539	塗替塗装-081	塗替塗装						中間部横桁	x 111.59〜129.11 x 117.14	塗替塗装範囲詳細図		DWG の図から（測量前）	塗替塗装 x 111.59〜129.11 横桁 x 117.10	ext_poly	4	117.1355,-2.4935,-0.5354	117.1455,-2.4935,-0.5354	117.1455,2.4935,-0.5354	117.1355,2.4935,-0.5354	117.1355,-2.4935,-0.6254	117.1455,-2.4935,-0.6254	117.1455,2.4935,-0.6254	117.1355,2.4935,-0.6254
540	塗替塗装-082	塗替塗装						中間部横桁	x 111.59〜129.11 x 120.35	塗替塗装範囲詳細図		DWG の図から（測量前）	塗替塗装 x 111.59〜129.11 横桁 x 120.40	ext_poly	4	120.3455,-2.4935,0.1551	120.3545,-2.4935,0.1551	120.3545,2.4935,0.1551	120.3455,2.4935,0.1551	120.3455,-2.4935,-0.6049	120.3545,-2.4935,-0.6049	120.3545,2.4935,-0.6049	120.3455,2.4935,-0.6049
541	塗替塗装-083	塗替塗装						中間部横桁	x 111.59〜129.11 x 120.40	塗替塗装範囲詳細図		DWG の図から（測量前）	塗替塗装 x 111.59〜129.11 横桁 x 120.40	ext_poly	4	120.3545,-2.4935,0.1551	120.4445,-2.4935,0.1551	120.4445,2.4935,0.1551	120.3545,2.4935,0.1551	120.3545,-2.4935,0.1451	120.4445,-2.4935,0.1451	120.4445,2.4935,0.1451	120.3545,2.4935,0.1451
542	塗替塗装-084	塗替塗装						中間部横桁	x 111.59〜129.11 x 120.36	塗替塗装範囲詳細図		DWG の図から（測量前）	塗替塗装 x 111.59〜129.11 横桁 x 120.40	ext_poly	4	120.3545,-2.4935,0.1551	120.3645,-2.4935,0.1551	120.3645,2.4935,0.1551	120.3545,2.4935,0.1551	120.3545,-2.4935,0.0651	120.3645,-2.4935,0.0651	120.3645,2.4935,0.0651	120.3545,2.4935,0.0651
543	塗替塗装-085	塗替塗装						中間部横桁	x 111.59〜129.11 x 120.40	塗替塗装範囲詳細図		DWG の図から（測量前）	塗替塗装 x 111.59〜129.11 横桁 x 120.40	ext_poly	4	120.3545,-2.4935,-0.5949	120.4445,-2.4935,-0.5949	120.4445,2.4935,-0.5949	120.3545,2.4935,-0.5949	120.3545,-2.4935,-0.6049	120.4445,-2.4935,-0.6049	120.4445,2.4935,-0.6049	120.3545,2.4935,-0.6049
544	塗替塗装-086	塗替塗装						中間部横桁	x 111.59〜129.11 x 120.36	塗替塗装範囲詳細図		DWG の図から（測量前）	塗替塗装 x 111.59〜129.11 横桁 x 120.40	ext_poly	4	120.3545,-2.4935,-0.5149	120.3645,-2.4935,-0.5149	120.3645,2.4935,-0.5149	120.3545,2.4935,-0.5149	120.3545,-2.4935,-0.6049	120.3645,-2.4935,-0.6049	120.3645,2.4935,-0.6049	120.3545,2.4935,-0.6049
545	塗替塗装-087	塗替塗装						中間部横桁	x 111.59〜129.11 x 120.30	塗替塗装範囲詳細図		DWG の図から（測量前）	塗替塗装 x 111.59〜129.11 横桁 x 120.30	ext_poly	4	120.2555,-2.4935,0.1551	120.3455,-2.4935,0.1551	120.3455,2.4935,0.1551	120.2555,2.4935,0.1551	120.2555,-2.4935,0.1451	120.3455,-2.4935,0.1451	120.3455,2.4935,0.1451	120.2555,2.4935,0.1451
546	塗替塗装-088	塗替塗装						中間部横桁	x 111.59〜129.11 x 120.34	塗替塗装範囲詳細図		DWG の図から（測量前）	塗替塗装 x 111.59〜129.11 横桁 x 120.30	ext_poly	4	120.3355,-2.4935,0.1551	120.3455,-2.4935,0.1551	120.3455,2.4935,0.1551	120.3355,2.4935,0.1551	120.3355,-2.4935,0.0651	120.3455,-2.4935,0.0651	120.3455,2.4935,0.0651	120.3355,2.4935,0.0651
547	塗替塗装-089	塗替塗装						中間部横桁	x 111.59〜129.11 x 120.30	塗替塗装範囲詳細図		DWG の図から（測量前）	塗替塗装 x 111.59〜129.11 横桁 x 120.30	ext_poly	4	120.2555,-2.4935,-0.5949	120.3455,-2.4935,-0.5949	120.3455,2.4935,-0.5949	120.2555,2.4935,-0.5949	120.2555,-2.4935,-0.6049	120.3455,-2.4935,-0.6049	120.3455,2.4935,-0.6049	120.2555,2.4935,-0.6049
548	塗替塗装-090	塗替塗装						中間部横桁	x 111.59〜129.11 x 120.34	塗替塗装範囲詳細図		DWG の図から（測量前）	塗替塗装 x 111.59〜129.11 横桁 x 120.30	ext_poly	4	120.3355,-2.4935,-0.5149	120.3455,-2.4935,-0.5149	120.3455,2.4935,-0.5149	120.3355,2.4935,-0.5149	120.3355,-2.4935,-0.6049	120.3455,-2.4935,-0.6049	120.3455,2.4935,-0.6049	120.3355,2.4935,-0.6049
549	塗替塗装-091	塗替塗装						中間部横桁	x 111.59〜129.11 x 123.55	塗替塗装範囲詳細図		DWG の図から（測量前）	塗替塗装 x 111.59〜129.11 横桁 x 123.60	ext_poly	4	123.5455,-2.4935,0.1756	123.5545,-2.4935,0.1756	123.5545,2.4935,0.1756	123.5455,2.4935,0.1756	123.5455,-2.4935,-0.5844	123.5545,-2.4935,-0.5844	123.5545,2.4935,-0.5844	123.5455,2.4935,-0.5844
550	塗替塗装-092	塗替塗装						中間部横桁	x 111.59〜129.11 x 123.60	塗替塗装範囲詳細図		DWG の図から（測量前）	塗替塗装 x 111.59〜129.11 横桁 x 123.60	ext_poly	4	123.5545,-2.4935,0.1756	123.6445,-2.4935,0.1756	123.6445,2.4935,0.1756	123.5545,2.4935,0.1756	123.5545,-2.4935,0.1656	123.6445,-2.4935,0.1656	123.6445,2.4935,0.1656	123.5545,2.4935,0.1656
551	塗替塗装-093	塗替塗装						中間部横桁	x 111.59〜129.11 x 123.56	塗替塗装範囲詳細図		DWG の図から（測量前）	塗替塗装 x 111.59〜129.11 横桁 x 123.60	ext_poly	4	123.5545,-2.4935,0.1756	123.5645,-2.4935,0.1756	123.5645,2.4935,0.1756	123.5545,2.4935,0.1756	123.5545,-2.4935,0.0856	123.5645,-2.4935,0.0856	123.5645,2.4935,0.0856	123.5545,2.4935,0.0856
552	塗替塗装-094	塗替塗装						中間部横桁	x 111.59〜129.11 x 123.60	塗替塗装範囲詳細図		DWG の図から（測量前）	塗替塗装 x 111.59〜129.11 横桁 x 123.60	ext_poly	4	123.5545,-2.4935,-0.5744	123.6445,-2.4935,-0.5744	123.6445,2.4935,-0.5744	123.5545,2.4935,-0.5744	123.5545,-2.4935,-0.5844	123.6445,-2.4935,-0.5844	123.6445,2.4935,-0.5844	123.5545,2.4935,-0.5844
553	塗替塗装-095	塗替塗装						中間部横桁	x 111.59〜129.11 x 123.56	塗替塗装範囲詳細図		DWG の図から（測量前）	塗替塗装 x 111.59〜129.11 横桁 x 123.60	ext_poly	4	123.5545,-2.4935,-0.4944	123.5645,-2.4935,-0.4944	123.5645,2.4935,-0.4944	123.5545,2.4935,-0.4944	123.5545,-2.4935,-0.5844	123.5645,-2.4935,-0.5844	123.5645,2.4935,-0.5844	123.5545,2.4935,-0.5844
554	塗替塗装-096	塗替塗装						中間部横桁	x 111.59〜129.11 x 123.50	塗替塗装範囲詳細図		DWG の図から（測量前）	塗替塗装 x 111.59〜129.11 横桁 x 123.50	ext_poly	4	123.4555,-2.4935,0.1756	123.5455,-2.4935,0.1756	123.5455,2.4935,0.1756	123.4555,2.4935,0.1756	123.4555,-2.4935,0.1656	123.5455,-2.4935,0.1656	123.5455,2.4935,0.1656	123.4555,2.4935,0.1656
555	塗替塗装-097	塗替塗装						中間部横桁	x 111.59〜129.11 x 123.54	塗替塗装範囲詳細図		DWG の図から（測量前）	塗替塗装 x 111.59〜129.11 横桁 x 123.50	ext_poly	4	123.5355,-2.4935,0.1756	123.5455,-2.4935,0.1756	123.5455,2.4935,0.1756	123.5355,2.4935,0.1756	123.5355,-2.4935,0.0856	123.5455,-2.4935,0.0856	123.5455,2.4935,0.0856	123.5355,2.4935,0.0856
556	塗替塗装-098	塗替塗装						中間部横桁	x 111.59〜129.11 x 123.50	塗替塗装範囲詳細図		DWG の図から（測量前）	塗替塗装 x 111.59〜129.11 横桁 x 123.50	ext_poly	4	123.4555,-2.4935,-0.5744	123.5455,-2.4935,-0.5744	123.5455,2.4935,-0.5744	123.4555,2.4935,-0.5744	123.4555,-2.4935,-0.5844	123.5455,-2.4935,-0.5844	123.5455,2.4935,-0.5844	123.4555,2.4935,-0.5844
557	塗替塗装-099	塗替塗装						中間部横桁	x 111.59〜129.11 x 123.54	塗替塗装範囲詳細図		DWG の図から（測量前）	塗替塗装 x 111.59〜129.11 横桁 x 123.50	ext_poly	4	123.5355,-2.4935,-0.4944	123.5455,-2.4935,-0.4944	123.5455,2.4935,-0.4944	123.5355,2.4935,-0.4944	123.5355,-2.4935,-0.5844	123.5455,-2.4935,-0.5844	123.5455,2.4935,-0.5844	123.5355,2.4935,-0.5844
558	塗替塗装-100	塗替塗装						中間部横桁	x 111.59〜129.11 x 126.75	塗替塗装範囲詳細図		DWG の図から（測量前）	塗替塗装 x 111.59〜129.11 横桁 x 126.80	ext_poly	4	126.7455,-2.4935,0.1961	126.7545,-2.4935,0.1961	126.7545,2.4935,0.1961	126.7455,2.4935,0.1961	126.7455,-2.4935,-0.5639	126.7545,-2.4935,-0.5639	126.7545,2.4935,-0.5639	126.7455,2.4935,-0.5639
559	塗替塗装-101	塗替塗装						中間部横桁	x 111.59〜129.11 x 126.80	塗替塗装範囲詳細図		DWG の図から（測量前）	塗替塗装 x 111.59〜129.11 横桁 x 126.80	ext_poly	4	126.7545,-2.4935,0.1961	126.8445,-2.4935,0.1961	126.8445,2.4935,0.1961	126.7545,2.4935,0.1961	126.7545,-2.4935,0.1861	126.8445,-2.4935,0.1861	126.8445,2.4935,0.1861	126.7545,2.4935,0.1861
560	塗替塗装-102	塗替塗装						中間部横桁	x 111.59〜129.11 x 126.76	塗替塗装範囲詳細図		DWG の図から（測量前）	塗替塗装 x 111.59〜129.11 横桁 x 126.80	ext_poly	4	126.7545,-2.4935,0.1961	126.7645,-2.4935,0.1961	126.7645,2.4935,0.1961	126.7545,2.4935,0.1961	126.7545,-2.4935,0.1061	126.7645,-2.4935,0.1061	126.7645,2.4935,0.1061	126.7545,2.4935,0.1061
561	塗替塗装-103	塗替塗装						中間部横桁	x 111.59〜129.11 x 126.80	塗替塗装範囲詳細図		DWG の図から（測量前）	塗替塗装 x 111.59〜129.11 横桁 x 126.80	ext_poly	4	126.7545,-2.4935,-0.5539	126.8445,-2.4935,-0.5539	126.8445,2.4935,-0.5539	126.7545,2.4935,-0.5539	126.7545,-2.4935,-0.5639	126.8445,-2.4935,-0.5639	126.8445,2.4935,-0.5639	126.7545,2.4935,-0.5639
562	塗替塗装-104	塗替塗装						中間部横桁	x 111.59〜129.11 x 126.76	塗替塗装範囲詳細図		DWG の図から（測量前）	塗替塗装 x 111.59〜129.11 横桁 x 126.80	ext_poly	4	126.7545,-2.4935,-0.4739	126.7645,-2.4935,-0.4739	126.7645,2.4935,-0.4739	126.7545,2.4935,-0.4739	126.7545,-2.4935,-0.5639	126.7645,-2.4935,-0.5639	126.7645,2.4935,-0.5639	126.7545,2.4935,-0.5639
563	塗替塗装-105	塗替塗装						中間部横桁	x 111.59〜129.11 x 126.70	塗替塗装範囲詳細図		DWG の図から（測量前）	塗替塗装 x 111.59〜129.11 横桁 x 126.70	ext_poly	4	126.6555,-2.4935,0.1961	126.7455,-2.4935,0.1961	126.7455,2.4935,0.1961	126.6555,2.4935,0.1961	126.6555,-2.4935,0.1861	126.7455,-2.4935,0.1861	126.7455,2.4935,0.1861	126.6555,2.4935,0.1861
564	塗替塗装-106	塗替塗装						中間部横桁	x 111.59〜129.11 x 126.74	塗替塗装範囲詳細図		DWG の図から（測量前）	塗替塗装 x 111.59〜129.11 横桁 x 126.70	ext_poly	4	126.7355,-2.4935,0.1961	126.7455,-2.4935,0.1961	126.7455,2.4935,0.1961	126.7355,2.4935,0.1961	126.7355,-2.4935,0.1061	126.7455,-2.4935,0.1061	126.7455,2.4935,0.1061	126.7355,2.4935,0.1061
565	塗替塗装-107	塗替塗装						中間部横桁	x 111.59〜129.11 x 126.70	塗替塗装範囲詳細図		DWG の図から（測量前）	塗替塗装 x 111.59〜129.11 横桁 x 126.70	ext_poly	4	126.6555,-2.4935,-0.5539	126.7455,-2.4935,-0.5539	126.7455,2.4935,-0.5539	126.6555,2.4935,-0.5539	126.6555,-2.4935,-0.5639	126.7455,-2.4935,-0.5639	126.7455,2.4935,-0.5639	126.6555,2.4935,-0.5639
566	塗替塗装-108	塗替塗装						中間部横桁	x 111.59〜129.11 x 126.74	塗替塗装範囲詳細図		DWG の図から（測量前）	塗替塗装 x 111.59〜129.11 横桁 x 126.70	ext_poly	4	126.7355,-2.4935,-0.4739	126.7455,-2.4935,-0.4739	126.7455,2.4935,-0.4739	126.7355,2.4935,-0.4739	126.7355,-2.4935,-0.5639	126.7455,-2.4935,-0.5639	126.7455,2.4935,-0.5639	126.7355,2.4935,-0.5639
567	塗替塗装-109	塗替塗装						中間部横桁	x 111.59〜129.11 x 127.38	塗替塗装範囲詳細図		DWG の図から（測量前）	塗替塗装 x 111.59〜129.11 横桁 x 127.40	ext_poly	4	127.3705,-2.4935,0.2001	127.3795,-2.4935,0.2001	127.3795,2.4935,0.2001	127.3705,2.4935,0.2001	127.3705,-2.4935,-0.5599	127.3795,-2.4935,-0.5599	127.3795,2.4935,-0.5599	127.3705,2.4935,-0.5599
568	塗替塗装-110	塗替塗装						中間部横桁	x 111.59〜129.11 x 127.42	塗替塗装範囲詳細図		DWG の図から（測量前）	塗替塗装 x 111.59〜129.11 横桁 x 127.40	ext_poly	4	127.3795,-2.4935,0.2001	127.4695,-2.4935,0.2001	127.4695,2.4935,0.2001	127.3795,2.4935,0.2001	127.3795,-2.4935,0.1901	127.4695,-2.4935,0.1901	127.4695,2.4935,0.1901	127.3795,2.4935,0.1901
569	塗替塗装-111	塗替塗装						中間部横桁	x 111.59〜129.11 x 127.38	塗替塗装範囲詳細図		DWG の図から（測量前）	塗替塗装 x 111.59〜129.11 横桁 x 127.40	ext_poly	4	127.3795,-2.4935,0.2001	127.3895,-2.4935,0.2001	127.3895,2.4935,0.2001	127.3795,2.4935,0.2001	127.3795,-2.4935,0.1101	127.3895,-2.4935,0.1101	127.3895,2.4935,0.1101	127.3795,2.4935,0.1101
570	塗替塗装-112	塗替塗装						中間部横桁	x 111.59〜129.11 x 127.42	塗替塗装範囲詳細図		DWG の図から（測量前）	塗替塗装 x 111.59〜129.11 横桁 x 127.40	ext_poly	4	127.3795,-2.4935,-0.5499	127.4695,-2.4935,-0.5499	127.4695,2.4935,-0.5499	127.3795,2.4935,-0.5499	127.3795,-2.4935,-0.5599	127.4695,-2.4935,-0.5599	127.4695,2.4935,-0.5599	127.3795,2.4935,-0.5599
571	塗替塗装-113	塗替塗装						中間部横桁	x 111.59〜129.11 x 127.38	塗替塗装範囲詳細図		DWG の図から（測量前）	塗替塗装 x 111.59〜129.11 横桁 x 127.40	ext_poly	4	127.3795,-2.4935,-0.4699	127.3895,-2.4935,-0.4699	127.3895,2.4935,-0.4699	127.3795,2.4935,-0.4699	127.3795,-2.4935,-0.5599	127.3895,-2.4935,-0.5599	127.3895,2.4935,-0.5599	127.3795,2.4935,-0.5599
572	塗替塗装-114	塗替塗装						中間部横桁	x 111.59〜129.11 x 127.33	塗替塗装範囲詳細図		DWG の図から（測量前）	塗替塗装 x 111.59〜129.11 横桁 x 127.30	ext_poly	4	127.2805,-2.4935,0.2001	127.3705,-2.4935,0.2001	127.3705,2.4935,0.2001	127.2805,2.4935,0.2001	127.2805,-2.4935,0.1901	127.3705,-2.4935,0.1901	127.3705,2.4935,0.1901	127.2805,2.4935,0.1901
573	塗替塗装-115	塗替塗装						中間部横桁	x 111.59〜129.11 x 127.37	塗替塗装範囲詳細図		DWG の図から（測量前）	塗替塗装 x 111.59〜129.11 横桁 x 127.40	ext_poly	4	127.3605,-2.4935,0.2001	127.3705,-2.4935,0.2001	127.3705,2.4935,0.2001	127.3605,2.4935,0.2001	127.3605,-2.4935,0.1101	127.3705,-2.4935,0.1101	127.3705,2.4935,0.1101	127.3605,2.4935,0.1101
574	塗替塗装-116	塗替塗装						中間部横桁	x 111.59〜129.11 x 127.33	塗替塗装範囲詳細図		DWG の図から（測量前）	塗替塗装 x 111.59〜129.11 横桁 x 127.30	ext_poly	4	127.2805,-2.4935,-0.5499	127.3705,-2.4935,-0.5499	127.3705,2.4935,-0.5499	127.2805,2.4935,-0.5499	127.2805,-2.4935,-0.5599	127.3705,-2.4935,-0.5599	127.3705,2.4935,-0.5599	127.2805,2.4935,-0.5599
575	塗替塗装-117	塗替塗装						中間部横桁	x 111.59〜129.11 x 127.37	塗替塗装範囲詳細図		DWG の図から（測量前）	塗替塗装 x 111.59〜129.11 横桁 x 127.40	ext_poly	4	127.3605,-2.4935,-0.4699	127.3705,-2.4935,-0.4699	127.3705,2.4935,-0.4699	127.3605,2.4935,-0.4699	127.3605,-2.4935,-0.5599	127.3705,-2.4935,-0.5599	127.3705,2.4935,-0.5599	127.3605,2.4935,-0.5599
576	塗替塗装-118	塗替塗装						縦桁 H300x150	x 111.59〜129.11 	塗替塗装範囲詳細図		DWG の図から（測量前）	塗替塗装 x 111.59〜129.11 縦桁 H300x150	ext_poly	12	113.2260,-1.3250,0.0231	113.2260,-1.1750,0.0231	113.2260,-1.1750,0.0321	113.2260,-1.2468,0.0321	113.2240,-1.2468,0.3141	113.2240,-1.1750,0.3141	113.2240,-1.1750,0.3231	113.2240,-1.3250,0.3231	113.2240,-1.3250,0.3141	113.2240,-1.2532,0.3141	113.2260,-1.2532,0.0321	113.2260,-1.3250,0.0321	111.5910,-1.3250,0.0117	111.5910,-1.1750,0.0117	111.5910,-1.1750,0.0207	111.5910,-1.2468,0.0207	111.5890,-1.2468,0.3027	111.5890,-1.1750,0.3027	111.5890,-1.1750,0.3117	111.5890,-1.3250,0.3117	111.5890,-1.3250,0.3027	111.5890,-1.2532,0.3027	111.5910,-1.2532,0.0207	111.5910,-1.3250,0.0207
577	塗替塗装-119	塗替塗装						縦桁 H300x150	x 111.59〜129.11 	塗替塗装範囲詳細図		DWG の図から（測量前）	塗替塗装 x 111.59〜129.11 縦桁 H300x150	ext_poly	12	113.2260,-0.0750,0.0231	113.2260,0.0750,0.0231	113.2260,0.0750,0.0321	113.2260,0.0032,0.0321	113.2240,0.0032,0.3141	113.2240,0.0750,0.3141	113.2240,0.0750,0.3231	113.2240,-0.0750,0.3231	113.2240,-0.0750,0.3141	113.2240,-0.0032,0.3141	113.2260,-0.0032,0.0321	113.2260,-0.0750,0.0321	111.5910,-0.0750,0.0117	111.5910,0.0750,0.0117	111.5910,0.0750,0.0207	111.5910,0.0032,0.0207	111.5890,0.0032,0.3027	111.5890,0.0750,0.3027	111.5890,0.0750,0.3117	111.5890,-0.0750,0.3117	111.5890,-0.0750,0.3027	111.5890,-0.0032,0.3027	111.5910,-0.0032,0.0207	111.5910,-0.0750,0.0207
578	塗替塗装-120	塗替塗装						縦桁 H300x150	x 111.59〜129.11 	塗替塗装範囲詳細図		DWG の図から（測量前）	塗替塗装 x 111.59〜129.11 縦桁 H300x150	ext_poly	12	113.2260,1.1750,0.0231	113.2260,1.3250,0.0231	113.2260,1.3250,0.0321	113.2260,1.2532,0.0321	113.2240,1.2532,0.3141	113.2240,1.3250,0.3141	113.2240,1.3250,0.3231	113.2240,1.1750,0.3231	113.2240,1.1750,0.3141	113.2240,1.2468,0.3141	113.2260,1.2468,0.0321	113.2260,1.1750,0.0321	111.5910,1.1750,0.0117	111.5910,1.3250,0.0117	111.5910,1.3250,0.0207	111.5910,1.2532,0.0207	111.5890,1.2532,0.3027	111.5890,1.3250,0.3027	111.5890,1.3250,0.3117	111.5890,1.1750,0.3117	111.5890,1.1750,0.3027	111.5890,1.2468,0.3027	111.5910,1.2468,0.0207	111.5910,1.1750,0.0207
579	塗替塗装-121	塗替塗装						縦桁 H300x150	x 111.59〜129.11 	塗替塗装範囲詳細図		DWG の図から（測量前）	塗替塗装 x 111.59〜129.11 縦桁 H300x150	ext_poly	12	117.0510,-1.3250,0.0476	117.0510,-1.1750,0.0476	117.0510,-1.1750,0.0566	117.0510,-1.2468,0.0566	117.0490,-1.2468,0.3386	117.0490,-1.1750,0.3386	117.0490,-1.1750,0.3476	117.0490,-1.3250,0.3476	117.0490,-1.3250,0.3386	117.0490,-1.2532,0.3386	117.0510,-1.2532,0.0566	117.0510,-1.3250,0.0566	114.0510,-1.3250,0.0271	114.0510,-1.1750,0.0271	114.0510,-1.1750,0.0361	114.0510,-1.2468,0.0361	114.0490,-1.2468,0.3181	114.0490,-1.1750,0.3181	114.0490,-1.1750,0.3271	114.0490,-1.3250,0.3271	114.0490,-1.3250,0.3181	114.0490,-1.2532,0.3181	114.0510,-1.2532,0.0361	114.0510,-1.3250,0.0361
580	塗替塗装-122	塗替塗装						縦桁 H300x150	x 111.59〜129.11 	塗替塗装範囲詳細図		DWG の図から（測量前）	塗替塗装 x 111.59〜129.11 縦桁 H300x150	ext_poly	12	117.0510,-0.0750,0.0476	117.0510,0.0750,0.0476	117.0510,0.0750,0.0566	117.0510,0.0032,0.0566	117.0490,0.0032,0.3386	117.0490,0.0750,0.3386	117.0490,0.0750,0.3476	117.0490,-0.0750,0.3476	117.0490,-0.0750,0.3386	117.0490,-0.0032,0.3386	117.0510,-0.0032,0.0566	117.0510,-0.0750,0.0566	114.0510,-0.0750,0.0271	114.0510,0.0750,0.0271	114.0510,0.0750,0.0361	114.0510,0.0032,0.0361	114.0490,0.0032,0.3181	114.0490,0.0750,0.3181	114.0490,0.0750,0.3271	114.0490,-0.0750,0.3271	114.0490,-0.0750,0.3181	114.0490,-0.0032,0.3181	114.0510,-0.0032,0.0361	114.0510,-0.0750,0.0361
581	塗替塗装-123	塗替塗装						縦桁 H300x150	x 111.59〜129.11 	塗替塗装範囲詳細図		DWG の図から（測量前）	塗替塗装 x 111.59〜129.11 縦桁 H300x150	ext_poly	12	117.0510,1.1750,0.0476	117.0510,1.3250,0.0476	117.0510,1.3250,0.0566	117.0510,1.2532,0.0566	117.0490,1.2532,0.3386	117.0490,1.3250,0.3386	117.0490,1.3250,0.3476	117.0490,1.1750,0.3476	117.0490,1.1750,0.3386	117.0490,1.2468,0.3386	117.0510,1.2468,0.0566	117.0510,1.1750,0.0566	114.0510,1.1750,0.0271	114.0510,1.3250,0.0271	114.0510,1.3250,0.0361	114.0510,1.2532,0.0361	114.0490,1.2532,0.3181	114.0490,1.3250,0.3181	114.0490,1.3250,0.3271	114.0490,1.1750,0.3271	114.0490,1.1750,0.3181	114.0490,1.2468,0.3181	114.0510,1.2468,0.0361	114.0510,1.1750,0.0361
582	塗替塗装-124	塗替塗装						縦桁 H300x150	x 111.59〜129.11 	塗替塗装範囲詳細図		DWG の図から（測量前）	塗替塗装 x 111.59〜129.11 縦桁 H300x150	ext_poly	12	120.2510,-1.3250,0.0681	120.2510,-1.1750,0.0681	120.2510,-1.1750,0.0771	120.2510,-1.2468,0.0771	120.2490,-1.2468,0.3591	120.2490,-1.1750,0.3591	120.2490,-1.1750,0.3681	120.2490,-1.3250,0.3681	120.2490,-1.3250,0.3591	120.2490,-1.2532,0.3591	120.2510,-1.2532,0.0771	120.2510,-1.3250,0.0771	117.2510,-1.3250,0.0476	117.2510,-1.1750,0.0476	117.2510,-1.1750,0.0566	117.2510,-1.2468,0.0566	117.2490,-1.2468,0.3386	117.2490,-1.1750,0.3386	117.2490,-1.1750,0.3476	117.2490,-1.3250,0.3476	117.2490,-1.3250,0.3386	117.2490,-1.2532,0.3386	117.2510,-1.2532,0.0566	117.2510,-1.3250,0.0566
583	塗替塗装-125	塗替塗装						縦桁 H300x150	x 111.59〜129.11 	塗替塗装範囲詳細図		DWG の図から（測量前）	塗替塗装 x 111.59〜129.11 縦桁 H300x150	ext_poly	12	120.2510,-0.0750,0.0681	120.2510,0.0750,0.0681	120.2510,0.0750,0.0771	120.2510,0.0032,0.0771	120.2490,0.0032,0.3591	120.2490,0.0750,0.3591	120.2490,0.0750,0.3681	120.2490,-0.0750,0.3681	120.2490,-0.0750,0.3591	120.2490,-0.0032,0.3591	120.2510,-0.0032,0.0771	120.2510,-0.0750,0.0771	117.2510,-0.0750,0.0476	117.2510,0.0750,0.0476	117.2510,0.0750,0.0566	117.2510,0.0032,0.0566	117.2490,0.0032,0.3386	117.2490,0.0750,0.3386	117.2490,0.0750,0.3476	117.2490,-0.0750,0.3476	117.2490,-0.0750,0.3386	117.2490,-0.0032,0.3386	117.2510,-0.0032,0.0566	117.2510,-0.0750,0.0566
584	塗替塗装-126	塗替塗装						縦桁 H300x150	x 111.59〜129.11 	塗替塗装範囲詳細図		DWG の図から（測量前）	塗替塗装 x 111.59〜129.11 縦桁 H300x150	ext_poly	12	120.2510,1.1750,0.0681	120.2510,1.3250,0.0681	120.2510,1.3250,0.0771	120.2510,1.2532,0.0771	120.2490,1.2532,0.3591	120.2490,1.3250,0.3591	120.2490,1.3250,0.3681	120.2490,1.1750,0.3681	120.2490,1.1750,0.3591	120.2490,1.2468,0.3591	120.2510,1.2468,0.0771	120.2510,1.1750,0.0771	117.2510,1.1750,0.0476	117.2510,1.3250,0.0476	117.2510,1.3250,0.0566	117.2510,1.2532,0.0566	117.2490,1.2532,0.3386	117.2490,1.3250,0.3386	117.2490,1.3250,0.3476	117.2490,1.1750,0.3476	117.2490,1.1750,0.3386	117.2490,1.2468,0.3386	117.2510,1.2468,0.0566	117.2510,1.1750,0.0566
585	塗替塗装-127	塗替塗装						縦桁 H300x150	x 111.59〜129.11 	塗替塗装範囲詳細図		DWG の図から（測量前）	塗替塗装 x 111.59〜129.11 縦桁 H300x150	ext_poly	12	123.4510,-1.3250,0.0886	123.4510,-1.1750,0.0886	123.4510,-1.1750,0.0976	123.4510,-1.2468,0.0976	123.4490,-1.2468,0.3796	123.4490,-1.1750,0.3796	123.4490,-1.1750,0.3886	123.4490,-1.3250,0.3886	123.4490,-1.3250,0.3796	123.4490,-1.2532,0.3796	123.4510,-1.2532,0.0976	123.4510,-1.3250,0.0976	120.4510,-1.3250,0.0681	120.4510,-1.1750,0.0681	120.4510,-1.1750,0.0771	120.4510,-1.2468,0.0771	120.4490,-1.2468,0.3591	120.4490,-1.1750,0.3591	120.4490,-1.1750,0.3681	120.4490,-1.3250,0.3681	120.4490,-1.3250,0.3591	120.4490,-1.2532,0.3591	120.4510,-1.2532,0.0771	120.4510,-1.3250,0.0771
586	塗替塗装-128	塗替塗装						縦桁 H300x150	x 111.59〜129.11 	塗替塗装範囲詳細図		DWG の図から（測量前）	塗替塗装 x 111.59〜129.11 縦桁 H300x150	ext_poly	12	123.4510,-0.0750,0.0886	123.4510,0.0750,0.0886	123.4510,0.0750,0.0976	123.4510,0.0032,0.0976	123.4490,0.0032,0.3796	123.4490,0.0750,0.3796	123.4490,0.0750,0.3886	123.4490,-0.0750,0.3886	123.4490,-0.0750,0.3796	123.4490,-0.0032,0.3796	123.4510,-0.0032,0.0976	123.4510,-0.0750,0.0976	120.4510,-0.0750,0.0681	120.4510,0.0750,0.0681	120.4510,0.0750,0.0771	120.4510,0.0032,0.0771	120.4490,0.0032,0.3591	120.4490,0.0750,0.3591	120.4490,0.0750,0.3681	120.4490,-0.0750,0.3681	120.4490,-0.0750,0.3591	120.4490,-0.0032,0.3591	120.4510,-0.0032,0.0771	120.4510,-0.0750,0.0771
587	塗替塗装-129	塗替塗装						縦桁 H300x150	x 111.59〜129.11 	塗替塗装範囲詳細図		DWG の図から（測量前）	塗替塗装 x 111.59〜129.11 縦桁 H300x150	ext_poly	12	123.4510,1.1750,0.0886	123.4510,1.3250,0.0886	123.4510,1.3250,0.0976	123.4510,1.2532,0.0976	123.4490,1.2532,0.3796	123.4490,1.3250,0.3796	123.4490,1.3250,0.3886	123.4490,1.1750,0.3886	123.4490,1.1750,0.3796	123.4490,1.2468,0.3796	123.4510,1.2468,0.0976	123.4510,1.1750,0.0976	120.4510,1.1750,0.0681	120.4510,1.3250,0.0681	120.4510,1.3250,0.0771	120.4510,1.2532,0.0771	120.4490,1.2532,0.3591	120.4490,1.3250,0.3591	120.4490,1.3250,0.3681	120.4490,1.1750,0.3681	120.4490,1.1750,0.3591	120.4490,1.2468,0.3591	120.4510,1.2468,0.0771	120.4510,1.1750,0.0771
588	塗替塗装-130	塗替塗装						縦桁 H300x150	x 111.59〜129.11 	塗替塗装範囲詳細図		DWG の図から（測量前）	塗替塗装 x 111.59〜129.11 縦桁 H300x150	ext_poly	12	126.6510,-1.3250,0.1091	126.6510,-1.1750,0.1091	126.6510,-1.1750,0.1181	126.6510,-1.2468,0.1181	126.6490,-1.2468,0.4001	126.6490,-1.1750,0.4001	126.6490,-1.1750,0.4091	126.6490,-1.3250,0.4091	126.6490,-1.3250,0.4001	126.6490,-1.2532,0.4001	126.6510,-1.2532,0.1181	126.6510,-1.3250,0.1181	123.6510,-1.3250,0.0886	123.6510,-1.1750,0.0886	123.6510,-1.1750,0.0976	123.6510,-1.2468,0.0976	123.6490,-1.2468,0.3796	123.6490,-1.1750,0.3796	123.6490,-1.1750,0.3886	123.6490,-1.3250,0.3886	123.6490,-1.3250,0.3796	123.6490,-1.2532,0.3796	123.6510,-1.2532,0.0976	123.6510,-1.3250,0.0976
589	塗替塗装-131	塗替塗装						縦桁 H300x150	x 111.59〜129.11 	塗替塗装範囲詳細図		DWG の図から（測量前）	塗替塗装 x 111.59〜129.11 縦桁 H300x150	ext_poly	12	126.6510,-0.0750,0.1091	126.6510,0.0750,0.1091	126.6510,0.0750,0.1181	126.6510,0.0032,0.1181	126.6490,0.0032,0.4001	126.6490,0.0750,0.4001	126.6490,0.0750,0.4091	126.6490,-0.0750,0.4091	126.6490,-0.0750,0.4001	126.6490,-0.0032,0.4001	126.6510,-0.0032,0.1181	126.6510,-0.0750,0.1181	123.6510,-0.0750,0.0886	123.6510,0.0750,0.0886	123.6510,0.0750,0.0976	123.6510,0.0032,0.0976	123.6490,0.0032,0.3796	123.6490,0.0750,0.3796	123.6490,0.0750,0.3886	123.6490,-0.0750,0.3886	123.6490,-0.0750,0.3796	123.6490,-0.0032,0.3796	123.6510,-0.0032,0.0976	123.6510,-0.0750,0.0976
590	塗替塗装-132	塗替塗装						縦桁 H300x150	x 111.59〜129.11 	塗替塗装範囲詳細図		DWG の図から（測量前）	塗替塗装 x 111.59〜129.11 縦桁 H300x150	ext_poly	12	126.6510,1.1750,0.1091	126.6510,1.3250,0.1091	126.6510,1.3250,0.1181	126.6510,1.2532,0.1181	126.6490,1.2532,0.4001	126.6490,1.3250,0.4001	126.6490,1.3250,0.4091	126.6490,1.1750,0.4091	126.6490,1.1750,0.4001	126.6490,1.2468,0.4001	126.6510,1.2468,0.1181	126.6510,1.1750,0.1181	123.6510,1.1750,0.0886	123.6510,1.3250,0.0886	123.6510,1.3250,0.0976	123.6510,1.2532,0.0976	123.6490,1.2532,0.3796	123.6490,1.3250,0.3796	123.6490,1.3250,0.3886	123.6490,1.1750,0.3886	123.6490,1.1750,0.3796	123.6490,1.2468,0.3796	123.6510,1.2468,0.0976	123.6510,1.1750,0.0976
591	塗替塗装-133	塗替塗装						縦桁 H300x150	x 111.59〜129.11 	塗替塗装範囲詳細図		DWG の図から（測量前）	塗替塗装 x 111.59〜129.11 縦桁 H300x150	ext_poly	12	129.1110,-1.3250,0.1245	129.1110,-1.1750,0.1245	129.1110,-1.1750,0.1335	129.1110,-1.2468,0.1335	129.1090,-1.2468,0.4155	129.1090,-1.1750,0.4155	129.1090,-1.1750,0.4245	129.1090,-1.3250,0.4245	129.1090,-1.3250,0.4155	129.1090,-1.2532,0.4155	129.1110,-1.2532,0.1335	129.1110,-1.3250,0.1335	127.4760,-1.3250,0.1131	127.4760,-1.1750,0.1131	127.4760,-1.1750,0.1221	127.4760,-1.2468,0.1221	127.4740,-1.2468,0.4041	127.4740,-1.1750,0.4041	127.4740,-1.1750,0.4131	127.4740,-1.3250,0.4131	127.4740,-1.3250,0.4041	127.4740,-1.2532,0.4041	127.4760,-1.2532,0.1221	127.4760,-1.3250,0.1221
592	塗替塗装-134	塗替塗装						縦桁 H300x150	x 111.59〜129.11 	塗替塗装範囲詳細図		DWG の図から（測量前）	塗替塗装 x 111.59〜129.11 縦桁 H300x150	ext_poly	12	129.1110,-0.0750,0.1245	129.1110,0.0750,0.1245	129.1110,0.0750,0.1335	129.1110,0.0032,0.1335	129.1090,0.0032,0.4155	129.1090,0.0750,0.4155	129.1090,0.0750,0.4245	129.1090,-0.0750,0.4245	129.1090,-0.0750,0.4155	129.1090,-0.0032,0.4155	129.1110,-0.0032,0.1335	129.1110,-0.0750,0.1335	127.4760,-0.0750,0.1131	127.4760,0.0750,0.1131	127.4760,0.0750,0.1221	127.4760,0.0032,0.1221	127.4740,0.0032,0.4041	127.4740,0.0750,0.4041	127.4740,0.0750,0.4131	127.4740,-0.0750,0.4131	127.4740,-0.0750,0.4041	127.4740,-0.0032,0.4041	127.4760,-0.0032,0.1221	127.4760,-0.0750,0.1221
593	塗替塗装-135	塗替塗装						縦桁 H300x150	x 111.59〜129.11 	塗替塗装範囲詳細図		DWG の図から（測量前）	塗替塗装 x 111.59〜129.11 縦桁 H300x150	ext_poly	12	129.1110,1.1750,0.1245	129.1110,1.3250,0.1245	129.1110,1.3250,0.1335	129.1110,1.2532,0.1335	129.1090,1.2532,0.4155	129.1090,1.3250,0.4155	129.1090,1.3250,0.4245	129.1090,1.1750,0.4245	129.1090,1.1750,0.4155	129.1090,1.2468,0.4155	129.1110,1.2468,0.1335	129.1110,1.1750,0.1335	127.4760,1.1750,0.1131	127.4760,1.3250,0.1131	127.4760,1.3250,0.1221	127.4760,1.2532,0.1221	127.4740,1.2532,0.4041	127.4740,1.3250,0.4041	127.4740,1.3250,0.4131	127.4740,1.1750,0.4131	127.4740,1.1750,0.4041	127.4740,1.2468,0.4041	127.4760,1.2468,0.1221	127.4760,1.1750,0.1221
594	塗替塗装-136	塗替塗装						鋼板 PL800x9	x 111.59〜129.11 y -1.88	塗替塗装範囲詳細図		DWG の図から（測量前）	塗替塗装 x 111.59〜129.11 鋼板 y -1.88	ext_poly	4	111.5900,-2.2750,0.3120	115.5900,-2.2750,0.3376	115.5900,-1.4750,0.3376	111.5900,-1.4750,0.3120	111.5900,-2.2750,0.3030	115.5900,-2.2750,0.3286	115.5900,-1.4750,0.3286	111.5900,-1.4750,0.3030
595	塗替塗装-137	塗替塗装						鋼板 PL800x9	x 111.59〜129.11 y -0.62	塗替塗装範囲詳細図		DWG の図から（測量前）	塗替塗装 x 111.59〜129.11 鋼板 y -0.62	ext_poly	4	111.5900,-1.0250,0.3120	115.5900,-1.0250,0.3376	115.5900,-0.2250,0.3376	111.5900,-0.2250,0.3120	111.5900,-1.0250,0.3030	115.5900,-1.0250,0.3286	115.5900,-0.2250,0.3286	111.5900,-0.2250,0.3030
596	塗替塗装-138	塗替塗装						鋼板 PL800x9	x 111.59〜129.11 y 0.62	塗替塗装範囲詳細図		DWG の図から（測量前）	塗替塗装 x 111.59〜129.11 鋼板 y 0.62	ext_poly	4	111.5900,0.2250,0.3120	115.5900,0.2250,0.3376	115.5900,1.0250,0.3376	111.5900,1.0250,0.3120	111.5900,0.2250,0.3030	115.5900,0.2250,0.3286	115.5900,1.0250,0.3286	111.5900,1.0250,0.3030
597	塗替塗装-139	塗替塗装						鋼板 PL800x9	x 111.59〜129.11 y 1.88	塗替塗装範囲詳細図		DWG の図から（測量前）	塗替塗装 x 111.59〜129.11 鋼板 y 1.88	ext_poly	4	111.5900,1.4750,0.3120	115.5900,1.4750,0.3376	115.5900,2.2750,0.3376	111.5900,2.2750,0.3120	111.5900,1.4750,0.3030	115.5900,1.4750,0.3286	115.5900,2.2750,0.3286	111.5900,2.2750,0.3030
598	塗替塗装-140	塗替塗装						鋼板 PL800x9	x 111.59〜129.11 y -1.88	塗替塗装範囲詳細図		DWG の図から（測量前）	塗替塗装 x 111.59〜129.11 鋼板 y -1.88	ext_poly	4	115.5900,-2.2750,0.3376	119.5900,-2.2750,0.3632	119.5900,-1.4750,0.3632	115.5900,-1.4750,0.3376	115.5900,-2.2750,0.3286	119.5900,-2.2750,0.3542	119.5900,-1.4750,0.3542	115.5900,-1.4750,0.3286
599	塗替塗装-141	塗替塗装						鋼板 PL800x9	x 111.59〜129.11 y -0.62	塗替塗装範囲詳細図		DWG の図から（測量前）	塗替塗装 x 111.59〜129.11 鋼板 y -0.62	ext_poly	4	115.5900,-1.0250,0.3376	119.5900,-1.0250,0.3632	119.5900,-0.2250,0.3632	115.5900,-0.2250,0.3376	115.5900,-1.0250,0.3286	119.5900,-1.0250,0.3542	119.5900,-0.2250,0.3542	115.5900,-0.2250,0.3286
600	塗替塗装-142	塗替塗装						鋼板 PL800x9	x 111.59〜129.11 y 0.62	塗替塗装範囲詳細図		DWG の図から（測量前）	塗替塗装 x 111.59〜129.11 鋼板 y 0.62	ext_poly	4	115.5900,0.2250,0.3376	119.5900,0.2250,0.3632	119.5900,1.0250,0.3632	115.5900,1.0250,0.3376	115.5900,0.2250,0.3286	119.5900,0.2250,0.3542	119.5900,1.0250,0.3542	115.5900,1.0250,0.3286
601	塗替塗装-143	塗替塗装						鋼板 PL800x9	x 111.59〜129.11 y 1.88	塗替塗装範囲詳細図		DWG の図から（測量前）	塗替塗装 x 111.59〜129.11 鋼板 y 1.88	ext_poly	4	115.5900,1.4750,0.3376	119.5900,1.4750,0.3632	119.5900,2.2750,0.3632	115.5900,2.2750,0.3376	115.5900,1.4750,0.3286	119.5900,1.4750,0.3542	119.5900,2.2750,0.3542	115.5900,2.2750,0.3286
602	塗替塗装-144	塗替塗装						鋼板 PL800x9	x 111.59〜129.11 y -1.88	塗替塗装範囲詳細図		DWG の図から（測量前）	塗替塗装 x 111.59〜129.11 鋼板 y -1.88	ext_poly	4	119.5900,-2.2750,0.3632	123.5900,-2.2750,0.3889	123.5900,-1.4750,0.3889	119.5900,-1.4750,0.3632	119.5900,-2.2750,0.3542	123.5900,-2.2750,0.3799	123.5900,-1.4750,0.3799	119.5900,-1.4750,0.3542
603	塗替塗装-145	塗替塗装						鋼板 PL800x9	x 111.59〜129.11 y -0.62	塗替塗装範囲詳細図		DWG の図から（測量前）	塗替塗装 x 111.59〜129.11 鋼板 y -0.62	ext_poly	4	119.5900,-1.0250,0.3632	123.5900,-1.0250,0.3889	123.5900,-0.2250,0.3889	119.5900,-0.2250,0.3632	119.5900,-1.0250,0.3542	123.5900,-1.0250,0.3799	123.5900,-0.2250,0.3799	119.5900,-0.2250,0.3542
604	塗替塗装-146	塗替塗装						鋼板 PL800x9	x 111.59〜129.11 y 0.62	塗替塗装範囲詳細図		DWG の図から（測量前）	塗替塗装 x 111.59〜129.11 鋼板 y 0.62	ext_poly	4	119.5900,0.2250,0.3632	123.5900,0.2250,0.3889	123.5900,1.0250,0.3889	119.5900,1.0250,0.3632	119.5900,0.2250,0.3542	123.5900,0.2250,0.3799	123.5900,1.0250,0.3799	119.5900,1.0250,0.3542
605	塗替塗装-147	塗替塗装						鋼板 PL800x9	x 111.59〜129.11 y 1.88	塗替塗装範囲詳細図		DWG の図から（測量前）	塗替塗装 x 111.59〜129.11 鋼板 y 1.88	ext_poly	4	119.5900,1.4750,0.3632	123.5900,1.4750,0.3889	123.5900,2.2750,0.3889	119.5900,2.2750,0.3632	119.5900,1.4750,0.3542	123.5900,1.4750,0.3799	123.5900,2.2750,0.3799	119.5900,2.2750,0.3542
606	塗替塗装-148	塗替塗装						鋼板 PL800x9	x 111.59〜129.11 y -1.88	塗替塗装範囲詳細図		DWG の図から（測量前）	塗替塗装 x 111.59〜129.11 鋼板 y -1.88	ext_poly	4	123.5900,-2.2750,0.3889	127.5900,-2.2750,0.4145	127.5900,-1.4750,0.4145	123.5900,-1.4750,0.3889	123.5900,-2.2750,0.3799	127.5900,-2.2750,0.4055	127.5900,-1.4750,0.4055	123.5900,-1.4750,0.3799
607	塗替塗装-149	塗替塗装						鋼板 PL800x9	x 111.59〜129.11 y -0.62	塗替塗装範囲詳細図		DWG の図から（測量前）	塗替塗装 x 111.59〜129.11 鋼板 y -0.62	ext_poly	4	123.5900,-1.0250,0.3889	127.5900,-1.0250,0.4145	127.5900,-0.2250,0.4145	123.5900,-0.2250,0.3889	123.5900,-1.0250,0.3799	127.5900,-1.0250,0.4055	127.5900,-0.2250,0.4055	123.5900,-0.2250,0.3799
608	塗替塗装-150	塗替塗装						鋼板 PL800x9	x 111.59〜129.11 y 0.62	塗替塗装範囲詳細図		DWG の図から（測量前）	塗替塗装 x 111.59〜129.11 鋼板 y 0.62	ext_poly	4	123.5900,0.2250,0.3889	127.5900,0.2250,0.4145	127.5900,1.0250,0.4145	123.5900,1.0250,0.3889	123.5900,0.2250,0.3799	127.5900,0.2250,0.4055	127.5900,1.0250,0.4055	123.5900,1.0250,0.3799
609	塗替塗装-151	塗替塗装						鋼板 PL800x9	x 111.59〜129.11 y 1.88	塗替塗装範囲詳細図		DWG の図から（測量前）	塗替塗装 x 111.59〜129.11 鋼板 y 1.88	ext_poly	4	123.5900,1.4750,0.3889	127.5900,1.4750,0.4145	127.5900,2.2750,0.4145	123.5900,2.2750,0.3889	123.5900,1.4750,0.3799	127.5900,1.4750,0.4055	127.5900,2.2750,0.4055	123.5900,2.2750,0.3799
610	塗替塗装-152	塗替塗装						鋼板 PL800x9	x 111.59〜129.11 y -1.88	塗替塗装範囲詳細図		DWG の図から（測量前）	塗替塗装 x 111.59〜129.11 鋼板 y -1.88	ext_poly	4	127.5900,-2.2750,0.4145	129.1100,-2.2750,0.4242	129.1100,-1.4750,0.4242	127.5900,-1.4750,0.4145	127.5900,-2.2750,0.4055	129.1100,-2.2750,0.4152	129.1100,-1.4750,0.4152	127.5900,-1.4750,0.4055
611	塗替塗装-153	塗替塗装						鋼板 PL800x9	x 111.59〜129.11 y -0.62	塗替塗装範囲詳細図		DWG の図から（測量前）	塗替塗装 x 111.59〜129.11 鋼板 y -0.62	ext_poly	4	127.5900,-1.0250,0.4145	129.1100,-1.0250,0.4242	129.1100,-0.2250,0.4242	127.5900,-0.2250,0.4145	127.5900,-1.0250,0.4055	129.1100,-1.0250,0.4152	129.1100,-0.2250,0.4152	127.5900,-0.2250,0.4055
612	塗替塗装-154	塗替塗装						鋼板 PL800x9	x 111.59〜129.11 y 0.62	塗替塗装範囲詳細図		DWG の図から（測量前）	塗替塗装 x 111.59〜129.11 鋼板 y 0.62	ext_poly	4	127.5900,0.2250,0.4145	129.1100,0.2250,0.4242	129.1100,1.0250,0.4242	127.5900,1.0250,0.4145	127.5900,0.2250,0.4055	129.1100,0.2250,0.4152	129.1100,1.0250,0.4152	127.5900,1.0250,0.4055
613	塗替塗装-155	塗替塗装						鋼板 PL800x9	x 111.59〜129.11 y 1.88	塗替塗装範囲詳細図		DWG の図から（測量前）	塗替塗装 x 111.59〜129.11 鋼板 y 1.88	ext_poly	4	127.5900,1.4750,0.4145	129.1100,1.4750,0.4242	129.1100,2.2750,0.4242	127.5900,2.2750,0.4145	127.5900,1.4750,0.4055	129.1100,1.4750,0.4152	129.1100,2.2750,0.4152	127.5900,2.2750,0.4055
614	塗替塗装-156	塗替塗装						主桁（腹板）	x 175.59〜193.11 G1	塗替塗装範囲詳細図		DWG の図から（測量前）	塗替塗装 x 175.59〜193.11 主桁（腹板） G1	ext_poly	12	176.0750,2.4940,0.7254	175.5900,2.4940,0.7223	175.5900,2.4940,-0.7877	176.0750,2.4940,-0.7846	176.5750,2.4940,-0.7814	177.0750,2.4940,-0.7782	177.5750,2.4940,-0.7750	177.6250,2.4940,-0.7747	177.6250,2.4940,0.7353	177.5750,2.4940,0.7350	177.0750,2.4940,0.7318	176.5750,2.4940,0.7286	176.0750,2.5060,0.7254	175.5900,2.5060,0.7223	175.5900,2.5060,-0.7877	176.0750,2.5060,-0.7846	176.5750,2.5060,-0.7814	177.0750,2.5060,-0.7782	177.5750,2.5060,-0.7750	177.6250,2.5060,-0.7747	177.6250,2.5060,0.7353	177.5750,2.5060,0.7350	177.0750,2.5060,0.7318	176.5750,2.5060,0.7286
615	塗替塗装-157	塗替塗装						主桁（上山形鋼）	x 175.59〜193.11 G1	塗替塗装範囲詳細図		DWG の図から（測量前）	塗替塗装 x 175.59〜193.11 主桁（上山形鋼） G1	ext_poly	12	176.0750,2.5060,0.7254	175.5900,2.5060,0.7223	175.5900,2.5060,0.7073	176.0750,2.5060,0.7104	176.5750,2.5060,0.7136	177.0750,2.5060,0.7168	177.5750,2.5060,0.7200	177.6250,2.5060,0.7203	177.6250,2.5060,0.7353	177.5750,2.5060,0.7350	177.0750,2.5060,0.7318	176.5750,2.5060,0.7286	176.0750,2.6560,0.7254	175.5900,2.6560,0.7223	175.5900,2.6560,0.7073	176.0750,2.6560,0.7104	176.5750,2.6560,0.7136	177.0750,2.6560,0.7168	177.5750,2.6560,0.7200	177.6250,2.6560,0.7203	177.6250,2.6560,0.7353	177.5750,2.6560,0.7350	177.0750,2.6560,0.7318	176.5750,2.6560,0.7286
616	塗替塗装-158	塗替塗装						主桁（上山形鋼）	x 175.59〜193.11 G1	塗替塗装範囲詳細図		DWG の図から（測量前）	塗替塗装 x 175.59〜193.11 主桁（上山形鋼） G1	ext_poly	12	176.0750,2.5060,0.7104	175.5900,2.5060,0.7073	175.5900,2.5060,0.5723	176.0750,2.5060,0.5754	176.5750,2.5060,0.5786	177.0750,2.5060,0.5818	177.5750,2.5060,0.5850	177.6250,2.5060,0.5853	177.6250,2.5060,0.7203	177.5750,2.5060,0.7200	177.0750,2.5060,0.7168	176.5750,2.5060,0.7136	176.0750,2.5210,0.7104	175.5900,2.5210,0.7073	175.5900,2.5210,0.5723	176.0750,2.5210,0.5754	176.5750,2.5210,0.5786	177.0750,2.5210,0.5818	177.5750,2.5210,0.5850	177.6250,2.5210,0.5853	177.6250,2.5210,0.7203	177.5750,2.5210,0.7200	177.0750,2.5210,0.7168	176.5750,2.5210,0.7136
617	塗替塗装-159	塗替塗装						主桁（下山形鋼）	x 175.59〜193.11 G1	塗替塗装範囲詳細図		DWG の図から（測量前）	塗替塗装 x 175.59〜193.11 主桁（下山形鋼） G1	ext_poly	12	176.0750,2.5060,-0.7696	175.5900,2.5060,-0.7727	175.5900,2.5060,-0.7877	176.0750,2.5060,-0.7846	176.5750,2.5060,-0.7814	177.0750,2.5060,-0.7782	177.5750,2.5060,-0.7750	177.6250,2.5060,-0.7747	177.6250,2.5060,-0.7597	177.5750,2.5060,-0.7600	177.0750,2.5060,-0.7632	176.5750,2.5060,-0.7664	176.0750,2.6560,-0.7696	175.5900,2.6560,-0.7727	175.5900,2.6560,-0.7877	176.0750,2.6560,-0.7846	176.5750,2.6560,-0.7814	177.0750,2.6560,-0.7782	177.5750,2.6560,-0.7750	177.6250,2.6560,-0.7747	177.6250,2.6560,-0.7597	177.5750,2.6560,-0.7600	177.0750,2.6560,-0.7632	176.5750,2.6560,-0.7664
618	塗替塗装-160	塗替塗装						主桁（下山形鋼）	x 175.59〜193.11 G1	塗替塗装範囲詳細図		DWG の図から（測量前）	塗替塗装 x 175.59〜193.11 主桁（下山形鋼） G1	ext_poly	12	176.0750,2.5060,-0.6346	175.5900,2.5060,-0.6377	175.5900,2.5060,-0.7727	176.0750,2.5060,-0.7696	176.5750,2.5060,-0.7664	177.0750,2.5060,-0.7632	177.5750,2.5060,-0.7600	177.6250,2.5060,-0.7597	177.6250,2.5060,-0.6247	177.5750,2.5060,-0.6250	177.0750,2.5060,-0.6282	176.5750,2.5060,-0.6314	176.0750,2.5210,-0.6346	175.5900,2.5210,-0.6377	175.5900,2.5210,-0.7727	176.0750,2.5210,-0.7696	176.5750,2.5210,-0.7664	177.0750,2.5210,-0.7632	177.5750,2.5210,-0.7600	177.6250,2.5210,-0.7597	177.6250,2.5210,-0.6247	177.5750,2.5210,-0.6250	177.0750,2.5210,-0.6282	176.5750,2.5210,-0.6314
619	塗替塗装-161	塗替塗装						主桁（上山形鋼）	x 175.59〜193.11 G1	塗替塗装範囲詳細図		DWG の図から（測量前）	塗替塗装 x 175.59〜193.11 主桁（上山形鋼） G1	ext_poly	12	176.0750,2.3440,0.7254	175.5900,2.3440,0.7223	175.5900,2.3440,0.7073	176.0750,2.3440,0.7104	176.5750,2.3440,0.7136	177.0750,2.3440,0.7168	177.5750,2.3440,0.7200	177.6250,2.3440,0.7203	177.6250,2.3440,0.7353	177.5750,2.3440,0.7350	177.0750,2.3440,0.7318	176.5750,2.3440,0.7286	176.0750,2.4940,0.7254	175.5900,2.4940,0.7223	175.5900,2.4940,0.7073	176.0750,2.4940,0.7104	176.5750,2.4940,0.7136	177.0750,2.4940,0.7168	177.5750,2.4940,0.7200	177.6250,2.4940,0.7203	177.6250,2.4940,0.7353	177.5750,2.4940,0.7350	177.0750,2.4940,0.7318	176.5750,2.4940,0.7286
620	塗替塗装-162	塗替塗装						主桁（上山形鋼）	x 175.59〜193.11 G1	塗替塗装範囲詳細図		DWG の図から（測量前）	塗替塗装 x 175.59〜193.11 主桁（上山形鋼） G1	ext_poly	12	176.0750,2.4790,0.7104	175.5900,2.4790,0.7073	175.5900,2.4790,0.5723	176.0750,2.4790,0.5754	176.5750,2.4790,0.5786	177.0750,2.4790,0.5818	177.5750,2.4790,0.5850	177.6250,2.4790,0.5853	177.6250,2.4790,0.7203	177.5750,2.4790,0.7200	177.0750,2.4790,0.7168	176.5750,2.4790,0.7136	176.0750,2.4940,0.7104	175.5900,2.4940,0.7073	175.5900,2.4940,0.5723	176.0750,2.4940,0.5754	176.5750,2.4940,0.5786	177.0750,2.4940,0.5818	177.5750,2.4940,0.5850	177.6250,2.4940,0.5853	177.6250,2.4940,0.7203	177.5750,2.4940,0.7200	177.0750,2.4940,0.7168	176.5750,2.4940,0.7136
621	塗替塗装-163	塗替塗装						主桁（下山形鋼）	x 175.59〜193.11 G1	塗替塗装範囲詳細図		DWG の図から（測量前）	塗替塗装 x 175.59〜193.11 主桁（下山形鋼） G1	ext_poly	12	176.0750,2.3440,-0.7696	175.5900,2.3440,-0.7727	175.5900,2.3440,-0.7877	176.0750,2.3440,-0.7846	176.5750,2.3440,-0.7814	177.0750,2.3440,-0.7782	177.5750,2.3440,-0.7750	177.6250,2.3440,-0.7747	177.6250,2.3440,-0.7597	177.5750,2.3440,-0.7600	177.0750,2.3440,-0.7632	176.5750,2.3440,-0.7664	176.0750,2.4940,-0.7696	175.5900,2.4940,-0.7727	175.5900,2.4940,-0.7877	176.0750,2.4940,-0.7846	176.5750,2.4940,-0.7814	177.0750,2.4940,-0.7782	177.5750,2.4940,-0.7750	177.6250,2.4940,-0.7747	177.6250,2.4940,-0.7597	177.5750,2.4940,-0.7600	177.0750,2.4940,-0.7632	176.5750,2.4940,-0.7664
622	塗替塗装-164	塗替塗装						主桁（下山形鋼）	x 175.59〜193.11 G1	塗替塗装範囲詳細図		DWG の図から（測量前）	塗替塗装 x 175.59〜193.11 主桁（下山形鋼） G1	ext_poly	12	176.0750,2.4790,-0.6346	175.5900,2.4790,-0.6377	175.5900,2.4790,-0.7727	176.0750,2.4790,-0.7696	176.5750,2.4790,-0.7664	177.0750,2.4790,-0.7632	177.5750,2.4790,-0.7600	177.6250,2.4790,-0.7597	177.6250,2.4790,-0.6247	177.5750,2.4790,-0.6250	177.0750,2.4790,-0.6282	176.5750,2.4790,-0.6314	176.0750,2.4940,-0.6346	175.5900,2.4940,-0.6377	175.5900,2.4940,-0.7727	176.0750,2.4940,-0.7696	176.5750,2.4940,-0.7664	177.0750,2.4940,-0.7632	177.5750,2.4940,-0.7600	177.6250,2.4940,-0.7597	177.6250,2.4940,-0.6247	177.5750,2.4940,-0.6250	177.0750,2.4940,-0.6282	176.5750,2.4940,-0.6314
623	塗替塗装-165	塗替塗装						主桁（腹板）	x 175.59〜193.11 G2	塗替塗装範囲詳細図		DWG の図から（測量前）	塗替塗装 x 175.59〜193.11 主桁（腹板） G2	ext_poly	12	176.0750,-2.5060,0.7254	175.5900,-2.5060,0.7223	175.5900,-2.5060,-0.7877	176.0750,-2.5060,-0.7846	176.5750,-2.5060,-0.7814	177.0750,-2.5060,-0.7782	177.5750,-2.5060,-0.7750	177.6250,-2.5060,-0.7747	177.6250,-2.5060,0.7353	177.5750,-2.5060,0.7350	177.0750,-2.5060,0.7318	176.5750,-2.5060,0.7286	176.0750,-2.4940,0.7254	175.5900,-2.4940,0.7223	175.5900,-2.4940,-0.7877	176.0750,-2.4940,-0.7846	176.5750,-2.4940,-0.7814	177.0750,-2.4940,-0.7782	177.5750,-2.4940,-0.7750	177.6250,-2.4940,-0.7747	177.6250,-2.4940,0.7353	177.5750,-2.4940,0.7350	177.0750,-2.4940,0.7318	176.5750,-2.4940,0.7286
624	塗替塗装-166	塗替塗装						主桁（上山形鋼）	x 175.59〜193.11 G2	塗替塗装範囲詳細図		DWG の図から（測量前）	塗替塗装 x 175.59〜193.11 主桁（上山形鋼） G2	ext_poly	12	176.0750,-2.4940,0.7254	175.5900,-2.4940,0.7223	175.5900,-2.4940,0.7073	176.0750,-2.4940,0.7104	176.5750,-2.4940,0.7136	177.0750,-2.4940,0.7168	177.5750,-2.4940,0.7200	177.6250,-2.4940,0.7203	177.6250,-2.4940,0.7353	177.5750,-2.4940,0.7350	177.0750,-2.4940,0.7318	176.5750,-2.4940,0.7286	176.0750,-2.3440,0.7254	175.5900,-2.3440,0.7223	175.5900,-2.3440,0.7073	176.0750,-2.3440,0.7104	176.5750,-2.3440,0.7136	177.0750,-2.3440,0.7168	177.5750,-2.3440,0.7200	177.6250,-2.3440,0.7203	177.6250,-2.3440,0.7353	177.5750,-2.3440,0.7350	177.0750,-2.3440,0.7318	176.5750,-2.3440,0.7286
625	塗替塗装-167	塗替塗装						主桁（上山形鋼）	x 175.59〜193.11 G2	塗替塗装範囲詳細図		DWG の図から（測量前）	塗替塗装 x 175.59〜193.11 主桁（上山形鋼） G2	ext_poly	12	176.0750,-2.4940,0.7104	175.5900,-2.4940,0.7073	175.5900,-2.4940,0.5723	176.0750,-2.4940,0.5754	176.5750,-2.4940,0.5786	177.0750,-2.4940,0.5818	177.5750,-2.4940,0.5850	177.6250,-2.4940,0.5853	177.6250,-2.4940,0.7203	177.5750,-2.4940,0.7200	177.0750,-2.4940,0.7168	176.5750,-2.4940,0.7136	176.0750,-2.4790,0.7104	175.5900,-2.4790,0.7073	175.5900,-2.4790,0.5723	176.0750,-2.4790,0.5754	176.5750,-2.4790,0.5786	177.0750,-2.4790,0.5818	177.5750,-2.4790,0.5850	177.6250,-2.4790,0.5853	177.6250,-2.4790,0.7203	177.5750,-2.4790,0.7200	177.0750,-2.4790,0.7168	176.5750,-2.4790,0.7136
626	塗替塗装-168	塗替塗装						主桁（下山形鋼）	x 175.59〜193.11 G2	塗替塗装範囲詳細図		DWG の図から（測量前）	塗替塗装 x 175.59〜193.11 主桁（下山形鋼） G2	ext_poly	12	176.0750,-2.4940,-0.7696	175.5900,-2.4940,-0.7727	175.5900,-2.4940,-0.7877	176.0750,-2.4940,-0.7846	176.5750,-2.4940,-0.7814	177.0750,-2.4940,-0.7782	177.5750,-2.4940,-0.7750	177.6250,-2.4940,-0.7747	177.6250,-2.4940,-0.7597	177.5750,-2.4940,-0.7600	177.0750,-2.4940,-0.7632	176.5750,-2.4940,-0.7664	176.0750,-2.3440,-0.7696	175.5900,-2.3440,-0.7727	175.5900,-2.3440,-0.7877	176.0750,-2.3440,-0.7846	176.5750,-2.3440,-0.7814	177.0750,-2.3440,-0.7782	177.5750,-2.3440,-0.7750	177.6250,-2.3440,-0.7747	177.6250,-2.3440,-0.7597	177.5750,-2.3440,-0.7600	177.0750,-2.3440,-0.7632	176.5750,-2.3440,-0.7664
627	塗替塗装-169	塗替塗装						主桁（下山形鋼）	x 175.59〜193.11 G2	塗替塗装範囲詳細図		DWG の図から（測量前）	塗替塗装 x 175.59〜193.11 主桁（下山形鋼） G2	ext_poly	12	176.0750,-2.4940,-0.6346	175.5900,-2.4940,-0.6377	175.5900,-2.4940,-0.7727	176.0750,-2.4940,-0.7696	176.5750,-2.4940,-0.7664	177.0750,-2.4940,-0.7632	177.5750,-2.4940,-0.7600	177.6250,-2.4940,-0.7597	177.6250,-2.4940,-0.6247	177.5750,-2.4940,-0.6250	177.0750,-2.4940,-0.6282	176.5750,-2.4940,-0.6314	176.0750,-2.4790,-0.6346	175.5900,-2.4790,-0.6377	175.5900,-2.4790,-0.7727	176.0750,-2.4790,-0.7696	176.5750,-2.4790,-0.7664	177.0750,-2.4790,-0.7632	177.5750,-2.4790,-0.7600	177.6250,-2.4790,-0.7597	177.6250,-2.4790,-0.6247	177.5750,-2.4790,-0.6250	177.0750,-2.4790,-0.6282	176.5750,-2.4790,-0.6314
628	塗替塗装-170	塗替塗装						主桁（上山形鋼）	x 175.59〜193.11 G2	塗替塗装範囲詳細図		DWG の図から（測量前）	塗替塗装 x 175.59〜193.11 主桁（上山形鋼） G2	ext_poly	12	176.0750,-2.6560,0.7254	175.5900,-2.6560,0.7223	175.5900,-2.6560,0.7073	176.0750,-2.6560,0.7104	176.5750,-2.6560,0.7136	177.0750,-2.6560,0.7168	177.5750,-2.6560,0.7200	177.6250,-2.6560,0.7203	177.6250,-2.6560,0.7353	177.5750,-2.6560,0.7350	177.0750,-2.6560,0.7318	176.5750,-2.6560,0.7286	176.0750,-2.5060,0.7254	175.5900,-2.5060,0.7223	175.5900,-2.5060,0.7073	176.0750,-2.5060,0.7104	176.5750,-2.5060,0.7136	177.0750,-2.5060,0.7168	177.5750,-2.5060,0.7200	177.6250,-2.5060,0.7203	177.6250,-2.5060,0.7353	177.5750,-2.5060,0.7350	177.0750,-2.5060,0.7318	176.5750,-2.5060,0.7286
629	塗替塗装-171	塗替塗装						主桁（上山形鋼）	x 175.59〜193.11 G2	塗替塗装範囲詳細図		DWG の図から（測量前）	塗替塗装 x 175.59〜193.11 主桁（上山形鋼） G2	ext_poly	12	176.0750,-2.5210,0.7104	175.5900,-2.5210,0.7073	175.5900,-2.5210,0.5723	176.0750,-2.5210,0.5754	176.5750,-2.5210,0.5786	177.0750,-2.5210,0.5818	177.5750,-2.5210,0.5850	177.6250,-2.5210,0.5853	177.6250,-2.5210,0.7203	177.5750,-2.5210,0.7200	177.0750,-2.5210,0.7168	176.5750,-2.5210,0.7136	176.0750,-2.5060,0.7104	175.5900,-2.5060,0.7073	175.5900,-2.5060,0.5723	176.0750,-2.5060,0.5754	176.5750,-2.5060,0.5786	177.0750,-2.5060,0.5818	177.5750,-2.5060,0.5850	177.6250,-2.5060,0.5853	177.6250,-2.5060,0.7203	177.5750,-2.5060,0.7200	177.0750,-2.5060,0.7168	176.5750,-2.5060,0.7136
630	塗替塗装-172	塗替塗装						主桁（下山形鋼）	x 175.59〜193.11 G2	塗替塗装範囲詳細図		DWG の図から（測量前）	塗替塗装 x 175.59〜193.11 主桁（下山形鋼） G2	ext_poly	12	176.0750,-2.6560,-0.7696	175.5900,-2.6560,-0.7727	175.5900,-2.6560,-0.7877	176.0750,-2.6560,-0.7846	176.5750,-2.6560,-0.7814	177.0750,-2.6560,-0.7782	177.5750,-2.6560,-0.7750	177.6250,-2.6560,-0.7747	177.6250,-2.6560,-0.7597	177.5750,-2.6560,-0.7600	177.0750,-2.6560,-0.7632	176.5750,-2.6560,-0.7664	176.0750,-2.5060,-0.7696	175.5900,-2.5060,-0.7727	175.5900,-2.5060,-0.7877	176.0750,-2.5060,-0.7846	176.5750,-2.5060,-0.7814	177.0750,-2.5060,-0.7782	177.5750,-2.5060,-0.7750	177.6250,-2.5060,-0.7747	177.6250,-2.5060,-0.7597	177.5750,-2.5060,-0.7600	177.0750,-2.5060,-0.7632	176.5750,-2.5060,-0.7664
631	塗替塗装-173	塗替塗装						主桁（下山形鋼）	x 175.59〜193.11 G2	塗替塗装範囲詳細図		DWG の図から（測量前）	塗替塗装 x 175.59〜193.11 主桁（下山形鋼） G2	ext_poly	12	176.0750,-2.5210,-0.6346	175.5900,-2.5210,-0.6377	175.5900,-2.5210,-0.7727	176.0750,-2.5210,-0.7696	176.5750,-2.5210,-0.7664	177.0750,-2.5210,-0.7632	177.5750,-2.5210,-0.7600	177.6250,-2.5210,-0.7597	177.6250,-2.5210,-0.6247	177.5750,-2.5210,-0.6250	177.0750,-2.5210,-0.6282	176.5750,-2.5210,-0.6314	176.0750,-2.5060,-0.6346	175.5900,-2.5060,-0.6377	175.5900,-2.5060,-0.7727	176.0750,-2.5060,-0.7696	176.5750,-2.5060,-0.7664	177.0750,-2.5060,-0.7632	177.5750,-2.5060,-0.7600	177.6250,-2.5060,-0.7597	177.6250,-2.5060,-0.6247	177.5750,-2.5060,-0.6250	177.0750,-2.5060,-0.6282	176.5750,-2.5060,-0.6314
632	塗替塗装-174	塗替塗装						主桁（腹板）	x 175.59〜193.11 G1	塗替塗装範囲詳細図		DWG の図から（測量前）	塗替塗装 x 175.59〜193.11 主桁（腹板） G1	ext_poly	56	178.1750,2.4955,0.7389	177.6750,2.4955,0.7357	177.6750,2.4955,-0.7743	178.1750,2.4955,-0.7711	178.6750,2.4955,-0.7679	179.1750,2.4955,-0.7647	179.6750,2.4955,-0.7615	180.1750,2.4955,-0.7583	180.6750,2.4955,-0.7550	181.1750,2.4955,-0.7518	181.6750,2.4955,-0.7486	182.1750,2.4955,-0.7454	182.6750,2.4955,-0.7422	183.1750,2.4955,-0.7390	183.6750,2.4955,-0.7357	184.1750,2.4955,-0.7325	184.6750,2.4955,-0.7293	185.1750,2.4955,-0.7261	185.6750,2.4955,-0.7229	186.1750,2.4955,-0.7197	186.6750,2.4955,-0.7164	187.1750,2.4955,-0.7132	187.6750,2.4955,-0.7100	188.1750,2.4955,-0.7068	188.6750,2.4955,-0.7036	189.1750,2.4955,-0.7004	189.6750,2.4955,-0.6972	190.1750,2.4955,-0.6939	190.6750,2.4955,-0.6907	191.0250,2.4955,-0.6885	191.0250,2.4955,0.8215	190.6750,2.4955,0.8193	190.1750,2.4955,0.8161	189.6750,2.4955,0.8128	189.1750,2.4955,0.8096	188.6750,2.4955,0.8064	188.1750,2.4955,0.8032	187.6750,2.4955,0.8000	187.1750,2.4955,0.7968	186.6750,2.4955,0.7936	186.1750,2.4955,0.7903	185.6750,2.4955,0.7871	185.1750,2.4955,0.7839	184.6750,2.4955,0.7807	184.1750,2.4955,0.7775	183.6750,2.4955,0.7743	183.1750,2.4955,0.7710	182.6750,2.4955,0.7678	182.1750,2.4955,0.7646	181.6750,2.4955,0.7614	181.1750,2.4955,0.7582	180.6750,2.4955,0.7550	180.1750,2.4955,0.7517	179.6750,2.4955,0.7485	179.1750,2.4955,0.7453	178.6750,2.4955,0.7421	178.1750,2.5045,0.7389	177.6750,2.5045,0.7357	177.6750,2.5045,-0.7743	178.1750,2.5045,-0.7711	178.6750,2.5045,-0.7679	179.1750,2.5045,-0.7647	179.6750,2.5045,-0.7615	180.1750,2.5045,-0.7583	180.6750,2.5045,-0.7550	181.1750,2.5045,-0.7518	181.6750,2.5045,-0.7486	182.1750,2.5045,-0.7454	182.6750,2.5045,-0.7422	183.1750,2.5045,-0.7390	183.6750,2.5045,-0.7357	184.1750,2.5045,-0.7325	184.6750,2.5045,-0.7293	185.1750,2.5045,-0.7261	185.6750,2.5045,-0.7229	186.1750,2.5045,-0.7197	186.6750,2.5045,-0.7164	187.1750,2.5045,-0.7132	187.6750,2.5045,-0.7100	188.1750,2.5045,-0.7068	188.6750,2.5045,-0.7036	189.1750,2.5045,-0.7004	189.6750,2.5045,-0.6972	190.1750,2.5045,-0.6939	190.6750,2.5045,-0.6907	191.0250,2.5045,-0.6885	191.0250,2.5045,0.8215	190.6750,2.5045,0.8193	190.1750,2.5045,0.8161	189.6750,2.5045,0.8128	189.1750,2.5045,0.8096	188.6750,2.5045,0.8064	188.1750,2.5045,0.8032	187.6750,2.5045,0.8000	187.1750,2.5045,0.7968	186.6750,2.5045,0.7936	186.1750,2.5045,0.7903	185.6750,2.5045,0.7871	185.1750,2.5045,0.7839	184.6750,2.5045,0.7807	184.1750,2.5045,0.7775	183.6750,2.5045,0.7743	183.1750,2.5045,0.7710	182.6750,2.5045,0.7678	182.1750,2.5045,0.7646	181.6750,2.5045,0.7614	181.1750,2.5045,0.7582	180.6750,2.5045,0.7550	180.1750,2.5045,0.7517	179.6750,2.5045,0.7485	179.1750,2.5045,0.7453	178.6750,2.5045,0.7421
633	塗替塗装-175	塗替塗装						主桁（上山形鋼）	x 175.59〜193.11 G1	塗替塗装範囲詳細図		DWG の図から（測量前）	塗替塗装 x 175.59〜193.11 主桁（上山形鋼） G1	ext_poly	56	178.1750,2.5045,0.7389	177.6750,2.5045,0.7357	177.6750,2.5045,0.7237	178.1750,2.5045,0.7269	178.6750,2.5045,0.7301	179.1750,2.5045,0.7333	179.6750,2.5045,0.7365	180.1750,2.5045,0.7397	180.6750,2.5045,0.7430	181.1750,2.5045,0.7462	181.6750,2.5045,0.7494	182.1750,2.5045,0.7526	182.6750,2.5045,0.7558	183.1750,2.5045,0.7590	183.6750,2.5045,0.7623	184.1750,2.5045,0.7655	184.6750,2.5045,0.7687	185.1750,2.5045,0.7719	185.6750,2.5045,0.7751	186.1750,2.5045,0.7783	186.6750,2.5045,0.7816	187.1750,2.5045,0.7848	187.6750,2.5045,0.7880	188.1750,2.5045,0.7912	188.6750,2.5045,0.7944	189.1750,2.5045,0.7976	189.6750,2.5045,0.8008	190.1750,2.5045,0.8041	190.6750,2.5045,0.8073	191.0250,2.5045,0.8095	191.0250,2.5045,0.8215	190.6750,2.5045,0.8193	190.1750,2.5045,0.8161	189.6750,2.5045,0.8128	189.1750,2.5045,0.8096	188.6750,2.5045,0.8064	188.1750,2.5045,0.8032	187.6750,2.5045,0.8000	187.1750,2.5045,0.7968	186.6750,2.5045,0.7936	186.1750,2.5045,0.7903	185.6750,2.5045,0.7871	185.1750,2.5045,0.7839	184.6750,2.5045,0.7807	184.1750,2.5045,0.7775	183.6750,2.5045,0.7743	183.1750,2.5045,0.7710	182.6750,2.5045,0.7678	182.1750,2.5045,0.7646	181.6750,2.5045,0.7614	181.1750,2.5045,0.7582	180.6750,2.5045,0.7550	180.1750,2.5045,0.7517	179.6750,2.5045,0.7485	179.1750,2.5045,0.7453	178.6750,2.5045,0.7421	178.1750,2.6545,0.7389	177.6750,2.6545,0.7357	177.6750,2.6545,0.7237	178.1750,2.6545,0.7269	178.6750,2.6545,0.7301	179.1750,2.6545,0.7333	179.6750,2.6545,0.7365	180.1750,2.6545,0.7397	180.6750,2.6545,0.7430	181.1750,2.6545,0.7462	181.6750,2.6545,0.7494	182.1750,2.6545,0.7526	182.6750,2.6545,0.7558	183.1750,2.6545,0.7590	183.6750,2.6545,0.7623	184.1750,2.6545,0.7655	184.6750,2.6545,0.7687	185.1750,2.6545,0.7719	185.6750,2.6545,0.7751	186.1750,2.6545,0.7783	186.6750,2.6545,0.7816	187.1750,2.6545,0.7848	187.6750,2.6545,0.7880	188.1750,2.6545,0.7912	188.6750,2.6545,0.7944	189.1750,2.6545,0.7976	189.6750,2.6545,0.8008	190.1750,2.6545,0.8041	190.6750,2.6545,0.8073	191.0250,2.6545,0.8095	191.0250,2.6545,0.8215	190.6750,2.6545,0.8193	190.1750,2.6545,0.8161	189.6750,2.6545,0.8128	189.1750,2.6545,0.8096	188.6750,2.6545,0.8064	188.1750,2.6545,0.8032	187.6750,2.6545,0.8000	187.1750,2.6545,0.7968	186.6750,2.6545,0.7936	186.1750,2.6545,0.7903	185.6750,2.6545,0.7871	185.1750,2.6545,0.7839	184.6750,2.6545,0.7807	184.1750,2.6545,0.7775	183.6750,2.6545,0.7743	183.1750,2.6545,0.7710	182.6750,2.6545,0.7678	182.1750,2.6545,0.7646	181.6750,2.6545,0.7614	181.1750,2.6545,0.7582	180.6750,2.6545,0.7550	180.1750,2.6545,0.7517	179.6750,2.6545,0.7485	179.1750,2.6545,0.7453	178.6750,2.6545,0.7421
634	塗替塗装-176	塗替塗装						主桁（上山形鋼）	x 175.59〜193.11 G1	塗替塗装範囲詳細図		DWG の図から（測量前）	塗替塗装 x 175.59〜193.11 主桁（上山形鋼） G1	ext_poly	56	178.1750,2.5045,0.7269	177.6750,2.5045,0.7237	177.6750,2.5045,0.5857	178.1750,2.5045,0.5889	178.6750,2.5045,0.5921	179.1750,2.5045,0.5953	179.6750,2.5045,0.5985	180.1750,2.5045,0.6017	180.6750,2.5045,0.6050	181.1750,2.5045,0.6082	181.6750,2.5045,0.6114	182.1750,2.5045,0.6146	182.6750,2.5045,0.6178	183.1750,2.5045,0.6210	183.6750,2.5045,0.6243	184.1750,2.5045,0.6275	184.6750,2.5045,0.6307	185.1750,2.5045,0.6339	185.6750,2.5045,0.6371	186.1750,2.5045,0.6403	186.6750,2.5045,0.6436	187.1750,2.5045,0.6468	187.6750,2.5045,0.6500	188.1750,2.5045,0.6532	188.6750,2.5045,0.6564	189.1750,2.5045,0.6596	189.6750,2.5045,0.6628	190.1750,2.5045,0.6661	190.6750,2.5045,0.6693	191.0250,2.5045,0.6715	191.0250,2.5045,0.8095	190.6750,2.5045,0.8073	190.1750,2.5045,0.8041	189.6750,2.5045,0.8008	189.1750,2.5045,0.7976	188.6750,2.5045,0.7944	188.1750,2.5045,0.7912	187.6750,2.5045,0.7880	187.1750,2.5045,0.7848	186.6750,2.5045,0.7816	186.1750,2.5045,0.7783	185.6750,2.5045,0.7751	185.1750,2.5045,0.7719	184.6750,2.5045,0.7687	184.1750,2.5045,0.7655	183.6750,2.5045,0.7623	183.1750,2.5045,0.7590	182.6750,2.5045,0.7558	182.1750,2.5045,0.7526	181.6750,2.5045,0.7494	181.1750,2.5045,0.7462	180.6750,2.5045,0.7430	180.1750,2.5045,0.7397	179.6750,2.5045,0.7365	179.1750,2.5045,0.7333	178.6750,2.5045,0.7301	178.1750,2.5165,0.7269	177.6750,2.5165,0.7237	177.6750,2.5165,0.5857	178.1750,2.5165,0.5889	178.6750,2.5165,0.5921	179.1750,2.5165,0.5953	179.6750,2.5165,0.5985	180.1750,2.5165,0.6017	180.6750,2.5165,0.6050	181.1750,2.5165,0.6082	181.6750,2.5165,0.6114	182.1750,2.5165,0.6146	182.6750,2.5165,0.6178	183.1750,2.5165,0.6210	183.6750,2.5165,0.6243	184.1750,2.5165,0.6275	184.6750,2.5165,0.6307	185.1750,2.5165,0.6339	185.6750,2.5165,0.6371	186.1750,2.5165,0.6403	186.6750,2.5165,0.6436	187.1750,2.5165,0.6468	187.6750,2.5165,0.6500	188.1750,2.5165,0.6532	188.6750,2.5165,0.6564	189.1750,2.5165,0.6596	189.6750,2.5165,0.6628	190.1750,2.5165,0.6661	190.6750,2.5165,0.6693	191.0250,2.5165,0.6715	191.0250,2.5165,0.8095	190.6750,2.5165,0.8073	190.1750,2.5165,0.8041	189.6750,2.5165,0.8008	189.1750,2.5165,0.7976	188.6750,2.5165,0.7944	188.1750,2.5165,0.7912	187.6750,2.5165,0.7880	187.1750,2.5165,0.7848	186.6750,2.5165,0.7816	186.1750,2.5165,0.7783	185.6750,2.5165,0.7751	185.1750,2.5165,0.7719	184.6750,2.5165,0.7687	184.1750,2.5165,0.7655	183.6750,2.5165,0.7623	183.1750,2.5165,0.7590	182.6750,2.5165,0.7558	182.1750,2.5165,0.7526	181.6750,2.5165,0.7494	181.1750,2.5165,0.7462	180.6750,2.5165,0.7430	180.1750,2.5165,0.7397	179.6750,2.5165,0.7365	179.1750,2.5165,0.7333	178.6750,2.5165,0.7301
635	塗替塗装-177	塗替塗装						主桁（下山形鋼）	x 175.59〜193.11 G1	塗替塗装範囲詳細図		DWG の図から（測量前）	塗替塗装 x 175.59〜193.11 主桁（下山形鋼） G1	ext_poly	56	178.1750,2.5045,-0.7591	177.6750,2.5045,-0.7623	177.6750,2.5045,-0.7743	178.1750,2.5045,-0.7711	178.6750,2.5045,-0.7679	179.1750,2.5045,-0.7647	179.6750,2.5045,-0.7615	180.1750,2.5045,-0.7583	180.6750,2.5045,-0.7550	181.1750,2.5045,-0.7518	181.6750,2.5045,-0.7486	182.1750,2.5045,-0.7454	182.6750,2.5045,-0.7422	183.1750,2.5045,-0.7390	183.6750,2.5045,-0.7357	184.1750,2.5045,-0.7325	184.6750,2.5045,-0.7293	185.1750,2.5045,-0.7261	185.6750,2.5045,-0.7229	186.1750,2.5045,-0.7197	186.6750,2.5045,-0.7164	187.1750,2.5045,-0.7132	187.6750,2.5045,-0.7100	188.1750,2.5045,-0.7068	188.6750,2.5045,-0.7036	189.1750,2.5045,-0.7004	189.6750,2.5045,-0.6972	190.1750,2.5045,-0.6939	190.6750,2.5045,-0.6907	191.0250,2.5045,-0.6885	191.0250,2.5045,-0.6765	190.6750,2.5045,-0.6787	190.1750,2.5045,-0.6819	189.6750,2.5045,-0.6852	189.1750,2.5045,-0.6884	188.6750,2.5045,-0.6916	188.1750,2.5045,-0.6948	187.6750,2.5045,-0.6980	187.1750,2.5045,-0.7012	186.6750,2.5045,-0.7044	186.1750,2.5045,-0.7077	185.6750,2.5045,-0.7109	185.1750,2.5045,-0.7141	184.6750,2.5045,-0.7173	184.1750,2.5045,-0.7205	183.6750,2.5045,-0.7237	183.1750,2.5045,-0.7270	182.6750,2.5045,-0.7302	182.1750,2.5045,-0.7334	181.6750,2.5045,-0.7366	181.1750,2.5045,-0.7398	180.6750,2.5045,-0.7430	180.1750,2.5045,-0.7463	179.6750,2.5045,-0.7495	179.1750,2.5045,-0.7527	178.6750,2.5045,-0.7559	178.1750,2.6545,-0.7591	177.6750,2.6545,-0.7623	177.6750,2.6545,-0.7743	178.1750,2.6545,-0.7711	178.6750,2.6545,-0.7679	179.1750,2.6545,-0.7647	179.6750,2.6545,-0.7615	180.1750,2.6545,-0.7583	180.6750,2.6545,-0.7550	181.1750,2.6545,-0.7518	181.6750,2.6545,-0.7486	182.1750,2.6545,-0.7454	182.6750,2.6545,-0.7422	183.1750,2.6545,-0.7390	183.6750,2.6545,-0.7357	184.1750,2.6545,-0.7325	184.6750,2.6545,-0.7293	185.1750,2.6545,-0.7261	185.6750,2.6545,-0.7229	186.1750,2.6545,-0.7197	186.6750,2.6545,-0.7164	187.1750,2.6545,-0.7132	187.6750,2.6545,-0.7100	188.1750,2.6545,-0.7068	188.6750,2.6545,-0.7036	189.1750,2.6545,-0.7004	189.6750,2.6545,-0.6972	190.1750,2.6545,-0.6939	190.6750,2.6545,-0.6907	191.0250,2.6545,-0.6885	191.0250,2.6545,-0.6765	190.6750,2.6545,-0.6787	190.1750,2.6545,-0.6819	189.6750,2.6545,-0.6852	189.1750,2.6545,-0.6884	188.6750,2.6545,-0.6916	188.1750,2.6545,-0.6948	187.6750,2.6545,-0.6980	187.1750,2.6545,-0.7012	186.6750,2.6545,-0.7044	186.1750,2.6545,-0.7077	185.6750,2.6545,-0.7109	185.1750,2.6545,-0.7141	184.6750,2.6545,-0.7173	184.1750,2.6545,-0.7205	183.6750,2.6545,-0.7237	183.1750,2.6545,-0.7270	182.6750,2.6545,-0.7302	182.1750,2.6545,-0.7334	181.6750,2.6545,-0.7366	181.1750,2.6545,-0.7398	180.6750,2.6545,-0.7430	180.1750,2.6545,-0.7463	179.6750,2.6545,-0.7495	179.1750,2.6545,-0.7527	178.6750,2.6545,-0.7559
636	塗替塗装-178	塗替塗装						主桁（下山形鋼）	x 175.59〜193.11 G1	塗替塗装範囲詳細図		DWG の図から（測量前）	塗替塗装 x 175.59〜193.11 主桁（下山形鋼） G1	ext_poly	56	178.1750,2.5045,-0.6211	177.6750,2.5045,-0.6243	177.6750,2.5045,-0.7623	178.1750,2.5045,-0.7591	178.6750,2.5045,-0.7559	179.1750,2.5045,-0.7527	179.6750,2.5045,-0.7495	180.1750,2.5045,-0.7463	180.6750,2.5045,-0.7430	181.1750,2.5045,-0.7398	181.6750,2.5045,-0.7366	182.1750,2.5045,-0.7334	182.6750,2.5045,-0.7302	183.1750,2.5045,-0.7270	183.6750,2.5045,-0.7237	184.1750,2.5045,-0.7205	184.6750,2.5045,-0.7173	185.1750,2.5045,-0.7141	185.6750,2.5045,-0.7109	186.1750,2.5045,-0.7077	186.6750,2.5045,-0.7044	187.1750,2.5045,-0.7012	187.6750,2.5045,-0.6980	188.1750,2.5045,-0.6948	188.6750,2.5045,-0.6916	189.1750,2.5045,-0.6884	189.6750,2.5045,-0.6852	190.1750,2.5045,-0.6819	190.6750,2.5045,-0.6787	191.0250,2.5045,-0.6765	191.0250,2.5045,-0.5385	190.6750,2.5045,-0.5407	190.1750,2.5045,-0.5439	189.6750,2.5045,-0.5472	189.1750,2.5045,-0.5504	188.6750,2.5045,-0.5536	188.1750,2.5045,-0.5568	187.6750,2.5045,-0.5600	187.1750,2.5045,-0.5632	186.6750,2.5045,-0.5664	186.1750,2.5045,-0.5697	185.6750,2.5045,-0.5729	185.1750,2.5045,-0.5761	184.6750,2.5045,-0.5793	184.1750,2.5045,-0.5825	183.6750,2.5045,-0.5857	183.1750,2.5045,-0.5890	182.6750,2.5045,-0.5922	182.1750,2.5045,-0.5954	181.6750,2.5045,-0.5986	181.1750,2.5045,-0.6018	180.6750,2.5045,-0.6050	180.1750,2.5045,-0.6083	179.6750,2.5045,-0.6115	179.1750,2.5045,-0.6147	178.6750,2.5045,-0.6179	178.1750,2.5165,-0.6211	177.6750,2.5165,-0.6243	177.6750,2.5165,-0.7623	178.1750,2.5165,-0.7591	178.6750,2.5165,-0.7559	179.1750,2.5165,-0.7527	179.6750,2.5165,-0.7495	180.1750,2.5165,-0.7463	180.6750,2.5165,-0.7430	181.1750,2.5165,-0.7398	181.6750,2.5165,-0.7366	182.1750,2.5165,-0.7334	182.6750,2.5165,-0.7302	183.1750,2.5165,-0.7270	183.6750,2.5165,-0.7237	184.1750,2.5165,-0.7205	184.6750,2.5165,-0.7173	185.1750,2.5165,-0.7141	185.6750,2.5165,-0.7109	186.1750,2.5165,-0.7077	186.6750,2.5165,-0.7044	187.1750,2.5165,-0.7012	187.6750,2.5165,-0.6980	188.1750,2.5165,-0.6948	188.6750,2.5165,-0.6916	189.1750,2.5165,-0.6884	189.6750,2.5165,-0.6852	190.1750,2.5165,-0.6819	190.6750,2.5165,-0.6787	191.0250,2.5165,-0.6765	191.0250,2.5165,-0.5385	190.6750,2.5165,-0.5407	190.1750,2.5165,-0.5439	189.6750,2.5165,-0.5472	189.1750,2.5165,-0.5504	188.6750,2.5165,-0.5536	188.1750,2.5165,-0.5568	187.6750,2.5165,-0.5600	187.1750,2.5165,-0.5632	186.6750,2.5165,-0.5664	186.1750,2.5165,-0.5697	185.6750,2.5165,-0.5729	185.1750,2.5165,-0.5761	184.6750,2.5165,-0.5793	184.1750,2.5165,-0.5825	183.6750,2.5165,-0.5857	183.1750,2.5165,-0.5890	182.6750,2.5165,-0.5922	182.1750,2.5165,-0.5954	181.6750,2.5165,-0.5986	181.1750,2.5165,-0.6018	180.6750,2.5165,-0.6050	180.1750,2.5165,-0.6083	179.6750,2.5165,-0.6115	179.1750,2.5165,-0.6147	178.6750,2.5165,-0.6179
637	塗替塗装-179	塗替塗装						主桁（上山形鋼）	x 175.59〜193.11 G1	塗替塗装範囲詳細図		DWG の図から（測量前）	塗替塗装 x 175.59〜193.11 主桁（上山形鋼） G1	ext_poly	56	178.1750,2.3455,0.7389	177.6750,2.3455,0.7357	177.6750,2.3455,0.7237	178.1750,2.3455,0.7269	178.6750,2.3455,0.7301	179.1750,2.3455,0.7333	179.6750,2.3455,0.7365	180.1750,2.3455,0.7397	180.6750,2.3455,0.7430	181.1750,2.3455,0.7462	181.6750,2.3455,0.7494	182.1750,2.3455,0.7526	182.6750,2.3455,0.7558	183.1750,2.3455,0.7590	183.6750,2.3455,0.7623	184.1750,2.3455,0.7655	184.6750,2.3455,0.7687	185.1750,2.3455,0.7719	185.6750,2.3455,0.7751	186.1750,2.3455,0.7783	186.6750,2.3455,0.7816	187.1750,2.3455,0.7848	187.6750,2.3455,0.7880	188.1750,2.3455,0.7912	188.6750,2.3455,0.7944	189.1750,2.3455,0.7976	189.6750,2.3455,0.8008	190.1750,2.3455,0.8041	190.6750,2.3455,0.8073	191.0250,2.3455,0.8095	191.0250,2.3455,0.8215	190.6750,2.3455,0.8193	190.1750,2.3455,0.8161	189.6750,2.3455,0.8128	189.1750,2.3455,0.8096	188.6750,2.3455,0.8064	188.1750,2.3455,0.8032	187.6750,2.3455,0.8000	187.1750,2.3455,0.7968	186.6750,2.3455,0.7936	186.1750,2.3455,0.7903	185.6750,2.3455,0.7871	185.1750,2.3455,0.7839	184.6750,2.3455,0.7807	184.1750,2.3455,0.7775	183.6750,2.3455,0.7743	183.1750,2.3455,0.7710	182.6750,2.3455,0.7678	182.1750,2.3455,0.7646	181.6750,2.3455,0.7614	181.1750,2.3455,0.7582	180.6750,2.3455,0.7550	180.1750,2.3455,0.7517	179.6750,2.3455,0.7485	179.1750,2.3455,0.7453	178.6750,2.3455,0.7421	178.1750,2.4955,0.7389	177.6750,2.4955,0.7357	177.6750,2.4955,0.7237	178.1750,2.4955,0.7269	178.6750,2.4955,0.7301	179.1750,2.4955,0.7333	179.6750,2.4955,0.7365	180.1750,2.4955,0.7397	180.6750,2.4955,0.7430	181.1750,2.4955,0.7462	181.6750,2.4955,0.7494	182.1750,2.4955,0.7526	182.6750,2.4955,0.7558	183.1750,2.4955,0.7590	183.6750,2.4955,0.7623	184.1750,2.4955,0.7655	184.6750,2.4955,0.7687	185.1750,2.4955,0.7719	185.6750,2.4955,0.7751	186.1750,2.4955,0.7783	186.6750,2.4955,0.7816	187.1750,2.4955,0.7848	187.6750,2.4955,0.7880	188.1750,2.4955,0.7912	188.6750,2.4955,0.7944	189.1750,2.4955,0.7976	189.6750,2.4955,0.8008	190.1750,2.4955,0.8041	190.6750,2.4955,0.8073	191.0250,2.4955,0.8095	191.0250,2.4955,0.8215	190.6750,2.4955,0.8193	190.1750,2.4955,0.8161	189.6750,2.4955,0.8128	189.1750,2.4955,0.8096	188.6750,2.4955,0.8064	188.1750,2.4955,0.8032	187.6750,2.4955,0.8000	187.1750,2.4955,0.7968	186.6750,2.4955,0.7936	186.1750,2.4955,0.7903	185.6750,2.4955,0.7871	185.1750,2.4955,0.7839	184.6750,2.4955,0.7807	184.1750,2.4955,0.7775	183.6750,2.4955,0.7743	183.1750,2.4955,0.7710	182.6750,2.4955,0.7678	182.1750,2.4955,0.7646	181.6750,2.4955,0.7614	181.1750,2.4955,0.7582	180.6750,2.4955,0.7550	180.1750,2.4955,0.7517	179.6750,2.4955,0.7485	179.1750,2.4955,0.7453	178.6750,2.4955,0.7421
638	塗替塗装-180	塗替塗装						主桁（上山形鋼）	x 175.59〜193.11 G1	塗替塗装範囲詳細図		DWG の図から（測量前）	塗替塗装 x 175.59〜193.11 主桁（上山形鋼） G1	ext_poly	56	178.1750,2.4835,0.7269	177.6750,2.4835,0.7237	177.6750,2.4835,0.5857	178.1750,2.4835,0.5889	178.6750,2.4835,0.5921	179.1750,2.4835,0.5953	179.6750,2.4835,0.5985	180.1750,2.4835,0.6017	180.6750,2.4835,0.6050	181.1750,2.4835,0.6082	181.6750,2.4835,0.6114	182.1750,2.4835,0.6146	182.6750,2.4835,0.6178	183.1750,2.4835,0.6210	183.6750,2.4835,0.6243	184.1750,2.4835,0.6275	184.6750,2.4835,0.6307	185.1750,2.4835,0.6339	185.6750,2.4835,0.6371	186.1750,2.4835,0.6403	186.6750,2.4835,0.6436	187.1750,2.4835,0.6468	187.6750,2.4835,0.6500	188.1750,2.4835,0.6532	188.6750,2.4835,0.6564	189.1750,2.4835,0.6596	189.6750,2.4835,0.6628	190.1750,2.4835,0.6661	190.6750,2.4835,0.6693	191.0250,2.4835,0.6715	191.0250,2.4835,0.8095	190.6750,2.4835,0.8073	190.1750,2.4835,0.8041	189.6750,2.4835,0.8008	189.1750,2.4835,0.7976	188.6750,2.4835,0.7944	188.1750,2.4835,0.7912	187.6750,2.4835,0.7880	187.1750,2.4835,0.7848	186.6750,2.4835,0.7816	186.1750,2.4835,0.7783	185.6750,2.4835,0.7751	185.1750,2.4835,0.7719	184.6750,2.4835,0.7687	184.1750,2.4835,0.7655	183.6750,2.4835,0.7623	183.1750,2.4835,0.7590	182.6750,2.4835,0.7558	182.1750,2.4835,0.7526	181.6750,2.4835,0.7494	181.1750,2.4835,0.7462	180.6750,2.4835,0.7430	180.1750,2.4835,0.7397	179.6750,2.4835,0.7365	179.1750,2.4835,0.7333	178.6750,2.4835,0.7301	178.1750,2.4955,0.7269	177.6750,2.4955,0.7237	177.6750,2.4955,0.5857	178.1750,2.4955,0.5889	178.6750,2.4955,0.5921	179.1750,2.4955,0.5953	179.6750,2.4955,0.5985	180.1750,2.4955,0.6017	180.6750,2.4955,0.6050	181.1750,2.4955,0.6082	181.6750,2.4955,0.6114	182.1750,2.4955,0.6146	182.6750,2.4955,0.6178	183.1750,2.4955,0.6210	183.6750,2.4955,0.6243	184.1750,2.4955,0.6275	184.6750,2.4955,0.6307	185.1750,2.4955,0.6339	185.6750,2.4955,0.6371	186.1750,2.4955,0.6403	186.6750,2.4955,0.6436	187.1750,2.4955,0.6468	187.6750,2.4955,0.6500	188.1750,2.4955,0.6532	188.6750,2.4955,0.6564	189.1750,2.4955,0.6596	189.6750,2.4955,0.6628	190.1750,2.4955,0.6661	190.6750,2.4955,0.6693	191.0250,2.4955,0.6715	191.0250,2.4955,0.8095	190.6750,2.4955,0.8073	190.1750,2.4955,0.8041	189.6750,2.4955,0.8008	189.1750,2.4955,0.7976	188.6750,2.4955,0.7944	188.1750,2.4955,0.7912	187.6750,2.4955,0.7880	187.1750,2.4955,0.7848	186.6750,2.4955,0.7816	186.1750,2.4955,0.7783	185.6750,2.4955,0.7751	185.1750,2.4955,0.7719	184.6750,2.4955,0.7687	184.1750,2.4955,0.7655	183.6750,2.4955,0.7623	183.1750,2.4955,0.7590	182.6750,2.4955,0.7558	182.1750,2.4955,0.7526	181.6750,2.4955,0.7494	181.1750,2.4955,0.7462	180.6750,2.4955,0.7430	180.1750,2.4955,0.7397	179.6750,2.4955,0.7365	179.1750,2.4955,0.7333	178.6750,2.4955,0.7301
639	塗替塗装-181	塗替塗装						主桁（下山形鋼）	x 175.59〜193.11 G1	塗替塗装範囲詳細図		DWG の図から（測量前）	塗替塗装 x 175.59〜193.11 主桁（下山形鋼） G1	ext_poly	56	178.1750,2.3455,-0.7591	177.6750,2.3455,-0.7623	177.6750,2.3455,-0.7743	178.1750,2.3455,-0.7711	178.6750,2.3455,-0.7679	179.1750,2.3455,-0.7647	179.6750,2.3455,-0.7615	180.1750,2.3455,-0.7583	180.6750,2.3455,-0.7550	181.1750,2.3455,-0.7518	181.6750,2.3455,-0.7486	182.1750,2.3455,-0.7454	182.6750,2.3455,-0.7422	183.1750,2.3455,-0.7390	183.6750,2.3455,-0.7357	184.1750,2.3455,-0.7325	184.6750,2.3455,-0.7293	185.1750,2.3455,-0.7261	185.6750,2.3455,-0.7229	186.1750,2.3455,-0.7197	186.6750,2.3455,-0.7164	187.1750,2.3455,-0.7132	187.6750,2.3455,-0.7100	188.1750,2.3455,-0.7068	188.6750,2.3455,-0.7036	189.1750,2.3455,-0.7004	189.6750,2.3455,-0.6972	190.1750,2.3455,-0.6939	190.6750,2.3455,-0.6907	191.0250,2.3455,-0.6885	191.0250,2.3455,-0.6765	190.6750,2.3455,-0.6787	190.1750,2.3455,-0.6819	189.6750,2.3455,-0.6852	189.1750,2.3455,-0.6884	188.6750,2.3455,-0.6916	188.1750,2.3455,-0.6948	187.6750,2.3455,-0.6980	187.1750,2.3455,-0.7012	186.6750,2.3455,-0.7044	186.1750,2.3455,-0.7077	185.6750,2.3455,-0.7109	185.1750,2.3455,-0.7141	184.6750,2.3455,-0.7173	184.1750,2.3455,-0.7205	183.6750,2.3455,-0.7237	183.1750,2.3455,-0.7270	182.6750,2.3455,-0.7302	182.1750,2.3455,-0.7334	181.6750,2.3455,-0.7366	181.1750,2.3455,-0.7398	180.6750,2.3455,-0.7430	180.1750,2.3455,-0.7463	179.6750,2.3455,-0.7495	179.1750,2.3455,-0.7527	178.6750,2.3455,-0.7559	178.1750,2.4955,-0.7591	177.6750,2.4955,-0.7623	177.6750,2.4955,-0.7743	178.1750,2.4955,-0.7711	178.6750,2.4955,-0.7679	179.1750,2.4955,-0.7647	179.6750,2.4955,-0.7615	180.1750,2.4955,-0.7583	180.6750,2.4955,-0.7550	181.1750,2.4955,-0.7518	181.6750,2.4955,-0.7486	182.1750,2.4955,-0.7454	182.6750,2.4955,-0.7422	183.1750,2.4955,-0.7390	183.6750,2.4955,-0.7357	184.1750,2.4955,-0.7325	184.6750,2.4955,-0.7293	185.1750,2.4955,-0.7261	185.6750,2.4955,-0.7229	186.1750,2.4955,-0.7197	186.6750,2.4955,-0.7164	187.1750,2.4955,-0.7132	187.6750,2.4955,-0.7100	188.1750,2.4955,-0.7068	188.6750,2.4955,-0.7036	189.1750,2.4955,-0.7004	189.6750,2.4955,-0.6972	190.1750,2.4955,-0.6939	190.6750,2.4955,-0.6907	191.0250,2.4955,-0.6885	191.0250,2.4955,-0.6765	190.6750,2.4955,-0.6787	190.1750,2.4955,-0.6819	189.6750,2.4955,-0.6852	189.1750,2.4955,-0.6884	188.6750,2.4955,-0.6916	188.1750,2.4955,-0.6948	187.6750,2.4955,-0.6980	187.1750,2.4955,-0.7012	186.6750,2.4955,-0.7044	186.1750,2.4955,-0.7077	185.6750,2.4955,-0.7109	185.1750,2.4955,-0.7141	184.6750,2.4955,-0.7173	184.1750,2.4955,-0.7205	183.6750,2.4955,-0.7237	183.1750,2.4955,-0.7270	182.6750,2.4955,-0.7302	182.1750,2.4955,-0.7334	181.6750,2.4955,-0.7366	181.1750,2.4955,-0.7398	180.6750,2.4955,-0.7430	180.1750,2.4955,-0.7463	179.6750,2.4955,-0.7495	179.1750,2.4955,-0.7527	178.6750,2.4955,-0.7559
640	塗替塗装-182	塗替塗装						主桁（下山形鋼）	x 175.59〜193.11 G1	塗替塗装範囲詳細図		DWG の図から（測量前）	塗替塗装 x 175.59〜193.11 主桁（下山形鋼） G1	ext_poly	56	178.1750,2.4835,-0.6211	177.6750,2.4835,-0.6243	177.6750,2.4835,-0.7623	178.1750,2.4835,-0.7591	178.6750,2.4835,-0.7559	179.1750,2.4835,-0.7527	179.6750,2.4835,-0.7495	180.1750,2.4835,-0.7463	180.6750,2.4835,-0.7430	181.1750,2.4835,-0.7398	181.6750,2.4835,-0.7366	182.1750,2.4835,-0.7334	182.6750,2.4835,-0.7302	183.1750,2.4835,-0.7270	183.6750,2.4835,-0.7237	184.1750,2.4835,-0.7205	184.6750,2.4835,-0.7173	185.1750,2.4835,-0.7141	185.6750,2.4835,-0.7109	186.1750,2.4835,-0.7077	186.6750,2.4835,-0.7044	187.1750,2.4835,-0.7012	187.6750,2.4835,-0.6980	188.1750,2.4835,-0.6948	188.6750,2.4835,-0.6916	189.1750,2.4835,-0.6884	189.6750,2.4835,-0.6852	190.1750,2.4835,-0.6819	190.6750,2.4835,-0.6787	191.0250,2.4835,-0.6765	191.0250,2.4835,-0.5385	190.6750,2.4835,-0.5407	190.1750,2.4835,-0.5439	189.6750,2.4835,-0.5472	189.1750,2.4835,-0.5504	188.6750,2.4835,-0.5536	188.1750,2.4835,-0.5568	187.6750,2.4835,-0.5600	187.1750,2.4835,-0.5632	186.6750,2.4835,-0.5664	186.1750,2.4835,-0.5697	185.6750,2.4835,-0.5729	185.1750,2.4835,-0.5761	184.6750,2.4835,-0.5793	184.1750,2.4835,-0.5825	183.6750,2.4835,-0.5857	183.1750,2.4835,-0.5890	182.6750,2.4835,-0.5922	182.1750,2.4835,-0.5954	181.6750,2.4835,-0.5986	181.1750,2.4835,-0.6018	180.6750,2.4835,-0.6050	180.1750,2.4835,-0.6083	179.6750,2.4835,-0.6115	179.1750,2.4835,-0.6147	178.6750,2.4835,-0.6179	178.1750,2.4955,-0.6211	177.6750,2.4955,-0.6243	177.6750,2.4955,-0.7623	178.1750,2.4955,-0.7591	178.6750,2.4955,-0.7559	179.1750,2.4955,-0.7527	179.6750,2.4955,-0.7495	180.1750,2.4955,-0.7463	180.6750,2.4955,-0.7430	181.1750,2.4955,-0.7398	181.6750,2.4955,-0.7366	182.1750,2.4955,-0.7334	182.6750,2.4955,-0.7302	183.1750,2.4955,-0.7270	183.6750,2.4955,-0.7237	184.1750,2.4955,-0.7205	184.6750,2.4955,-0.7173	185.1750,2.4955,-0.7141	185.6750,2.4955,-0.7109	186.1750,2.4955,-0.7077	186.6750,2.4955,-0.7044	187.1750,2.4955,-0.7012	187.6750,2.4955,-0.6980	188.1750,2.4955,-0.6948	188.6750,2.4955,-0.6916	189.1750,2.4955,-0.6884	189.6750,2.4955,-0.6852	190.1750,2.4955,-0.6819	190.6750,2.4955,-0.6787	191.0250,2.4955,-0.6765	191.0250,2.4955,-0.5385	190.6750,2.4955,-0.5407	190.1750,2.4955,-0.5439	189.6750,2.4955,-0.5472	189.1750,2.4955,-0.5504	188.6750,2.4955,-0.5536	188.1750,2.4955,-0.5568	187.6750,2.4955,-0.5600	187.1750,2.4955,-0.5632	186.6750,2.4955,-0.5664	186.1750,2.4955,-0.5697	185.6750,2.4955,-0.5729	185.1750,2.4955,-0.5761	184.6750,2.4955,-0.5793	184.1750,2.4955,-0.5825	183.6750,2.4955,-0.5857	183.1750,2.4955,-0.5890	182.6750,2.4955,-0.5922	182.1750,2.4955,-0.5954	181.6750,2.4955,-0.5986	181.1750,2.4955,-0.6018	180.6750,2.4955,-0.6050	180.1750,2.4955,-0.6083	179.6750,2.4955,-0.6115	179.1750,2.4955,-0.6147	178.6750,2.4955,-0.6179
641	塗替塗装-183	塗替塗装						主桁（腹板）	x 175.59〜193.11 G2	塗替塗装範囲詳細図		DWG の図から（測量前）	塗替塗装 x 175.59〜193.11 主桁（腹板） G2	ext_poly	56	178.1750,-2.5045,0.7389	177.6750,-2.5045,0.7357	177.6750,-2.5045,-0.7743	178.1750,-2.5045,-0.7711	178.6750,-2.5045,-0.7679	179.1750,-2.5045,-0.7647	179.6750,-2.5045,-0.7615	180.1750,-2.5045,-0.7583	180.6750,-2.5045,-0.7550	181.1750,-2.5045,-0.7518	181.6750,-2.5045,-0.7486	182.1750,-2.5045,-0.7454	182.6750,-2.5045,-0.7422	183.1750,-2.5045,-0.7390	183.6750,-2.5045,-0.7357	184.1750,-2.5045,-0.7325	184.6750,-2.5045,-0.7293	185.1750,-2.5045,-0.7261	185.6750,-2.5045,-0.7229	186.1750,-2.5045,-0.7197	186.6750,-2.5045,-0.7164	187.1750,-2.5045,-0.7132	187.6750,-2.5045,-0.7100	188.1750,-2.5045,-0.7068	188.6750,-2.5045,-0.7036	189.1750,-2.5045,-0.7004	189.6750,-2.5045,-0.6972	190.1750,-2.5045,-0.6939	190.6750,-2.5045,-0.6907	191.0250,-2.5045,-0.6885	191.0250,-2.5045,0.8215	190.6750,-2.5045,0.8193	190.1750,-2.5045,0.8161	189.6750,-2.5045,0.8128	189.1750,-2.5045,0.8096	188.6750,-2.5045,0.8064	188.1750,-2.5045,0.8032	187.6750,-2.5045,0.8000	187.1750,-2.5045,0.7968	186.6750,-2.5045,0.7936	186.1750,-2.5045,0.7903	185.6750,-2.5045,0.7871	185.1750,-2.5045,0.7839	184.6750,-2.5045,0.7807	184.1750,-2.5045,0.7775	183.6750,-2.5045,0.7743	183.1750,-2.5045,0.7710	182.6750,-2.5045,0.7678	182.1750,-2.5045,0.7646	181.6750,-2.5045,0.7614	181.1750,-2.5045,0.7582	180.6750,-2.5045,0.7550	180.1750,-2.5045,0.7517	179.6750,-2.5045,0.7485	179.1750,-2.5045,0.7453	178.6750,-2.5045,0.7421	178.1750,-2.4955,0.7389	177.6750,-2.4955,0.7357	177.6750,-2.4955,-0.7743	178.1750,-2.4955,-0.7711	178.6750,-2.4955,-0.7679	179.1750,-2.4955,-0.7647	179.6750,-2.4955,-0.7615	180.1750,-2.4955,-0.7583	180.6750,-2.4955,-0.7550	181.1750,-2.4955,-0.7518	181.6750,-2.4955,-0.7486	182.1750,-2.4955,-0.7454	182.6750,-2.4955,-0.7422	183.1750,-2.4955,-0.7390	183.6750,-2.4955,-0.7357	184.1750,-2.4955,-0.7325	184.6750,-2.4955,-0.7293	185.1750,-2.4955,-0.7261	185.6750,-2.4955,-0.7229	186.1750,-2.4955,-0.7197	186.6750,-2.4955,-0.7164	187.1750,-2.4955,-0.7132	187.6750,-2.4955,-0.7100	188.1750,-2.4955,-0.7068	188.6750,-2.4955,-0.7036	189.1750,-2.4955,-0.7004	189.6750,-2.4955,-0.6972	190.1750,-2.4955,-0.6939	190.6750,-2.4955,-0.6907	191.0250,-2.4955,-0.6885	191.0250,-2.4955,0.8215	190.6750,-2.4955,0.8193	190.1750,-2.4955,0.8161	189.6750,-2.4955,0.8128	189.1750,-2.4955,0.8096	188.6750,-2.4955,0.8064	188.1750,-2.4955,0.8032	187.6750,-2.4955,0.8000	187.1750,-2.4955,0.7968	186.6750,-2.4955,0.7936	186.1750,-2.4955,0.7903	185.6750,-2.4955,0.7871	185.1750,-2.4955,0.7839	184.6750,-2.4955,0.7807	184.1750,-2.4955,0.7775	183.6750,-2.4955,0.7743	183.1750,-2.4955,0.7710	182.6750,-2.4955,0.7678	182.1750,-2.4955,0.7646	181.6750,-2.4955,0.7614	181.1750,-2.4955,0.7582	180.6750,-2.4955,0.7550	180.1750,-2.4955,0.7517	179.6750,-2.4955,0.7485	179.1750,-2.4955,0.7453	178.6750,-2.4955,0.7421
642	塗替塗装-184	塗替塗装						主桁（上山形鋼）	x 175.59〜193.11 G2	塗替塗装範囲詳細図		DWG の図から（測量前）	塗替塗装 x 175.59〜193.11 主桁（上山形鋼） G2	ext_poly	56	178.1750,-2.4955,0.7389	177.6750,-2.4955,0.7357	177.6750,-2.4955,0.7237	178.1750,-2.4955,0.7269	178.6750,-2.4955,0.7301	179.1750,-2.4955,0.7333	179.6750,-2.4955,0.7365	180.1750,-2.4955,0.7397	180.6750,-2.4955,0.7430	181.1750,-2.4955,0.7462	181.6750,-2.4955,0.7494	182.1750,-2.4955,0.7526	182.6750,-2.4955,0.7558	183.1750,-2.4955,0.7590	183.6750,-2.4955,0.7623	184.1750,-2.4955,0.7655	184.6750,-2.4955,0.7687	185.1750,-2.4955,0.7719	185.6750,-2.4955,0.7751	186.1750,-2.4955,0.7783	186.6750,-2.4955,0.7816	187.1750,-2.4955,0.7848	187.6750,-2.4955,0.7880	188.1750,-2.4955,0.7912	188.6750,-2.4955,0.7944	189.1750,-2.4955,0.7976	189.6750,-2.4955,0.8008	190.1750,-2.4955,0.8041	190.6750,-2.4955,0.8073	191.0250,-2.4955,0.8095	191.0250,-2.4955,0.8215	190.6750,-2.4955,0.8193	190.1750,-2.4955,0.8161	189.6750,-2.4955,0.8128	189.1750,-2.4955,0.8096	188.6750,-2.4955,0.8064	188.1750,-2.4955,0.8032	187.6750,-2.4955,0.8000	187.1750,-2.4955,0.7968	186.6750,-2.4955,0.7936	186.1750,-2.4955,0.7903	185.6750,-2.4955,0.7871	185.1750,-2.4955,0.7839	184.6750,-2.4955,0.7807	184.1750,-2.4955,0.7775	183.6750,-2.4955,0.7743	183.1750,-2.4955,0.7710	182.6750,-2.4955,0.7678	182.1750,-2.4955,0.7646	181.6750,-2.4955,0.7614	181.1750,-2.4955,0.7582	180.6750,-2.4955,0.7550	180.1750,-2.4955,0.7517	179.6750,-2.4955,0.7485	179.1750,-2.4955,0.7453	178.6750,-2.4955,0.7421	178.1750,-2.3455,0.7389	177.6750,-2.3455,0.7357	177.6750,-2.3455,0.7237	178.1750,-2.3455,0.7269	178.6750,-2.3455,0.7301	179.1750,-2.3455,0.7333	179.6750,-2.3455,0.7365	180.1750,-2.3455,0.7397	180.6750,-2.3455,0.7430	181.1750,-2.3455,0.7462	181.6750,-2.3455,0.7494	182.1750,-2.3455,0.7526	182.6750,-2.3455,0.7558	183.1750,-2.3455,0.7590	183.6750,-2.3455,0.7623	184.1750,-2.3455,0.7655	184.6750,-2.3455,0.7687	185.1750,-2.3455,0.7719	185.6750,-2.3455,0.7751	186.1750,-2.3455,0.7783	186.6750,-2.3455,0.7816	187.1750,-2.3455,0.7848	187.6750,-2.3455,0.7880	188.1750,-2.3455,0.7912	188.6750,-2.3455,0.7944	189.1750,-2.3455,0.7976	189.6750,-2.3455,0.8008	190.1750,-2.3455,0.8041	190.6750,-2.3455,0.8073	191.0250,-2.3455,0.8095	191.0250,-2.3455,0.8215	190.6750,-2.3455,0.8193	190.1750,-2.3455,0.8161	189.6750,-2.3455,0.8128	189.1750,-2.3455,0.8096	188.6750,-2.3455,0.8064	188.1750,-2.3455,0.8032	187.6750,-2.3455,0.8000	187.1750,-2.3455,0.7968	186.6750,-2.3455,0.7936	186.1750,-2.3455,0.7903	185.6750,-2.3455,0.7871	185.1750,-2.3455,0.7839	184.6750,-2.3455,0.7807	184.1750,-2.3455,0.7775	183.6750,-2.3455,0.7743	183.1750,-2.3455,0.7710	182.6750,-2.3455,0.7678	182.1750,-2.3455,0.7646	181.6750,-2.3455,0.7614	181.1750,-2.3455,0.7582	180.6750,-2.3455,0.7550	180.1750,-2.3455,0.7517	179.6750,-2.3455,0.7485	179.1750,-2.3455,0.7453	178.6750,-2.3455,0.7421
643	塗替塗装-185	塗替塗装						主桁（上山形鋼）	x 175.59〜193.11 G2	塗替塗装範囲詳細図		DWG の図から（測量前）	塗替塗装 x 175.59〜193.11 主桁（上山形鋼） G2	ext_poly	56	178.1750,-2.4955,0.7269	177.6750,-2.4955,0.7237	177.6750,-2.4955,0.5857	178.1750,-2.4955,0.5889	178.6750,-2.4955,0.5921	179.1750,-2.4955,0.5953	179.6750,-2.4955,0.5985	180.1750,-2.4955,0.6017	180.6750,-2.4955,0.6050	181.1750,-2.4955,0.6082	181.6750,-2.4955,0.6114	182.1750,-2.4955,0.6146	182.6750,-2.4955,0.6178	183.1750,-2.4955,0.6210	183.6750,-2.4955,0.6243	184.1750,-2.4955,0.6275	184.6750,-2.4955,0.6307	185.1750,-2.4955,0.6339	185.6750,-2.4955,0.6371	186.1750,-2.4955,0.6403	186.6750,-2.4955,0.6436	187.1750,-2.4955,0.6468	187.6750,-2.4955,0.6500	188.1750,-2.4955,0.6532	188.6750,-2.4955,0.6564	189.1750,-2.4955,0.6596	189.6750,-2.4955,0.6628	190.1750,-2.4955,0.6661	190.6750,-2.4955,0.6693	191.0250,-2.4955,0.6715	191.0250,-2.4955,0.8095	190.6750,-2.4955,0.8073	190.1750,-2.4955,0.8041	189.6750,-2.4955,0.8008	189.1750,-2.4955,0.7976	188.6750,-2.4955,0.7944	188.1750,-2.4955,0.7912	187.6750,-2.4955,0.7880	187.1750,-2.4955,0.7848	186.6750,-2.4955,0.7816	186.1750,-2.4955,0.7783	185.6750,-2.4955,0.7751	185.1750,-2.4955,0.7719	184.6750,-2.4955,0.7687	184.1750,-2.4955,0.7655	183.6750,-2.4955,0.7623	183.1750,-2.4955,0.7590	182.6750,-2.4955,0.7558	182.1750,-2.4955,0.7526	181.6750,-2.4955,0.7494	181.1750,-2.4955,0.7462	180.6750,-2.4955,0.7430	180.1750,-2.4955,0.7397	179.6750,-2.4955,0.7365	179.1750,-2.4955,0.7333	178.6750,-2.4955,0.7301	178.1750,-2.4835,0.7269	177.6750,-2.4835,0.7237	177.6750,-2.4835,0.5857	178.1750,-2.4835,0.5889	178.6750,-2.4835,0.5921	179.1750,-2.4835,0.5953	179.6750,-2.4835,0.5985	180.1750,-2.4835,0.6017	180.6750,-2.4835,0.6050	181.1750,-2.4835,0.6082	181.6750,-2.4835,0.6114	182.1750,-2.4835,0.6146	182.6750,-2.4835,0.6178	183.1750,-2.4835,0.6210	183.6750,-2.4835,0.6243	184.1750,-2.4835,0.6275	184.6750,-2.4835,0.6307	185.1750,-2.4835,0.6339	185.6750,-2.4835,0.6371	186.1750,-2.4835,0.6403	186.6750,-2.4835,0.6436	187.1750,-2.4835,0.6468	187.6750,-2.4835,0.6500	188.1750,-2.4835,0.6532	188.6750,-2.4835,0.6564	189.1750,-2.4835,0.6596	189.6750,-2.4835,0.6628	190.1750,-2.4835,0.6661	190.6750,-2.4835,0.6693	191.0250,-2.4835,0.6715	191.0250,-2.4835,0.8095	190.6750,-2.4835,0.8073	190.1750,-2.4835,0.8041	189.6750,-2.4835,0.8008	189.1750,-2.4835,0.7976	188.6750,-2.4835,0.7944	188.1750,-2.4835,0.7912	187.6750,-2.4835,0.7880	187.1750,-2.4835,0.7848	186.6750,-2.4835,0.7816	186.1750,-2.4835,0.7783	185.6750,-2.4835,0.7751	185.1750,-2.4835,0.7719	184.6750,-2.4835,0.7687	184.1750,-2.4835,0.7655	183.6750,-2.4835,0.7623	183.1750,-2.4835,0.7590	182.6750,-2.4835,0.7558	182.1750,-2.4835,0.7526	181.6750,-2.4835,0.7494	181.1750,-2.4835,0.7462	180.6750,-2.4835,0.7430	180.1750,-2.4835,0.7397	179.6750,-2.4835,0.7365	179.1750,-2.4835,0.7333	178.6750,-2.4835,0.7301
644	塗替塗装-186	塗替塗装						主桁（下山形鋼）	x 175.59〜193.11 G2	塗替塗装範囲詳細図		DWG の図から（測量前）	塗替塗装 x 175.59〜193.11 主桁（下山形鋼） G2	ext_poly	56	178.1750,-2.4955,-0.7591	177.6750,-2.4955,-0.7623	177.6750,-2.4955,-0.7743	178.1750,-2.4955,-0.7711	178.6750,-2.4955,-0.7679	179.1750,-2.4955,-0.7647	179.6750,-2.4955,-0.7615	180.1750,-2.4955,-0.7583	180.6750,-2.4955,-0.7550	181.1750,-2.4955,-0.7518	181.6750,-2.4955,-0.7486	182.1750,-2.4955,-0.7454	182.6750,-2.4955,-0.7422	183.1750,-2.4955,-0.7390	183.6750,-2.4955,-0.7357	184.1750,-2.4955,-0.7325	184.6750,-2.4955,-0.7293	185.1750,-2.4955,-0.7261	185.6750,-2.4955,-0.7229	186.1750,-2.4955,-0.7197	186.6750,-2.4955,-0.7164	187.1750,-2.4955,-0.7132	187.6750,-2.4955,-0.7100	188.1750,-2.4955,-0.7068	188.6750,-2.4955,-0.7036	189.1750,-2.4955,-0.7004	189.6750,-2.4955,-0.6972	190.1750,-2.4955,-0.6939	190.6750,-2.4955,-0.6907	191.0250,-2.4955,-0.6885	191.0250,-2.4955,-0.6765	190.6750,-2.4955,-0.6787	190.1750,-2.4955,-0.6819	189.6750,-2.4955,-0.6852	189.1750,-2.4955,-0.6884	188.6750,-2.4955,-0.6916	188.1750,-2.4955,-0.6948	187.6750,-2.4955,-0.6980	187.1750,-2.4955,-0.7012	186.6750,-2.4955,-0.7044	186.1750,-2.4955,-0.7077	185.6750,-2.4955,-0.7109	185.1750,-2.4955,-0.7141	184.6750,-2.4955,-0.7173	184.1750,-2.4955,-0.7205	183.6750,-2.4955,-0.7237	183.1750,-2.4955,-0.7270	182.6750,-2.4955,-0.7302	182.1750,-2.4955,-0.7334	181.6750,-2.4955,-0.7366	181.1750,-2.4955,-0.7398	180.6750,-2.4955,-0.7430	180.1750,-2.4955,-0.7463	179.6750,-2.4955,-0.7495	179.1750,-2.4955,-0.7527	178.6750,-2.4955,-0.7559	178.1750,-2.3455,-0.7591	177.6750,-2.3455,-0.7623	177.6750,-2.3455,-0.7743	178.1750,-2.3455,-0.7711	178.6750,-2.3455,-0.7679	179.1750,-2.3455,-0.7647	179.6750,-2.3455,-0.7615	180.1750,-2.3455,-0.7583	180.6750,-2.3455,-0.7550	181.1750,-2.3455,-0.7518	181.6750,-2.3455,-0.7486	182.1750,-2.3455,-0.7454	182.6750,-2.3455,-0.7422	183.1750,-2.3455,-0.7390	183.6750,-2.3455,-0.7357	184.1750,-2.3455,-0.7325	184.6750,-2.3455,-0.7293	185.1750,-2.3455,-0.7261	185.6750,-2.3455,-0.7229	186.1750,-2.3455,-0.7197	186.6750,-2.3455,-0.7164	187.1750,-2.3455,-0.7132	187.6750,-2.3455,-0.7100	188.1750,-2.3455,-0.7068	188.6750,-2.3455,-0.7036	189.1750,-2.3455,-0.7004	189.6750,-2.3455,-0.6972	190.1750,-2.3455,-0.6939	190.6750,-2.3455,-0.6907	191.0250,-2.3455,-0.6885	191.0250,-2.3455,-0.6765	190.6750,-2.3455,-0.6787	190.1750,-2.3455,-0.6819	189.6750,-2.3455,-0.6852	189.1750,-2.3455,-0.6884	188.6750,-2.3455,-0.6916	188.1750,-2.3455,-0.6948	187.6750,-2.3455,-0.6980	187.1750,-2.3455,-0.7012	186.6750,-2.3455,-0.7044	186.1750,-2.3455,-0.7077	185.6750,-2.3455,-0.7109	185.1750,-2.3455,-0.7141	184.6750,-2.3455,-0.7173	184.1750,-2.3455,-0.7205	183.6750,-2.3455,-0.7237	183.1750,-2.3455,-0.7270	182.6750,-2.3455,-0.7302	182.1750,-2.3455,-0.7334	181.6750,-2.3455,-0.7366	181.1750,-2.3455,-0.7398	180.6750,-2.3455,-0.7430	180.1750,-2.3455,-0.7463	179.6750,-2.3455,-0.7495	179.1750,-2.3455,-0.7527	178.6750,-2.3455,-0.7559
645	塗替塗装-187	塗替塗装						主桁（下山形鋼）	x 175.59〜193.11 G2	塗替塗装範囲詳細図		DWG の図から（測量前）	塗替塗装 x 175.59〜193.11 主桁（下山形鋼） G2	ext_poly	56	178.1750,-2.4955,-0.6211	177.6750,-2.4955,-0.6243	177.6750,-2.4955,-0.7623	178.1750,-2.4955,-0.7591	178.6750,-2.4955,-0.7559	179.1750,-2.4955,-0.7527	179.6750,-2.4955,-0.7495	180.1750,-2.4955,-0.7463	180.6750,-2.4955,-0.7430	181.1750,-2.4955,-0.7398	181.6750,-2.4955,-0.7366	182.1750,-2.4955,-0.7334	182.6750,-2.4955,-0.7302	183.1750,-2.4955,-0.7270	183.6750,-2.4955,-0.7237	184.1750,-2.4955,-0.7205	184.6750,-2.4955,-0.7173	185.1750,-2.4955,-0.7141	185.6750,-2.4955,-0.7109	186.1750,-2.4955,-0.7077	186.6750,-2.4955,-0.7044	187.1750,-2.4955,-0.7012	187.6750,-2.4955,-0.6980	188.1750,-2.4955,-0.6948	188.6750,-2.4955,-0.6916	189.1750,-2.4955,-0.6884	189.6750,-2.4955,-0.6852	190.1750,-2.4955,-0.6819	190.6750,-2.4955,-0.6787	191.0250,-2.4955,-0.6765	191.0250,-2.4955,-0.5385	190.6750,-2.4955,-0.5407	190.1750,-2.4955,-0.5439	189.6750,-2.4955,-0.5472	189.1750,-2.4955,-0.5504	188.6750,-2.4955,-0.5536	188.1750,-2.4955,-0.5568	187.6750,-2.4955,-0.5600	187.1750,-2.4955,-0.5632	186.6750,-2.4955,-0.5664	186.1750,-2.4955,-0.5697	185.6750,-2.4955,-0.5729	185.1750,-2.4955,-0.5761	184.6750,-2.4955,-0.5793	184.1750,-2.4955,-0.5825	183.6750,-2.4955,-0.5857	183.1750,-2.4955,-0.5890	182.6750,-2.4955,-0.5922	182.1750,-2.4955,-0.5954	181.6750,-2.4955,-0.5986	181.1750,-2.4955,-0.6018	180.6750,-2.4955,-0.6050	180.1750,-2.4955,-0.6083	179.6750,-2.4955,-0.6115	179.1750,-2.4955,-0.6147	178.6750,-2.4955,-0.6179	178.1750,-2.4835,-0.6211	177.6750,-2.4835,-0.6243	177.6750,-2.4835,-0.7623	178.1750,-2.4835,-0.7591	178.6750,-2.4835,-0.7559	179.1750,-2.4835,-0.7527	179.6750,-2.4835,-0.7495	180.1750,-2.4835,-0.7463	180.6750,-2.4835,-0.7430	181.1750,-2.4835,-0.7398	181.6750,-2.4835,-0.7366	182.1750,-2.4835,-0.7334	182.6750,-2.4835,-0.7302	183.1750,-2.4835,-0.7270	183.6750,-2.4835,-0.7237	184.1750,-2.4835,-0.7205	184.6750,-2.4835,-0.7173	185.1750,-2.4835,-0.7141	185.6750,-2.4835,-0.7109	186.1750,-2.4835,-0.7077	186.6750,-2.4835,-0.7044	187.1750,-2.4835,-0.7012	187.6750,-2.4835,-0.6980	188.1750,-2.4835,-0.6948	188.6750,-2.4835,-0.6916	189.1750,-2.4835,-0.6884	189.6750,-2.4835,-0.6852	190.1750,-2.4835,-0.6819	190.6750,-2.4835,-0.6787	191.0250,-2.4835,-0.6765	191.0250,-2.4835,-0.5385	190.6750,-2.4835,-0.5407	190.1750,-2.4835,-0.5439	189.6750,-2.4835,-0.5472	189.1750,-2.4835,-0.5504	188.6750,-2.4835,-0.5536	188.1750,-2.4835,-0.5568	187.6750,-2.4835,-0.5600	187.1750,-2.4835,-0.5632	186.6750,-2.4835,-0.5664	186.1750,-2.4835,-0.5697	185.6750,-2.4835,-0.5729	185.1750,-2.4835,-0.5761	184.6750,-2.4835,-0.5793	184.1750,-2.4835,-0.5825	183.6750,-2.4835,-0.5857	183.1750,-2.4835,-0.5890	182.6750,-2.4835,-0.5922	182.1750,-2.4835,-0.5954	181.6750,-2.4835,-0.5986	181.1750,-2.4835,-0.6018	180.6750,-2.4835,-0.6050	180.1750,-2.4835,-0.6083	179.6750,-2.4835,-0.6115	179.1750,-2.4835,-0.6147	178.6750,-2.4835,-0.6179
646	塗替塗装-188	塗替塗装						主桁（上山形鋼）	x 175.59〜193.11 G2	塗替塗装範囲詳細図		DWG の図から（測量前）	塗替塗装 x 175.59〜193.11 主桁（上山形鋼） G2	ext_poly	56	178.1750,-2.6545,0.7389	177.6750,-2.6545,0.7357	177.6750,-2.6545,0.7237	178.1750,-2.6545,0.7269	178.6750,-2.6545,0.7301	179.1750,-2.6545,0.7333	179.6750,-2.6545,0.7365	180.1750,-2.6545,0.7397	180.6750,-2.6545,0.7430	181.1750,-2.6545,0.7462	181.6750,-2.6545,0.7494	182.1750,-2.6545,0.7526	182.6750,-2.6545,0.7558	183.1750,-2.6545,0.7590	183.6750,-2.6545,0.7623	184.1750,-2.6545,0.7655	184.6750,-2.6545,0.7687	185.1750,-2.6545,0.7719	185.6750,-2.6545,0.7751	186.1750,-2.6545,0.7783	186.6750,-2.6545,0.7816	187.1750,-2.6545,0.7848	187.6750,-2.6545,0.7880	188.1750,-2.6545,0.7912	188.6750,-2.6545,0.7944	189.1750,-2.6545,0.7976	189.6750,-2.6545,0.8008	190.1750,-2.6545,0.8041	190.6750,-2.6545,0.8073	191.0250,-2.6545,0.8095	191.0250,-2.6545,0.8215	190.6750,-2.6545,0.8193	190.1750,-2.6545,0.8161	189.6750,-2.6545,0.8128	189.1750,-2.6545,0.8096	188.6750,-2.6545,0.8064	188.1750,-2.6545,0.8032	187.6750,-2.6545,0.8000	187.1750,-2.6545,0.7968	186.6750,-2.6545,0.7936	186.1750,-2.6545,0.7903	185.6750,-2.6545,0.7871	185.1750,-2.6545,0.7839	184.6750,-2.6545,0.7807	184.1750,-2.6545,0.7775	183.6750,-2.6545,0.7743	183.1750,-2.6545,0.7710	182.6750,-2.6545,0.7678	182.1750,-2.6545,0.7646	181.6750,-2.6545,0.7614	181.1750,-2.6545,0.7582	180.6750,-2.6545,0.7550	180.1750,-2.6545,0.7517	179.6750,-2.6545,0.7485	179.1750,-2.6545,0.7453	178.6750,-2.6545,0.7421	178.1750,-2.5045,0.7389	177.6750,-2.5045,0.7357	177.6750,-2.5045,0.7237	178.1750,-2.5045,0.7269	178.6750,-2.5045,0.7301	179.1750,-2.5045,0.7333	179.6750,-2.5045,0.7365	180.1750,-2.5045,0.7397	180.6750,-2.5045,0.7430	181.1750,-2.5045,0.7462	181.6750,-2.5045,0.7494	182.1750,-2.5045,0.7526	182.6750,-2.5045,0.7558	183.1750,-2.5045,0.7590	183.6750,-2.5045,0.7623	184.1750,-2.5045,0.7655	184.6750,-2.5045,0.7687	185.1750,-2.5045,0.7719	185.6750,-2.5045,0.7751	186.1750,-2.5045,0.7783	186.6750,-2.5045,0.7816	187.1750,-2.5045,0.7848	187.6750,-2.5045,0.7880	188.1750,-2.5045,0.7912	188.6750,-2.5045,0.7944	189.1750,-2.5045,0.7976	189.6750,-2.5045,0.8008	190.1750,-2.5045,0.8041	190.6750,-2.5045,0.8073	191.0250,-2.5045,0.8095	191.0250,-2.5045,0.8215	190.6750,-2.5045,0.8193	190.1750,-2.5045,0.8161	189.6750,-2.5045,0.8128	189.1750,-2.5045,0.8096	188.6750,-2.5045,0.8064	188.1750,-2.5045,0.8032	187.6750,-2.5045,0.8000	187.1750,-2.5045,0.7968	186.6750,-2.5045,0.7936	186.1750,-2.5045,0.7903	185.6750,-2.5045,0.7871	185.1750,-2.5045,0.7839	184.6750,-2.5045,0.7807	184.1750,-2.5045,0.7775	183.6750,-2.5045,0.7743	183.1750,-2.5045,0.7710	182.6750,-2.5045,0.7678	182.1750,-2.5045,0.7646	181.6750,-2.5045,0.7614	181.1750,-2.5045,0.7582	180.6750,-2.5045,0.7550	180.1750,-2.5045,0.7517	179.6750,-2.5045,0.7485	179.1750,-2.5045,0.7453	178.6750,-2.5045,0.7421
647	塗替塗装-189	塗替塗装						主桁（上山形鋼）	x 175.59〜193.11 G2	塗替塗装範囲詳細図		DWG の図から（測量前）	塗替塗装 x 175.59〜193.11 主桁（上山形鋼） G2	ext_poly	56	178.1750,-2.5165,0.7269	177.6750,-2.5165,0.7237	177.6750,-2.5165,0.5857	178.1750,-2.5165,0.5889	178.6750,-2.5165,0.5921	179.1750,-2.5165,0.5953	179.6750,-2.5165,0.5985	180.1750,-2.5165,0.6017	180.6750,-2.5165,0.6050	181.1750,-2.5165,0.6082	181.6750,-2.5165,0.6114	182.1750,-2.5165,0.6146	182.6750,-2.5165,0.6178	183.1750,-2.5165,0.6210	183.6750,-2.5165,0.6243	184.1750,-2.5165,0.6275	184.6750,-2.5165,0.6307	185.1750,-2.5165,0.6339	185.6750,-2.5165,0.6371	186.1750,-2.5165,0.6403	186.6750,-2.5165,0.6436	187.1750,-2.5165,0.6468	187.6750,-2.5165,0.6500	188.1750,-2.5165,0.6532	188.6750,-2.5165,0.6564	189.1750,-2.5165,0.6596	189.6750,-2.5165,0.6628	190.1750,-2.5165,0.6661	190.6750,-2.5165,0.6693	191.0250,-2.5165,0.6715	191.0250,-2.5165,0.8095	190.6750,-2.5165,0.8073	190.1750,-2.5165,0.8041	189.6750,-2.5165,0.8008	189.1750,-2.5165,0.7976	188.6750,-2.5165,0.7944	188.1750,-2.5165,0.7912	187.6750,-2.5165,0.7880	187.1750,-2.5165,0.7848	186.6750,-2.5165,0.7816	186.1750,-2.5165,0.7783	185.6750,-2.5165,0.7751	185.1750,-2.5165,0.7719	184.6750,-2.5165,0.7687	184.1750,-2.5165,0.7655	183.6750,-2.5165,0.7623	183.1750,-2.5165,0.7590	182.6750,-2.5165,0.7558	182.1750,-2.5165,0.7526	181.6750,-2.5165,0.7494	181.1750,-2.5165,0.7462	180.6750,-2.5165,0.7430	180.1750,-2.5165,0.7397	179.6750,-2.5165,0.7365	179.1750,-2.5165,0.7333	178.6750,-2.5165,0.7301	178.1750,-2.5045,0.7269	177.6750,-2.5045,0.7237	177.6750,-2.5045,0.5857	178.1750,-2.5045,0.5889	178.6750,-2.5045,0.5921	179.1750,-2.5045,0.5953	179.6750,-2.5045,0.5985	180.1750,-2.5045,0.6017	180.6750,-2.5045,0.6050	181.1750,-2.5045,0.6082	181.6750,-2.5045,0.6114	182.1750,-2.5045,0.6146	182.6750,-2.5045,0.6178	183.1750,-2.5045,0.6210	183.6750,-2.5045,0.6243	184.1750,-2.5045,0.6275	184.6750,-2.5045,0.6307	185.1750,-2.5045,0.6339	185.6750,-2.5045,0.6371	186.1750,-2.5045,0.6403	186.6750,-2.5045,0.6436	187.1750,-2.5045,0.6468	187.6750,-2.5045,0.6500	188.1750,-2.5045,0.6532	188.6750,-2.5045,0.6564	189.1750,-2.5045,0.6596	189.6750,-2.5045,0.6628	190.1750,-2.5045,0.6661	190.6750,-2.5045,0.6693	191.0250,-2.5045,0.6715	191.0250,-2.5045,0.8095	190.6750,-2.5045,0.8073	190.1750,-2.5045,0.8041	189.6750,-2.5045,0.8008	189.1750,-2.5045,0.7976	188.6750,-2.5045,0.7944	188.1750,-2.5045,0.7912	187.6750,-2.5045,0.7880	187.1750,-2.5045,0.7848	186.6750,-2.5045,0.7816	186.1750,-2.5045,0.7783	185.6750,-2.5045,0.7751	185.1750,-2.5045,0.7719	184.6750,-2.5045,0.7687	184.1750,-2.5045,0.7655	183.6750,-2.5045,0.7623	183.1750,-2.5045,0.7590	182.6750,-2.5045,0.7558	182.1750,-2.5045,0.7526	181.6750,-2.5045,0.7494	181.1750,-2.5045,0.7462	180.6750,-2.5045,0.7430	180.1750,-2.5045,0.7397	179.6750,-2.5045,0.7365	179.1750,-2.5045,0.7333	178.6750,-2.5045,0.7301
648	塗替塗装-190	塗替塗装						主桁（下山形鋼）	x 175.59〜193.11 G2	塗替塗装範囲詳細図		DWG の図から（測量前）	塗替塗装 x 175.59〜193.11 主桁（下山形鋼） G2	ext_poly	56	178.1750,-2.6545,-0.7591	177.6750,-2.6545,-0.7623	177.6750,-2.6545,-0.7743	178.1750,-2.6545,-0.7711	178.6750,-2.6545,-0.7679	179.1750,-2.6545,-0.7647	179.6750,-2.6545,-0.7615	180.1750,-2.6545,-0.7583	180.6750,-2.6545,-0.7550	181.1750,-2.6545,-0.7518	181.6750,-2.6545,-0.7486	182.1750,-2.6545,-0.7454	182.6750,-2.6545,-0.7422	183.1750,-2.6545,-0.7390	183.6750,-2.6545,-0.7357	184.1750,-2.6545,-0.7325	184.6750,-2.6545,-0.7293	185.1750,-2.6545,-0.7261	185.6750,-2.6545,-0.7229	186.1750,-2.6545,-0.7197	186.6750,-2.6545,-0.7164	187.1750,-2.6545,-0.7132	187.6750,-2.6545,-0.7100	188.1750,-2.6545,-0.7068	188.6750,-2.6545,-0.7036	189.1750,-2.6545,-0.7004	189.6750,-2.6545,-0.6972	190.1750,-2.6545,-0.6939	190.6750,-2.6545,-0.6907	191.0250,-2.6545,-0.6885	191.0250,-2.6545,-0.6765	190.6750,-2.6545,-0.6787	190.1750,-2.6545,-0.6819	189.6750,-2.6545,-0.6852	189.1750,-2.6545,-0.6884	188.6750,-2.6545,-0.6916	188.1750,-2.6545,-0.6948	187.6750,-2.6545,-0.6980	187.1750,-2.6545,-0.7012	186.6750,-2.6545,-0.7044	186.1750,-2.6545,-0.7077	185.6750,-2.6545,-0.7109	185.1750,-2.6545,-0.7141	184.6750,-2.6545,-0.7173	184.1750,-2.6545,-0.7205	183.6750,-2.6545,-0.7237	183.1750,-2.6545,-0.7270	182.6750,-2.6545,-0.7302	182.1750,-2.6545,-0.7334	181.6750,-2.6545,-0.7366	181.1750,-2.6545,-0.7398	180.6750,-2.6545,-0.7430	180.1750,-2.6545,-0.7463	179.6750,-2.6545,-0.7495	179.1750,-2.6545,-0.7527	178.6750,-2.6545,-0.7559	178.1750,-2.5045,-0.7591	177.6750,-2.5045,-0.7623	177.6750,-2.5045,-0.7743	178.1750,-2.5045,-0.7711	178.6750,-2.5045,-0.7679	179.1750,-2.5045,-0.7647	179.6750,-2.5045,-0.7615	180.1750,-2.5045,-0.7583	180.6750,-2.5045,-0.7550	181.1750,-2.5045,-0.7518	181.6750,-2.5045,-0.7486	182.1750,-2.5045,-0.7454	182.6750,-2.5045,-0.7422	183.1750,-2.5045,-0.7390	183.6750,-2.5045,-0.7357	184.1750,-2.5045,-0.7325	184.6750,-2.5045,-0.7293	185.1750,-2.5045,-0.7261	185.6750,-2.5045,-0.7229	186.1750,-2.5045,-0.7197	186.6750,-2.5045,-0.7164	187.1750,-2.5045,-0.7132	187.6750,-2.5045,-0.7100	188.1750,-2.5045,-0.7068	188.6750,-2.5045,-0.7036	189.1750,-2.5045,-0.7004	189.6750,-2.5045,-0.6972	190.1750,-2.5045,-0.6939	190.6750,-2.5045,-0.6907	191.0250,-2.5045,-0.6885	191.0250,-2.5045,-0.6765	190.6750,-2.5045,-0.6787	190.1750,-2.5045,-0.6819	189.6750,-2.5045,-0.6852	189.1750,-2.5045,-0.6884	188.6750,-2.5045,-0.6916	188.1750,-2.5045,-0.6948	187.6750,-2.5045,-0.6980	187.1750,-2.5045,-0.7012	186.6750,-2.5045,-0.7044	186.1750,-2.5045,-0.7077	185.6750,-2.5045,-0.7109	185.1750,-2.5045,-0.7141	184.6750,-2.5045,-0.7173	184.1750,-2.5045,-0.7205	183.6750,-2.5045,-0.7237	183.1750,-2.5045,-0.7270	182.6750,-2.5045,-0.7302	182.1750,-2.5045,-0.7334	181.6750,-2.5045,-0.7366	181.1750,-2.5045,-0.7398	180.6750,-2.5045,-0.7430	180.1750,-2.5045,-0.7463	179.6750,-2.5045,-0.7495	179.1750,-2.5045,-0.7527	178.6750,-2.5045,-0.7559
649	塗替塗装-191	塗替塗装						主桁（下山形鋼）	x 175.59〜193.11 G2	塗替塗装範囲詳細図		DWG の図から（測量前）	塗替塗装 x 175.59〜193.11 主桁（下山形鋼） G2	ext_poly	56	178.1750,-2.5165,-0.6211	177.6750,-2.5165,-0.6243	177.6750,-2.5165,-0.7623	178.1750,-2.5165,-0.7591	178.6750,-2.5165,-0.7559	179.1750,-2.5165,-0.7527	179.6750,-2.5165,-0.7495	180.1750,-2.5165,-0.7463	180.6750,-2.5165,-0.7430	181.1750,-2.5165,-0.7398	181.6750,-2.5165,-0.7366	182.1750,-2.5165,-0.7334	182.6750,-2.5165,-0.7302	183.1750,-2.5165,-0.7270	183.6750,-2.5165,-0.7237	184.1750,-2.5165,-0.7205	184.6750,-2.5165,-0.7173	185.1750,-2.5165,-0.7141	185.6750,-2.5165,-0.7109	186.1750,-2.5165,-0.7077	186.6750,-2.5165,-0.7044	187.1750,-2.5165,-0.7012	187.6750,-2.5165,-0.6980	188.1750,-2.5165,-0.6948	188.6750,-2.5165,-0.6916	189.1750,-2.5165,-0.6884	189.6750,-2.5165,-0.6852	190.1750,-2.5165,-0.6819	190.6750,-2.5165,-0.6787	191.0250,-2.5165,-0.6765	191.0250,-2.5165,-0.5385	190.6750,-2.5165,-0.5407	190.1750,-2.5165,-0.5439	189.6750,-2.5165,-0.5472	189.1750,-2.5165,-0.5504	188.6750,-2.5165,-0.5536	188.1750,-2.5165,-0.5568	187.6750,-2.5165,-0.5600	187.1750,-2.5165,-0.5632	186.6750,-2.5165,-0.5664	186.1750,-2.5165,-0.5697	185.6750,-2.5165,-0.5729	185.1750,-2.5165,-0.5761	184.6750,-2.5165,-0.5793	184.1750,-2.5165,-0.5825	183.6750,-2.5165,-0.5857	183.1750,-2.5165,-0.5890	182.6750,-2.5165,-0.5922	182.1750,-2.5165,-0.5954	181.6750,-2.5165,-0.5986	181.1750,-2.5165,-0.6018	180.6750,-2.5165,-0.6050	180.1750,-2.5165,-0.6083	179.6750,-2.5165,-0.6115	179.1750,-2.5165,-0.6147	178.6750,-2.5165,-0.6179	178.1750,-2.5045,-0.6211	177.6750,-2.5045,-0.6243	177.6750,-2.5045,-0.7623	178.1750,-2.5045,-0.7591	178.6750,-2.5045,-0.7559	179.1750,-2.5045,-0.7527	179.6750,-2.5045,-0.7495	180.1750,-2.5045,-0.7463	180.6750,-2.5045,-0.7430	181.1750,-2.5045,-0.7398	181.6750,-2.5045,-0.7366	182.1750,-2.5045,-0.7334	182.6750,-2.5045,-0.7302	183.1750,-2.5045,-0.7270	183.6750,-2.5045,-0.7237	184.1750,-2.5045,-0.7205	184.6750,-2.5045,-0.7173	185.1750,-2.5045,-0.7141	185.6750,-2.5045,-0.7109	186.1750,-2.5045,-0.7077	186.6750,-2.5045,-0.7044	187.1750,-2.5045,-0.7012	187.6750,-2.5045,-0.6980	188.1750,-2.5045,-0.6948	188.6750,-2.5045,-0.6916	189.1750,-2.5045,-0.6884	189.6750,-2.5045,-0.6852	190.1750,-2.5045,-0.6819	190.6750,-2.5045,-0.6787	191.0250,-2.5045,-0.6765	191.0250,-2.5045,-0.5385	190.6750,-2.5045,-0.5407	190.1750,-2.5045,-0.5439	189.6750,-2.5045,-0.5472	189.1750,-2.5045,-0.5504	188.6750,-2.5045,-0.5536	188.1750,-2.5045,-0.5568	187.6750,-2.5045,-0.5600	187.1750,-2.5045,-0.5632	186.6750,-2.5045,-0.5664	186.1750,-2.5045,-0.5697	185.6750,-2.5045,-0.5729	185.1750,-2.5045,-0.5761	184.6750,-2.5045,-0.5793	184.1750,-2.5045,-0.5825	183.6750,-2.5045,-0.5857	183.1750,-2.5045,-0.5890	182.6750,-2.5045,-0.5922	182.1750,-2.5045,-0.5954	181.6750,-2.5045,-0.5986	181.1750,-2.5045,-0.6018	180.6750,-2.5045,-0.6050	180.1750,-2.5045,-0.6083	179.6750,-2.5045,-0.6115	179.1750,-2.5045,-0.6147	178.6750,-2.5045,-0.6179
650	塗替塗装-192	塗替塗装						主桁（腹板）	x 175.59〜193.11 G1	塗替塗装範囲詳細図		DWG の図から（測量前）	塗替塗装 x 175.59〜193.11 主桁（腹板） G1	ext_poly	12	191.5750,2.4940,0.8251	191.0750,2.4940,0.8218	191.0750,2.4940,-0.6882	191.5750,2.4940,-0.6849	192.0750,2.4940,-0.6817	192.5750,2.4940,-0.6785	193.0750,2.4940,-0.6753	193.1100,2.4940,-0.6751	193.1100,2.4940,0.8349	193.0750,2.4940,0.8347	192.5750,2.4940,0.8315	192.0750,2.4940,0.8283	191.5750,2.5060,0.8251	191.0750,2.5060,0.8218	191.0750,2.5060,-0.6882	191.5750,2.5060,-0.6849	192.0750,2.5060,-0.6817	192.5750,2.5060,-0.6785	193.0750,2.5060,-0.6753	193.1100,2.5060,-0.6751	193.1100,2.5060,0.8349	193.0750,2.5060,0.8347	192.5750,2.5060,0.8315	192.0750,2.5060,0.8283
651	塗替塗装-193	塗替塗装						主桁（上山形鋼）	x 175.59〜193.11 G1	塗替塗装範囲詳細図		DWG の図から（測量前）	塗替塗装 x 175.59〜193.11 主桁（上山形鋼） G1	ext_poly	12	191.5750,2.5060,0.8251	191.0750,2.5060,0.8218	191.0750,2.5060,0.8068	191.5750,2.5060,0.8101	192.0750,2.5060,0.8133	192.5750,2.5060,0.8165	193.0750,2.5060,0.8197	193.1100,2.5060,0.8199	193.1100,2.5060,0.8349	193.0750,2.5060,0.8347	192.5750,2.5060,0.8315	192.0750,2.5060,0.8283	191.5750,2.6560,0.8251	191.0750,2.6560,0.8218	191.0750,2.6560,0.8068	191.5750,2.6560,0.8101	192.0750,2.6560,0.8133	192.5750,2.6560,0.8165	193.0750,2.6560,0.8197	193.1100,2.6560,0.8199	193.1100,2.6560,0.8349	193.0750,2.6560,0.8347	192.5750,2.6560,0.8315	192.0750,2.6560,0.8283
652	塗替塗装-194	塗替塗装						主桁（上山形鋼）	x 175.59〜193.11 G1	塗替塗装範囲詳細図		DWG の図から（測量前）	塗替塗装 x 175.59〜193.11 主桁（上山形鋼） G1	ext_poly	12	191.5750,2.5060,0.8101	191.0750,2.5060,0.8068	191.0750,2.5060,0.6718	191.5750,2.5060,0.6751	192.0750,2.5060,0.6783	192.5750,2.5060,0.6815	193.0750,2.5060,0.6847	193.1100,2.5060,0.6849	193.1100,2.5060,0.8199	193.0750,2.5060,0.8197	192.5750,2.5060,0.8165	192.0750,2.5060,0.8133	191.5750,2.5210,0.8101	191.0750,2.5210,0.8068	191.0750,2.5210,0.6718	191.5750,2.5210,0.6751	192.0750,2.5210,0.6783	192.5750,2.5210,0.6815	193.0750,2.5210,0.6847	193.1100,2.5210,0.6849	193.1100,2.5210,0.8199	193.0750,2.5210,0.8197	192.5750,2.5210,0.8165	192.0750,2.5210,0.8133
653	塗替塗装-195	塗替塗装						主桁（下山形鋼）	x 175.59〜193.11 G1	塗替塗装範囲詳細図		DWG の図から（測量前）	塗替塗装 x 175.59〜193.11 主桁（下山形鋼） G1	ext_poly	12	191.5750,2.5060,-0.6699	191.0750,2.5060,-0.6732	191.0750,2.5060,-0.6882	191.5750,2.5060,-0.6849	192.0750,2.5060,-0.6817	192.5750,2.5060,-0.6785	193.0750,2.5060,-0.6753	193.1100,2.5060,-0.6751	193.1100,2.5060,-0.6601	193.0750,2.5060,-0.6603	192.5750,2.5060,-0.6635	192.0750,2.5060,-0.6667	191.5750,2.6560,-0.6699	191.0750,2.6560,-0.6732	191.0750,2.6560,-0.6882	191.5750,2.6560,-0.6849	192.0750,2.6560,-0.6817	192.5750,2.6560,-0.6785	193.0750,2.6560,-0.6753	193.1100,2.6560,-0.6751	193.1100,2.6560,-0.6601	193.0750,2.6560,-0.6603	192.5750,2.6560,-0.6635	192.0750,2.6560,-0.6667
654	塗替塗装-196	塗替塗装						主桁（下山形鋼）	x 175.59〜193.11 G1	塗替塗装範囲詳細図		DWG の図から（測量前）	塗替塗装 x 175.59〜193.11 主桁（下山形鋼） G1	ext_poly	12	191.5750,2.5060,-0.5349	191.0750,2.5060,-0.5382	191.0750,2.5060,-0.6732	191.5750,2.5060,-0.6699	192.0750,2.5060,-0.6667	192.5750,2.5060,-0.6635	193.0750,2.5060,-0.6603	193.1100,2.5060,-0.6601	193.1100,2.5060,-0.5251	193.0750,2.5060,-0.5253	192.5750,2.5060,-0.5285	192.0750,2.5060,-0.5317	191.5750,2.5210,-0.5349	191.0750,2.5210,-0.5382	191.0750,2.5210,-0.6732	191.5750,2.5210,-0.6699	192.0750,2.5210,-0.6667	192.5750,2.5210,-0.6635	193.0750,2.5210,-0.6603	193.1100,2.5210,-0.6601	193.1100,2.5210,-0.5251	193.0750,2.5210,-0.5253	192.5750,2.5210,-0.5285	192.0750,2.5210,-0.5317
655	塗替塗装-197	塗替塗装						主桁（上山形鋼）	x 175.59〜193.11 G1	塗替塗装範囲詳細図		DWG の図から（測量前）	塗替塗装 x 175.59〜193.11 主桁（上山形鋼） G1	ext_poly	12	191.5750,2.3440,0.8251	191.0750,2.3440,0.8218	191.0750,2.3440,0.8068	191.5750,2.3440,0.8101	192.0750,2.3440,0.8133	192.5750,2.3440,0.8165	193.0750,2.3440,0.8197	193.1100,2.3440,0.8199	193.1100,2.3440,0.8349	193.0750,2.3440,0.8347	192.5750,2.3440,0.8315	192.0750,2.3440,0.8283	191.5750,2.4940,0.8251	191.0750,2.4940,0.8218	191.0750,2.4940,0.8068	191.5750,2.4940,0.8101	192.0750,2.4940,0.8133	192.5750,2.4940,0.8165	193.0750,2.4940,0.8197	193.1100,2.4940,0.8199	193.1100,2.4940,0.8349	193.0750,2.4940,0.8347	192.5750,2.4940,0.8315	192.0750,2.4940,0.8283
656	塗替塗装-198	塗替塗装						主桁（上山形鋼）	x 175.59〜193.11 G1	塗替塗装範囲詳細図		DWG の図から（測量前）	塗替塗装 x 175.59〜193.11 主桁（上山形鋼） G1	ext_poly	12	191.5750,2.4790,0.8101	191.0750,2.4790,0.8068	191.0750,2.4790,0.6718	191.5750,2.4790,0.6751	192.0750,2.4790,0.6783	192.5750,2.4790,0.6815	193.0750,2.4790,0.6847	193.1100,2.4790,0.6849	193.1100,2.4790,0.8199	193.0750,2.4790,0.8197	192.5750,2.4790,0.8165	192.0750,2.4790,0.8133	191.5750,2.4940,0.8101	191.0750,2.4940,0.8068	191.0750,2.4940,0.6718	191.5750,2.4940,0.6751	192.0750,2.4940,0.6783	192.5750,2.4940,0.6815	193.0750,2.4940,0.6847	193.1100,2.4940,0.6849	193.1100,2.4940,0.8199	193.0750,2.4940,0.8197	192.5750,2.4940,0.8165	192.0750,2.4940,0.8133
657	塗替塗装-199	塗替塗装						主桁（下山形鋼）	x 175.59〜193.11 G1	塗替塗装範囲詳細図		DWG の図から（測量前）	塗替塗装 x 175.59〜193.11 主桁（下山形鋼） G1	ext_poly	12	191.5750,2.3440,-0.6699	191.0750,2.3440,-0.6732	191.0750,2.3440,-0.6882	191.5750,2.3440,-0.6849	192.0750,2.3440,-0.6817	192.5750,2.3440,-0.6785	193.0750,2.3440,-0.6753	193.1100,2.3440,-0.6751	193.1100,2.3440,-0.6601	193.0750,2.3440,-0.6603	192.5750,2.3440,-0.6635	192.0750,2.3440,-0.6667	191.5750,2.4940,-0.6699	191.0750,2.4940,-0.6732	191.0750,2.4940,-0.6882	191.5750,2.4940,-0.6849	192.0750,2.4940,-0.6817	192.5750,2.4940,-0.6785	193.0750,2.4940,-0.6753	193.1100,2.4940,-0.6751	193.1100,2.4940,-0.6601	193.0750,2.4940,-0.6603	192.5750,2.4940,-0.6635	192.0750,2.4940,-0.6667
658	塗替塗装-200	塗替塗装						主桁（下山形鋼）	x 175.59〜193.11 G1	塗替塗装範囲詳細図		DWG の図から（測量前）	塗替塗装 x 175.59〜193.11 主桁（下山形鋼） G1	ext_poly	12	191.5750,2.4790,-0.5349	191.0750,2.4790,-0.5382	191.0750,2.4790,-0.6732	191.5750,2.4790,-0.6699	192.0750,2.4790,-0.6667	192.5750,2.4790,-0.6635	193.0750,2.4790,-0.6603	193.1100,2.4790,-0.6601	193.1100,2.4790,-0.5251	193.0750,2.4790,-0.5253	192.5750,2.4790,-0.5285	192.0750,2.4790,-0.5317	191.5750,2.4940,-0.5349	191.0750,2.4940,-0.5382	191.0750,2.4940,-0.6732	191.5750,2.4940,-0.6699	192.0750,2.4940,-0.6667	192.5750,2.4940,-0.6635	193.0750,2.4940,-0.6603	193.1100,2.4940,-0.6601	193.1100,2.4940,-0.5251	193.0750,2.4940,-0.5253	192.5750,2.4940,-0.5285	192.0750,2.4940,-0.5317
659	塗替塗装-201	塗替塗装						主桁（腹板）	x 175.59〜193.11 G2	塗替塗装範囲詳細図		DWG の図から（測量前）	塗替塗装 x 175.59〜193.11 主桁（腹板） G2	ext_poly	12	191.5750,-2.5060,0.8251	191.0750,-2.5060,0.8218	191.0750,-2.5060,-0.6882	191.5750,-2.5060,-0.6849	192.0750,-2.5060,-0.6817	192.5750,-2.5060,-0.6785	193.0750,-2.5060,-0.6753	193.1100,-2.5060,-0.6751	193.1100,-2.5060,0.8349	193.0750,-2.5060,0.8347	192.5750,-2.5060,0.8315	192.0750,-2.5060,0.8283	191.5750,-2.4940,0.8251	191.0750,-2.4940,0.8218	191.0750,-2.4940,-0.6882	191.5750,-2.4940,-0.6849	192.0750,-2.4940,-0.6817	192.5750,-2.4940,-0.6785	193.0750,-2.4940,-0.6753	193.1100,-2.4940,-0.6751	193.1100,-2.4940,0.8349	193.0750,-2.4940,0.8347	192.5750,-2.4940,0.8315	192.0750,-2.4940,0.8283
660	塗替塗装-202	塗替塗装						主桁（上山形鋼）	x 175.59〜193.11 G2	塗替塗装範囲詳細図		DWG の図から（測量前）	塗替塗装 x 175.59〜193.11 主桁（上山形鋼） G2	ext_poly	12	191.5750,-2.4940,0.8251	191.0750,-2.4940,0.8218	191.0750,-2.4940,0.8068	191.5750,-2.4940,0.8101	192.0750,-2.4940,0.8133	192.5750,-2.4940,0.8165	193.0750,-2.4940,0.8197	193.1100,-2.4940,0.8199	193.1100,-2.4940,0.8349	193.0750,-2.4940,0.8347	192.5750,-2.4940,0.8315	192.0750,-2.4940,0.8283	191.5750,-2.3440,0.8251	191.0750,-2.3440,0.8218	191.0750,-2.3440,0.8068	191.5750,-2.3440,0.8101	192.0750,-2.3440,0.8133	192.5750,-2.3440,0.8165	193.0750,-2.3440,0.8197	193.1100,-2.3440,0.8199	193.1100,-2.3440,0.8349	193.0750,-2.3440,0.8347	192.5750,-2.3440,0.8315	192.0750,-2.3440,0.8283
661	塗替塗装-203	塗替塗装						主桁（上山形鋼）	x 175.59〜193.11 G2	塗替塗装範囲詳細図		DWG の図から（測量前）	塗替塗装 x 175.59〜193.11 主桁（上山形鋼） G2	ext_poly	12	191.5750,-2.4940,0.8101	191.0750,-2.4940,0.8068	191.0750,-2.4940,0.6718	191.5750,-2.4940,0.6751	192.0750,-2.4940,0.6783	192.5750,-2.4940,0.6815	193.0750,-2.4940,0.6847	193.1100,-2.4940,0.6849	193.1100,-2.4940,0.8199	193.0750,-2.4940,0.8197	192.5750,-2.4940,0.8165	192.0750,-2.4940,0.8133	191.5750,-2.4790,0.8101	191.0750,-2.4790,0.8068	191.0750,-2.4790,0.6718	191.5750,-2.4790,0.6751	192.0750,-2.4790,0.6783	192.5750,-2.4790,0.6815	193.0750,-2.4790,0.6847	193.1100,-2.4790,0.6849	193.1100,-2.4790,0.8199	193.0750,-2.4790,0.8197	192.5750,-2.4790,0.8165	192.0750,-2.4790,0.8133
662	塗替塗装-204	塗替塗装						主桁（下山形鋼）	x 175.59〜193.11 G2	塗替塗装範囲詳細図		DWG の図から（測量前）	塗替塗装 x 175.59〜193.11 主桁（下山形鋼） G2	ext_poly	12	191.5750,-2.4940,-0.6699	191.0750,-2.4940,-0.6732	191.0750,-2.4940,-0.6882	191.5750,-2.4940,-0.6849	192.0750,-2.4940,-0.6817	192.5750,-2.4940,-0.6785	193.0750,-2.4940,-0.6753	193.1100,-2.4940,-0.6751	193.1100,-2.4940,-0.6601	193.0750,-2.4940,-0.6603	192.5750,-2.4940,-0.6635	192.0750,-2.4940,-0.6667	191.5750,-2.3440,-0.6699	191.0750,-2.3440,-0.6732	191.0750,-2.3440,-0.6882	191.5750,-2.3440,-0.6849	192.0750,-2.3440,-0.6817	192.5750,-2.3440,-0.6785	193.0750,-2.3440,-0.6753	193.1100,-2.3440,-0.6751	193.1100,-2.3440,-0.6601	193.0750,-2.3440,-0.6603	192.5750,-2.3440,-0.6635	192.0750,-2.3440,-0.6667
663	塗替塗装-205	塗替塗装						主桁（下山形鋼）	x 175.59〜193.11 G2	塗替塗装範囲詳細図		DWG の図から（測量前）	塗替塗装 x 175.59〜193.11 主桁（下山形鋼） G2	ext_poly	12	191.5750,-2.4940,-0.5349	191.0750,-2.4940,-0.5382	191.0750,-2.4940,-0.6732	191.5750,-2.4940,-0.6699	192.0750,-2.4940,-0.6667	192.5750,-2.4940,-0.6635	193.0750,-2.4940,-0.6603	193.1100,-2.4940,-0.6601	193.1100,-2.4940,-0.5251	193.0750,-2.4940,-0.5253	192.5750,-2.4940,-0.5285	192.0750,-2.4940,-0.5317	191.5750,-2.4790,-0.5349	191.0750,-2.4790,-0.5382	191.0750,-2.4790,-0.6732	191.5750,-2.4790,-0.6699	192.0750,-2.4790,-0.6667	192.5750,-2.4790,-0.6635	193.0750,-2.4790,-0.6603	193.1100,-2.4790,-0.6601	193.1100,-2.4790,-0.5251	193.0750,-2.4790,-0.5253	192.5750,-2.4790,-0.5285	192.0750,-2.4790,-0.5317
664	塗替塗装-206	塗替塗装						主桁（上山形鋼）	x 175.59〜193.11 G2	塗替塗装範囲詳細図		DWG の図から（測量前）	塗替塗装 x 175.59〜193.11 主桁（上山形鋼） G2	ext_poly	12	191.5750,-2.6560,0.8251	191.0750,-2.6560,0.8218	191.0750,-2.6560,0.8068	191.5750,-2.6560,0.8101	192.0750,-2.6560,0.8133	192.5750,-2.6560,0.8165	193.0750,-2.6560,0.8197	193.1100,-2.6560,0.8199	193.1100,-2.6560,0.8349	193.0750,-2.6560,0.8347	192.5750,-2.6560,0.8315	192.0750,-2.6560,0.8283	191.5750,-2.5060,0.8251	191.0750,-2.5060,0.8218	191.0750,-2.5060,0.8068	191.5750,-2.5060,0.8101	192.0750,-2.5060,0.8133	192.5750,-2.5060,0.8165	193.0750,-2.5060,0.8197	193.1100,-2.5060,0.8199	193.1100,-2.5060,0.8349	193.0750,-2.5060,0.8347	192.5750,-2.5060,0.8315	192.0750,-2.5060,0.8283
665	塗替塗装-207	塗替塗装						主桁（上山形鋼）	x 175.59〜193.11 G2	塗替塗装範囲詳細図		DWG の図から（測量前）	塗替塗装 x 175.59〜193.11 主桁（上山形鋼） G2	ext_poly	12	191.5750,-2.5210,0.8101	191.0750,-2.5210,0.8068	191.0750,-2.5210,0.6718	191.5750,-2.5210,0.6751	192.0750,-2.5210,0.6783	192.5750,-2.5210,0.6815	193.0750,-2.5210,0.6847	193.1100,-2.5210,0.6849	193.1100,-2.5210,0.8199	193.0750,-2.5210,0.8197	192.5750,-2.5210,0.8165	192.0750,-2.5210,0.8133	191.5750,-2.5060,0.8101	191.0750,-2.5060,0.8068	191.0750,-2.5060,0.6718	191.5750,-2.5060,0.6751	192.0750,-2.5060,0.6783	192.5750,-2.5060,0.6815	193.0750,-2.5060,0.6847	193.1100,-2.5060,0.6849	193.1100,-2.5060,0.8199	193.0750,-2.5060,0.8197	192.5750,-2.5060,0.8165	192.0750,-2.5060,0.8133
666	塗替塗装-208	塗替塗装						主桁（下山形鋼）	x 175.59〜193.11 G2	塗替塗装範囲詳細図		DWG の図から（測量前）	塗替塗装 x 175.59〜193.11 主桁（下山形鋼） G2	ext_poly	12	191.5750,-2.6560,-0.6699	191.0750,-2.6560,-0.6732	191.0750,-2.6560,-0.6882	191.5750,-2.6560,-0.6849	192.0750,-2.6560,-0.6817	192.5750,-2.6560,-0.6785	193.0750,-2.6560,-0.6753	193.1100,-2.6560,-0.6751	193.1100,-2.6560,-0.6601	193.0750,-2.6560,-0.6603	192.5750,-2.6560,-0.6635	192.0750,-2.6560,-0.6667	191.5750,-2.5060,-0.6699	191.0750,-2.5060,-0.6732	191.0750,-2.5060,-0.6882	191.5750,-2.5060,-0.6849	192.0750,-2.5060,-0.6817	192.5750,-2.5060,-0.6785	193.0750,-2.5060,-0.6753	193.1100,-2.5060,-0.6751	193.1100,-2.5060,-0.6601	193.0750,-2.5060,-0.6603	192.5750,-2.5060,-0.6635	192.0750,-2.5060,-0.6667
667	塗替塗装-209	塗替塗装						主桁（下山形鋼）	x 175.59〜193.11 G2	塗替塗装範囲詳細図		DWG の図から（測量前）	塗替塗装 x 175.59〜193.11 主桁（下山形鋼） G2	ext_poly	12	191.5750,-2.5210,-0.5349	191.0750,-2.5210,-0.5382	191.0750,-2.5210,-0.6732	191.5750,-2.5210,-0.6699	192.0750,-2.5210,-0.6667	192.5750,-2.5210,-0.6635	193.0750,-2.5210,-0.6603	193.1100,-2.5210,-0.6601	193.1100,-2.5210,-0.5251	193.0750,-2.5210,-0.5253	192.5750,-2.5210,-0.5285	192.0750,-2.5210,-0.5317	191.5750,-2.5060,-0.5349	191.0750,-2.5060,-0.5382	191.0750,-2.5060,-0.6732	191.5750,-2.5060,-0.6699	192.0750,-2.5060,-0.6667	192.5750,-2.5060,-0.6635	193.0750,-2.5060,-0.6603	193.1100,-2.5060,-0.6601	193.1100,-2.5060,-0.5251	193.0750,-2.5060,-0.5253	192.5750,-2.5060,-0.5285	192.0750,-2.5060,-0.5317
668	塗替塗装-210	塗替塗装						中間部横桁	x 175.59〜193.11 x 177.32	塗替塗装範囲詳細図		DWG の図から（測量前）	塗替塗装 x 175.59〜193.11 横桁 x 177.30	ext_poly	4	177.3205,-2.4935,0.5204	177.3295,-2.4935,0.5204	177.3295,2.4935,0.5204	177.3205,2.4935,0.5204	177.3205,-2.4935,-0.2396	177.3295,-2.4935,-0.2396	177.3295,2.4935,-0.2396	177.3205,2.4935,-0.2396
669	塗替塗装-211	塗替塗装						中間部横桁	x 175.59〜193.11 x 177.37	塗替塗装範囲詳細図		DWG の図から（測量前）	塗替塗装 x 175.59〜193.11 横桁 x 177.40	ext_poly	4	177.3295,-2.4935,0.5204	177.4195,-2.4935,0.5204	177.4195,2.4935,0.5204	177.3295,2.4935,0.5204	177.3295,-2.4935,0.5104	177.4195,-2.4935,0.5104	177.4195,2.4935,0.5104	177.3295,2.4935,0.5104
670	塗替塗装-212	塗替塗装						中間部横桁	x 175.59〜193.11 x 177.33	塗替塗装範囲詳細図		DWG の図から（測量前）	塗替塗装 x 175.59〜193.11 横桁 x 177.30	ext_poly	4	177.3295,-2.4935,0.5204	177.3395,-2.4935,0.5204	177.3395,2.4935,0.5204	177.3295,2.4935,0.5204	177.3295,-2.4935,0.4304	177.3395,-2.4935,0.4304	177.3395,2.4935,0.4304	177.3295,2.4935,0.4304
671	塗替塗装-213	塗替塗装						中間部横桁	x 175.59〜193.11 x 177.37	塗替塗装範囲詳細図		DWG の図から（測量前）	塗替塗装 x 175.59〜193.11 横桁 x 177.40	ext_poly	4	177.3295,-2.4935,-0.2296	177.4195,-2.4935,-0.2296	177.4195,2.4935,-0.2296	177.3295,2.4935,-0.2296	177.3295,-2.4935,-0.2396	177.4195,-2.4935,-0.2396	177.4195,2.4935,-0.2396	177.3295,2.4935,-0.2396
672	塗替塗装-214	塗替塗装						中間部横桁	x 175.59〜193.11 x 177.33	塗替塗装範囲詳細図		DWG の図から（測量前）	塗替塗装 x 175.59〜193.11 横桁 x 177.30	ext_poly	4	177.3295,-2.4935,-0.1496	177.3395,-2.4935,-0.1496	177.3395,2.4935,-0.1496	177.3295,2.4935,-0.1496	177.3295,-2.4935,-0.2396	177.3395,-2.4935,-0.2396	177.3395,2.4935,-0.2396	177.3295,2.4935,-0.2396
673	塗替塗装-215	塗替塗装						中間部横桁	x 175.59〜193.11 x 177.28	塗替塗装範囲詳細図		DWG の図から（測量前）	塗替塗装 x 175.59〜193.11 横桁 x 177.30	ext_poly	4	177.2305,-2.4935,0.5204	177.3205,-2.4935,0.5204	177.3205,2.4935,0.5204	177.2305,2.4935,0.5204	177.2305,-2.4935,0.5104	177.3205,-2.4935,0.5104	177.3205,2.4935,0.5104	177.2305,2.4935,0.5104
674	塗替塗装-216	塗替塗装						中間部横桁	x 175.59〜193.11 x 177.32	塗替塗装範囲詳細図		DWG の図から（測量前）	塗替塗装 x 175.59〜193.11 横桁 x 177.30	ext_poly	4	177.3105,-2.4935,0.5204	177.3205,-2.4935,0.5204	177.3205,2.4935,0.5204	177.3105,2.4935,0.5204	177.3105,-2.4935,0.4304	177.3205,-2.4935,0.4304	177.3205,2.4935,0.4304	177.3105,2.4935,0.4304
675	塗替塗装-217	塗替塗装						中間部横桁	x 175.59〜193.11 x 177.28	塗替塗装範囲詳細図		DWG の図から（測量前）	塗替塗装 x 175.59〜193.11 横桁 x 177.30	ext_poly	4	177.2305,-2.4935,-0.2296	177.3205,-2.4935,-0.2296	177.3205,2.4935,-0.2296	177.2305,2.4935,-0.2296	177.2305,-2.4935,-0.2396	177.3205,-2.4935,-0.2396	177.3205,2.4935,-0.2396	177.2305,2.4935,-0.2396
676	塗替塗装-218	塗替塗装						中間部横桁	x 175.59〜193.11 x 177.32	塗替塗装範囲詳細図		DWG の図から（測量前）	塗替塗装 x 175.59〜193.11 横桁 x 177.30	ext_poly	4	177.3105,-2.4935,-0.1496	177.3205,-2.4935,-0.1496	177.3205,2.4935,-0.1496	177.3105,2.4935,-0.1496	177.3105,-2.4935,-0.2396	177.3205,-2.4935,-0.2396	177.3205,2.4935,-0.2396	177.3105,2.4935,-0.2396
677	塗替塗装-219	塗替塗装						中間部横桁	x 175.59〜193.11 x 177.95	塗替塗装範囲詳細図		DWG の図から（測量前）	塗替塗装 x 175.59〜193.11 横桁 x 178.00	ext_poly	4	177.9455,-2.4935,0.5244	177.9545,-2.4935,0.5244	177.9545,2.4935,0.5244	177.9455,2.4935,0.5244	177.9455,-2.4935,-0.2356	177.9545,-2.4935,-0.2356	177.9545,2.4935,-0.2356	177.9455,2.4935,-0.2356
678	塗替塗装-220	塗替塗装						中間部横桁	x 175.59〜193.11 x 178.00	塗替塗装範囲詳細図		DWG の図から（測量前）	塗替塗装 x 175.59〜193.11 横桁 x 178.00	ext_poly	4	177.9545,-2.4935,0.5244	178.0445,-2.4935,0.5244	178.0445,2.4935,0.5244	177.9545,2.4935,0.5244	177.9545,-2.4935,0.5144	178.0445,-2.4935,0.5144	178.0445,2.4935,0.5144	177.9545,2.4935,0.5144
679	塗替塗装-221	塗替塗装						中間部横桁	x 175.59〜193.11 x 177.96	塗替塗装範囲詳細図		DWG の図から（測量前）	塗替塗装 x 175.59〜193.11 横桁 x 178.00	ext_poly	4	177.9545,-2.4935,0.5244	177.9645,-2.4935,0.5244	177.9645,2.4935,0.5244	177.9545,2.4935,0.5244	177.9545,-2.4935,0.4344	177.9645,-2.4935,0.4344	177.9645,2.4935,0.4344	177.9545,2.4935,0.4344
680	塗替塗装-222	塗替塗装						中間部横桁	x 175.59〜193.11 x 178.00	塗替塗装範囲詳細図		DWG の図から（測量前）	塗替塗装 x 175.59〜193.11 横桁 x 178.00	ext_poly	4	177.9545,-2.4935,-0.2256	178.0445,-2.4935,-0.2256	178.0445,2.4935,-0.2256	177.9545,2.4935,-0.2256	177.9545,-2.4935,-0.2356	178.0445,-2.4935,-0.2356	178.0445,2.4935,-0.2356	177.9545,2.4935,-0.2356
681	塗替塗装-223	塗替塗装						中間部横桁	x 175.59〜193.11 x 177.96	塗替塗装範囲詳細図		DWG の図から（測量前）	塗替塗装 x 175.59〜193.11 横桁 x 178.00	ext_poly	4	177.9545,-2.4935,-0.1456	177.9645,-2.4935,-0.1456	177.9645,2.4935,-0.1456	177.9545,2.4935,-0.1456	177.9545,-2.4935,-0.2356	177.9645,-2.4935,-0.2356	177.9645,2.4935,-0.2356	177.9545,2.4935,-0.2356
682	塗替塗装-224	塗替塗装						中間部横桁	x 175.59〜193.11 x 177.90	塗替塗装範囲詳細図		DWG の図から（測量前）	塗替塗装 x 175.59〜193.11 横桁 x 177.90	ext_poly	4	177.8555,-2.4935,0.5244	177.9455,-2.4935,0.5244	177.9455,2.4935,0.5244	177.8555,2.4935,0.5244	177.8555,-2.4935,0.5144	177.9455,-2.4935,0.5144	177.9455,2.4935,0.5144	177.8555,2.4935,0.5144
683	塗替塗装-225	塗替塗装						中間部横桁	x 175.59〜193.11 x 177.94	塗替塗装範囲詳細図		DWG の図から（測量前）	塗替塗装 x 175.59〜193.11 横桁 x 177.90	ext_poly	4	177.9355,-2.4935,0.5244	177.9455,-2.4935,0.5244	177.9455,2.4935,0.5244	177.9355,2.4935,0.5244	177.9355,-2.4935,0.4344	177.9455,-2.4935,0.4344	177.9455,2.4935,0.4344	177.9355,2.4935,0.4344
684	塗替塗装-226	塗替塗装						中間部横桁	x 175.59〜193.11 x 177.90	塗替塗装範囲詳細図		DWG の図から（測量前）	塗替塗装 x 175.59〜193.11 横桁 x 177.90	ext_poly	4	177.8555,-2.4935,-0.2256	177.9455,-2.4935,-0.2256	177.9455,2.4935,-0.2256	177.8555,2.4935,-0.2256	177.8555,-2.4935,-0.2356	177.9455,-2.4935,-0.2356	177.9455,2.4935,-0.2356	177.8555,2.4935,-0.2356
685	塗替塗装-227	塗替塗装						中間部横桁	x 175.59〜193.11 x 177.94	塗替塗装範囲詳細図		DWG の図から（測量前）	塗替塗装 x 175.59〜193.11 横桁 x 177.90	ext_poly	4	177.9355,-2.4935,-0.1456	177.9455,-2.4935,-0.1456	177.9455,2.4935,-0.1456	177.9355,2.4935,-0.1456	177.9355,-2.4935,-0.2356	177.9455,-2.4935,-0.2356	177.9455,2.4935,-0.2356	177.9355,2.4935,-0.2356
686	塗替塗装-228	塗替塗装						中間部横桁	x 175.59〜193.11 x 181.15	塗替塗装範囲詳細図		DWG の図から（測量前）	塗替塗装 x 175.59〜193.11 横桁 x 181.20	ext_poly	4	181.1455,-2.4935,0.5450	181.1545,-2.4935,0.5450	181.1545,2.4935,0.5450	181.1455,2.4935,0.5450	181.1455,-2.4935,-0.2150	181.1545,-2.4935,-0.2150	181.1545,2.4935,-0.2150	181.1455,2.4935,-0.2150
687	塗替塗装-229	塗替塗装						中間部横桁	x 175.59〜193.11 x 181.20	塗替塗装範囲詳細図		DWG の図から（測量前）	塗替塗装 x 175.59〜193.11 横桁 x 181.20	ext_poly	4	181.1545,-2.4935,0.5450	181.2445,-2.4935,0.5450	181.2445,2.4935,0.5450	181.1545,2.4935,0.5450	181.1545,-2.4935,0.5350	181.2445,-2.4935,0.5350	181.2445,2.4935,0.5350	181.1545,2.4935,0.5350
688	塗替塗装-230	塗替塗装						中間部横桁	x 175.59〜193.11 x 181.16	塗替塗装範囲詳細図		DWG の図から（測量前）	塗替塗装 x 175.59〜193.11 横桁 x 181.20	ext_poly	4	181.1545,-2.4935,0.5450	181.1645,-2.4935,0.5450	181.1645,2.4935,0.5450	181.1545,2.4935,0.5450	181.1545,-2.4935,0.4550	181.1645,-2.4935,0.4550	181.1645,2.4935,0.4550	181.1545,2.4935,0.4550
689	塗替塗装-231	塗替塗装						中間部横桁	x 175.59〜193.11 x 181.20	塗替塗装範囲詳細図		DWG の図から（測量前）	塗替塗装 x 175.59〜193.11 横桁 x 181.20	ext_poly	4	181.1545,-2.4935,-0.2050	181.2445,-2.4935,-0.2050	181.2445,2.4935,-0.2050	181.1545,2.4935,-0.2050	181.1545,-2.4935,-0.2150	181.2445,-2.4935,-0.2150	181.2445,2.4935,-0.2150	181.1545,2.4935,-0.2150
690	塗替塗装-232	塗替塗装						中間部横桁	x 175.59〜193.11 x 181.16	塗替塗装範囲詳細図		DWG の図から（測量前）	塗替塗装 x 175.59〜193.11 横桁 x 181.20	ext_poly	4	181.1545,-2.4935,-0.1250	181.1645,-2.4935,-0.1250	181.1645,2.4935,-0.1250	181.1545,2.4935,-0.1250	181.1545,-2.4935,-0.2150	181.1645,-2.4935,-0.2150	181.1645,2.4935,-0.2150	181.1545,2.4935,-0.2150
691	塗替塗装-233	塗替塗装						中間部横桁	x 175.59〜193.11 x 181.10	塗替塗装範囲詳細図		DWG の図から（測量前）	塗替塗装 x 175.59〜193.11 横桁 x 181.10	ext_poly	4	181.0555,-2.4935,0.5450	181.1455,-2.4935,0.5450	181.1455,2.4935,0.5450	181.0555,2.4935,0.5450	181.0555,-2.4935,0.5350	181.1455,-2.4935,0.5350	181.1455,2.4935,0.5350	181.0555,2.4935,0.5350
692	塗替塗装-234	塗替塗装						中間部横桁	x 175.59〜193.11 x 181.14	塗替塗装範囲詳細図		DWG の図から（測量前）	塗替塗装 x 175.59〜193.11 横桁 x 181.10	ext_poly	4	181.1355,-2.4935,0.5450	181.1455,-2.4935,0.5450	181.1455,2.4935,0.5450	181.1355,2.4935,0.5450	181.1355,-2.4935,0.4550	181.1455,-2.4935,0.4550	181.1455,2.4935,0.4550	181.1355,2.4935,0.4550
693	塗替塗装-235	塗替塗装						中間部横桁	x 175.59〜193.11 x 181.10	塗替塗装範囲詳細図		DWG の図から（測量前）	塗替塗装 x 175.59〜193.11 横桁 x 181.10	ext_poly	4	181.0555,-2.4935,-0.2050	181.1455,-2.4935,-0.2050	181.1455,2.4935,-0.2050	181.0555,2.4935,-0.2050	181.0555,-2.4935,-0.2150	181.1455,-2.4935,-0.2150	181.1455,2.4935,-0.2150	181.0555,2.4935,-0.2150
694	塗替塗装-236	塗替塗装						中間部横桁	x 175.59〜193.11 x 181.14	塗替塗装範囲詳細図		DWG の図から（測量前）	塗替塗装 x 175.59〜193.11 横桁 x 181.10	ext_poly	4	181.1355,-2.4935,-0.1250	181.1455,-2.4935,-0.1250	181.1455,2.4935,-0.1250	181.1355,2.4935,-0.1250	181.1355,-2.4935,-0.2150	181.1455,-2.4935,-0.2150	181.1455,2.4935,-0.2150	181.1355,2.4935,-0.2150
695	塗替塗装-237	塗替塗装						中間部横桁	x 175.59〜193.11 x 184.35	塗替塗装範囲詳細図		DWG の図から（測量前）	塗替塗装 x 175.59〜193.11 横桁 x 184.40	ext_poly	4	184.3455,-2.4935,0.5656	184.3545,-2.4935,0.5656	184.3545,2.4935,0.5656	184.3455,2.4935,0.5656	184.3455,-2.4935,-0.1944	184.3545,-2.4935,-0.1944	184.3545,2.4935,-0.1944	184.3455,2.4935,-0.1944
696	塗替塗装-238	塗替塗装						中間部横桁	x 175.59〜193.11 x 184.40	塗替塗装範囲詳細図		DWG の図から（測量前）	塗替塗装 x 175.59〜193.11 横桁 x 184.40	ext_poly	4	184.3545,-2.4935,0.5656	184.4445,-2.4935,0.5656	184.4445,2.4935,0.5656	184.3545,2.4935,0.5656	184.3545,-2.4935,0.5556	184.4445,-2.4935,0.5556	184.4445,2.4935,0.5556	184.3545,2.4935,0.5556
697	塗替塗装-239	塗替塗装						中間部横桁	x 175.59〜193.11 x 184.36	塗替塗装範囲詳細図		DWG の図から（測量前）	塗替塗装 x 175.59〜193.11 横桁 x 184.40	ext_poly	4	184.3545,-2.4935,0.5656	184.3645,-2.4935,0.5656	184.3645,2.4935,0.5656	184.3545,2.4935,0.5656	184.3545,-2.4935,0.4756	184.3645,-2.4935,0.4756	184.3645,2.4935,0.4756	184.3545,2.4935,0.4756
698	塗替塗装-240	塗替塗装						中間部横桁	x 175.59〜193.11 x 184.40	塗替塗装範囲詳細図		DWG の図から（測量前）	塗替塗装 x 175.59〜193.11 横桁 x 184.40	ext_poly	4	184.3545,-2.4935,-0.1844	184.4445,-2.4935,-0.1844	184.4445,2.4935,-0.1844	184.3545,2.4935,-0.1844	184.3545,-2.4935,-0.1944	184.4445,-2.4935,-0.1944	184.4445,2.4935,-0.1944	184.3545,2.4935,-0.1944
699	塗替塗装-241	塗替塗装						中間部横桁	x 175.59〜193.11 x 184.36	塗替塗装範囲詳細図		DWG の図から（測量前）	塗替塗装 x 175.59〜193.11 横桁 x 184.40	ext_poly	4	184.3545,-2.4935,-0.1044	184.3645,-2.4935,-0.1044	184.3645,2.4935,-0.1044	184.3545,2.4935,-0.1044	184.3545,-2.4935,-0.1944	184.3645,-2.4935,-0.1944	184.3645,2.4935,-0.1944	184.3545,2.4935,-0.1944
700	塗替塗装-242	塗替塗装						中間部横桁	x 175.59〜193.11 x 184.30	塗替塗装範囲詳細図		DWG の図から（測量前）	塗替塗装 x 175.59〜193.11 横桁 x 184.30	ext_poly	4	184.2555,-2.4935,0.5656	184.3455,-2.4935,0.5656	184.3455,2.4935,0.5656	184.2555,2.4935,0.5656	184.2555,-2.4935,0.5556	184.3455,-2.4935,0.5556	184.3455,2.4935,0.5556	184.2555,2.4935,0.5556
701	塗替塗装-243	塗替塗装						中間部横桁	x 175.59〜193.11 x 184.34	塗替塗装範囲詳細図		DWG の図から（測量前）	塗替塗装 x 175.59〜193.11 横桁 x 184.30	ext_poly	4	184.3355,-2.4935,0.5656	184.3455,-2.4935,0.5656	184.3455,2.4935,0.5656	184.3355,2.4935,0.5656	184.3355,-2.4935,0.4756	184.3455,-2.4935,0.4756	184.3455,2.4935,0.4756	184.3355,2.4935,0.4756
702	塗替塗装-244	塗替塗装						中間部横桁	x 175.59〜193.11 x 184.30	塗替塗装範囲詳細図		DWG の図から（測量前）	塗替塗装 x 175.59〜193.11 横桁 x 184.30	ext_poly	4	184.2555,-2.4935,-0.1844	184.3455,-2.4935,-0.1844	184.3455,2.4935,-0.1844	184.2555,2.4935,-0.1844	184.2555,-2.4935,-0.1944	184.3455,-2.4935,-0.1944	184.3455,2.4935,-0.1944	184.2555,2.4935,-0.1944
703	塗替塗装-245	塗替塗装						中間部横桁	x 175.59〜193.11 x 184.34	塗替塗装範囲詳細図		DWG の図から（測量前）	塗替塗装 x 175.59〜193.11 横桁 x 184.30	ext_poly	4	184.3355,-2.4935,-0.1044	184.3455,-2.4935,-0.1044	184.3455,2.4935,-0.1044	184.3355,2.4935,-0.1044	184.3355,-2.4935,-0.1944	184.3455,-2.4935,-0.1944	184.3455,2.4935,-0.1944	184.3355,2.4935,-0.1944
704	塗替塗装-246	塗替塗装						中間部横桁	x 175.59〜193.11 x 187.55	塗替塗装範囲詳細図		DWG の図から（測量前）	塗替塗装 x 175.59〜193.11 横桁 x 187.60	ext_poly	4	187.5455,-2.4935,0.5862	187.5545,-2.4935,0.5862	187.5545,2.4935,0.5862	187.5455,2.4935,0.5862	187.5455,-2.4935,-0.1738	187.5545,-2.4935,-0.1738	187.5545,2.4935,-0.1738	187.5455,2.4935,-0.1738
705	塗替塗装-247	塗替塗装						中間部横桁	x 175.59〜193.11 x 187.60	塗替塗装範囲詳細図		DWG の図から（測量前）	塗替塗装 x 175.59〜193.11 横桁 x 187.60	ext_poly	4	187.5545,-2.4935,0.5862	187.6445,-2.4935,0.5862	187.6445,2.4935,0.5862	187.5545,2.4935,0.5862	187.5545,-2.4935,0.5762	187.6445,-2.4935,0.5762	187.6445,2.4935,0.5762	187.5545,2.4935,0.5762
706	塗替塗装-248	塗替塗装						中間部横桁	x 175.59〜193.11 x 187.56	塗替塗装範囲詳細図		DWG の図から（測量前）	塗替塗装 x 175.59〜193.11 横桁 x 187.60	ext_poly	4	187.5545,-2.4935,0.5862	187.5645,-2.4935,0.5862	187.5645,2.4935,0.5862	187.5545,2.4935,0.5862	187.5545,-2.4935,0.4962	187.5645,-2.4935,0.4962	187.5645,2.4935,0.4962	187.5545,2.4935,0.4962
707	塗替塗装-249	塗替塗装						中間部横桁	x 175.59〜193.11 x 187.60	塗替塗装範囲詳細図		DWG の図から（測量前）	塗替塗装 x 175.59〜193.11 横桁 x 187.60	ext_poly	4	187.5545,-2.4935,-0.1638	187.6445,-2.4935,-0.1638	187.6445,2.4935,-0.1638	187.5545,2.4935,-0.1638	187.5545,-2.4935,-0.1738	187.6445,-2.4935,-0.1738	187.6445,2.4935,-0.1738	187.5545,2.4935,-0.1738
708	塗替塗装-250	塗替塗装						中間部横桁	x 175.59〜193.11 x 187.56	塗替塗装範囲詳細図		DWG の図から（測量前）	塗替塗装 x 175.59〜193.11 横桁 x 187.60	ext_poly	4	187.5545,-2.4935,-0.0838	187.5645,-2.4935,-0.0838	187.5645,2.4935,-0.0838	187.5545,2.4935,-0.0838	187.5545,-2.4935,-0.1738	187.5645,-2.4935,-0.1738	187.5645,2.4935,-0.1738	187.5545,2.4935,-0.1738
709	塗替塗装-251	塗替塗装						中間部横桁	x 175.59〜193.11 x 187.50	塗替塗装範囲詳細図		DWG の図から（測量前）	塗替塗装 x 175.59〜193.11 横桁 x 187.50	ext_poly	4	187.4555,-2.4935,0.5862	187.5455,-2.4935,0.5862	187.5455,2.4935,0.5862	187.4555,2.4935,0.5862	187.4555,-2.4935,0.5762	187.5455,-2.4935,0.5762	187.5455,2.4935,0.5762	187.4555,2.4935,0.5762
710	塗替塗装-252	塗替塗装						中間部横桁	x 175.59〜193.11 x 187.54	塗替塗装範囲詳細図		DWG の図から（測量前）	塗替塗装 x 175.59〜193.11 横桁 x 187.50	ext_poly	4	187.5355,-2.4935,0.5862	187.5455,-2.4935,0.5862	187.5455,2.4935,0.5862	187.5355,2.4935,0.5862	187.5355,-2.4935,0.4962	187.5455,-2.4935,0.4962	187.5455,2.4935,0.4962	187.5355,2.4935,0.4962
711	塗替塗装-253	塗替塗装						中間部横桁	x 175.59〜193.11 x 187.50	塗替塗装範囲詳細図		DWG の図から（測量前）	塗替塗装 x 175.59〜193.11 横桁 x 187.50	ext_poly	4	187.4555,-2.4935,-0.1638	187.5455,-2.4935,-0.1638	187.5455,2.4935,-0.1638	187.4555,2.4935,-0.1638	187.4555,-2.4935,-0.1738	187.5455,-2.4935,-0.1738	187.5455,2.4935,-0.1738	187.4555,2.4935,-0.1738
712	塗替塗装-254	塗替塗装						中間部横桁	x 175.59〜193.11 x 187.54	塗替塗装範囲詳細図		DWG の図から（測量前）	塗替塗装 x 175.59〜193.11 横桁 x 187.50	ext_poly	4	187.5355,-2.4935,-0.0838	187.5455,-2.4935,-0.0838	187.5455,2.4935,-0.0838	187.5355,2.4935,-0.0838	187.5355,-2.4935,-0.1738	187.5455,-2.4935,-0.1738	187.5455,2.4935,-0.1738	187.5355,2.4935,-0.1738
713	塗替塗装-255	塗替塗装						中間部横桁	x 175.59〜193.11 x 190.75	塗替塗装範囲詳細図		DWG の図から（測量前）	塗替塗装 x 175.59〜193.11 横桁 x 190.80	ext_poly	4	190.7455,-2.4935,0.6068	190.7545,-2.4935,0.6068	190.7545,2.4935,0.6068	190.7455,2.4935,0.6068	190.7455,-2.4935,-0.1532	190.7545,-2.4935,-0.1532	190.7545,2.4935,-0.1532	190.7455,2.4935,-0.1532
714	塗替塗装-256	塗替塗装						中間部横桁	x 175.59〜193.11 x 190.80	塗替塗装範囲詳細図		DWG の図から（測量前）	塗替塗装 x 175.59〜193.11 横桁 x 190.80	ext_poly	4	190.7545,-2.4935,0.6068	190.8445,-2.4935,0.6068	190.8445,2.4935,0.6068	190.7545,2.4935,0.6068	190.7545,-2.4935,0.5968	190.8445,-2.4935,0.5968	190.8445,2.4935,0.5968	190.7545,2.4935,0.5968
715	塗替塗装-257	塗替塗装						中間部横桁	x 175.59〜193.11 x 190.76	塗替塗装範囲詳細図		DWG の図から（測量前）	塗替塗装 x 175.59〜193.11 横桁 x 190.80	ext_poly	4	190.7545,-2.4935,0.6068	190.7645,-2.4935,0.6068	190.7645,2.4935,0.6068	190.7545,2.4935,0.6068	190.7545,-2.4935,0.5168	190.7645,-2.4935,0.5168	190.7645,2.4935,0.5168	190.7545,2.4935,0.5168
716	塗替塗装-258	塗替塗装						中間部横桁	x 175.59〜193.11 x 190.80	塗替塗装範囲詳細図		DWG の図から（測量前）	塗替塗装 x 175.59〜193.11 横桁 x 190.80	ext_poly	4	190.7545,-2.4935,-0.1432	190.8445,-2.4935,-0.1432	190.8445,2.4935,-0.1432	190.7545,2.4935,-0.1432	190.7545,-2.4935,-0.1532	190.8445,-2.4935,-0.1532	190.8445,2.4935,-0.1532	190.7545,2.4935,-0.1532
717	塗替塗装-259	塗替塗装						中間部横桁	x 175.59〜193.11 x 190.76	塗替塗装範囲詳細図		DWG の図から（測量前）	塗替塗装 x 175.59〜193.11 横桁 x 190.80	ext_poly	4	190.7545,-2.4935,-0.0632	190.7645,-2.4935,-0.0632	190.7645,2.4935,-0.0632	190.7545,2.4935,-0.0632	190.7545,-2.4935,-0.1532	190.7645,-2.4935,-0.1532	190.7645,2.4935,-0.1532	190.7545,2.4935,-0.1532
718	塗替塗装-260	塗替塗装						中間部横桁	x 175.59〜193.11 x 190.70	塗替塗装範囲詳細図		DWG の図から（測量前）	塗替塗装 x 175.59〜193.11 横桁 x 190.70	ext_poly	4	190.6555,-2.4935,0.6068	190.7455,-2.4935,0.6068	190.7455,2.4935,0.6068	190.6555,2.4935,0.6068	190.6555,-2.4935,0.5968	190.7455,-2.4935,0.5968	190.7455,2.4935,0.5968	190.6555,2.4935,0.5968
719	塗替塗装-261	塗替塗装						中間部横桁	x 175.59〜193.11 x 190.74	塗替塗装範囲詳細図		DWG の図から（測量前）	塗替塗装 x 175.59〜193.11 横桁 x 190.70	ext_poly	4	190.7355,-2.4935,0.6068	190.7455,-2.4935,0.6068	190.7455,2.4935,0.6068	190.7355,2.4935,0.6068	190.7355,-2.4935,0.5168	190.7455,-2.4935,0.5168	190.7455,2.4935,0.5168	190.7355,2.4935,0.5168
720	塗替塗装-262	塗替塗装						中間部横桁	x 175.59〜193.11 x 190.70	塗替塗装範囲詳細図		DWG の図から（測量前）	塗替塗装 x 175.59〜193.11 横桁 x 190.70	ext_poly	4	190.6555,-2.4935,-0.1432	190.7455,-2.4935,-0.1432	190.7455,2.4935,-0.1432	190.6555,2.4935,-0.1432	190.6555,-2.4935,-0.1532	190.7455,-2.4935,-0.1532	190.7455,2.4935,-0.1532	190.6555,2.4935,-0.1532
721	塗替塗装-263	塗替塗装						中間部横桁	x 175.59〜193.11 x 190.74	塗替塗装範囲詳細図		DWG の図から（測量前）	塗替塗装 x 175.59〜193.11 横桁 x 190.70	ext_poly	4	190.7355,-2.4935,-0.0632	190.7455,-2.4935,-0.0632	190.7455,2.4935,-0.0632	190.7355,2.4935,-0.0632	190.7355,-2.4935,-0.1532	190.7455,-2.4935,-0.1532	190.7455,2.4935,-0.1532	190.7355,2.4935,-0.1532
722	塗替塗装-264	塗替塗装						中間部横桁	x 175.59〜193.11 x 191.38	塗替塗装範囲詳細図		DWG の図から（測量前）	塗替塗装 x 175.59〜193.11 横桁 x 191.40	ext_poly	4	191.3705,-2.4935,0.6108	191.3795,-2.4935,0.6108	191.3795,2.4935,0.6108	191.3705,2.4935,0.6108	191.3705,-2.4935,-0.1492	191.3795,-2.4935,-0.1492	191.3795,2.4935,-0.1492	191.3705,2.4935,-0.1492
723	塗替塗装-265	塗替塗装						中間部横桁	x 175.59〜193.11 x 191.42	塗替塗装範囲詳細図		DWG の図から（測量前）	塗替塗装 x 175.59〜193.11 横桁 x 191.40	ext_poly	4	191.3795,-2.4935,0.6108	191.4695,-2.4935,0.6108	191.4695,2.4935,0.6108	191.3795,2.4935,0.6108	191.3795,-2.4935,0.6008	191.4695,-2.4935,0.6008	191.4695,2.4935,0.6008	191.3795,2.4935,0.6008
724	塗替塗装-266	塗替塗装						中間部横桁	x 175.59〜193.11 x 191.38	塗替塗装範囲詳細図		DWG の図から（測量前）	塗替塗装 x 175.59〜193.11 横桁 x 191.40	ext_poly	4	191.3795,-2.4935,0.6108	191.3895,-2.4935,0.6108	191.3895,2.4935,0.6108	191.3795,2.4935,0.6108	191.3795,-2.4935,0.5208	191.3895,-2.4935,0.5208	191.3895,2.4935,0.5208	191.3795,2.4935,0.5208
725	塗替塗装-267	塗替塗装						中間部横桁	x 175.59〜193.11 x 191.42	塗替塗装範囲詳細図		DWG の図から（測量前）	塗替塗装 x 175.59〜193.11 横桁 x 191.40	ext_poly	4	191.3795,-2.4935,-0.1392	191.4695,-2.4935,-0.1392	191.4695,2.4935,-0.1392	191.3795,2.4935,-0.1392	191.3795,-2.4935,-0.1492	191.4695,-2.4935,-0.1492	191.4695,2.4935,-0.1492	191.3795,2.4935,-0.1492
726	塗替塗装-268	塗替塗装						中間部横桁	x 175.59〜193.11 x 191.38	塗替塗装範囲詳細図		DWG の図から（測量前）	塗替塗装 x 175.59〜193.11 横桁 x 191.40	ext_poly	4	191.3795,-2.4935,-0.0592	191.3895,-2.4935,-0.0592	191.3895,2.4935,-0.0592	191.3795,2.4935,-0.0592	191.3795,-2.4935,-0.1492	191.3895,-2.4935,-0.1492	191.3895,2.4935,-0.1492	191.3795,2.4935,-0.1492
727	塗替塗装-269	塗替塗装						中間部横桁	x 175.59〜193.11 x 191.33	塗替塗装範囲詳細図		DWG の図から（測量前）	塗替塗装 x 175.59〜193.11 横桁 x 191.30	ext_poly	4	191.2805,-2.4935,0.6108	191.3705,-2.4935,0.6108	191.3705,2.4935,0.6108	191.2805,2.4935,0.6108	191.2805,-2.4935,0.6008	191.3705,-2.4935,0.6008	191.3705,2.4935,0.6008	191.2805,2.4935,0.6008
728	塗替塗装-270	塗替塗装						中間部横桁	x 175.59〜193.11 x 191.37	塗替塗装範囲詳細図		DWG の図から（測量前）	塗替塗装 x 175.59〜193.11 横桁 x 191.40	ext_poly	4	191.3605,-2.4935,0.6108	191.3705,-2.4935,0.6108	191.3705,2.4935,0.6108	191.3605,2.4935,0.6108	191.3605,-2.4935,0.5208	191.3705,-2.4935,0.5208	191.3705,2.4935,0.5208	191.3605,2.4935,0.5208
729	塗替塗装-271	塗替塗装						中間部横桁	x 175.59〜193.11 x 191.33	塗替塗装範囲詳細図		DWG の図から（測量前）	塗替塗装 x 175.59〜193.11 横桁 x 191.30	ext_poly	4	191.2805,-2.4935,-0.1392	191.3705,-2.4935,-0.1392	191.3705,2.4935,-0.1392	191.2805,2.4935,-0.1392	191.2805,-2.4935,-0.1492	191.3705,-2.4935,-0.1492	191.3705,2.4935,-0.1492	191.2805,2.4935,-0.1492
730	塗替塗装-272	塗替塗装						中間部横桁	x 175.59〜193.11 x 191.37	塗替塗装範囲詳細図		DWG の図から（測量前）	塗替塗装 x 175.59〜193.11 横桁 x 191.40	ext_poly	4	191.3605,-2.4935,-0.0592	191.3705,-2.4935,-0.0592	191.3705,2.4935,-0.0592	191.3605,2.4935,-0.0592	191.3605,-2.4935,-0.1492	191.3705,-2.4935,-0.1492	191.3705,2.4935,-0.1492	191.3605,2.4935,-0.1492
731	塗替塗装-273	塗替塗装						縦桁 H300x150	x 175.59〜193.11 	塗替塗装範囲詳細図		DWG の図から（測量前）	塗替塗装 x 175.59〜193.11 縦桁 H300x150	ext_poly	12	177.2260,-1.3250,0.4334	177.2260,-1.1750,0.4334	177.2260,-1.1750,0.4424	177.2260,-1.2468,0.4424	177.2240,-1.2468,0.7244	177.2240,-1.1750,0.7244	177.2240,-1.1750,0.7334	177.2240,-1.3250,0.7334	177.2240,-1.3250,0.7244	177.2240,-1.2532,0.7244	177.2260,-1.2532,0.4424	177.2260,-1.3250,0.4424	175.5910,-1.3250,0.4220	175.5910,-1.1750,0.4220	175.5910,-1.1750,0.4310	175.5910,-1.2468,0.4310	175.5890,-1.2468,0.7130	175.5890,-1.1750,0.7130	175.5890,-1.1750,0.7220	175.5890,-1.3250,0.7220	175.5890,-1.3250,0.7130	175.5890,-1.2532,0.7130	175.5910,-1.2532,0.4310	175.5910,-1.3250,0.4310
732	塗替塗装-274	塗替塗装						縦桁 H300x150	x 175.59〜193.11 	塗替塗装範囲詳細図		DWG の図から（測量前）	塗替塗装 x 175.59〜193.11 縦桁 H300x150	ext_poly	12	177.2260,-0.0750,0.4334	177.2260,0.0750,0.4334	177.2260,0.0750,0.4424	177.2260,0.0032,0.4424	177.2240,0.0032,0.7244	177.2240,0.0750,0.7244	177.2240,0.0750,0.7334	177.2240,-0.0750,0.7334	177.2240,-0.0750,0.7244	177.2240,-0.0032,0.7244	177.2260,-0.0032,0.4424	177.2260,-0.0750,0.4424	175.5910,-0.0750,0.4220	175.5910,0.0750,0.4220	175.5910,0.0750,0.4310	175.5910,0.0032,0.4310	175.5890,0.0032,0.7130	175.5890,0.0750,0.7130	175.5890,0.0750,0.7220	175.5890,-0.0750,0.7220	175.5890,-0.0750,0.7130	175.5890,-0.0032,0.7130	175.5910,-0.0032,0.4310	175.5910,-0.0750,0.4310
733	塗替塗装-275	塗替塗装						縦桁 H300x150	x 175.59〜193.11 	塗替塗装範囲詳細図		DWG の図から（測量前）	塗替塗装 x 175.59〜193.11 縦桁 H300x150	ext_poly	12	177.2260,1.1750,0.4334	177.2260,1.3250,0.4334	177.2260,1.3250,0.4424	177.2260,1.2532,0.4424	177.2240,1.2532,0.7244	177.2240,1.3250,0.7244	177.2240,1.3250,0.7334	177.2240,1.1750,0.7334	177.2240,1.1750,0.7244	177.2240,1.2468,0.7244	177.2260,1.2468,0.4424	177.2260,1.1750,0.4424	175.5910,1.1750,0.4220	175.5910,1.3250,0.4220	175.5910,1.3250,0.4310	175.5910,1.2532,0.4310	175.5890,1.2532,0.7130	175.5890,1.3250,0.7130	175.5890,1.3250,0.7220	175.5890,1.1750,0.7220	175.5890,1.1750,0.7130	175.5890,1.2468,0.7130	175.5910,1.2468,0.4310	175.5910,1.1750,0.4310
734	塗替塗装-276	塗替塗装						縦桁 H300x150	x 175.59〜193.11 	塗替塗装範囲詳細図		DWG の図から（測量前）	塗替塗装 x 175.59〜193.11 縦桁 H300x150	ext_poly	12	181.0510,-1.3250,0.4580	181.0510,-1.1750,0.4580	181.0510,-1.1750,0.4670	181.0510,-1.2468,0.4670	181.0490,-1.2468,0.7490	181.0490,-1.1750,0.7490	181.0490,-1.1750,0.7580	181.0490,-1.3250,0.7580	181.0490,-1.3250,0.7490	181.0490,-1.2532,0.7490	181.0510,-1.2532,0.4670	181.0510,-1.3250,0.4670	178.0510,-1.3250,0.4374	178.0510,-1.1750,0.4374	178.0510,-1.1750,0.4464	178.0510,-1.2468,0.4464	178.0490,-1.2468,0.7284	178.0490,-1.1750,0.7284	178.0490,-1.1750,0.7374	178.0490,-1.3250,0.7374	178.0490,-1.3250,0.7284	178.0490,-1.2532,0.7284	178.0510,-1.2532,0.4464	178.0510,-1.3250,0.4464
735	塗替塗装-277	塗替塗装						縦桁 H300x150	x 175.59〜193.11 	塗替塗装範囲詳細図		DWG の図から（測量前）	塗替塗装 x 175.59〜193.11 縦桁 H300x150	ext_poly	12	181.0510,-0.0750,0.4580	181.0510,0.0750,0.4580	181.0510,0.0750,0.4670	181.0510,0.0032,0.4670	181.0490,0.0032,0.7490	181.0490,0.0750,0.7490	181.0490,0.0750,0.7580	181.0490,-0.0750,0.7580	181.0490,-0.0750,0.7490	181.0490,-0.0032,0.7490	181.0510,-0.0032,0.4670	181.0510,-0.0750,0.4670	178.0510,-0.0750,0.4374	178.0510,0.0750,0.4374	178.0510,0.0750,0.4464	178.0510,0.0032,0.4464	178.0490,0.0032,0.7284	178.0490,0.0750,0.7284	178.0490,0.0750,0.7374	178.0490,-0.0750,0.7374	178.0490,-0.0750,0.7284	178.0490,-0.0032,0.7284	178.0510,-0.0032,0.4464	178.0510,-0.0750,0.4464
736	塗替塗装-278	塗替塗装						縦桁 H300x150	x 175.59〜193.11 	塗替塗装範囲詳細図		DWG の図から（測量前）	塗替塗装 x 175.59〜193.11 縦桁 H300x150	ext_poly	12	181.0510,1.1750,0.4580	181.0510,1.3250,0.4580	181.0510,1.3250,0.4670	181.0510,1.2532,0.4670	181.0490,1.2532,0.7490	181.0490,1.3250,0.7490	181.0490,1.3250,0.7580	181.0490,1.1750,0.7580	181.0490,1.1750,0.7490	181.0490,1.2468,0.7490	181.0510,1.2468,0.4670	181.0510,1.1750,0.4670	178.0510,1.1750,0.4374	178.0510,1.3250,0.4374	178.0510,1.3250,0.4464	178.0510,1.2532,0.4464	178.0490,1.2532,0.7284	178.0490,1.3250,0.7284	178.0490,1.3250,0.7374	178.0490,1.1750,0.7374	178.0490,1.1750,0.7284	178.0490,1.2468,0.7284	178.0510,1.2468,0.4464	178.0510,1.1750,0.4464
737	塗替塗装-279	塗替塗装						縦桁 H300x150	x 175.59〜193.11 	塗替塗装範囲詳細図		DWG の図から（測量前）	塗替塗装 x 175.59〜193.11 縦桁 H300x150	ext_poly	12	184.2510,-1.3250,0.4786	184.2510,-1.1750,0.4786	184.2510,-1.1750,0.4876	184.2510,-1.2468,0.4876	184.2490,-1.2468,0.7696	184.2490,-1.1750,0.7696	184.2490,-1.1750,0.7786	184.2490,-1.3250,0.7786	184.2490,-1.3250,0.7696	184.2490,-1.2532,0.7696	184.2510,-1.2532,0.4876	184.2510,-1.3250,0.4876	181.2510,-1.3250,0.4580	181.2510,-1.1750,0.4580	181.2510,-1.1750,0.4670	181.2510,-1.2468,0.4670	181.2490,-1.2468,0.7490	181.2490,-1.1750,0.7490	181.2490,-1.1750,0.7580	181.2490,-1.3250,0.7580	181.2490,-1.3250,0.7490	181.2490,-1.2532,0.7490	181.2510,-1.2532,0.4670	181.2510,-1.3250,0.4670
738	塗替塗装-280	塗替塗装						縦桁 H300x150	x 175.59〜193.11 	塗替塗装範囲詳細図		DWG の図から（測量前）	塗替塗装 x 175.59〜193.11 縦桁 H300x150	ext_poly	12	184.2510,-0.0750,0.4786	184.2510,0.0750,0.4786	184.2510,0.0750,0.4876	184.2510,0.0032,0.4876	184.2490,0.0032,0.7696	184.2490,0.0750,0.7696	184.2490,0.0750,0.7786	184.2490,-0.0750,0.7786	184.2490,-0.0750,0.7696	184.2490,-0.0032,0.7696	184.2510,-0.0032,0.4876	184.2510,-0.0750,0.4876	181.2510,-0.0750,0.4580	181.2510,0.0750,0.4580	181.2510,0.0750,0.4670	181.2510,0.0032,0.4670	181.2490,0.0032,0.7490	181.2490,0.0750,0.7490	181.2490,0.0750,0.7580	181.2490,-0.0750,0.7580	181.2490,-0.0750,0.7490	181.2490,-0.0032,0.7490	181.2510,-0.0032,0.4670	181.2510,-0.0750,0.4670
739	塗替塗装-281	塗替塗装						縦桁 H300x150	x 175.59〜193.11 	塗替塗装範囲詳細図		DWG の図から（測量前）	塗替塗装 x 175.59〜193.11 縦桁 H300x150	ext_poly	12	184.2510,1.1750,0.4786	184.2510,1.3250,0.4786	184.2510,1.3250,0.4876	184.2510,1.2532,0.4876	184.2490,1.2532,0.7696	184.2490,1.3250,0.7696	184.2490,1.3250,0.7786	184.2490,1.1750,0.7786	184.2490,1.1750,0.7696	184.2490,1.2468,0.7696	184.2510,1.2468,0.4876	184.2510,1.1750,0.4876	181.2510,1.1750,0.4580	181.2510,1.3250,0.4580	181.2510,1.3250,0.4670	181.2510,1.2532,0.4670	181.2490,1.2532,0.7490	181.2490,1.3250,0.7490	181.2490,1.3250,0.7580	181.2490,1.1750,0.7580	181.2490,1.1750,0.7490	181.2490,1.2468,0.7490	181.2510,1.2468,0.4670	181.2510,1.1750,0.4670
740	塗替塗装-282	塗替塗装						縦桁 H300x150	x 175.59〜193.11 	塗替塗装範囲詳細図		DWG の図から（測量前）	塗替塗装 x 175.59〜193.11 縦桁 H300x150	ext_poly	12	187.4510,-1.3250,0.4992	187.4510,-1.1750,0.4992	187.4510,-1.1750,0.5082	187.4510,-1.2468,0.5082	187.4490,-1.2468,0.7902	187.4490,-1.1750,0.7902	187.4490,-1.1750,0.7992	187.4490,-1.3250,0.7992	187.4490,-1.3250,0.7902	187.4490,-1.2532,0.7902	187.4510,-1.2532,0.5082	187.4510,-1.3250,0.5082	184.4510,-1.3250,0.4786	184.4510,-1.1750,0.4786	184.4510,-1.1750,0.4876	184.4510,-1.2468,0.4876	184.4490,-1.2468,0.7696	184.4490,-1.1750,0.7696	184.4490,-1.1750,0.7786	184.4490,-1.3250,0.7786	184.4490,-1.3250,0.7696	184.4490,-1.2532,0.7696	184.4510,-1.2532,0.4876	184.4510,-1.3250,0.4876
741	塗替塗装-283	塗替塗装						縦桁 H300x150	x 175.59〜193.11 	塗替塗装範囲詳細図		DWG の図から（測量前）	塗替塗装 x 175.59〜193.11 縦桁 H300x150	ext_poly	12	187.4510,-0.0750,0.4992	187.4510,0.0750,0.4992	187.4510,0.0750,0.5082	187.4510,0.0032,0.5082	187.4490,0.0032,0.7902	187.4490,0.0750,0.7902	187.4490,0.0750,0.7992	187.4490,-0.0750,0.7992	187.4490,-0.0750,0.7902	187.4490,-0.0032,0.7902	187.4510,-0.0032,0.5082	187.4510,-0.0750,0.5082	184.4510,-0.0750,0.4786	184.4510,0.0750,0.4786	184.4510,0.0750,0.4876	184.4510,0.0032,0.4876	184.4490,0.0032,0.7696	184.4490,0.0750,0.7696	184.4490,0.0750,0.7786	184.4490,-0.0750,0.7786	184.4490,-0.0750,0.7696	184.4490,-0.0032,0.7696	184.4510,-0.0032,0.4876	184.4510,-0.0750,0.4876
742	塗替塗装-284	塗替塗装						縦桁 H300x150	x 175.59〜193.11 	塗替塗装範囲詳細図		DWG の図から（測量前）	塗替塗装 x 175.59〜193.11 縦桁 H300x150	ext_poly	12	187.4510,1.1750,0.4992	187.4510,1.3250,0.4992	187.4510,1.3250,0.5082	187.4510,1.2532,0.5082	187.4490,1.2532,0.7902	187.4490,1.3250,0.7902	187.4490,1.3250,0.7992	187.4490,1.1750,0.7992	187.4490,1.1750,0.7902	187.4490,1.2468,0.7902	187.4510,1.2468,0.5082	187.4510,1.1750,0.5082	184.4510,1.1750,0.4786	184.4510,1.3250,0.4786	184.4510,1.3250,0.4876	184.4510,1.2532,0.4876	184.4490,1.2532,0.7696	184.4490,1.3250,0.7696	184.4490,1.3250,0.7786	184.4490,1.1750,0.7786	184.4490,1.1750,0.7696	184.4490,1.2468,0.7696	184.4510,1.2468,0.4876	184.4510,1.1750,0.4876
743	塗替塗装-285	塗替塗装						縦桁 H300x150	x 175.59〜193.11 	塗替塗装範囲詳細図		DWG の図から（測量前）	塗替塗装 x 175.59〜193.11 縦桁 H300x150	ext_poly	12	190.6510,-1.3250,0.5198	190.6510,-1.1750,0.5198	190.6510,-1.1750,0.5288	190.6510,-1.2468,0.5288	190.6490,-1.2468,0.8108	190.6490,-1.1750,0.8108	190.6490,-1.1750,0.8198	190.6490,-1.3250,0.8198	190.6490,-1.3250,0.8108	190.6490,-1.2532,0.8108	190.6510,-1.2532,0.5288	190.6510,-1.3250,0.5288	187.6510,-1.3250,0.4992	187.6510,-1.1750,0.4992	187.6510,-1.1750,0.5082	187.6510,-1.2468,0.5082	187.6490,-1.2468,0.7902	187.6490,-1.1750,0.7902	187.6490,-1.1750,0.7992	187.6490,-1.3250,0.7992	187.6490,-1.3250,0.7902	187.6490,-1.2532,0.7902	187.6510,-1.2532,0.5082	187.6510,-1.3250,0.5082
744	塗替塗装-286	塗替塗装						縦桁 H300x150	x 175.59〜193.11 	塗替塗装範囲詳細図		DWG の図から（測量前）	塗替塗装 x 175.59〜193.11 縦桁 H300x150	ext_poly	12	190.6510,-0.0750,0.5198	190.6510,0.0750,0.5198	190.6510,0.0750,0.5288	190.6510,0.0032,0.5288	190.6490,0.0032,0.8108	190.6490,0.0750,0.8108	190.6490,0.0750,0.8198	190.6490,-0.0750,0.8198	190.6490,-0.0750,0.8108	190.6490,-0.0032,0.8108	190.6510,-0.0032,0.5288	190.6510,-0.0750,0.5288	187.6510,-0.0750,0.4992	187.6510,0.0750,0.4992	187.6510,0.0750,0.5082	187.6510,0.0032,0.5082	187.6490,0.0032,0.7902	187.6490,0.0750,0.7902	187.6490,0.0750,0.7992	187.6490,-0.0750,0.7992	187.6490,-0.0750,0.7902	187.6490,-0.0032,0.7902	187.6510,-0.0032,0.5082	187.6510,-0.0750,0.5082
745	塗替塗装-287	塗替塗装						縦桁 H300x150	x 175.59〜193.11 	塗替塗装範囲詳細図		DWG の図から（測量前）	塗替塗装 x 175.59〜193.11 縦桁 H300x150	ext_poly	12	190.6510,1.1750,0.5198	190.6510,1.3250,0.5198	190.6510,1.3250,0.5288	190.6510,1.2532,0.5288	190.6490,1.2532,0.8108	190.6490,1.3250,0.8108	190.6490,1.3250,0.8198	190.6490,1.1750,0.8198	190.6490,1.1750,0.8108	190.6490,1.2468,0.8108	190.6510,1.2468,0.5288	190.6510,1.1750,0.5288	187.6510,1.1750,0.4992	187.6510,1.3250,0.4992	187.6510,1.3250,0.5082	187.6510,1.2532,0.5082	187.6490,1.2532,0.7902	187.6490,1.3250,0.7902	187.6490,1.3250,0.7992	187.6490,1.1750,0.7992	187.6490,1.1750,0.7902	187.6490,1.2468,0.7902	187.6510,1.2468,0.5082	187.6510,1.1750,0.5082
746	塗替塗装-288	塗替塗装						縦桁 H300x150	x 175.59〜193.11 	塗替塗装範囲詳細図		DWG の図から（測量前）	塗替塗装 x 175.59〜193.11 縦桁 H300x150	ext_poly	12	193.1110,-1.3250,0.5352	193.1110,-1.1750,0.5352	193.1110,-1.1750,0.5442	193.1110,-1.2468,0.5442	193.1090,-1.2468,0.8262	193.1090,-1.1750,0.8262	193.1090,-1.1750,0.8352	193.1090,-1.3250,0.8352	193.1090,-1.3250,0.8262	193.1090,-1.2532,0.8262	193.1110,-1.2532,0.5442	193.1110,-1.3250,0.5442	191.4760,-1.3250,0.5238	191.4760,-1.1750,0.5238	191.4760,-1.1750,0.5328	191.4760,-1.2468,0.5328	191.4740,-1.2468,0.8148	191.4740,-1.1750,0.8148	191.4740,-1.1750,0.8238	191.4740,-1.3250,0.8238	191.4740,-1.3250,0.8148	191.4740,-1.2532,0.8148	191.4760,-1.2532,0.5328	191.4760,-1.3250,0.5328
747	塗替塗装-289	塗替塗装						縦桁 H300x150	x 175.59〜193.11 	塗替塗装範囲詳細図		DWG の図から（測量前）	塗替塗装 x 175.59〜193.11 縦桁 H300x150	ext_poly	12	193.1110,-0.0750,0.5352	193.1110,0.0750,0.5352	193.1110,0.0750,0.5442	193.1110,0.0032,0.5442	193.1090,0.0032,0.8262	193.1090,0.0750,0.8262	193.1090,0.0750,0.8352	193.1090,-0.0750,0.8352	193.1090,-0.0750,0.8262	193.1090,-0.0032,0.8262	193.1110,-0.0032,0.5442	193.1110,-0.0750,0.5442	191.4760,-0.0750,0.5238	191.4760,0.0750,0.5238	191.4760,0.0750,0.5328	191.4760,0.0032,0.5328	191.4740,0.0032,0.8148	191.4740,0.0750,0.8148	191.4740,0.0750,0.8238	191.4740,-0.0750,0.8238	191.4740,-0.0750,0.8148	191.4740,-0.0032,0.8148	191.4760,-0.0032,0.5328	191.4760,-0.0750,0.5328
748	塗替塗装-290	塗替塗装						縦桁 H300x150	x 175.59〜193.11 	塗替塗装範囲詳細図		DWG の図から（測量前）	塗替塗装 x 175.59〜193.11 縦桁 H300x150	ext_poly	12	193.1110,1.1750,0.5352	193.1110,1.3250,0.5352	193.1110,1.3250,0.5442	193.1110,1.2532,0.5442	193.1090,1.2532,0.8262	193.1090,1.3250,0.8262	193.1090,1.3250,0.8352	193.1090,1.1750,0.8352	193.1090,1.1750,0.8262	193.1090,1.2468,0.8262	193.1110,1.2468,0.5442	193.1110,1.1750,0.5442	191.4760,1.1750,0.5238	191.4760,1.3250,0.5238	191.4760,1.3250,0.5328	191.4760,1.2532,0.5328	191.4740,1.2532,0.8148	191.4740,1.3250,0.8148	191.4740,1.3250,0.8238	191.4740,1.1750,0.8238	191.4740,1.1750,0.8148	191.4740,1.2468,0.8148	191.4760,1.2468,0.5328	191.4760,1.1750,0.5328
749	塗替塗装-291	塗替塗装						鋼板 PL800x9	x 175.59〜193.11 y -1.88	塗替塗装範囲詳細図		DWG の図から（測量前）	塗替塗装 x 175.59〜193.11 鋼板 y -1.88	ext_poly	4	175.5900,-2.2750,0.7223	179.5900,-2.2750,0.7480	179.5900,-1.4750,0.7480	175.5900,-1.4750,0.7223	175.5900,-2.2750,0.7133	179.5900,-2.2750,0.7390	179.5900,-1.4750,0.7390	175.5900,-1.4750,0.7133
750	塗替塗装-292	塗替塗装						鋼板 PL800x9	x 175.59〜193.11 y -0.62	塗替塗装範囲詳細図		DWG の図から（測量前）	塗替塗装 x 175.59〜193.11 鋼板 y -0.62	ext_poly	4	175.5900,-1.0250,0.7223	179.5900,-1.0250,0.7480	179.5900,-0.2250,0.7480	175.5900,-0.2250,0.7223	175.5900,-1.0250,0.7133	179.5900,-1.0250,0.7390	179.5900,-0.2250,0.7390	175.5900,-0.2250,0.7133
751	塗替塗装-293	塗替塗装						鋼板 PL800x9	x 175.59〜193.11 y 0.62	塗替塗装範囲詳細図		DWG の図から（測量前）	塗替塗装 x 175.59〜193.11 鋼板 y 0.62	ext_poly	4	175.5900,0.2250,0.7223	179.5900,0.2250,0.7480	179.5900,1.0250,0.7480	175.5900,1.0250,0.7223	175.5900,0.2250,0.7133	179.5900,0.2250,0.7390	179.5900,1.0250,0.7390	175.5900,1.0250,0.7133
752	塗替塗装-294	塗替塗装						鋼板 PL800x9	x 175.59〜193.11 y 1.88	塗替塗装範囲詳細図		DWG の図から（測量前）	塗替塗装 x 175.59〜193.11 鋼板 y 1.88	ext_poly	4	175.5900,1.4750,0.7223	179.5900,1.4750,0.7480	179.5900,2.2750,0.7480	175.5900,2.2750,0.7223	175.5900,1.4750,0.7133	179.5900,1.4750,0.7390	179.5900,2.2750,0.7390	175.5900,2.2750,0.7133
753	塗替塗装-295	塗替塗装						鋼板 PL800x9	x 175.59〜193.11 y -1.88	塗替塗装範囲詳細図		DWG の図から（測量前）	塗替塗装 x 175.59〜193.11 鋼板 y -1.88	ext_poly	4	179.5900,-2.2750,0.7480	183.5900,-2.2750,0.7737	183.5900,-1.4750,0.7737	179.5900,-1.4750,0.7480	179.5900,-2.2750,0.7390	183.5900,-2.2750,0.7647	183.5900,-1.4750,0.7647	179.5900,-1.4750,0.7390
754	塗替塗装-296	塗替塗装						鋼板 PL800x9	x 175.59〜193.11 y -0.62	塗替塗装範囲詳細図		DWG の図から（測量前）	塗替塗装 x 175.59〜193.11 鋼板 y -0.62	ext_poly	4	179.5900,-1.0250,0.7480	183.5900,-1.0250,0.7737	183.5900,-0.2250,0.7737	179.5900,-0.2250,0.7480	179.5900,-1.0250,0.7390	183.5900,-1.0250,0.7647	183.5900,-0.2250,0.7647	179.5900,-0.2250,0.7390
755	塗替塗装-297	塗替塗装						鋼板 PL800x9	x 175.59〜193.11 y 0.62	塗替塗装範囲詳細図		DWG の図から（測量前）	塗替塗装 x 175.59〜193.11 鋼板 y 0.62	ext_poly	4	179.5900,0.2250,0.7480	183.5900,0.2250,0.7737	183.5900,1.0250,0.7737	179.5900,1.0250,0.7480	179.5900,0.2250,0.7390	183.5900,0.2250,0.7647	183.5900,1.0250,0.7647	179.5900,1.0250,0.7390
756	塗替塗装-298	塗替塗装						鋼板 PL800x9	x 175.59〜193.11 y 1.88	塗替塗装範囲詳細図		DWG の図から（測量前）	塗替塗装 x 175.59〜193.11 鋼板 y 1.88	ext_poly	4	179.5900,1.4750,0.7480	183.5900,1.4750,0.7737	183.5900,2.2750,0.7737	179.5900,2.2750,0.7480	179.5900,1.4750,0.7390	183.5900,1.4750,0.7647	183.5900,2.2750,0.7647	179.5900,2.2750,0.7390
757	塗替塗装-299	塗替塗装						鋼板 PL800x9	x 175.59〜193.11 y -1.88	塗替塗装範囲詳細図		DWG の図から（測量前）	塗替塗装 x 175.59〜193.11 鋼板 y -1.88	ext_poly	4	183.5900,-2.2750,0.7737	187.5900,-2.2750,0.7994	187.5900,-1.4750,0.7994	183.5900,-1.4750,0.7737	183.5900,-2.2750,0.7647	187.5900,-2.2750,0.7904	187.5900,-1.4750,0.7904	183.5900,-1.4750,0.7647
758	塗替塗装-300	塗替塗装						鋼板 PL800x9	x 175.59〜193.11 y -0.62	塗替塗装範囲詳細図		DWG の図から（測量前）	塗替塗装 x 175.59〜193.11 鋼板 y -0.62	ext_poly	4	183.5900,-1.0250,0.7737	187.5900,-1.0250,0.7994	187.5900,-0.2250,0.7994	183.5900,-0.2250,0.7737	183.5900,-1.0250,0.7647	187.5900,-1.0250,0.7904	187.5900,-0.2250,0.7904	183.5900,-0.2250,0.7647
759	塗替塗装-301	塗替塗装						鋼板 PL800x9	x 175.59〜193.11 y 0.62	塗替塗装範囲詳細図		DWG の図から（測量前）	塗替塗装 x 175.59〜193.11 鋼板 y 0.62	ext_poly	4	183.5900,0.2250,0.7737	187.5900,0.2250,0.7994	187.5900,1.0250,0.7994	183.5900,1.0250,0.7737	183.5900,0.2250,0.7647	187.5900,0.2250,0.7904	187.5900,1.0250,0.7904	183.5900,1.0250,0.7647
760	塗替塗装-302	塗替塗装						鋼板 PL800x9	x 175.59〜193.11 y 1.88	塗替塗装範囲詳細図		DWG の図から（測量前）	塗替塗装 x 175.59〜193.11 鋼板 y 1.88	ext_poly	4	183.5900,1.4750,0.7737	187.5900,1.4750,0.7994	187.5900,2.2750,0.7994	183.5900,2.2750,0.7737	183.5900,1.4750,0.7647	187.5900,1.4750,0.7904	187.5900,2.2750,0.7904	183.5900,2.2750,0.7647
761	塗替塗装-303	塗替塗装						鋼板 PL800x9	x 175.59〜193.11 y -1.88	塗替塗装範囲詳細図		DWG の図から（測量前）	塗替塗装 x 175.59〜193.11 鋼板 y -1.88	ext_poly	4	187.5900,-2.2750,0.7994	191.5900,-2.2750,0.8252	191.5900,-1.4750,0.8252	187.5900,-1.4750,0.7994	187.5900,-2.2750,0.7904	191.5900,-2.2750,0.8162	191.5900,-1.4750,0.8162	187.5900,-1.4750,0.7904
762	塗替塗装-304	塗替塗装						鋼板 PL800x9	x 175.59〜193.11 y -0.62	塗替塗装範囲詳細図		DWG の図から（測量前）	塗替塗装 x 175.59〜193.11 鋼板 y -0.62	ext_poly	4	187.5900,-1.0250,0.7994	191.5900,-1.0250,0.8252	191.5900,-0.2250,0.8252	187.5900,-0.2250,0.7994	187.5900,-1.0250,0.7904	191.5900,-1.0250,0.8162	191.5900,-0.2250,0.8162	187.5900,-0.2250,0.7904
763	塗替塗装-305	塗替塗装						鋼板 PL800x9	x 175.59〜193.11 y 0.62	塗替塗装範囲詳細図		DWG の図から（測量前）	塗替塗装 x 175.59〜193.11 鋼板 y 0.62	ext_poly	4	187.5900,0.2250,0.7994	191.5900,0.2250,0.8252	191.5900,1.0250,0.8252	187.5900,1.0250,0.7994	187.5900,0.2250,0.7904	191.5900,0.2250,0.8162	191.5900,1.0250,0.8162	187.5900,1.0250,0.7904
764	塗替塗装-306	塗替塗装						鋼板 PL800x9	x 175.59〜193.11 y 1.88	塗替塗装範囲詳細図		DWG の図から（測量前）	塗替塗装 x 175.59〜193.11 鋼板 y 1.88	ext_poly	4	187.5900,1.4750,0.7994	191.5900,1.4750,0.8252	191.5900,2.2750,0.8252	187.5900,2.2750,0.7994	187.5900,1.4750,0.7904	191.5900,1.4750,0.8162	191.5900,2.2750,0.8162	187.5900,2.2750,0.7904
765	塗替塗装-307	塗替塗装						鋼板 PL800x9	x 175.59〜193.11 y -1.88	塗替塗装範囲詳細図		DWG の図から（測量前）	塗替塗装 x 175.59〜193.11 鋼板 y -1.88	ext_poly	4	191.5900,-2.2750,0.8252	193.1100,-2.2750,0.8349	193.1100,-1.4750,0.8349	191.5900,-1.4750,0.8252	191.5900,-2.2750,0.8162	193.1100,-2.2750,0.8259	193.1100,-1.4750,0.8259	191.5900,-1.4750,0.8162
766	塗替塗装-308	塗替塗装						鋼板 PL800x9	x 175.59〜193.11 y -0.62	塗替塗装範囲詳細図		DWG の図から（測量前）	塗替塗装 x 175.59〜193.11 鋼板 y -0.62	ext_poly	4	191.5900,-1.0250,0.8252	193.1100,-1.0250,0.8349	193.1100,-0.2250,0.8349	191.5900,-0.2250,0.8252	191.5900,-1.0250,0.8162	193.1100,-1.0250,0.8259	193.1100,-0.2250,0.8259	191.5900,-0.2250,0.8162
767	塗替塗装-309	塗替塗装						鋼板 PL800x9	x 175.59〜193.11 y 0.62	塗替塗装範囲詳細図		DWG の図から（測量前）	塗替塗装 x 175.59〜193.11 鋼板 y 0.62	ext_poly	4	191.5900,0.2250,0.8252	193.1100,0.2250,0.8349	193.1100,1.0250,0.8349	191.5900,1.0250,0.8252	191.5900,0.2250,0.8162	193.1100,0.2250,0.8259	193.1100,1.0250,0.8259	191.5900,1.0250,0.8162
768	塗替塗装-310	塗替塗装						鋼板 PL800x9	x 175.59〜193.11 y 1.88	塗替塗装範囲詳細図		DWG の図から（測量前）	塗替塗装 x 175.59〜193.11 鋼板 y 1.88	ext_poly	4	191.5900,1.4750,0.8252	193.1100,1.4750,0.8349	193.1100,2.2750,0.8349	191.5900,2.2750,0.8252	191.5900,1.4750,0.8162	193.1100,1.4750,0.8259	193.1100,2.2750,0.8259	191.5900,2.2750,0.8162
769	塗替塗装-311	塗替塗装						主桁（腹板）	x 239.59〜257.11 G1	塗替塗装範囲詳細図		DWG の図から（測量前）	塗替塗装 x 239.59〜257.11 主桁（腹板） G1	ext_poly	12	240.0750,2.4940,0.8815	239.5900,2.4940,0.8815	239.5900,2.4940,-0.6285	240.0750,2.4940,-0.6285	240.5750,2.4940,-0.6285	241.0750,2.4940,-0.6285	241.5750,2.4940,-0.6285	241.6250,2.4940,-0.6285	241.6250,2.4940,0.8815	241.5750,2.4940,0.8815	241.0750,2.4940,0.8815	240.5750,2.4940,0.8815	240.0750,2.5060,0.8815	239.5900,2.5060,0.8815	239.5900,2.5060,-0.6285	240.0750,2.5060,-0.6285	240.5750,2.5060,-0.6285	241.0750,2.5060,-0.6285	241.5750,2.5060,-0.6285	241.6250,2.5060,-0.6285	241.6250,2.5060,0.8815	241.5750,2.5060,0.8815	241.0750,2.5060,0.8815	240.5750,2.5060,0.8815
770	塗替塗装-312	塗替塗装						主桁（上山形鋼）	x 239.59〜257.11 G1	塗替塗装範囲詳細図		DWG の図から（測量前）	塗替塗装 x 239.59〜257.11 主桁（上山形鋼） G1	ext_poly	12	240.0750,2.5060,0.8815	239.5900,2.5060,0.8815	239.5900,2.5060,0.8665	240.0750,2.5060,0.8665	240.5750,2.5060,0.8665	241.0750,2.5060,0.8665	241.5750,2.5060,0.8665	241.6250,2.5060,0.8665	241.6250,2.5060,0.8815	241.5750,2.5060,0.8815	241.0750,2.5060,0.8815	240.5750,2.5060,0.8815	240.0750,2.6560,0.8815	239.5900,2.6560,0.8815	239.5900,2.6560,0.8665	240.0750,2.6560,0.8665	240.5750,2.6560,0.8665	241.0750,2.6560,0.8665	241.5750,2.6560,0.8665	241.6250,2.6560,0.8665	241.6250,2.6560,0.8815	241.5750,2.6560,0.8815	241.0750,2.6560,0.8815	240.5750,2.6560,0.8815
771	塗替塗装-313	塗替塗装						主桁（上山形鋼）	x 239.59〜257.11 G1	塗替塗装範囲詳細図		DWG の図から（測量前）	塗替塗装 x 239.59〜257.11 主桁（上山形鋼） G1	ext_poly	12	240.0750,2.5060,0.8665	239.5900,2.5060,0.8665	239.5900,2.5060,0.7315	240.0750,2.5060,0.7315	240.5750,2.5060,0.7315	241.0750,2.5060,0.7315	241.5750,2.5060,0.7315	241.6250,2.5060,0.7315	241.6250,2.5060,0.8665	241.5750,2.5060,0.8665	241.0750,2.5060,0.8665	240.5750,2.5060,0.8665	240.0750,2.5210,0.8665	239.5900,2.5210,0.8665	239.5900,2.5210,0.7315	240.0750,2.5210,0.7315	240.5750,2.5210,0.7315	241.0750,2.5210,0.7315	241.5750,2.5210,0.7315	241.6250,2.5210,0.7315	241.6250,2.5210,0.8665	241.5750,2.5210,0.8665	241.0750,2.5210,0.8665	240.5750,2.5210,0.8665
772	塗替塗装-314	塗替塗装						主桁（下山形鋼）	x 239.59〜257.11 G1	塗替塗装範囲詳細図		DWG の図から（測量前）	塗替塗装 x 239.59〜257.11 主桁（下山形鋼） G1	ext_poly	12	240.0750,2.5060,-0.6135	239.5900,2.5060,-0.6135	239.5900,2.5060,-0.6285	240.0750,2.5060,-0.6285	240.5750,2.5060,-0.6285	241.0750,2.5060,-0.6285	241.5750,2.5060,-0.6285	241.6250,2.5060,-0.6285	241.6250,2.5060,-0.6135	241.5750,2.5060,-0.6135	241.0750,2.5060,-0.6135	240.5750,2.5060,-0.6135	240.0750,2.6560,-0.6135	239.5900,2.6560,-0.6135	239.5900,2.6560,-0.6285	240.0750,2.6560,-0.6285	240.5750,2.6560,-0.6285	241.0750,2.6560,-0.6285	241.5750,2.6560,-0.6285	241.6250,2.6560,-0.6285	241.6250,2.6560,-0.6135	241.5750,2.6560,-0.6135	241.0750,2.6560,-0.6135	240.5750,2.6560,-0.6135
773	塗替塗装-315	塗替塗装						主桁（下山形鋼）	x 239.59〜257.11 G1	塗替塗装範囲詳細図		DWG の図から（測量前）	塗替塗装 x 239.59〜257.11 主桁（下山形鋼） G1	ext_poly	12	240.0750,2.5060,-0.4785	239.5900,2.5060,-0.4785	239.5900,2.5060,-0.6135	240.0750,2.5060,-0.6135	240.5750,2.5060,-0.6135	241.0750,2.5060,-0.6135	241.5750,2.5060,-0.6135	241.6250,2.5060,-0.6135	241.6250,2.5060,-0.4785	241.5750,2.5060,-0.4785	241.0750,2.5060,-0.4785	240.5750,2.5060,-0.4785	240.0750,2.5210,-0.4785	239.5900,2.5210,-0.4785	239.5900,2.5210,-0.6135	240.0750,2.5210,-0.6135	240.5750,2.5210,-0.6135	241.0750,2.5210,-0.6135	241.5750,2.5210,-0.6135	241.6250,2.5210,-0.6135	241.6250,2.5210,-0.4785	241.5750,2.5210,-0.4785	241.0750,2.5210,-0.4785	240.5750,2.5210,-0.4785
774	塗替塗装-316	塗替塗装						主桁（上山形鋼）	x 239.59〜257.11 G1	塗替塗装範囲詳細図		DWG の図から（測量前）	塗替塗装 x 239.59〜257.11 主桁（上山形鋼） G1	ext_poly	12	240.0750,2.3440,0.8815	239.5900,2.3440,0.8815	239.5900,2.3440,0.8665	240.0750,2.3440,0.8665	240.5750,2.3440,0.8665	241.0750,2.3440,0.8665	241.5750,2.3440,0.8665	241.6250,2.3440,0.8665	241.6250,2.3440,0.8815	241.5750,2.3440,0.8815	241.0750,2.3440,0.8815	240.5750,2.3440,0.8815	240.0750,2.4940,0.8815	239.5900,2.4940,0.8815	239.5900,2.4940,0.8665	240.0750,2.4940,0.8665	240.5750,2.4940,0.8665	241.0750,2.4940,0.8665	241.5750,2.4940,0.8665	241.6250,2.4940,0.8665	241.6250,2.4940,0.8815	241.5750,2.4940,0.8815	241.0750,2.4940,0.8815	240.5750,2.4940,0.8815
775	塗替塗装-317	塗替塗装						主桁（上山形鋼）	x 239.59〜257.11 G1	塗替塗装範囲詳細図		DWG の図から（測量前）	塗替塗装 x 239.59〜257.11 主桁（上山形鋼） G1	ext_poly	12	240.0750,2.4790,0.8665	239.5900,2.4790,0.8665	239.5900,2.4790,0.7315	240.0750,2.4790,0.7315	240.5750,2.4790,0.7315	241.0750,2.4790,0.7315	241.5750,2.4790,0.7315	241.6250,2.4790,0.7315	241.6250,2.4790,0.8665	241.5750,2.4790,0.8665	241.0750,2.4790,0.8665	240.5750,2.4790,0.8665	240.0750,2.4940,0.8665	239.5900,2.4940,0.8665	239.5900,2.4940,0.7315	240.0750,2.4940,0.7315	240.5750,2.4940,0.7315	241.0750,2.4940,0.7315	241.5750,2.4940,0.7315	241.6250,2.4940,0.7315	241.6250,2.4940,0.8665	241.5750,2.4940,0.8665	241.0750,2.4940,0.8665	240.5750,2.4940,0.8665
776	塗替塗装-318	塗替塗装						主桁（下山形鋼）	x 239.59〜257.11 G1	塗替塗装範囲詳細図		DWG の図から（測量前）	塗替塗装 x 239.59〜257.11 主桁（下山形鋼） G1	ext_poly	12	240.0750,2.3440,-0.6135	239.5900,2.3440,-0.6135	239.5900,2.3440,-0.6285	240.0750,2.3440,-0.6285	240.5750,2.3440,-0.6285	241.0750,2.3440,-0.6285	241.5750,2.3440,-0.6285	241.6250,2.3440,-0.6285	241.6250,2.3440,-0.6135	241.5750,2.3440,-0.6135	241.0750,2.3440,-0.6135	240.5750,2.3440,-0.6135	240.0750,2.4940,-0.6135	239.5900,2.4940,-0.6135	239.5900,2.4940,-0.6285	240.0750,2.4940,-0.6285	240.5750,2.4940,-0.6285	241.0750,2.4940,-0.6285	241.5750,2.4940,-0.6285	241.6250,2.4940,-0.6285	241.6250,2.4940,-0.6135	241.5750,2.4940,-0.6135	241.0750,2.4940,-0.6135	240.5750,2.4940,-0.6135
777	塗替塗装-319	塗替塗装						主桁（下山形鋼）	x 239.59〜257.11 G1	塗替塗装範囲詳細図		DWG の図から（測量前）	塗替塗装 x 239.59〜257.11 主桁（下山形鋼） G1	ext_poly	12	240.0750,2.4790,-0.4785	239.5900,2.4790,-0.4785	239.5900,2.4790,-0.6135	240.0750,2.4790,-0.6135	240.5750,2.4790,-0.6135	241.0750,2.4790,-0.6135	241.5750,2.4790,-0.6135	241.6250,2.4790,-0.6135	241.6250,2.4790,-0.4785	241.5750,2.4790,-0.4785	241.0750,2.4790,-0.4785	240.5750,2.4790,-0.4785	240.0750,2.4940,-0.4785	239.5900,2.4940,-0.4785	239.5900,2.4940,-0.6135	240.0750,2.4940,-0.6135	240.5750,2.4940,-0.6135	241.0750,2.4940,-0.6135	241.5750,2.4940,-0.6135	241.6250,2.4940,-0.6135	241.6250,2.4940,-0.4785	241.5750,2.4940,-0.4785	241.0750,2.4940,-0.4785	240.5750,2.4940,-0.4785
778	塗替塗装-320	塗替塗装						主桁（腹板）	x 239.59〜257.11 G2	塗替塗装範囲詳細図		DWG の図から（測量前）	塗替塗装 x 239.59〜257.11 主桁（腹板） G2	ext_poly	12	240.0750,-2.5060,0.8815	239.5900,-2.5060,0.8815	239.5900,-2.5060,-0.6285	240.0750,-2.5060,-0.6285	240.5750,-2.5060,-0.6285	241.0750,-2.5060,-0.6285	241.5750,-2.5060,-0.6285	241.6250,-2.5060,-0.6285	241.6250,-2.5060,0.8815	241.5750,-2.5060,0.8815	241.0750,-2.5060,0.8815	240.5750,-2.5060,0.8815	240.0750,-2.4940,0.8815	239.5900,-2.4940,0.8815	239.5900,-2.4940,-0.6285	240.0750,-2.4940,-0.6285	240.5750,-2.4940,-0.6285	241.0750,-2.4940,-0.6285	241.5750,-2.4940,-0.6285	241.6250,-2.4940,-0.6285	241.6250,-2.4940,0.8815	241.5750,-2.4940,0.8815	241.0750,-2.4940,0.8815	240.5750,-2.4940,0.8815
779	塗替塗装-321	塗替塗装						主桁（上山形鋼）	x 239.59〜257.11 G2	塗替塗装範囲詳細図		DWG の図から（測量前）	塗替塗装 x 239.59〜257.11 主桁（上山形鋼） G2	ext_poly	12	240.0750,-2.4940,0.8815	239.5900,-2.4940,0.8815	239.5900,-2.4940,0.8665	240.0750,-2.4940,0.8665	240.5750,-2.4940,0.8665	241.0750,-2.4940,0.8665	241.5750,-2.4940,0.8665	241.6250,-2.4940,0.8665	241.6250,-2.4940,0.8815	241.5750,-2.4940,0.8815	241.0750,-2.4940,0.8815	240.5750,-2.4940,0.8815	240.0750,-2.3440,0.8815	239.5900,-2.3440,0.8815	239.5900,-2.3440,0.8665	240.0750,-2.3440,0.8665	240.5750,-2.3440,0.8665	241.0750,-2.3440,0.8665	241.5750,-2.3440,0.8665	241.6250,-2.3440,0.8665	241.6250,-2.3440,0.8815	241.5750,-2.3440,0.8815	241.0750,-2.3440,0.8815	240.5750,-2.3440,0.8815
780	塗替塗装-322	塗替塗装						主桁（上山形鋼）	x 239.59〜257.11 G2	塗替塗装範囲詳細図		DWG の図から（測量前）	塗替塗装 x 239.59〜257.11 主桁（上山形鋼） G2	ext_poly	12	240.0750,-2.4940,0.8665	239.5900,-2.4940,0.8665	239.5900,-2.4940,0.7315	240.0750,-2.4940,0.7315	240.5750,-2.4940,0.7315	241.0750,-2.4940,0.7315	241.5750,-2.4940,0.7315	241.6250,-2.4940,0.7315	241.6250,-2.4940,0.8665	241.5750,-2.4940,0.8665	241.0750,-2.4940,0.8665	240.5750,-2.4940,0.8665	240.0750,-2.4790,0.8665	239.5900,-2.4790,0.8665	239.5900,-2.4790,0.7315	240.0750,-2.4790,0.7315	240.5750,-2.4790,0.7315	241.0750,-2.4790,0.7315	241.5750,-2.4790,0.7315	241.6250,-2.4790,0.7315	241.6250,-2.4790,0.8665	241.5750,-2.4790,0.8665	241.0750,-2.4790,0.8665	240.5750,-2.4790,0.8665
781	塗替塗装-323	塗替塗装						主桁（下山形鋼）	x 239.59〜257.11 G2	塗替塗装範囲詳細図		DWG の図から（測量前）	塗替塗装 x 239.59〜257.11 主桁（下山形鋼） G2	ext_poly	12	240.0750,-2.4940,-0.6135	239.5900,-2.4940,-0.6135	239.5900,-2.4940,-0.6285	240.0750,-2.4940,-0.6285	240.5750,-2.4940,-0.6285	241.0750,-2.4940,-0.6285	241.5750,-2.4940,-0.6285	241.6250,-2.4940,-0.6285	241.6250,-2.4940,-0.6135	241.5750,-2.4940,-0.6135	241.0750,-2.4940,-0.6135	240.5750,-2.4940,-0.6135	240.0750,-2.3440,-0.6135	239.5900,-2.3440,-0.6135	239.5900,-2.3440,-0.6285	240.0750,-2.3440,-0.6285	240.5750,-2.3440,-0.6285	241.0750,-2.3440,-0.6285	241.5750,-2.3440,-0.6285	241.6250,-2.3440,-0.6285	241.6250,-2.3440,-0.6135	241.5750,-2.3440,-0.6135	241.0750,-2.3440,-0.6135	240.5750,-2.3440,-0.6135
782	塗替塗装-324	塗替塗装						主桁（下山形鋼）	x 239.59〜257.11 G2	塗替塗装範囲詳細図		DWG の図から（測量前）	塗替塗装 x 239.59〜257.11 主桁（下山形鋼） G2	ext_poly	12	240.0750,-2.4940,-0.4785	239.5900,-2.4940,-0.4785	239.5900,-2.4940,-0.6135	240.0750,-2.4940,-0.6135	240.5750,-2.4940,-0.6135	241.0750,-2.4940,-0.6135	241.5750,-2.4940,-0.6135	241.6250,-2.4940,-0.6135	241.6250,-2.4940,-0.4785	241.5750,-2.4940,-0.4785	241.0750,-2.4940,-0.4785	240.5750,-2.4940,-0.4785	240.0750,-2.4790,-0.4785	239.5900,-2.4790,-0.4785	239.5900,-2.4790,-0.6135	240.0750,-2.4790,-0.6135	240.5750,-2.4790,-0.6135	241.0750,-2.4790,-0.6135	241.5750,-2.4790,-0.6135	241.6250,-2.4790,-0.6135	241.6250,-2.4790,-0.4785	241.5750,-2.4790,-0.4785	241.0750,-2.4790,-0.4785	240.5750,-2.4790,-0.4785
783	塗替塗装-325	塗替塗装						主桁（上山形鋼）	x 239.59〜257.11 G2	塗替塗装範囲詳細図		DWG の図から（測量前）	塗替塗装 x 239.59〜257.11 主桁（上山形鋼） G2	ext_poly	12	240.0750,-2.6560,0.8815	239.5900,-2.6560,0.8815	239.5900,-2.6560,0.8665	240.0750,-2.6560,0.8665	240.5750,-2.6560,0.8665	241.0750,-2.6560,0.8665	241.5750,-2.6560,0.8665	241.6250,-2.6560,0.8665	241.6250,-2.6560,0.8815	241.5750,-2.6560,0.8815	241.0750,-2.6560,0.8815	240.5750,-2.6560,0.8815	240.0750,-2.5060,0.8815	239.5900,-2.5060,0.8815	239.5900,-2.5060,0.8665	240.0750,-2.5060,0.8665	240.5750,-2.5060,0.8665	241.0750,-2.5060,0.8665	241.5750,-2.5060,0.8665	241.6250,-2.5060,0.8665	241.6250,-2.5060,0.8815	241.5750,-2.5060,0.8815	241.0750,-2.5060,0.8815	240.5750,-2.5060,0.8815
784	塗替塗装-326	塗替塗装						主桁（上山形鋼）	x 239.59〜257.11 G2	塗替塗装範囲詳細図		DWG の図から（測量前）	塗替塗装 x 239.59〜257.11 主桁（上山形鋼） G2	ext_poly	12	240.0750,-2.5210,0.8665	239.5900,-2.5210,0.8665	239.5900,-2.5210,0.7315	240.0750,-2.5210,0.7315	240.5750,-2.5210,0.7315	241.0750,-2.5210,0.7315	241.5750,-2.5210,0.7315	241.6250,-2.5210,0.7315	241.6250,-2.5210,0.8665	241.5750,-2.5210,0.8665	241.0750,-2.5210,0.8665	240.5750,-2.5210,0.8665	240.0750,-2.5060,0.8665	239.5900,-2.5060,0.8665	239.5900,-2.5060,0.7315	240.0750,-2.5060,0.7315	240.5750,-2.5060,0.7315	241.0750,-2.5060,0.7315	241.5750,-2.5060,0.7315	241.6250,-2.5060,0.7315	241.6250,-2.5060,0.8665	241.5750,-2.5060,0.8665	241.0750,-2.5060,0.8665	240.5750,-2.5060,0.8665
785	塗替塗装-327	塗替塗装						主桁（下山形鋼）	x 239.59〜257.11 G2	塗替塗装範囲詳細図		DWG の図から（測量前）	塗替塗装 x 239.59〜257.11 主桁（下山形鋼） G2	ext_poly	12	240.0750,-2.6560,-0.6135	239.5900,-2.6560,-0.6135	239.5900,-2.6560,-0.6285	240.0750,-2.6560,-0.6285	240.5750,-2.6560,-0.6285	241.0750,-2.6560,-0.6285	241.5750,-2.6560,-0.6285	241.6250,-2.6560,-0.6285	241.6250,-2.6560,-0.6135	241.5750,-2.6560,-0.6135	241.0750,-2.6560,-0.6135	240.5750,-2.6560,-0.6135	240.0750,-2.5060,-0.6135	239.5900,-2.5060,-0.6135	239.5900,-2.5060,-0.6285	240.0750,-2.5060,-0.6285	240.5750,-2.5060,-0.6285	241.0750,-2.5060,-0.6285	241.5750,-2.5060,-0.6285	241.6250,-2.5060,-0.6285	241.6250,-2.5060,-0.6135	241.5750,-2.5060,-0.6135	241.0750,-2.5060,-0.6135	240.5750,-2.5060,-0.6135
786	塗替塗装-328	塗替塗装						主桁（下山形鋼）	x 239.59〜257.11 G2	塗替塗装範囲詳細図		DWG の図から（測量前）	塗替塗装 x 239.59〜257.11 主桁（下山形鋼） G2	ext_poly	12	240.0750,-2.5210,-0.4785	239.5900,-2.5210,-0.4785	239.5900,-2.5210,-0.6135	240.0750,-2.5210,-0.6135	240.5750,-2.5210,-0.6135	241.0750,-2.5210,-0.6135	241.5750,-2.5210,-0.6135	241.6250,-2.5210,-0.6135	241.6250,-2.5210,-0.4785	241.5750,-2.5210,-0.4785	241.0750,-2.5210,-0.4785	240.5750,-2.5210,-0.4785	240.0750,-2.5060,-0.4785	239.5900,-2.5060,-0.4785	239.5900,-2.5060,-0.6135	240.0750,-2.5060,-0.6135	240.5750,-2.5060,-0.6135	241.0750,-2.5060,-0.6135	241.5750,-2.5060,-0.6135	241.6250,-2.5060,-0.6135	241.6250,-2.5060,-0.4785	241.5750,-2.5060,-0.4785	241.0750,-2.5060,-0.4785	240.5750,-2.5060,-0.4785
787	塗替塗装-329	塗替塗装						主桁（腹板）	x 239.59〜257.11 G1	塗替塗装範囲詳細図		DWG の図から（測量前）	塗替塗装 x 239.59〜257.11 主桁（腹板） G1	ext_poly	56	242.1750,2.4955,0.8815	241.6750,2.4955,0.8815	241.6750,2.4955,-0.6285	242.1750,2.4955,-0.6285	242.6750,2.4955,-0.6285	243.1750,2.4955,-0.6285	243.6750,2.4955,-0.6285	244.1750,2.4955,-0.6285	244.6750,2.4955,-0.6285	245.1750,2.4955,-0.6285	245.6750,2.4955,-0.6285	246.1750,2.4955,-0.6285	246.6750,2.4955,-0.6285	247.1750,2.4955,-0.6285	247.6750,2.4955,-0.6285	248.1750,2.4955,-0.6285	248.6750,2.4955,-0.6285	249.1750,2.4955,-0.6285	249.6750,2.4955,-0.6285	250.1750,2.4955,-0.6285	250.6750,2.4955,-0.6285	251.1750,2.4955,-0.6285	251.6750,2.4955,-0.6285	252.1750,2.4955,-0.6285	252.6750,2.4955,-0.6285	253.1750,2.4955,-0.6285	253.6750,2.4955,-0.6285	254.1750,2.4955,-0.6285	254.6750,2.4955,-0.6285	255.0250,2.4955,-0.6285	255.0250,2.4955,0.8815	254.6750,2.4955,0.8815	254.1750,2.4955,0.8815	253.6750,2.4955,0.8815	253.1750,2.4955,0.8815	252.6750,2.4955,0.8815	252.1750,2.4955,0.8815	251.6750,2.4955,0.8815	251.1750,2.4955,0.8815	250.6750,2.4955,0.8815	250.1750,2.4955,0.8815	249.6750,2.4955,0.8815	249.1750,2.4955,0.8815	248.6750,2.4955,0.8815	248.1750,2.4955,0.8815	247.6750,2.4955,0.8815	247.1750,2.4955,0.8815	246.6750,2.4955,0.8815	246.1750,2.4955,0.8815	245.6750,2.4955,0.8815	245.1750,2.4955,0.8815	244.6750,2.4955,0.8815	244.1750,2.4955,0.8815	243.6750,2.4955,0.8815	243.1750,2.4955,0.8815	242.6750,2.4955,0.8815	242.1750,2.5045,0.8815	241.6750,2.5045,0.8815	241.6750,2.5045,-0.6285	242.1750,2.5045,-0.6285	242.6750,2.5045,-0.6285	243.1750,2.5045,-0.6285	243.6750,2.5045,-0.6285	244.1750,2.5045,-0.6285	244.6750,2.5045,-0.6285	245.1750,2.5045,-0.6285	245.6750,2.5045,-0.6285	246.1750,2.5045,-0.6285	246.6750,2.5045,-0.6285	247.1750,2.5045,-0.6285	247.6750,2.5045,-0.6285	248.1750,2.5045,-0.6285	248.6750,2.5045,-0.6285	249.1750,2.5045,-0.6285	249.6750,2.5045,-0.6285	250.1750,2.5045,-0.6285	250.6750,2.5045,-0.6285	251.1750,2.5045,-0.6285	251.6750,2.5045,-0.6285	252.1750,2.5045,-0.6285	252.6750,2.5045,-0.6285	253.1750,2.5045,-0.6285	253.6750,2.5045,-0.6285	254.1750,2.5045,-0.6285	254.6750,2.5045,-0.6285	255.0250,2.5045,-0.6285	255.0250,2.5045,0.8815	254.6750,2.5045,0.8815	254.1750,2.5045,0.8815	253.6750,2.5045,0.8815	253.1750,2.5045,0.8815	252.6750,2.5045,0.8815	252.1750,2.5045,0.8815	251.6750,2.5045,0.8815	251.1750,2.5045,0.8815	250.6750,2.5045,0.8815	250.1750,2.5045,0.8815	249.6750,2.5045,0.8815	249.1750,2.5045,0.8815	248.6750,2.5045,0.8815	248.1750,2.5045,0.8815	247.6750,2.5045,0.8815	247.1750,2.5045,0.8815	246.6750,2.5045,0.8815	246.1750,2.5045,0.8815	245.6750,2.5045,0.8815	245.1750,2.5045,0.8815	244.6750,2.5045,0.8815	244.1750,2.5045,0.8815	243.6750,2.5045,0.8815	243.1750,2.5045,0.8815	242.6750,2.5045,0.8815
788	塗替塗装-330	塗替塗装						主桁（上山形鋼）	x 239.59〜257.11 G1	塗替塗装範囲詳細図		DWG の図から（測量前）	塗替塗装 x 239.59〜257.11 主桁（上山形鋼） G1	ext_poly	56	242.1750,2.5045,0.8815	241.6750,2.5045,0.8815	241.6750,2.5045,0.8695	242.1750,2.5045,0.8695	242.6750,2.5045,0.8695	243.1750,2.5045,0.8695	243.6750,2.5045,0.8695	244.1750,2.5045,0.8695	244.6750,2.5045,0.8695	245.1750,2.5045,0.8695	245.6750,2.5045,0.8695	246.1750,2.5045,0.8695	246.6750,2.5045,0.8695	247.1750,2.5045,0.8695	247.6750,2.5045,0.8695	248.1750,2.5045,0.8695	248.6750,2.5045,0.8695	249.1750,2.5045,0.8695	249.6750,2.5045,0.8695	250.1750,2.5045,0.8695	250.6750,2.5045,0.8695	251.1750,2.5045,0.8695	251.6750,2.5045,0.8695	252.1750,2.5045,0.8695	252.6750,2.5045,0.8695	253.1750,2.5045,0.8695	253.6750,2.5045,0.8695	254.1750,2.5045,0.8695	254.6750,2.5045,0.8695	255.0250,2.5045,0.8695	255.0250,2.5045,0.8815	254.6750,2.5045,0.8815	254.1750,2.5045,0.8815	253.6750,2.5045,0.8815	253.1750,2.5045,0.8815	252.6750,2.5045,0.8815	252.1750,2.5045,0.8815	251.6750,2.5045,0.8815	251.1750,2.5045,0.8815	250.6750,2.5045,0.8815	250.1750,2.5045,0.8815	249.6750,2.5045,0.8815	249.1750,2.5045,0.8815	248.6750,2.5045,0.8815	248.1750,2.5045,0.8815	247.6750,2.5045,0.8815	247.1750,2.5045,0.8815	246.6750,2.5045,0.8815	246.1750,2.5045,0.8815	245.6750,2.5045,0.8815	245.1750,2.5045,0.8815	244.6750,2.5045,0.8815	244.1750,2.5045,0.8815	243.6750,2.5045,0.8815	243.1750,2.5045,0.8815	242.6750,2.5045,0.8815	242.1750,2.6545,0.8815	241.6750,2.6545,0.8815	241.6750,2.6545,0.8695	242.1750,2.6545,0.8695	242.6750,2.6545,0.8695	243.1750,2.6545,0.8695	243.6750,2.6545,0.8695	244.1750,2.6545,0.8695	244.6750,2.6545,0.8695	245.1750,2.6545,0.8695	245.6750,2.6545,0.8695	246.1750,2.6545,0.8695	246.6750,2.6545,0.8695	247.1750,2.6545,0.8695	247.6750,2.6545,0.8695	248.1750,2.6545,0.8695	248.6750,2.6545,0.8695	249.1750,2.6545,0.8695	249.6750,2.6545,0.8695	250.1750,2.6545,0.8695	250.6750,2.6545,0.8695	251.1750,2.6545,0.8695	251.6750,2.6545,0.8695	252.1750,2.6545,0.8695	252.6750,2.6545,0.8695	253.1750,2.6545,0.8695	253.6750,2.6545,0.8695	254.1750,2.6545,0.8695	254.6750,2.6545,0.8695	255.0250,2.6545,0.8695	255.0250,2.6545,0.8815	254.6750,2.6545,0.8815	254.1750,2.6545,0.8815	253.6750,2.6545,0.8815	253.1750,2.6545,0.8815	252.6750,2.6545,0.8815	252.1750,2.6545,0.8815	251.6750,2.6545,0.8815	251.1750,2.6545,0.8815	250.6750,2.6545,0.8815	250.1750,2.6545,0.8815	249.6750,2.6545,0.8815	249.1750,2.6545,0.8815	248.6750,2.6545,0.8815	248.1750,2.6545,0.8815	247.6750,2.6545,0.8815	247.1750,2.6545,0.8815	246.6750,2.6545,0.8815	246.1750,2.6545,0.8815	245.6750,2.6545,0.8815	245.1750,2.6545,0.8815	244.6750,2.6545,0.8815	244.1750,2.6545,0.8815	243.6750,2.6545,0.8815	243.1750,2.6545,0.8815	242.6750,2.6545,0.8815
789	塗替塗装-331	塗替塗装						主桁（上山形鋼）	x 239.59〜257.11 G1	塗替塗装範囲詳細図		DWG の図から（測量前）	塗替塗装 x 239.59〜257.11 主桁（上山形鋼） G1	ext_poly	56	242.1750,2.5045,0.8695	241.6750,2.5045,0.8695	241.6750,2.5045,0.7315	242.1750,2.5045,0.7315	242.6750,2.5045,0.7315	243.1750,2.5045,0.7315	243.6750,2.5045,0.7315	244.1750,2.5045,0.7315	244.6750,2.5045,0.7315	245.1750,2.5045,0.7315	245.6750,2.5045,0.7315	246.1750,2.5045,0.7315	246.6750,2.5045,0.7315	247.1750,2.5045,0.7315	247.6750,2.5045,0.7315	248.1750,2.5045,0.7315	248.6750,2.5045,0.7315	249.1750,2.5045,0.7315	249.6750,2.5045,0.7315	250.1750,2.5045,0.7315	250.6750,2.5045,0.7315	251.1750,2.5045,0.7315	251.6750,2.5045,0.7315	252.1750,2.5045,0.7315	252.6750,2.5045,0.7315	253.1750,2.5045,0.7315	253.6750,2.5045,0.7315	254.1750,2.5045,0.7315	254.6750,2.5045,0.7315	255.0250,2.5045,0.7315	255.0250,2.5045,0.8695	254.6750,2.5045,0.8695	254.1750,2.5045,0.8695	253.6750,2.5045,0.8695	253.1750,2.5045,0.8695	252.6750,2.5045,0.8695	252.1750,2.5045,0.8695	251.6750,2.5045,0.8695	251.1750,2.5045,0.8695	250.6750,2.5045,0.8695	250.1750,2.5045,0.8695	249.6750,2.5045,0.8695	249.1750,2.5045,0.8695	248.6750,2.5045,0.8695	248.1750,2.5045,0.8695	247.6750,2.5045,0.8695	247.1750,2.5045,0.8695	246.6750,2.5045,0.8695	246.1750,2.5045,0.8695	245.6750,2.5045,0.8695	245.1750,2.5045,0.8695	244.6750,2.5045,0.8695	244.1750,2.5045,0.8695	243.6750,2.5045,0.8695	243.1750,2.5045,0.8695	242.6750,2.5045,0.8695	242.1750,2.5165,0.8695	241.6750,2.5165,0.8695	241.6750,2.5165,0.7315	242.1750,2.5165,0.7315	242.6750,2.5165,0.7315	243.1750,2.5165,0.7315	243.6750,2.5165,0.7315	244.1750,2.5165,0.7315	244.6750,2.5165,0.7315	245.1750,2.5165,0.7315	245.6750,2.5165,0.7315	246.1750,2.5165,0.7315	246.6750,2.5165,0.7315	247.1750,2.5165,0.7315	247.6750,2.5165,0.7315	248.1750,2.5165,0.7315	248.6750,2.5165,0.7315	249.1750,2.5165,0.7315	249.6750,2.5165,0.7315	250.1750,2.5165,0.7315	250.6750,2.5165,0.7315	251.1750,2.5165,0.7315	251.6750,2.5165,0.7315	252.1750,2.5165,0.7315	252.6750,2.5165,0.7315	253.1750,2.5165,0.7315	253.6750,2.5165,0.7315	254.1750,2.5165,0.7315	254.6750,2.5165,0.7315	255.0250,2.5165,0.7315	255.0250,2.5165,0.8695	254.6750,2.5165,0.8695	254.1750,2.5165,0.8695	253.6750,2.5165,0.8695	253.1750,2.5165,0.8695	252.6750,2.5165,0.8695	252.1750,2.5165,0.8695	251.6750,2.5165,0.8695	251.1750,2.5165,0.8695	250.6750,2.5165,0.8695	250.1750,2.5165,0.8695	249.6750,2.5165,0.8695	249.1750,2.5165,0.8695	248.6750,2.5165,0.8695	248.1750,2.5165,0.8695	247.6750,2.5165,0.8695	247.1750,2.5165,0.8695	246.6750,2.5165,0.8695	246.1750,2.5165,0.8695	245.6750,2.5165,0.8695	245.1750,2.5165,0.8695	244.6750,2.5165,0.8695	244.1750,2.5165,0.8695	243.6750,2.5165,0.8695	243.1750,2.5165,0.8695	242.6750,2.5165,0.8695
790	塗替塗装-332	塗替塗装						主桁（下山形鋼）	x 239.59〜257.11 G1	塗替塗装範囲詳細図		DWG の図から（測量前）	塗替塗装 x 239.59〜257.11 主桁（下山形鋼） G1	ext_poly	56	242.1750,2.5045,-0.6165	241.6750,2.5045,-0.6165	241.6750,2.5045,-0.6285	242.1750,2.5045,-0.6285	242.6750,2.5045,-0.6285	243.1750,2.5045,-0.6285	243.6750,2.5045,-0.6285	244.1750,2.5045,-0.6285	244.6750,2.5045,-0.6285	245.1750,2.5045,-0.6285	245.6750,2.5045,-0.6285	246.1750,2.5045,-0.6285	246.6750,2.5045,-0.6285	247.1750,2.5045,-0.6285	247.6750,2.5045,-0.6285	248.1750,2.5045,-0.6285	248.6750,2.5045,-0.6285	249.1750,2.5045,-0.6285	249.6750,2.5045,-0.6285	250.1750,2.5045,-0.6285	250.6750,2.5045,-0.6285	251.1750,2.5045,-0.6285	251.6750,2.5045,-0.6285	252.1750,2.5045,-0.6285	252.6750,2.5045,-0.6285	253.1750,2.5045,-0.6285	253.6750,2.5045,-0.6285	254.1750,2.5045,-0.6285	254.6750,2.5045,-0.6285	255.0250,2.5045,-0.6285	255.0250,2.5045,-0.6165	254.6750,2.5045,-0.6165	254.1750,2.5045,-0.6165	253.6750,2.5045,-0.6165	253.1750,2.5045,-0.6165	252.6750,2.5045,-0.6165	252.1750,2.5045,-0.6165	251.6750,2.5045,-0.6165	251.1750,2.5045,-0.6165	250.6750,2.5045,-0.6165	250.1750,2.5045,-0.6165	249.6750,2.5045,-0.6165	249.1750,2.5045,-0.6165	248.6750,2.5045,-0.6165	248.1750,2.5045,-0.6165	247.6750,2.5045,-0.6165	247.1750,2.5045,-0.6165	246.6750,2.5045,-0.6165	246.1750,2.5045,-0.6165	245.6750,2.5045,-0.6165	245.1750,2.5045,-0.6165	244.6750,2.5045,-0.6165	244.1750,2.5045,-0.6165	243.6750,2.5045,-0.6165	243.1750,2.5045,-0.6165	242.6750,2.5045,-0.6165	242.1750,2.6545,-0.6165	241.6750,2.6545,-0.6165	241.6750,2.6545,-0.6285	242.1750,2.6545,-0.6285	242.6750,2.6545,-0.6285	243.1750,2.6545,-0.6285	243.6750,2.6545,-0.6285	244.1750,2.6545,-0.6285	244.6750,2.6545,-0.6285	245.1750,2.6545,-0.6285	245.6750,2.6545,-0.6285	246.1750,2.6545,-0.6285	246.6750,2.6545,-0.6285	247.1750,2.6545,-0.6285	247.6750,2.6545,-0.6285	248.1750,2.6545,-0.6285	248.6750,2.6545,-0.6285	249.1750,2.6545,-0.6285	249.6750,2.6545,-0.6285	250.1750,2.6545,-0.6285	250.6750,2.6545,-0.6285	251.1750,2.6545,-0.6285	251.6750,2.6545,-0.6285	252.1750,2.6545,-0.6285	252.6750,2.6545,-0.6285	253.1750,2.6545,-0.6285	253.6750,2.6545,-0.6285	254.1750,2.6545,-0.6285	254.6750,2.6545,-0.6285	255.0250,2.6545,-0.6285	255.0250,2.6545,-0.6165	254.6750,2.6545,-0.6165	254.1750,2.6545,-0.6165	253.6750,2.6545,-0.6165	253.1750,2.6545,-0.6165	252.6750,2.6545,-0.6165	252.1750,2.6545,-0.6165	251.6750,2.6545,-0.6165	251.1750,2.6545,-0.6165	250.6750,2.6545,-0.6165	250.1750,2.6545,-0.6165	249.6750,2.6545,-0.6165	249.1750,2.6545,-0.6165	248.6750,2.6545,-0.6165	248.1750,2.6545,-0.6165	247.6750,2.6545,-0.6165	247.1750,2.6545,-0.6165	246.6750,2.6545,-0.6165	246.1750,2.6545,-0.6165	245.6750,2.6545,-0.6165	245.1750,2.6545,-0.6165	244.6750,2.6545,-0.6165	244.1750,2.6545,-0.6165	243.6750,2.6545,-0.6165	243.1750,2.6545,-0.6165	242.6750,2.6545,-0.6165
791	塗替塗装-333	塗替塗装						主桁（下山形鋼）	x 239.59〜257.11 G1	塗替塗装範囲詳細図		DWG の図から（測量前）	塗替塗装 x 239.59〜257.11 主桁（下山形鋼） G1	ext_poly	56	242.1750,2.5045,-0.4785	241.6750,2.5045,-0.4785	241.6750,2.5045,-0.6165	242.1750,2.5045,-0.6165	242.6750,2.5045,-0.6165	243.1750,2.5045,-0.6165	243.6750,2.5045,-0.6165	244.1750,2.5045,-0.6165	244.6750,2.5045,-0.6165	245.1750,2.5045,-0.6165	245.6750,2.5045,-0.6165	246.1750,2.5045,-0.6165	246.6750,2.5045,-0.6165	247.1750,2.5045,-0.6165	247.6750,2.5045,-0.6165	248.1750,2.5045,-0.6165	248.6750,2.5045,-0.6165	249.1750,2.5045,-0.6165	249.6750,2.5045,-0.6165	250.1750,2.5045,-0.6165	250.6750,2.5045,-0.6165	251.1750,2.5045,-0.6165	251.6750,2.5045,-0.6165	252.1750,2.5045,-0.6165	252.6750,2.5045,-0.6165	253.1750,2.5045,-0.6165	253.6750,2.5045,-0.6165	254.1750,2.5045,-0.6165	254.6750,2.5045,-0.6165	255.0250,2.5045,-0.6165	255.0250,2.5045,-0.4785	254.6750,2.5045,-0.4785	254.1750,2.5045,-0.4785	253.6750,2.5045,-0.4785	253.1750,2.5045,-0.4785	252.6750,2.5045,-0.4785	252.1750,2.5045,-0.4785	251.6750,2.5045,-0.4785	251.1750,2.5045,-0.4785	250.6750,2.5045,-0.4785	250.1750,2.5045,-0.4785	249.6750,2.5045,-0.4785	249.1750,2.5045,-0.4785	248.6750,2.5045,-0.4785	248.1750,2.5045,-0.4785	247.6750,2.5045,-0.4785	247.1750,2.5045,-0.4785	246.6750,2.5045,-0.4785	246.1750,2.5045,-0.4785	245.6750,2.5045,-0.4785	245.1750,2.5045,-0.4785	244.6750,2.5045,-0.4785	244.1750,2.5045,-0.4785	243.6750,2.5045,-0.4785	243.1750,2.5045,-0.4785	242.6750,2.5045,-0.4785	242.1750,2.5165,-0.4785	241.6750,2.5165,-0.4785	241.6750,2.5165,-0.6165	242.1750,2.5165,-0.6165	242.6750,2.5165,-0.6165	243.1750,2.5165,-0.6165	243.6750,2.5165,-0.6165	244.1750,2.5165,-0.6165	244.6750,2.5165,-0.6165	245.1750,2.5165,-0.6165	245.6750,2.5165,-0.6165	246.1750,2.5165,-0.6165	246.6750,2.5165,-0.6165	247.1750,2.5165,-0.6165	247.6750,2.5165,-0.6165	248.1750,2.5165,-0.6165	248.6750,2.5165,-0.6165	249.1750,2.5165,-0.6165	249.6750,2.5165,-0.6165	250.1750,2.5165,-0.6165	250.6750,2.5165,-0.6165	251.1750,2.5165,-0.6165	251.6750,2.5165,-0.6165	252.1750,2.5165,-0.6165	252.6750,2.5165,-0.6165	253.1750,2.5165,-0.6165	253.6750,2.5165,-0.6165	254.1750,2.5165,-0.6165	254.6750,2.5165,-0.6165	255.0250,2.5165,-0.6165	255.0250,2.5165,-0.4785	254.6750,2.5165,-0.4785	254.1750,2.5165,-0.4785	253.6750,2.5165,-0.4785	253.1750,2.5165,-0.4785	252.6750,2.5165,-0.4785	252.1750,2.5165,-0.4785	251.6750,2.5165,-0.4785	251.1750,2.5165,-0.4785	250.6750,2.5165,-0.4785	250.1750,2.5165,-0.4785	249.6750,2.5165,-0.4785	249.1750,2.5165,-0.4785	248.6750,2.5165,-0.4785	248.1750,2.5165,-0.4785	247.6750,2.5165,-0.4785	247.1750,2.5165,-0.4785	246.6750,2.5165,-0.4785	246.1750,2.5165,-0.4785	245.6750,2.5165,-0.4785	245.1750,2.5165,-0.4785	244.6750,2.5165,-0.4785	244.1750,2.5165,-0.4785	243.6750,2.5165,-0.4785	243.1750,2.5165,-0.4785	242.6750,2.5165,-0.4785
792	塗替塗装-334	塗替塗装						主桁（上山形鋼）	x 239.59〜257.11 G1	塗替塗装範囲詳細図		DWG の図から（測量前）	塗替塗装 x 239.59〜257.11 主桁（上山形鋼） G1	ext_poly	56	242.1750,2.3455,0.8815	241.6750,2.3455,0.8815	241.6750,2.3455,0.8695	242.1750,2.3455,0.8695	242.6750,2.3455,0.8695	243.1750,2.3455,0.8695	243.6750,2.3455,0.8695	244.1750,2.3455,0.8695	244.6750,2.3455,0.8695	245.1750,2.3455,0.8695	245.6750,2.3455,0.8695	246.1750,2.3455,0.8695	246.6750,2.3455,0.8695	247.1750,2.3455,0.8695	247.6750,2.3455,0.8695	248.1750,2.3455,0.8695	248.6750,2.3455,0.8695	249.1750,2.3455,0.8695	249.6750,2.3455,0.8695	250.1750,2.3455,0.8695	250.6750,2.3455,0.8695	251.1750,2.3455,0.8695	251.6750,2.3455,0.8695	252.1750,2.3455,0.8695	252.6750,2.3455,0.8695	253.1750,2.3455,0.8695	253.6750,2.3455,0.8695	254.1750,2.3455,0.8695	254.6750,2.3455,0.8695	255.0250,2.3455,0.8695	255.0250,2.3455,0.8815	254.6750,2.3455,0.8815	254.1750,2.3455,0.8815	253.6750,2.3455,0.8815	253.1750,2.3455,0.8815	252.6750,2.3455,0.8815	252.1750,2.3455,0.8815	251.6750,2.3455,0.8815	251.1750,2.3455,0.8815	250.6750,2.3455,0.8815	250.1750,2.3455,0.8815	249.6750,2.3455,0.8815	249.1750,2.3455,0.8815	248.6750,2.3455,0.8815	248.1750,2.3455,0.8815	247.6750,2.3455,0.8815	247.1750,2.3455,0.8815	246.6750,2.3455,0.8815	246.1750,2.3455,0.8815	245.6750,2.3455,0.8815	245.1750,2.3455,0.8815	244.6750,2.3455,0.8815	244.1750,2.3455,0.8815	243.6750,2.3455,0.8815	243.1750,2.3455,0.8815	242.6750,2.3455,0.8815	242.1750,2.4955,0.8815	241.6750,2.4955,0.8815	241.6750,2.4955,0.8695	242.1750,2.4955,0.8695	242.6750,2.4955,0.8695	243.1750,2.4955,0.8695	243.6750,2.4955,0.8695	244.1750,2.4955,0.8695	244.6750,2.4955,0.8695	245.1750,2.4955,0.8695	245.6750,2.4955,0.8695	246.1750,2.4955,0.8695	246.6750,2.4955,0.8695	247.1750,2.4955,0.8695	247.6750,2.4955,0.8695	248.1750,2.4955,0.8695	248.6750,2.4955,0.8695	249.1750,2.4955,0.8695	249.6750,2.4955,0.8695	250.1750,2.4955,0.8695	250.6750,2.4955,0.8695	251.1750,2.4955,0.8695	251.6750,2.4955,0.8695	252.1750,2.4955,0.8695	252.6750,2.4955,0.8695	253.1750,2.4955,0.8695	253.6750,2.4955,0.8695	254.1750,2.4955,0.8695	254.6750,2.4955,0.8695	255.0250,2.4955,0.8695	255.0250,2.4955,0.8815	254.6750,2.4955,0.8815	254.1750,2.4955,0.8815	253.6750,2.4955,0.8815	253.1750,2.4955,0.8815	252.6750,2.4955,0.8815	252.1750,2.4955,0.8815	251.6750,2.4955,0.8815	251.1750,2.4955,0.8815	250.6750,2.4955,0.8815	250.1750,2.4955,0.8815	249.6750,2.4955,0.8815	249.1750,2.4955,0.8815	248.6750,2.4955,0.8815	248.1750,2.4955,0.8815	247.6750,2.4955,0.8815	247.1750,2.4955,0.8815	246.6750,2.4955,0.8815	246.1750,2.4955,0.8815	245.6750,2.4955,0.8815	245.1750,2.4955,0.8815	244.6750,2.4955,0.8815	244.1750,2.4955,0.8815	243.6750,2.4955,0.8815	243.1750,2.4955,0.8815	242.6750,2.4955,0.8815
793	塗替塗装-335	塗替塗装						主桁（上山形鋼）	x 239.59〜257.11 G1	塗替塗装範囲詳細図		DWG の図から（測量前）	塗替塗装 x 239.59〜257.11 主桁（上山形鋼） G1	ext_poly	56	242.1750,2.4835,0.8695	241.6750,2.4835,0.8695	241.6750,2.4835,0.7315	242.1750,2.4835,0.7315	242.6750,2.4835,0.7315	243.1750,2.4835,0.7315	243.6750,2.4835,0.7315	244.1750,2.4835,0.7315	244.6750,2.4835,0.7315	245.1750,2.4835,0.7315	245.6750,2.4835,0.7315	246.1750,2.4835,0.7315	246.6750,2.4835,0.7315	247.1750,2.4835,0.7315	247.6750,2.4835,0.7315	248.1750,2.4835,0.7315	248.6750,2.4835,0.7315	249.1750,2.4835,0.7315	249.6750,2.4835,0.7315	250.1750,2.4835,0.7315	250.6750,2.4835,0.7315	251.1750,2.4835,0.7315	251.6750,2.4835,0.7315	252.1750,2.4835,0.7315	252.6750,2.4835,0.7315	253.1750,2.4835,0.7315	253.6750,2.4835,0.7315	254.1750,2.4835,0.7315	254.6750,2.4835,0.7315	255.0250,2.4835,0.7315	255.0250,2.4835,0.8695	254.6750,2.4835,0.8695	254.1750,2.4835,0.8695	253.6750,2.4835,0.8695	253.1750,2.4835,0.8695	252.6750,2.4835,0.8695	252.1750,2.4835,0.8695	251.6750,2.4835,0.8695	251.1750,2.4835,0.8695	250.6750,2.4835,0.8695	250.1750,2.4835,0.8695	249.6750,2.4835,0.8695	249.1750,2.4835,0.8695	248.6750,2.4835,0.8695	248.1750,2.4835,0.8695	247.6750,2.4835,0.8695	247.1750,2.4835,0.8695	246.6750,2.4835,0.8695	246.1750,2.4835,0.8695	245.6750,2.4835,0.8695	245.1750,2.4835,0.8695	244.6750,2.4835,0.8695	244.1750,2.4835,0.8695	243.6750,2.4835,0.8695	243.1750,2.4835,0.8695	242.6750,2.4835,0.8695	242.1750,2.4955,0.8695	241.6750,2.4955,0.8695	241.6750,2.4955,0.7315	242.1750,2.4955,0.7315	242.6750,2.4955,0.7315	243.1750,2.4955,0.7315	243.6750,2.4955,0.7315	244.1750,2.4955,0.7315	244.6750,2.4955,0.7315	245.1750,2.4955,0.7315	245.6750,2.4955,0.7315	246.1750,2.4955,0.7315	246.6750,2.4955,0.7315	247.1750,2.4955,0.7315	247.6750,2.4955,0.7315	248.1750,2.4955,0.7315	248.6750,2.4955,0.7315	249.1750,2.4955,0.7315	249.6750,2.4955,0.7315	250.1750,2.4955,0.7315	250.6750,2.4955,0.7315	251.1750,2.4955,0.7315	251.6750,2.4955,0.7315	252.1750,2.4955,0.7315	252.6750,2.4955,0.7315	253.1750,2.4955,0.7315	253.6750,2.4955,0.7315	254.1750,2.4955,0.7315	254.6750,2.4955,0.7315	255.0250,2.4955,0.7315	255.0250,2.4955,0.8695	254.6750,2.4955,0.8695	254.1750,2.4955,0.8695	253.6750,2.4955,0.8695	253.1750,2.4955,0.8695	252.6750,2.4955,0.8695	252.1750,2.4955,0.8695	251.6750,2.4955,0.8695	251.1750,2.4955,0.8695	250.6750,2.4955,0.8695	250.1750,2.4955,0.8695	249.6750,2.4955,0.8695	249.1750,2.4955,0.8695	248.6750,2.4955,0.8695	248.1750,2.4955,0.8695	247.6750,2.4955,0.8695	247.1750,2.4955,0.8695	246.6750,2.4955,0.8695	246.1750,2.4955,0.8695	245.6750,2.4955,0.8695	245.1750,2.4955,0.8695	244.6750,2.4955,0.8695	244.1750,2.4955,0.8695	243.6750,2.4955,0.8695	243.1750,2.4955,0.8695	242.6750,2.4955,0.8695
794	塗替塗装-336	塗替塗装						主桁（下山形鋼）	x 239.59〜257.11 G1	塗替塗装範囲詳細図		DWG の図から（測量前）	塗替塗装 x 239.59〜257.11 主桁（下山形鋼） G1	ext_poly	56	242.1750,2.3455,-0.6165	241.6750,2.3455,-0.6165	241.6750,2.3455,-0.6285	242.1750,2.3455,-0.6285	242.6750,2.3455,-0.6285	243.1750,2.3455,-0.6285	243.6750,2.3455,-0.6285	244.1750,2.3455,-0.6285	244.6750,2.3455,-0.6285	245.1750,2.3455,-0.6285	245.6750,2.3455,-0.6285	246.1750,2.3455,-0.6285	246.6750,2.3455,-0.6285	247.1750,2.3455,-0.6285	247.6750,2.3455,-0.6285	248.1750,2.3455,-0.6285	248.6750,2.3455,-0.6285	249.1750,2.3455,-0.6285	249.6750,2.3455,-0.6285	250.1750,2.3455,-0.6285	250.6750,2.3455,-0.6285	251.1750,2.3455,-0.6285	251.6750,2.3455,-0.6285	252.1750,2.3455,-0.6285	252.6750,2.3455,-0.6285	253.1750,2.3455,-0.6285	253.6750,2.3455,-0.6285	254.1750,2.3455,-0.6285	254.6750,2.3455,-0.6285	255.0250,2.3455,-0.6285	255.0250,2.3455,-0.6165	254.6750,2.3455,-0.6165	254.1750,2.3455,-0.6165	253.6750,2.3455,-0.6165	253.1750,2.3455,-0.6165	252.6750,2.3455,-0.6165	252.1750,2.3455,-0.6165	251.6750,2.3455,-0.6165	251.1750,2.3455,-0.6165	250.6750,2.3455,-0.6165	250.1750,2.3455,-0.6165	249.6750,2.3455,-0.6165	249.1750,2.3455,-0.6165	248.6750,2.3455,-0.6165	248.1750,2.3455,-0.6165	247.6750,2.3455,-0.6165	247.1750,2.3455,-0.6165	246.6750,2.3455,-0.6165	246.1750,2.3455,-0.6165	245.6750,2.3455,-0.6165	245.1750,2.3455,-0.6165	244.6750,2.3455,-0.6165	244.1750,2.3455,-0.6165	243.6750,2.3455,-0.6165	243.1750,2.3455,-0.6165	242.6750,2.3455,-0.6165	242.1750,2.4955,-0.6165	241.6750,2.4955,-0.6165	241.6750,2.4955,-0.6285	242.1750,2.4955,-0.6285	242.6750,2.4955,-0.6285	243.1750,2.4955,-0.6285	243.6750,2.4955,-0.6285	244.1750,2.4955,-0.6285	244.6750,2.4955,-0.6285	245.1750,2.4955,-0.6285	245.6750,2.4955,-0.6285	246.1750,2.4955,-0.6285	246.6750,2.4955,-0.6285	247.1750,2.4955,-0.6285	247.6750,2.4955,-0.6285	248.1750,2.4955,-0.6285	248.6750,2.4955,-0.6285	249.1750,2.4955,-0.6285	249.6750,2.4955,-0.6285	250.1750,2.4955,-0.6285	250.6750,2.4955,-0.6285	251.1750,2.4955,-0.6285	251.6750,2.4955,-0.6285	252.1750,2.4955,-0.6285	252.6750,2.4955,-0.6285	253.1750,2.4955,-0.6285	253.6750,2.4955,-0.6285	254.1750,2.4955,-0.6285	254.6750,2.4955,-0.6285	255.0250,2.4955,-0.6285	255.0250,2.4955,-0.6165	254.6750,2.4955,-0.6165	254.1750,2.4955,-0.6165	253.6750,2.4955,-0.6165	253.1750,2.4955,-0.6165	252.6750,2.4955,-0.6165	252.1750,2.4955,-0.6165	251.6750,2.4955,-0.6165	251.1750,2.4955,-0.6165	250.6750,2.4955,-0.6165	250.1750,2.4955,-0.6165	249.6750,2.4955,-0.6165	249.1750,2.4955,-0.6165	248.6750,2.4955,-0.6165	248.1750,2.4955,-0.6165	247.6750,2.4955,-0.6165	247.1750,2.4955,-0.6165	246.6750,2.4955,-0.6165	246.1750,2.4955,-0.6165	245.6750,2.4955,-0.6165	245.1750,2.4955,-0.6165	244.6750,2.4955,-0.6165	244.1750,2.4955,-0.6165	243.6750,2.4955,-0.6165	243.1750,2.4955,-0.6165	242.6750,2.4955,-0.6165
795	塗替塗装-337	塗替塗装						主桁（下山形鋼）	x 239.59〜257.11 G1	塗替塗装範囲詳細図		DWG の図から（測量前）	塗替塗装 x 239.59〜257.11 主桁（下山形鋼） G1	ext_poly	56	242.1750,2.4835,-0.4785	241.6750,2.4835,-0.4785	241.6750,2.4835,-0.6165	242.1750,2.4835,-0.6165	242.6750,2.4835,-0.6165	243.1750,2.4835,-0.6165	243.6750,2.4835,-0.6165	244.1750,2.4835,-0.6165	244.6750,2.4835,-0.6165	245.1750,2.4835,-0.6165	245.6750,2.4835,-0.6165	246.1750,2.4835,-0.6165	246.6750,2.4835,-0.6165	247.1750,2.4835,-0.6165	247.6750,2.4835,-0.6165	248.1750,2.4835,-0.6165	248.6750,2.4835,-0.6165	249.1750,2.4835,-0.6165	249.6750,2.4835,-0.6165	250.1750,2.4835,-0.6165	250.6750,2.4835,-0.6165	251.1750,2.4835,-0.6165	251.6750,2.4835,-0.6165	252.1750,2.4835,-0.6165	252.6750,2.4835,-0.6165	253.1750,2.4835,-0.6165	253.6750,2.4835,-0.6165	254.1750,2.4835,-0.6165	254.6750,2.4835,-0.6165	255.0250,2.4835,-0.6165	255.0250,2.4835,-0.4785	254.6750,2.4835,-0.4785	254.1750,2.4835,-0.4785	253.6750,2.4835,-0.4785	253.1750,2.4835,-0.4785	252.6750,2.4835,-0.4785	252.1750,2.4835,-0.4785	251.6750,2.4835,-0.4785	251.1750,2.4835,-0.4785	250.6750,2.4835,-0.4785	250.1750,2.4835,-0.4785	249.6750,2.4835,-0.4785	249.1750,2.4835,-0.4785	248.6750,2.4835,-0.4785	248.1750,2.4835,-0.4785	247.6750,2.4835,-0.4785	247.1750,2.4835,-0.4785	246.6750,2.4835,-0.4785	246.1750,2.4835,-0.4785	245.6750,2.4835,-0.4785	245.1750,2.4835,-0.4785	244.6750,2.4835,-0.4785	244.1750,2.4835,-0.4785	243.6750,2.4835,-0.4785	243.1750,2.4835,-0.4785	242.6750,2.4835,-0.4785	242.1750,2.4955,-0.4785	241.6750,2.4955,-0.4785	241.6750,2.4955,-0.6165	242.1750,2.4955,-0.6165	242.6750,2.4955,-0.6165	243.1750,2.4955,-0.6165	243.6750,2.4955,-0.6165	244.1750,2.4955,-0.6165	244.6750,2.4955,-0.6165	245.1750,2.4955,-0.6165	245.6750,2.4955,-0.6165	246.1750,2.4955,-0.6165	246.6750,2.4955,-0.6165	247.1750,2.4955,-0.6165	247.6750,2.4955,-0.6165	248.1750,2.4955,-0.6165	248.6750,2.4955,-0.6165	249.1750,2.4955,-0.6165	249.6750,2.4955,-0.6165	250.1750,2.4955,-0.6165	250.6750,2.4955,-0.6165	251.1750,2.4955,-0.6165	251.6750,2.4955,-0.6165	252.1750,2.4955,-0.6165	252.6750,2.4955,-0.6165	253.1750,2.4955,-0.6165	253.6750,2.4955,-0.6165	254.1750,2.4955,-0.6165	254.6750,2.4955,-0.6165	255.0250,2.4955,-0.6165	255.0250,2.4955,-0.4785	254.6750,2.4955,-0.4785	254.1750,2.4955,-0.4785	253.6750,2.4955,-0.4785	253.1750,2.4955,-0.4785	252.6750,2.4955,-0.4785	252.1750,2.4955,-0.4785	251.6750,2.4955,-0.4785	251.1750,2.4955,-0.4785	250.6750,2.4955,-0.4785	250.1750,2.4955,-0.4785	249.6750,2.4955,-0.4785	249.1750,2.4955,-0.4785	248.6750,2.4955,-0.4785	248.1750,2.4955,-0.4785	247.6750,2.4955,-0.4785	247.1750,2.4955,-0.4785	246.6750,2.4955,-0.4785	246.1750,2.4955,-0.4785	245.6750,2.4955,-0.4785	245.1750,2.4955,-0.4785	244.6750,2.4955,-0.4785	244.1750,2.4955,-0.4785	243.6750,2.4955,-0.4785	243.1750,2.4955,-0.4785	242.6750,2.4955,-0.4785
796	塗替塗装-338	塗替塗装						主桁（腹板）	x 239.59〜257.11 G2	塗替塗装範囲詳細図		DWG の図から（測量前）	塗替塗装 x 239.59〜257.11 主桁（腹板） G2	ext_poly	56	242.1750,-2.5045,0.8815	241.6750,-2.5045,0.8815	241.6750,-2.5045,-0.6285	242.1750,-2.5045,-0.6285	242.6750,-2.5045,-0.6285	243.1750,-2.5045,-0.6285	243.6750,-2.5045,-0.6285	244.1750,-2.5045,-0.6285	244.6750,-2.5045,-0.6285	245.1750,-2.5045,-0.6285	245.6750,-2.5045,-0.6285	246.1750,-2.5045,-0.6285	246.6750,-2.5045,-0.6285	247.1750,-2.5045,-0.6285	247.6750,-2.5045,-0.6285	248.1750,-2.5045,-0.6285	248.6750,-2.5045,-0.6285	249.1750,-2.5045,-0.6285	249.6750,-2.5045,-0.6285	250.1750,-2.5045,-0.6285	250.6750,-2.5045,-0.6285	251.1750,-2.5045,-0.6285	251.6750,-2.5045,-0.6285	252.1750,-2.5045,-0.6285	252.6750,-2.5045,-0.6285	253.1750,-2.5045,-0.6285	253.6750,-2.5045,-0.6285	254.1750,-2.5045,-0.6285	254.6750,-2.5045,-0.6285	255.0250,-2.5045,-0.6285	255.0250,-2.5045,0.8815	254.6750,-2.5045,0.8815	254.1750,-2.5045,0.8815	253.6750,-2.5045,0.8815	253.1750,-2.5045,0.8815	252.6750,-2.5045,0.8815	252.1750,-2.5045,0.8815	251.6750,-2.5045,0.8815	251.1750,-2.5045,0.8815	250.6750,-2.5045,0.8815	250.1750,-2.5045,0.8815	249.6750,-2.5045,0.8815	249.1750,-2.5045,0.8815	248.6750,-2.5045,0.8815	248.1750,-2.5045,0.8815	247.6750,-2.5045,0.8815	247.1750,-2.5045,0.8815	246.6750,-2.5045,0.8815	246.1750,-2.5045,0.8815	245.6750,-2.5045,0.8815	245.1750,-2.5045,0.8815	244.6750,-2.5045,0.8815	244.1750,-2.5045,0.8815	243.6750,-2.5045,0.8815	243.1750,-2.5045,0.8815	242.6750,-2.5045,0.8815	242.1750,-2.4955,0.8815	241.6750,-2.4955,0.8815	241.6750,-2.4955,-0.6285	242.1750,-2.4955,-0.6285	242.6750,-2.4955,-0.6285	243.1750,-2.4955,-0.6285	243.6750,-2.4955,-0.6285	244.1750,-2.4955,-0.6285	244.6750,-2.4955,-0.6285	245.1750,-2.4955,-0.6285	245.6750,-2.4955,-0.6285	246.1750,-2.4955,-0.6285	246.6750,-2.4955,-0.6285	247.1750,-2.4955,-0.6285	247.6750,-2.4955,-0.6285	248.1750,-2.4955,-0.6285	248.6750,-2.4955,-0.6285	249.1750,-2.4955,-0.6285	249.6750,-2.4955,-0.6285	250.1750,-2.4955,-0.6285	250.6750,-2.4955,-0.6285	251.1750,-2.4955,-0.6285	251.6750,-2.4955,-0.6285	252.1750,-2.4955,-0.6285	252.6750,-2.4955,-0.6285	253.1750,-2.4955,-0.6285	253.6750,-2.4955,-0.6285	254.1750,-2.4955,-0.6285	254.6750,-2.4955,-0.6285	255.0250,-2.4955,-0.6285	255.0250,-2.4955,0.8815	254.6750,-2.4955,0.8815	254.1750,-2.4955,0.8815	253.6750,-2.4955,0.8815	253.1750,-2.4955,0.8815	252.6750,-2.4955,0.8815	252.1750,-2.4955,0.8815	251.6750,-2.4955,0.8815	251.1750,-2.4955,0.8815	250.6750,-2.4955,0.8815	250.1750,-2.4955,0.8815	249.6750,-2.4955,0.8815	249.1750,-2.4955,0.8815	248.6750,-2.4955,0.8815	248.1750,-2.4955,0.8815	247.6750,-2.4955,0.8815	247.1750,-2.4955,0.8815	246.6750,-2.4955,0.8815	246.1750,-2.4955,0.8815	245.6750,-2.4955,0.8815	245.1750,-2.4955,0.8815	244.6750,-2.4955,0.8815	244.1750,-2.4955,0.8815	243.6750,-2.4955,0.8815	243.1750,-2.4955,0.8815	242.6750,-2.4955,0.8815
797	塗替塗装-339	塗替塗装						主桁（上山形鋼）	x 239.59〜257.11 G2	塗替塗装範囲詳細図		DWG の図から（測量前）	塗替塗装 x 239.59〜257.11 主桁（上山形鋼） G2	ext_poly	56	242.1750,-2.4955,0.8815	241.6750,-2.4955,0.8815	241.6750,-2.4955,0.8695	242.1750,-2.4955,0.8695	242.6750,-2.4955,0.8695	243.1750,-2.4955,0.8695	243.6750,-2.4955,0.8695	244.1750,-2.4955,0.8695	244.6750,-2.4955,0.8695	245.1750,-2.4955,0.8695	245.6750,-2.4955,0.8695	246.1750,-2.4955,0.8695	246.6750,-2.4955,0.8695	247.1750,-2.4955,0.8695	247.6750,-2.4955,0.8695	248.1750,-2.4955,0.8695	248.6750,-2.4955,0.8695	249.1750,-2.4955,0.8695	249.6750,-2.4955,0.8695	250.1750,-2.4955,0.8695	250.6750,-2.4955,0.8695	251.1750,-2.4955,0.8695	251.6750,-2.4955,0.8695	252.1750,-2.4955,0.8695	252.6750,-2.4955,0.8695	253.1750,-2.4955,0.8695	253.6750,-2.4955,0.8695	254.1750,-2.4955,0.8695	254.6750,-2.4955,0.8695	255.0250,-2.4955,0.8695	255.0250,-2.4955,0.8815	254.6750,-2.4955,0.8815	254.1750,-2.4955,0.8815	253.6750,-2.4955,0.8815	253.1750,-2.4955,0.8815	252.6750,-2.4955,0.8815	252.1750,-2.4955,0.8815	251.6750,-2.4955,0.8815	251.1750,-2.4955,0.8815	250.6750,-2.4955,0.8815	250.1750,-2.4955,0.8815	249.6750,-2.4955,0.8815	249.1750,-2.4955,0.8815	248.6750,-2.4955,0.8815	248.1750,-2.4955,0.8815	247.6750,-2.4955,0.8815	247.1750,-2.4955,0.8815	246.6750,-2.4955,0.8815	246.1750,-2.4955,0.8815	245.6750,-2.4955,0.8815	245.1750,-2.4955,0.8815	244.6750,-2.4955,0.8815	244.1750,-2.4955,0.8815	243.6750,-2.4955,0.8815	243.1750,-2.4955,0.8815	242.6750,-2.4955,0.8815	242.1750,-2.3455,0.8815	241.6750,-2.3455,0.8815	241.6750,-2.3455,0.8695	242.1750,-2.3455,0.8695	242.6750,-2.3455,0.8695	243.1750,-2.3455,0.8695	243.6750,-2.3455,0.8695	244.1750,-2.3455,0.8695	244.6750,-2.3455,0.8695	245.1750,-2.3455,0.8695	245.6750,-2.3455,0.8695	246.1750,-2.3455,0.8695	246.6750,-2.3455,0.8695	247.1750,-2.3455,0.8695	247.6750,-2.3455,0.8695	248.1750,-2.3455,0.8695	248.6750,-2.3455,0.8695	249.1750,-2.3455,0.8695	249.6750,-2.3455,0.8695	250.1750,-2.3455,0.8695	250.6750,-2.3455,0.8695	251.1750,-2.3455,0.8695	251.6750,-2.3455,0.8695	252.1750,-2.3455,0.8695	252.6750,-2.3455,0.8695	253.1750,-2.3455,0.8695	253.6750,-2.3455,0.8695	254.1750,-2.3455,0.8695	254.6750,-2.3455,0.8695	255.0250,-2.3455,0.8695	255.0250,-2.3455,0.8815	254.6750,-2.3455,0.8815	254.1750,-2.3455,0.8815	253.6750,-2.3455,0.8815	253.1750,-2.3455,0.8815	252.6750,-2.3455,0.8815	252.1750,-2.3455,0.8815	251.6750,-2.3455,0.8815	251.1750,-2.3455,0.8815	250.6750,-2.3455,0.8815	250.1750,-2.3455,0.8815	249.6750,-2.3455,0.8815	249.1750,-2.3455,0.8815	248.6750,-2.3455,0.8815	248.1750,-2.3455,0.8815	247.6750,-2.3455,0.8815	247.1750,-2.3455,0.8815	246.6750,-2.3455,0.8815	246.1750,-2.3455,0.8815	245.6750,-2.3455,0.8815	245.1750,-2.3455,0.8815	244.6750,-2.3455,0.8815	244.1750,-2.3455,0.8815	243.6750,-2.3455,0.8815	243.1750,-2.3455,0.8815	242.6750,-2.3455,0.8815
798	塗替塗装-340	塗替塗装						主桁（上山形鋼）	x 239.59〜257.11 G2	塗替塗装範囲詳細図		DWG の図から（測量前）	塗替塗装 x 239.59〜257.11 主桁（上山形鋼） G2	ext_poly	56	242.1750,-2.4955,0.8695	241.6750,-2.4955,0.8695	241.6750,-2.4955,0.7315	242.1750,-2.4955,0.7315	242.6750,-2.4955,0.7315	243.1750,-2.4955,0.7315	243.6750,-2.4955,0.7315	244.1750,-2.4955,0.7315	244.6750,-2.4955,0.7315	245.1750,-2.4955,0.7315	245.6750,-2.4955,0.7315	246.1750,-2.4955,0.7315	246.6750,-2.4955,0.7315	247.1750,-2.4955,0.7315	247.6750,-2.4955,0.7315	248.1750,-2.4955,0.7315	248.6750,-2.4955,0.7315	249.1750,-2.4955,0.7315	249.6750,-2.4955,0.7315	250.1750,-2.4955,0.7315	250.6750,-2.4955,0.7315	251.1750,-2.4955,0.7315	251.6750,-2.4955,0.7315	252.1750,-2.4955,0.7315	252.6750,-2.4955,0.7315	253.1750,-2.4955,0.7315	253.6750,-2.4955,0.7315	254.1750,-2.4955,0.7315	254.6750,-2.4955,0.7315	255.0250,-2.4955,0.7315	255.0250,-2.4955,0.8695	254.6750,-2.4955,0.8695	254.1750,-2.4955,0.8695	253.6750,-2.4955,0.8695	253.1750,-2.4955,0.8695	252.6750,-2.4955,0.8695	252.1750,-2.4955,0.8695	251.6750,-2.4955,0.8695	251.1750,-2.4955,0.8695	250.6750,-2.4955,0.8695	250.1750,-2.4955,0.8695	249.6750,-2.4955,0.8695	249.1750,-2.4955,0.8695	248.6750,-2.4955,0.8695	248.1750,-2.4955,0.8695	247.6750,-2.4955,0.8695	247.1750,-2.4955,0.8695	246.6750,-2.4955,0.8695	246.1750,-2.4955,0.8695	245.6750,-2.4955,0.8695	245.1750,-2.4955,0.8695	244.6750,-2.4955,0.8695	244.1750,-2.4955,0.8695	243.6750,-2.4955,0.8695	243.1750,-2.4955,0.8695	242.6750,-2.4955,0.8695	242.1750,-2.4835,0.8695	241.6750,-2.4835,0.8695	241.6750,-2.4835,0.7315	242.1750,-2.4835,0.7315	242.6750,-2.4835,0.7315	243.1750,-2.4835,0.7315	243.6750,-2.4835,0.7315	244.1750,-2.4835,0.7315	244.6750,-2.4835,0.7315	245.1750,-2.4835,0.7315	245.6750,-2.4835,0.7315	246.1750,-2.4835,0.7315	246.6750,-2.4835,0.7315	247.1750,-2.4835,0.7315	247.6750,-2.4835,0.7315	248.1750,-2.4835,0.7315	248.6750,-2.4835,0.7315	249.1750,-2.4835,0.7315	249.6750,-2.4835,0.7315	250.1750,-2.4835,0.7315	250.6750,-2.4835,0.7315	251.1750,-2.4835,0.7315	251.6750,-2.4835,0.7315	252.1750,-2.4835,0.7315	252.6750,-2.4835,0.7315	253.1750,-2.4835,0.7315	253.6750,-2.4835,0.7315	254.1750,-2.4835,0.7315	254.6750,-2.4835,0.7315	255.0250,-2.4835,0.7315	255.0250,-2.4835,0.8695	254.6750,-2.4835,0.8695	254.1750,-2.4835,0.8695	253.6750,-2.4835,0.8695	253.1750,-2.4835,0.8695	252.6750,-2.4835,0.8695	252.1750,-2.4835,0.8695	251.6750,-2.4835,0.8695	251.1750,-2.4835,0.8695	250.6750,-2.4835,0.8695	250.1750,-2.4835,0.8695	249.6750,-2.4835,0.8695	249.1750,-2.4835,0.8695	248.6750,-2.4835,0.8695	248.1750,-2.4835,0.8695	247.6750,-2.4835,0.8695	247.1750,-2.4835,0.8695	246.6750,-2.4835,0.8695	246.1750,-2.4835,0.8695	245.6750,-2.4835,0.8695	245.1750,-2.4835,0.8695	244.6750,-2.4835,0.8695	244.1750,-2.4835,0.8695	243.6750,-2.4835,0.8695	243.1750,-2.4835,0.8695	242.6750,-2.4835,0.8695
799	塗替塗装-341	塗替塗装						主桁（下山形鋼）	x 239.59〜257.11 G2	塗替塗装範囲詳細図		DWG の図から（測量前）	塗替塗装 x 239.59〜257.11 主桁（下山形鋼） G2	ext_poly	56	242.1750,-2.4955,-0.6165	241.6750,-2.4955,-0.6165	241.6750,-2.4955,-0.6285	242.1750,-2.4955,-0.6285	242.6750,-2.4955,-0.6285	243.1750,-2.4955,-0.6285	243.6750,-2.4955,-0.6285	244.1750,-2.4955,-0.6285	244.6750,-2.4955,-0.6285	245.1750,-2.4955,-0.6285	245.6750,-2.4955,-0.6285	246.1750,-2.4955,-0.6285	246.6750,-2.4955,-0.6285	247.1750,-2.4955,-0.6285	247.6750,-2.4955,-0.6285	248.1750,-2.4955,-0.6285	248.6750,-2.4955,-0.6285	249.1750,-2.4955,-0.6285	249.6750,-2.4955,-0.6285	250.1750,-2.4955,-0.6285	250.6750,-2.4955,-0.6285	251.1750,-2.4955,-0.6285	251.6750,-2.4955,-0.6285	252.1750,-2.4955,-0.6285	252.6750,-2.4955,-0.6285	253.1750,-2.4955,-0.6285	253.6750,-2.4955,-0.6285	254.1750,-2.4955,-0.6285	254.6750,-2.4955,-0.6285	255.0250,-2.4955,-0.6285	255.0250,-2.4955,-0.6165	254.6750,-2.4955,-0.6165	254.1750,-2.4955,-0.6165	253.6750,-2.4955,-0.6165	253.1750,-2.4955,-0.6165	252.6750,-2.4955,-0.6165	252.1750,-2.4955,-0.6165	251.6750,-2.4955,-0.6165	251.1750,-2.4955,-0.6165	250.6750,-2.4955,-0.6165	250.1750,-2.4955,-0.6165	249.6750,-2.4955,-0.6165	249.1750,-2.4955,-0.6165	248.6750,-2.4955,-0.6165	248.1750,-2.4955,-0.6165	247.6750,-2.4955,-0.6165	247.1750,-2.4955,-0.6165	246.6750,-2.4955,-0.6165	246.1750,-2.4955,-0.6165	245.6750,-2.4955,-0.6165	245.1750,-2.4955,-0.6165	244.6750,-2.4955,-0.6165	244.1750,-2.4955,-0.6165	243.6750,-2.4955,-0.6165	243.1750,-2.4955,-0.6165	242.6750,-2.4955,-0.6165	242.1750,-2.3455,-0.6165	241.6750,-2.3455,-0.6165	241.6750,-2.3455,-0.6285	242.1750,-2.3455,-0.6285	242.6750,-2.3455,-0.6285	243.1750,-2.3455,-0.6285	243.6750,-2.3455,-0.6285	244.1750,-2.3455,-0.6285	244.6750,-2.3455,-0.6285	245.1750,-2.3455,-0.6285	245.6750,-2.3455,-0.6285	246.1750,-2.3455,-0.6285	246.6750,-2.3455,-0.6285	247.1750,-2.3455,-0.6285	247.6750,-2.3455,-0.6285	248.1750,-2.3455,-0.6285	248.6750,-2.3455,-0.6285	249.1750,-2.3455,-0.6285	249.6750,-2.3455,-0.6285	250.1750,-2.3455,-0.6285	250.6750,-2.3455,-0.6285	251.1750,-2.3455,-0.6285	251.6750,-2.3455,-0.6285	252.1750,-2.3455,-0.6285	252.6750,-2.3455,-0.6285	253.1750,-2.3455,-0.6285	253.6750,-2.3455,-0.6285	254.1750,-2.3455,-0.6285	254.6750,-2.3455,-0.6285	255.0250,-2.3455,-0.6285	255.0250,-2.3455,-0.6165	254.6750,-2.3455,-0.6165	254.1750,-2.3455,-0.6165	253.6750,-2.3455,-0.6165	253.1750,-2.3455,-0.6165	252.6750,-2.3455,-0.6165	252.1750,-2.3455,-0.6165	251.6750,-2.3455,-0.6165	251.1750,-2.3455,-0.6165	250.6750,-2.3455,-0.6165	250.1750,-2.3455,-0.6165	249.6750,-2.3455,-0.6165	249.1750,-2.3455,-0.6165	248.6750,-2.3455,-0.6165	248.1750,-2.3455,-0.6165	247.6750,-2.3455,-0.6165	247.1750,-2.3455,-0.6165	246.6750,-2.3455,-0.6165	246.1750,-2.3455,-0.6165	245.6750,-2.3455,-0.6165	245.1750,-2.3455,-0.6165	244.6750,-2.3455,-0.6165	244.1750,-2.3455,-0.6165	243.6750,-2.3455,-0.6165	243.1750,-2.3455,-0.6165	242.6750,-2.3455,-0.6165
800	塗替塗装-342	塗替塗装						主桁（下山形鋼）	x 239.59〜257.11 G2	塗替塗装範囲詳細図		DWG の図から（測量前）	塗替塗装 x 239.59〜257.11 主桁（下山形鋼） G2	ext_poly	56	242.1750,-2.4955,-0.4785	241.6750,-2.4955,-0.4785	241.6750,-2.4955,-0.6165	242.1750,-2.4955,-0.6165	242.6750,-2.4955,-0.6165	243.1750,-2.4955,-0.6165	243.6750,-2.4955,-0.6165	244.1750,-2.4955,-0.6165	244.6750,-2.4955,-0.6165	245.1750,-2.4955,-0.6165	245.6750,-2.4955,-0.6165	246.1750,-2.4955,-0.6165	246.6750,-2.4955,-0.6165	247.1750,-2.4955,-0.6165	247.6750,-2.4955,-0.6165	248.1750,-2.4955,-0.6165	248.6750,-2.4955,-0.6165	249.1750,-2.4955,-0.6165	249.6750,-2.4955,-0.6165	250.1750,-2.4955,-0.6165	250.6750,-2.4955,-0.6165	251.1750,-2.4955,-0.6165	251.6750,-2.4955,-0.6165	252.1750,-2.4955,-0.6165	252.6750,-2.4955,-0.6165	253.1750,-2.4955,-0.6165	253.6750,-2.4955,-0.6165	254.1750,-2.4955,-0.6165	254.6750,-2.4955,-0.6165	255.0250,-2.4955,-0.6165	255.0250,-2.4955,-0.4785	254.6750,-2.4955,-0.4785	254.1750,-2.4955,-0.4785	253.6750,-2.4955,-0.4785	253.1750,-2.4955,-0.4785	252.6750,-2.4955,-0.4785	252.1750,-2.4955,-0.4785	251.6750,-2.4955,-0.4785	251.1750,-2.4955,-0.4785	250.6750,-2.4955,-0.4785	250.1750,-2.4955,-0.4785	249.6750,-2.4955,-0.4785	249.1750,-2.4955,-0.4785	248.6750,-2.4955,-0.4785	248.1750,-2.4955,-0.4785	247.6750,-2.4955,-0.4785	247.1750,-2.4955,-0.4785	246.6750,-2.4955,-0.4785	246.1750,-2.4955,-0.4785	245.6750,-2.4955,-0.4785	245.1750,-2.4955,-0.4785	244.6750,-2.4955,-0.4785	244.1750,-2.4955,-0.4785	243.6750,-2.4955,-0.4785	243.1750,-2.4955,-0.4785	242.6750,-2.4955,-0.4785	242.1750,-2.4835,-0.4785	241.6750,-2.4835,-0.4785	241.6750,-2.4835,-0.6165	242.1750,-2.4835,-0.6165	242.6750,-2.4835,-0.6165	243.1750,-2.4835,-0.6165	243.6750,-2.4835,-0.6165	244.1750,-2.4835,-0.6165	244.6750,-2.4835,-0.6165	245.1750,-2.4835,-0.6165	245.6750,-2.4835,-0.6165	246.1750,-2.4835,-0.6165	246.6750,-2.4835,-0.6165	247.1750,-2.4835,-0.6165	247.6750,-2.4835,-0.6165	248.1750,-2.4835,-0.6165	248.6750,-2.4835,-0.6165	249.1750,-2.4835,-0.6165	249.6750,-2.4835,-0.6165	250.1750,-2.4835,-0.6165	250.6750,-2.4835,-0.6165	251.1750,-2.4835,-0.6165	251.6750,-2.4835,-0.6165	252.1750,-2.4835,-0.6165	252.6750,-2.4835,-0.6165	253.1750,-2.4835,-0.6165	253.6750,-2.4835,-0.6165	254.1750,-2.4835,-0.6165	254.6750,-2.4835,-0.6165	255.0250,-2.4835,-0.6165	255.0250,-2.4835,-0.4785	254.6750,-2.4835,-0.4785	254.1750,-2.4835,-0.4785	253.6750,-2.4835,-0.4785	253.1750,-2.4835,-0.4785	252.6750,-2.4835,-0.4785	252.1750,-2.4835,-0.4785	251.6750,-2.4835,-0.4785	251.1750,-2.4835,-0.4785	250.6750,-2.4835,-0.4785	250.1750,-2.4835,-0.4785	249.6750,-2.4835,-0.4785	249.1750,-2.4835,-0.4785	248.6750,-2.4835,-0.4785	248.1750,-2.4835,-0.4785	247.6750,-2.4835,-0.4785	247.1750,-2.4835,-0.4785	246.6750,-2.4835,-0.4785	246.1750,-2.4835,-0.4785	245.6750,-2.4835,-0.4785	245.1750,-2.4835,-0.4785	244.6750,-2.4835,-0.4785	244.1750,-2.4835,-0.4785	243.6750,-2.4835,-0.4785	243.1750,-2.4835,-0.4785	242.6750,-2.4835,-0.4785
801	塗替塗装-343	塗替塗装						主桁（上山形鋼）	x 239.59〜257.11 G2	塗替塗装範囲詳細図		DWG の図から（測量前）	塗替塗装 x 239.59〜257.11 主桁（上山形鋼） G2	ext_poly	56	242.1750,-2.6545,0.8815	241.6750,-2.6545,0.8815	241.6750,-2.6545,0.8695	242.1750,-2.6545,0.8695	242.6750,-2.6545,0.8695	243.1750,-2.6545,0.8695	243.6750,-2.6545,0.8695	244.1750,-2.6545,0.8695	244.6750,-2.6545,0.8695	245.1750,-2.6545,0.8695	245.6750,-2.6545,0.8695	246.1750,-2.6545,0.8695	246.6750,-2.6545,0.8695	247.1750,-2.6545,0.8695	247.6750,-2.6545,0.8695	248.1750,-2.6545,0.8695	248.6750,-2.6545,0.8695	249.1750,-2.6545,0.8695	249.6750,-2.6545,0.8695	250.1750,-2.6545,0.8695	250.6750,-2.6545,0.8695	251.1750,-2.6545,0.8695	251.6750,-2.6545,0.8695	252.1750,-2.6545,0.8695	252.6750,-2.6545,0.8695	253.1750,-2.6545,0.8695	253.6750,-2.6545,0.8695	254.1750,-2.6545,0.8695	254.6750,-2.6545,0.8695	255.0250,-2.6545,0.8695	255.0250,-2.6545,0.8815	254.6750,-2.6545,0.8815	254.1750,-2.6545,0.8815	253.6750,-2.6545,0.8815	253.1750,-2.6545,0.8815	252.6750,-2.6545,0.8815	252.1750,-2.6545,0.8815	251.6750,-2.6545,0.8815	251.1750,-2.6545,0.8815	250.6750,-2.6545,0.8815	250.1750,-2.6545,0.8815	249.6750,-2.6545,0.8815	249.1750,-2.6545,0.8815	248.6750,-2.6545,0.8815	248.1750,-2.6545,0.8815	247.6750,-2.6545,0.8815	247.1750,-2.6545,0.8815	246.6750,-2.6545,0.8815	246.1750,-2.6545,0.8815	245.6750,-2.6545,0.8815	245.1750,-2.6545,0.8815	244.6750,-2.6545,0.8815	244.1750,-2.6545,0.8815	243.6750,-2.6545,0.8815	243.1750,-2.6545,0.8815	242.6750,-2.6545,0.8815	242.1750,-2.5045,0.8815	241.6750,-2.5045,0.8815	241.6750,-2.5045,0.8695	242.1750,-2.5045,0.8695	242.6750,-2.5045,0.8695	243.1750,-2.5045,0.8695	243.6750,-2.5045,0.8695	244.1750,-2.5045,0.8695	244.6750,-2.5045,0.8695	245.1750,-2.5045,0.8695	245.6750,-2.5045,0.8695	246.1750,-2.5045,0.8695	246.6750,-2.5045,0.8695	247.1750,-2.5045,0.8695	247.6750,-2.5045,0.8695	248.1750,-2.5045,0.8695	248.6750,-2.5045,0.8695	249.1750,-2.5045,0.8695	249.6750,-2.5045,0.8695	250.1750,-2.5045,0.8695	250.6750,-2.5045,0.8695	251.1750,-2.5045,0.8695	251.6750,-2.5045,0.8695	252.1750,-2.5045,0.8695	252.6750,-2.5045,0.8695	253.1750,-2.5045,0.8695	253.6750,-2.5045,0.8695	254.1750,-2.5045,0.8695	254.6750,-2.5045,0.8695	255.0250,-2.5045,0.8695	255.0250,-2.5045,0.8815	254.6750,-2.5045,0.8815	254.1750,-2.5045,0.8815	253.6750,-2.5045,0.8815	253.1750,-2.5045,0.8815	252.6750,-2.5045,0.8815	252.1750,-2.5045,0.8815	251.6750,-2.5045,0.8815	251.1750,-2.5045,0.8815	250.6750,-2.5045,0.8815	250.1750,-2.5045,0.8815	249.6750,-2.5045,0.8815	249.1750,-2.5045,0.8815	248.6750,-2.5045,0.8815	248.1750,-2.5045,0.8815	247.6750,-2.5045,0.8815	247.1750,-2.5045,0.8815	246.6750,-2.5045,0.8815	246.1750,-2.5045,0.8815	245.6750,-2.5045,0.8815	245.1750,-2.5045,0.8815	244.6750,-2.5045,0.8815	244.1750,-2.5045,0.8815	243.6750,-2.5045,0.8815	243.1750,-2.5045,0.8815	242.6750,-2.5045,0.8815
802	塗替塗装-344	塗替塗装						主桁（上山形鋼）	x 239.59〜257.11 G2	塗替塗装範囲詳細図		DWG の図から（測量前）	塗替塗装 x 239.59〜257.11 主桁（上山形鋼） G2	ext_poly	56	242.1750,-2.5165,0.8695	241.6750,-2.5165,0.8695	241.6750,-2.5165,0.7315	242.1750,-2.5165,0.7315	242.6750,-2.5165,0.7315	243.1750,-2.5165,0.7315	243.6750,-2.5165,0.7315	244.1750,-2.5165,0.7315	244.6750,-2.5165,0.7315	245.1750,-2.5165,0.7315	245.6750,-2.5165,0.7315	246.1750,-2.5165,0.7315	246.6750,-2.5165,0.7315	247.1750,-2.5165,0.7315	247.6750,-2.5165,0.7315	248.1750,-2.5165,0.7315	248.6750,-2.5165,0.7315	249.1750,-2.5165,0.7315	249.6750,-2.5165,0.7315	250.1750,-2.5165,0.7315	250.6750,-2.5165,0.7315	251.1750,-2.5165,0.7315	251.6750,-2.5165,0.7315	252.1750,-2.5165,0.7315	252.6750,-2.5165,0.7315	253.1750,-2.5165,0.7315	253.6750,-2.5165,0.7315	254.1750,-2.5165,0.7315	254.6750,-2.5165,0.7315	255.0250,-2.5165,0.7315	255.0250,-2.5165,0.8695	254.6750,-2.5165,0.8695	254.1750,-2.5165,0.8695	253.6750,-2.5165,0.8695	253.1750,-2.5165,0.8695	252.6750,-2.5165,0.8695	252.1750,-2.5165,0.8695	251.6750,-2.5165,0.8695	251.1750,-2.5165,0.8695	250.6750,-2.5165,0.8695	250.1750,-2.5165,0.8695	249.6750,-2.5165,0.8695	249.1750,-2.5165,0.8695	248.6750,-2.5165,0.8695	248.1750,-2.5165,0.8695	247.6750,-2.5165,0.8695	247.1750,-2.5165,0.8695	246.6750,-2.5165,0.8695	246.1750,-2.5165,0.8695	245.6750,-2.5165,0.8695	245.1750,-2.5165,0.8695	244.6750,-2.5165,0.8695	244.1750,-2.5165,0.8695	243.6750,-2.5165,0.8695	243.1750,-2.5165,0.8695	242.6750,-2.5165,0.8695	242.1750,-2.5045,0.8695	241.6750,-2.5045,0.8695	241.6750,-2.5045,0.7315	242.1750,-2.5045,0.7315	242.6750,-2.5045,0.7315	243.1750,-2.5045,0.7315	243.6750,-2.5045,0.7315	244.1750,-2.5045,0.7315	244.6750,-2.5045,0.7315	245.1750,-2.5045,0.7315	245.6750,-2.5045,0.7315	246.1750,-2.5045,0.7315	246.6750,-2.5045,0.7315	247.1750,-2.5045,0.7315	247.6750,-2.5045,0.7315	248.1750,-2.5045,0.7315	248.6750,-2.5045,0.7315	249.1750,-2.5045,0.7315	249.6750,-2.5045,0.7315	250.1750,-2.5045,0.7315	250.6750,-2.5045,0.7315	251.1750,-2.5045,0.7315	251.6750,-2.5045,0.7315	252.1750,-2.5045,0.7315	252.6750,-2.5045,0.7315	253.1750,-2.5045,0.7315	253.6750,-2.5045,0.7315	254.1750,-2.5045,0.7315	254.6750,-2.5045,0.7315	255.0250,-2.5045,0.7315	255.0250,-2.5045,0.8695	254.6750,-2.5045,0.8695	254.1750,-2.5045,0.8695	253.6750,-2.5045,0.8695	253.1750,-2.5045,0.8695	252.6750,-2.5045,0.8695	252.1750,-2.5045,0.8695	251.6750,-2.5045,0.8695	251.1750,-2.5045,0.8695	250.6750,-2.5045,0.8695	250.1750,-2.5045,0.8695	249.6750,-2.5045,0.8695	249.1750,-2.5045,0.8695	248.6750,-2.5045,0.8695	248.1750,-2.5045,0.8695	247.6750,-2.5045,0.8695	247.1750,-2.5045,0.8695	246.6750,-2.5045,0.8695	246.1750,-2.5045,0.8695	245.6750,-2.5045,0.8695	245.1750,-2.5045,0.8695	244.6750,-2.5045,0.8695	244.1750,-2.5045,0.8695	243.6750,-2.5045,0.8695	243.1750,-2.5045,0.8695	242.6750,-2.5045,0.8695
803	塗替塗装-345	塗替塗装						主桁（下山形鋼）	x 239.59〜257.11 G2	塗替塗装範囲詳細図		DWG の図から（測量前）	塗替塗装 x 239.59〜257.11 主桁（下山形鋼） G2	ext_poly	56	242.1750,-2.6545,-0.6165	241.6750,-2.6545,-0.6165	241.6750,-2.6545,-0.6285	242.1750,-2.6545,-0.6285	242.6750,-2.6545,-0.6285	243.1750,-2.6545,-0.6285	243.6750,-2.6545,-0.6285	244.1750,-2.6545,-0.6285	244.6750,-2.6545,-0.6285	245.1750,-2.6545,-0.6285	245.6750,-2.6545,-0.6285	246.1750,-2.6545,-0.6285	246.6750,-2.6545,-0.6285	247.1750,-2.6545,-0.6285	247.6750,-2.6545,-0.6285	248.1750,-2.6545,-0.6285	248.6750,-2.6545,-0.6285	249.1750,-2.6545,-0.6285	249.6750,-2.6545,-0.6285	250.1750,-2.6545,-0.6285	250.6750,-2.6545,-0.6285	251.1750,-2.6545,-0.6285	251.6750,-2.6545,-0.6285	252.1750,-2.6545,-0.6285	252.6750,-2.6545,-0.6285	253.1750,-2.6545,-0.6285	253.6750,-2.6545,-0.6285	254.1750,-2.6545,-0.6285	254.6750,-2.6545,-0.6285	255.0250,-2.6545,-0.6285	255.0250,-2.6545,-0.6165	254.6750,-2.6545,-0.6165	254.1750,-2.6545,-0.6165	253.6750,-2.6545,-0.6165	253.1750,-2.6545,-0.6165	252.6750,-2.6545,-0.6165	252.1750,-2.6545,-0.6165	251.6750,-2.6545,-0.6165	251.1750,-2.6545,-0.6165	250.6750,-2.6545,-0.6165	250.1750,-2.6545,-0.6165	249.6750,-2.6545,-0.6165	249.1750,-2.6545,-0.6165	248.6750,-2.6545,-0.6165	248.1750,-2.6545,-0.6165	247.6750,-2.6545,-0.6165	247.1750,-2.6545,-0.6165	246.6750,-2.6545,-0.6165	246.1750,-2.6545,-0.6165	245.6750,-2.6545,-0.6165	245.1750,-2.6545,-0.6165	244.6750,-2.6545,-0.6165	244.1750,-2.6545,-0.6165	243.6750,-2.6545,-0.6165	243.1750,-2.6545,-0.6165	242.6750,-2.6545,-0.6165	242.1750,-2.5045,-0.6165	241.6750,-2.5045,-0.6165	241.6750,-2.5045,-0.6285	242.1750,-2.5045,-0.6285	242.6750,-2.5045,-0.6285	243.1750,-2.5045,-0.6285	243.6750,-2.5045,-0.6285	244.1750,-2.5045,-0.6285	244.6750,-2.5045,-0.6285	245.1750,-2.5045,-0.6285	245.6750,-2.5045,-0.6285	246.1750,-2.5045,-0.6285	246.6750,-2.5045,-0.6285	247.1750,-2.5045,-0.6285	247.6750,-2.5045,-0.6285	248.1750,-2.5045,-0.6285	248.6750,-2.5045,-0.6285	249.1750,-2.5045,-0.6285	249.6750,-2.5045,-0.6285	250.1750,-2.5045,-0.6285	250.6750,-2.5045,-0.6285	251.1750,-2.5045,-0.6285	251.6750,-2.5045,-0.6285	252.1750,-2.5045,-0.6285	252.6750,-2.5045,-0.6285	253.1750,-2.5045,-0.6285	253.6750,-2.5045,-0.6285	254.1750,-2.5045,-0.6285	254.6750,-2.5045,-0.6285	255.0250,-2.5045,-0.6285	255.0250,-2.5045,-0.6165	254.6750,-2.5045,-0.6165	254.1750,-2.5045,-0.6165	253.6750,-2.5045,-0.6165	253.1750,-2.5045,-0.6165	252.6750,-2.5045,-0.6165	252.1750,-2.5045,-0.6165	251.6750,-2.5045,-0.6165	251.1750,-2.5045,-0.6165	250.6750,-2.5045,-0.6165	250.1750,-2.5045,-0.6165	249.6750,-2.5045,-0.6165	249.1750,-2.5045,-0.6165	248.6750,-2.5045,-0.6165	248.1750,-2.5045,-0.6165	247.6750,-2.5045,-0.6165	247.1750,-2.5045,-0.6165	246.6750,-2.5045,-0.6165	246.1750,-2.5045,-0.6165	245.6750,-2.5045,-0.6165	245.1750,-2.5045,-0.6165	244.6750,-2.5045,-0.6165	244.1750,-2.5045,-0.6165	243.6750,-2.5045,-0.6165	243.1750,-2.5045,-0.6165	242.6750,-2.5045,-0.6165
804	塗替塗装-346	塗替塗装						主桁（下山形鋼）	x 239.59〜257.11 G2	塗替塗装範囲詳細図		DWG の図から（測量前）	塗替塗装 x 239.59〜257.11 主桁（下山形鋼） G2	ext_poly	56	242.1750,-2.5165,-0.4785	241.6750,-2.5165,-0.4785	241.6750,-2.5165,-0.6165	242.1750,-2.5165,-0.6165	242.6750,-2.5165,-0.6165	243.1750,-2.5165,-0.6165	243.6750,-2.5165,-0.6165	244.1750,-2.5165,-0.6165	244.6750,-2.5165,-0.6165	245.1750,-2.5165,-0.6165	245.6750,-2.5165,-0.6165	246.1750,-2.5165,-0.6165	246.6750,-2.5165,-0.6165	247.1750,-2.5165,-0.6165	247.6750,-2.5165,-0.6165	248.1750,-2.5165,-0.6165	248.6750,-2.5165,-0.6165	249.1750,-2.5165,-0.6165	249.6750,-2.5165,-0.6165	250.1750,-2.5165,-0.6165	250.6750,-2.5165,-0.6165	251.1750,-2.5165,-0.6165	251.6750,-2.5165,-0.6165	252.1750,-2.5165,-0.6165	252.6750,-2.5165,-0.6165	253.1750,-2.5165,-0.6165	253.6750,-2.5165,-0.6165	254.1750,-2.5165,-0.6165	254.6750,-2.5165,-0.6165	255.0250,-2.5165,-0.6165	255.0250,-2.5165,-0.4785	254.6750,-2.5165,-0.4785	254.1750,-2.5165,-0.4785	253.6750,-2.5165,-0.4785	253.1750,-2.5165,-0.4785	252.6750,-2.5165,-0.4785	252.1750,-2.5165,-0.4785	251.6750,-2.5165,-0.4785	251.1750,-2.5165,-0.4785	250.6750,-2.5165,-0.4785	250.1750,-2.5165,-0.4785	249.6750,-2.5165,-0.4785	249.1750,-2.5165,-0.4785	248.6750,-2.5165,-0.4785	248.1750,-2.5165,-0.4785	247.6750,-2.5165,-0.4785	247.1750,-2.5165,-0.4785	246.6750,-2.5165,-0.4785	246.1750,-2.5165,-0.4785	245.6750,-2.5165,-0.4785	245.1750,-2.5165,-0.4785	244.6750,-2.5165,-0.4785	244.1750,-2.5165,-0.4785	243.6750,-2.5165,-0.4785	243.1750,-2.5165,-0.4785	242.6750,-2.5165,-0.4785	242.1750,-2.5045,-0.4785	241.6750,-2.5045,-0.4785	241.6750,-2.5045,-0.6165	242.1750,-2.5045,-0.6165	242.6750,-2.5045,-0.6165	243.1750,-2.5045,-0.6165	243.6750,-2.5045,-0.6165	244.1750,-2.5045,-0.6165	244.6750,-2.5045,-0.6165	245.1750,-2.5045,-0.6165	245.6750,-2.5045,-0.6165	246.1750,-2.5045,-0.6165	246.6750,-2.5045,-0.6165	247.1750,-2.5045,-0.6165	247.6750,-2.5045,-0.6165	248.1750,-2.5045,-0.6165	248.6750,-2.5045,-0.6165	249.1750,-2.5045,-0.6165	249.6750,-2.5045,-0.6165	250.1750,-2.5045,-0.6165	250.6750,-2.5045,-0.6165	251.1750,-2.5045,-0.6165	251.6750,-2.5045,-0.6165	252.1750,-2.5045,-0.6165	252.6750,-2.5045,-0.6165	253.1750,-2.5045,-0.6165	253.6750,-2.5045,-0.6165	254.1750,-2.5045,-0.6165	254.6750,-2.5045,-0.6165	255.0250,-2.5045,-0.6165	255.0250,-2.5045,-0.4785	254.6750,-2.5045,-0.4785	254.1750,-2.5045,-0.4785	253.6750,-2.5045,-0.4785	253.1750,-2.5045,-0.4785	252.6750,-2.5045,-0.4785	252.1750,-2.5045,-0.4785	251.6750,-2.5045,-0.4785	251.1750,-2.5045,-0.4785	250.6750,-2.5045,-0.4785	250.1750,-2.5045,-0.4785	249.6750,-2.5045,-0.4785	249.1750,-2.5045,-0.4785	248.6750,-2.5045,-0.4785	248.1750,-2.5045,-0.4785	247.6750,-2.5045,-0.4785	247.1750,-2.5045,-0.4785	246.6750,-2.5045,-0.4785	246.1750,-2.5045,-0.4785	245.6750,-2.5045,-0.4785	245.1750,-2.5045,-0.4785	244.6750,-2.5045,-0.4785	244.1750,-2.5045,-0.4785	243.6750,-2.5045,-0.4785	243.1750,-2.5045,-0.4785	242.6750,-2.5045,-0.4785
805	塗替塗装-347	塗替塗装						主桁（腹板）	x 239.59〜257.11 G1	塗替塗装範囲詳細図		DWG の図から（測量前）	塗替塗装 x 239.59〜257.11 主桁（腹板） G1	ext_poly	12	255.5750,2.4940,0.8815	255.0750,2.4940,0.8815	255.0750,2.4940,-0.6285	255.5750,2.4940,-0.6285	256.0750,2.4940,-0.6285	256.5750,2.4940,-0.6285	257.0750,2.4940,-0.6285	257.1100,2.4940,-0.6285	257.1100,2.4940,0.8815	257.0750,2.4940,0.8815	256.5750,2.4940,0.8815	256.0750,2.4940,0.8815	255.5750,2.5060,0.8815	255.0750,2.5060,0.8815	255.0750,2.5060,-0.6285	255.5750,2.5060,-0.6285	256.0750,2.5060,-0.6285	256.5750,2.5060,-0.6285	257.0750,2.5060,-0.6285	257.1100,2.5060,-0.6285	257.1100,2.5060,0.8815	257.0750,2.5060,0.8815	256.5750,2.5060,0.8815	256.0750,2.5060,0.8815
806	塗替塗装-348	塗替塗装						主桁（上山形鋼）	x 239.59〜257.11 G1	塗替塗装範囲詳細図		DWG の図から（測量前）	塗替塗装 x 239.59〜257.11 主桁（上山形鋼） G1	ext_poly	12	255.5750,2.5060,0.8815	255.0750,2.5060,0.8815	255.0750,2.5060,0.8665	255.5750,2.5060,0.8665	256.0750,2.5060,0.8665	256.5750,2.5060,0.8665	257.0750,2.5060,0.8665	257.1100,2.5060,0.8665	257.1100,2.5060,0.8815	257.0750,2.5060,0.8815	256.5750,2.5060,0.8815	256.0750,2.5060,0.8815	255.5750,2.6560,0.8815	255.0750,2.6560,0.8815	255.0750,2.6560,0.8665	255.5750,2.6560,0.8665	256.0750,2.6560,0.8665	256.5750,2.6560,0.8665	257.0750,2.6560,0.8665	257.1100,2.6560,0.8665	257.1100,2.6560,0.8815	257.0750,2.6560,0.8815	256.5750,2.6560,0.8815	256.0750,2.6560,0.8815
807	塗替塗装-349	塗替塗装						主桁（上山形鋼）	x 239.59〜257.11 G1	塗替塗装範囲詳細図		DWG の図から（測量前）	塗替塗装 x 239.59〜257.11 主桁（上山形鋼） G1	ext_poly	12	255.5750,2.5060,0.8665	255.0750,2.5060,0.8665	255.0750,2.5060,0.7315	255.5750,2.5060,0.7315	256.0750,2.5060,0.7315	256.5750,2.5060,0.7315	257.0750,2.5060,0.7315	257.1100,2.5060,0.7315	257.1100,2.5060,0.8665	257.0750,2.5060,0.8665	256.5750,2.5060,0.8665	256.0750,2.5060,0.8665	255.5750,2.5210,0.8665	255.0750,2.5210,0.8665	255.0750,2.5210,0.7315	255.5750,2.5210,0.7315	256.0750,2.5210,0.7315	256.5750,2.5210,0.7315	257.0750,2.5210,0.7315	257.1100,2.5210,0.7315	257.1100,2.5210,0.8665	257.0750,2.5210,0.8665	256.5750,2.5210,0.8665	256.0750,2.5210,0.8665
808	塗替塗装-350	塗替塗装						主桁（下山形鋼）	x 239.59〜257.11 G1	塗替塗装範囲詳細図		DWG の図から（測量前）	塗替塗装 x 239.59〜257.11 主桁（下山形鋼） G1	ext_poly	12	255.5750,2.5060,-0.6135	255.0750,2.5060,-0.6135	255.0750,2.5060,-0.6285	255.5750,2.5060,-0.6285	256.0750,2.5060,-0.6285	256.5750,2.5060,-0.6285	257.0750,2.5060,-0.6285	257.1100,2.5060,-0.6285	257.1100,2.5060,-0.6135	257.0750,2.5060,-0.6135	256.5750,2.5060,-0.6135	256.0750,2.5060,-0.6135	255.5750,2.6560,-0.6135	255.0750,2.6560,-0.6135	255.0750,2.6560,-0.6285	255.5750,2.6560,-0.6285	256.0750,2.6560,-0.6285	256.5750,2.6560,-0.6285	257.0750,2.6560,-0.6285	257.1100,2.6560,-0.6285	257.1100,2.6560,-0.6135	257.0750,2.6560,-0.6135	256.5750,2.6560,-0.6135	256.0750,2.6560,-0.6135
809	塗替塗装-351	塗替塗装						主桁（下山形鋼）	x 239.59〜257.11 G1	塗替塗装範囲詳細図		DWG の図から（測量前）	塗替塗装 x 239.59〜257.11 主桁（下山形鋼） G1	ext_poly	12	255.5750,2.5060,-0.4785	255.0750,2.5060,-0.4785	255.0750,2.5060,-0.6135	255.5750,2.5060,-0.6135	256.0750,2.5060,-0.6135	256.5750,2.5060,-0.6135	257.0750,2.5060,-0.6135	257.1100,2.5060,-0.6135	257.1100,2.5060,-0.4785	257.0750,2.5060,-0.4785	256.5750,2.5060,-0.4785	256.0750,2.5060,-0.4785	255.5750,2.5210,-0.4785	255.0750,2.5210,-0.4785	255.0750,2.5210,-0.6135	255.5750,2.5210,-0.6135	256.0750,2.5210,-0.6135	256.5750,2.5210,-0.6135	257.0750,2.5210,-0.6135	257.1100,2.5210,-0.6135	257.1100,2.5210,-0.4785	257.0750,2.5210,-0.4785	256.5750,2.5210,-0.4785	256.0750,2.5210,-0.4785
810	塗替塗装-352	塗替塗装						主桁（上山形鋼）	x 239.59〜257.11 G1	塗替塗装範囲詳細図		DWG の図から（測量前）	塗替塗装 x 239.59〜257.11 主桁（上山形鋼） G1	ext_poly	12	255.5750,2.3440,0.8815	255.0750,2.3440,0.8815	255.0750,2.3440,0.8665	255.5750,2.3440,0.8665	256.0750,2.3440,0.8665	256.5750,2.3440,0.8665	257.0750,2.3440,0.8665	257.1100,2.3440,0.8665	257.1100,2.3440,0.8815	257.0750,2.3440,0.8815	256.5750,2.3440,0.8815	256.0750,2.3440,0.8815	255.5750,2.4940,0.8815	255.0750,2.4940,0.8815	255.0750,2.4940,0.8665	255.5750,2.4940,0.8665	256.0750,2.4940,0.8665	256.5750,2.4940,0.8665	257.0750,2.4940,0.8665	257.1100,2.4940,0.8665	257.1100,2.4940,0.8815	257.0750,2.4940,0.8815	256.5750,2.4940,0.8815	256.0750,2.4940,0.8815
811	塗替塗装-353	塗替塗装						主桁（上山形鋼）	x 239.59〜257.11 G1	塗替塗装範囲詳細図		DWG の図から（測量前）	塗替塗装 x 239.59〜257.11 主桁（上山形鋼） G1	ext_poly	12	255.5750,2.4790,0.8665	255.0750,2.4790,0.8665	255.0750,2.4790,0.7315	255.5750,2.4790,0.7315	256.0750,2.4790,0.7315	256.5750,2.4790,0.7315	257.0750,2.4790,0.7315	257.1100,2.4790,0.7315	257.1100,2.4790,0.8665	257.0750,2.4790,0.8665	256.5750,2.4790,0.8665	256.0750,2.4790,0.8665	255.5750,2.4940,0.8665	255.0750,2.4940,0.8665	255.0750,2.4940,0.7315	255.5750,2.4940,0.7315	256.0750,2.4940,0.7315	256.5750,2.4940,0.7315	257.0750,2.4940,0.7315	257.1100,2.4940,0.7315	257.1100,2.4940,0.8665	257.0750,2.4940,0.8665	256.5750,2.4940,0.8665	256.0750,2.4940,0.8665
812	塗替塗装-354	塗替塗装						主桁（下山形鋼）	x 239.59〜257.11 G1	塗替塗装範囲詳細図		DWG の図から（測量前）	塗替塗装 x 239.59〜257.11 主桁（下山形鋼） G1	ext_poly	12	255.5750,2.3440,-0.6135	255.0750,2.3440,-0.6135	255.0750,2.3440,-0.6285	255.5750,2.3440,-0.6285	256.0750,2.3440,-0.6285	256.5750,2.3440,-0.6285	257.0750,2.3440,-0.6285	257.1100,2.3440,-0.6285	257.1100,2.3440,-0.6135	257.0750,2.3440,-0.6135	256.5750,2.3440,-0.6135	256.0750,2.3440,-0.6135	255.5750,2.4940,-0.6135	255.0750,2.4940,-0.6135	255.0750,2.4940,-0.6285	255.5750,2.4940,-0.6285	256.0750,2.4940,-0.6285	256.5750,2.4940,-0.6285	257.0750,2.4940,-0.6285	257.1100,2.4940,-0.6285	257.1100,2.4940,-0.6135	257.0750,2.4940,-0.6135	256.5750,2.4940,-0.6135	256.0750,2.4940,-0.6135
813	塗替塗装-355	塗替塗装						主桁（下山形鋼）	x 239.59〜257.11 G1	塗替塗装範囲詳細図		DWG の図から（測量前）	塗替塗装 x 239.59〜257.11 主桁（下山形鋼） G1	ext_poly	12	255.5750,2.4790,-0.4785	255.0750,2.4790,-0.4785	255.0750,2.4790,-0.6135	255.5750,2.4790,-0.6135	256.0750,2.4790,-0.6135	256.5750,2.4790,-0.6135	257.0750,2.4790,-0.6135	257.1100,2.4790,-0.6135	257.1100,2.4790,-0.4785	257.0750,2.4790,-0.4785	256.5750,2.4790,-0.4785	256.0750,2.4790,-0.4785	255.5750,2.4940,-0.4785	255.0750,2.4940,-0.4785	255.0750,2.4940,-0.6135	255.5750,2.4940,-0.6135	256.0750,2.4940,-0.6135	256.5750,2.4940,-0.6135	257.0750,2.4940,-0.6135	257.1100,2.4940,-0.6135	257.1100,2.4940,-0.4785	257.0750,2.4940,-0.4785	256.5750,2.4940,-0.4785	256.0750,2.4940,-0.4785
814	塗替塗装-356	塗替塗装						主桁（腹板）	x 239.59〜257.11 G2	塗替塗装範囲詳細図		DWG の図から（測量前）	塗替塗装 x 239.59〜257.11 主桁（腹板） G2	ext_poly	12	255.5750,-2.5060,0.8815	255.0750,-2.5060,0.8815	255.0750,-2.5060,-0.6285	255.5750,-2.5060,-0.6285	256.0750,-2.5060,-0.6285	256.5750,-2.5060,-0.6285	257.0750,-2.5060,-0.6285	257.1100,-2.5060,-0.6285	257.1100,-2.5060,0.8815	257.0750,-2.5060,0.8815	256.5750,-2.5060,0.8815	256.0750,-2.5060,0.8815	255.5750,-2.4940,0.8815	255.0750,-2.4940,0.8815	255.0750,-2.4940,-0.6285	255.5750,-2.4940,-0.6285	256.0750,-2.4940,-0.6285	256.5750,-2.4940,-0.6285	257.0750,-2.4940,-0.6285	257.1100,-2.4940,-0.6285	257.1100,-2.4940,0.8815	257.0750,-2.4940,0.8815	256.5750,-2.4940,0.8815	256.0750,-2.4940,0.8815
815	塗替塗装-357	塗替塗装						主桁（上山形鋼）	x 239.59〜257.11 G2	塗替塗装範囲詳細図		DWG の図から（測量前）	塗替塗装 x 239.59〜257.11 主桁（上山形鋼） G2	ext_poly	12	255.5750,-2.4940,0.8815	255.0750,-2.4940,0.8815	255.0750,-2.4940,0.8665	255.5750,-2.4940,0.8665	256.0750,-2.4940,0.8665	256.5750,-2.4940,0.8665	257.0750,-2.4940,0.8665	257.1100,-2.4940,0.8665	257.1100,-2.4940,0.8815	257.0750,-2.4940,0.8815	256.5750,-2.4940,0.8815	256.0750,-2.4940,0.8815	255.5750,-2.3440,0.8815	255.0750,-2.3440,0.8815	255.0750,-2.3440,0.8665	255.5750,-2.3440,0.8665	256.0750,-2.3440,0.8665	256.5750,-2.3440,0.8665	257.0750,-2.3440,0.8665	257.1100,-2.3440,0.8665	257.1100,-2.3440,0.8815	257.0750,-2.3440,0.8815	256.5750,-2.3440,0.8815	256.0750,-2.3440,0.8815
816	塗替塗装-358	塗替塗装						主桁（上山形鋼）	x 239.59〜257.11 G2	塗替塗装範囲詳細図		DWG の図から（測量前）	塗替塗装 x 239.59〜257.11 主桁（上山形鋼） G2	ext_poly	12	255.5750,-2.4940,0.8665	255.0750,-2.4940,0.8665	255.0750,-2.4940,0.7315	255.5750,-2.4940,0.7315	256.0750,-2.4940,0.7315	256.5750,-2.4940,0.7315	257.0750,-2.4940,0.7315	257.1100,-2.4940,0.7315	257.1100,-2.4940,0.8665	257.0750,-2.4940,0.8665	256.5750,-2.4940,0.8665	256.0750,-2.4940,0.8665	255.5750,-2.4790,0.8665	255.0750,-2.4790,0.8665	255.0750,-2.4790,0.7315	255.5750,-2.4790,0.7315	256.0750,-2.4790,0.7315	256.5750,-2.4790,0.7315	257.0750,-2.4790,0.7315	257.1100,-2.4790,0.7315	257.1100,-2.4790,0.8665	257.0750,-2.4790,0.8665	256.5750,-2.4790,0.8665	256.0750,-2.4790,0.8665
817	塗替塗装-359	塗替塗装						主桁（下山形鋼）	x 239.59〜257.11 G2	塗替塗装範囲詳細図		DWG の図から（測量前）	塗替塗装 x 239.59〜257.11 主桁（下山形鋼） G2	ext_poly	12	255.5750,-2.4940,-0.6135	255.0750,-2.4940,-0.6135	255.0750,-2.4940,-0.6285	255.5750,-2.4940,-0.6285	256.0750,-2.4940,-0.6285	256.5750,-2.4940,-0.6285	257.0750,-2.4940,-0.6285	257.1100,-2.4940,-0.6285	257.1100,-2.4940,-0.6135	257.0750,-2.4940,-0.6135	256.5750,-2.4940,-0.6135	256.0750,-2.4940,-0.6135	255.5750,-2.3440,-0.6135	255.0750,-2.3440,-0.6135	255.0750,-2.3440,-0.6285	255.5750,-2.3440,-0.6285	256.0750,-2.3440,-0.6285	256.5750,-2.3440,-0.6285	257.0750,-2.3440,-0.6285	257.1100,-2.3440,-0.6285	257.1100,-2.3440,-0.6135	257.0750,-2.3440,-0.6135	256.5750,-2.3440,-0.6135	256.0750,-2.3440,-0.6135
818	塗替塗装-360	塗替塗装						主桁（下山形鋼）	x 239.59〜257.11 G2	塗替塗装範囲詳細図		DWG の図から（測量前）	塗替塗装 x 239.59〜257.11 主桁（下山形鋼） G2	ext_poly	12	255.5750,-2.4940,-0.4785	255.0750,-2.4940,-0.4785	255.0750,-2.4940,-0.6135	255.5750,-2.4940,-0.6135	256.0750,-2.4940,-0.6135	256.5750,-2.4940,-0.6135	257.0750,-2.4940,-0.6135	257.1100,-2.4940,-0.6135	257.1100,-2.4940,-0.4785	257.0750,-2.4940,-0.4785	256.5750,-2.4940,-0.4785	256.0750,-2.4940,-0.4785	255.5750,-2.4790,-0.4785	255.0750,-2.4790,-0.4785	255.0750,-2.4790,-0.6135	255.5750,-2.4790,-0.6135	256.0750,-2.4790,-0.6135	256.5750,-2.4790,-0.6135	257.0750,-2.4790,-0.6135	257.1100,-2.4790,-0.6135	257.1100,-2.4790,-0.4785	257.0750,-2.4790,-0.4785	256.5750,-2.4790,-0.4785	256.0750,-2.4790,-0.4785
819	塗替塗装-361	塗替塗装						主桁（上山形鋼）	x 239.59〜257.11 G2	塗替塗装範囲詳細図		DWG の図から（測量前）	塗替塗装 x 239.59〜257.11 主桁（上山形鋼） G2	ext_poly	12	255.5750,-2.6560,0.8815	255.0750,-2.6560,0.8815	255.0750,-2.6560,0.8665	255.5750,-2.6560,0.8665	256.0750,-2.6560,0.8665	256.5750,-2.6560,0.8665	257.0750,-2.6560,0.8665	257.1100,-2.6560,0.8665	257.1100,-2.6560,0.8815	257.0750,-2.6560,0.8815	256.5750,-2.6560,0.8815	256.0750,-2.6560,0.8815	255.5750,-2.5060,0.8815	255.0750,-2.5060,0.8815	255.0750,-2.5060,0.8665	255.5750,-2.5060,0.8665	256.0750,-2.5060,0.8665	256.5750,-2.5060,0.8665	257.0750,-2.5060,0.8665	257.1100,-2.5060,0.8665	257.1100,-2.5060,0.8815	257.0750,-2.5060,0.8815	256.5750,-2.5060,0.8815	256.0750,-2.5060,0.8815
820	塗替塗装-362	塗替塗装						主桁（上山形鋼）	x 239.59〜257.11 G2	塗替塗装範囲詳細図		DWG の図から（測量前）	塗替塗装 x 239.59〜257.11 主桁（上山形鋼） G2	ext_poly	12	255.5750,-2.5210,0.8665	255.0750,-2.5210,0.8665	255.0750,-2.5210,0.7315	255.5750,-2.5210,0.7315	256.0750,-2.5210,0.7315	256.5750,-2.5210,0.7315	257.0750,-2.5210,0.7315	257.1100,-2.5210,0.7315	257.1100,-2.5210,0.8665	257.0750,-2.5210,0.8665	256.5750,-2.5210,0.8665	256.0750,-2.5210,0.8665	255.5750,-2.5060,0.8665	255.0750,-2.5060,0.8665	255.0750,-2.5060,0.7315	255.5750,-2.5060,0.7315	256.0750,-2.5060,0.7315	256.5750,-2.5060,0.7315	257.0750,-2.5060,0.7315	257.1100,-2.5060,0.7315	257.1100,-2.5060,0.8665	257.0750,-2.5060,0.8665	256.5750,-2.5060,0.8665	256.0750,-2.5060,0.8665
821	塗替塗装-363	塗替塗装						主桁（下山形鋼）	x 239.59〜257.11 G2	塗替塗装範囲詳細図		DWG の図から（測量前）	塗替塗装 x 239.59〜257.11 主桁（下山形鋼） G2	ext_poly	12	255.5750,-2.6560,-0.6135	255.0750,-2.6560,-0.6135	255.0750,-2.6560,-0.6285	255.5750,-2.6560,-0.6285	256.0750,-2.6560,-0.6285	256.5750,-2.6560,-0.6285	257.0750,-2.6560,-0.6285	257.1100,-2.6560,-0.6285	257.1100,-2.6560,-0.6135	257.0750,-2.6560,-0.6135	256.5750,-2.6560,-0.6135	256.0750,-2.6560,-0.6135	255.5750,-2.5060,-0.6135	255.0750,-2.5060,-0.6135	255.0750,-2.5060,-0.6285	255.5750,-2.5060,-0.6285	256.0750,-2.5060,-0.6285	256.5750,-2.5060,-0.6285	257.0750,-2.5060,-0.6285	257.1100,-2.5060,-0.6285	257.1100,-2.5060,-0.6135	257.0750,-2.5060,-0.6135	256.5750,-2.5060,-0.6135	256.0750,-2.5060,-0.6135
822	塗替塗装-364	塗替塗装						主桁（下山形鋼）	x 239.59〜257.11 G2	塗替塗装範囲詳細図		DWG の図から（測量前）	塗替塗装 x 239.59〜257.11 主桁（下山形鋼） G2	ext_poly	12	255.5750,-2.5210,-0.4785	255.0750,-2.5210,-0.4785	255.0750,-2.5210,-0.6135	255.5750,-2.5210,-0.6135	256.0750,-2.5210,-0.6135	256.5750,-2.5210,-0.6135	257.0750,-2.5210,-0.6135	257.1100,-2.5210,-0.6135	257.1100,-2.5210,-0.4785	257.0750,-2.5210,-0.4785	256.5750,-2.5210,-0.4785	256.0750,-2.5210,-0.4785	255.5750,-2.5060,-0.4785	255.0750,-2.5060,-0.4785	255.0750,-2.5060,-0.6135	255.5750,-2.5060,-0.6135	256.0750,-2.5060,-0.6135	256.5750,-2.5060,-0.6135	257.0750,-2.5060,-0.6135	257.1100,-2.5060,-0.6135	257.1100,-2.5060,-0.4785	257.0750,-2.5060,-0.4785	256.5750,-2.5060,-0.4785	256.0750,-2.5060,-0.4785
823	塗替塗装-365	塗替塗装						中間部横桁	x 239.59〜257.11 x 241.32	塗替塗装範囲詳細図		DWG の図から（測量前）	塗替塗装 x 239.59〜257.11 横桁 x 241.30	ext_poly	4	241.3205,-2.4935,0.6685	241.3295,-2.4935,0.6685	241.3295,2.4935,0.6685	241.3205,2.4935,0.6685	241.3205,-2.4935,-0.0915	241.3295,-2.4935,-0.0915	241.3295,2.4935,-0.0915	241.3205,2.4935,-0.0915
824	塗替塗装-366	塗替塗装						中間部横桁	x 239.59〜257.11 x 241.37	塗替塗装範囲詳細図		DWG の図から（測量前）	塗替塗装 x 239.59〜257.11 横桁 x 241.40	ext_poly	4	241.3295,-2.4935,0.6685	241.4195,-2.4935,0.6685	241.4195,2.4935,0.6685	241.3295,2.4935,0.6685	241.3295,-2.4935,0.6585	241.4195,-2.4935,0.6585	241.4195,2.4935,0.6585	241.3295,2.4935,0.6585
825	塗替塗装-367	塗替塗装						中間部横桁	x 239.59〜257.11 x 241.33	塗替塗装範囲詳細図		DWG の図から（測量前）	塗替塗装 x 239.59〜257.11 横桁 x 241.30	ext_poly	4	241.3295,-2.4935,0.6685	241.3395,-2.4935,0.6685	241.3395,2.4935,0.6685	241.3295,2.4935,0.6685	241.3295,-2.4935,0.5785	241.3395,-2.4935,0.5785	241.3395,2.4935,0.5785	241.3295,2.4935,0.5785
826	塗替塗装-368	塗替塗装						中間部横桁	x 239.59〜257.11 x 241.37	塗替塗装範囲詳細図		DWG の図から（測量前）	塗替塗装 x 239.59〜257.11 横桁 x 241.40	ext_poly	4	241.3295,-2.4935,-0.0815	241.4195,-2.4935,-0.0815	241.4195,2.4935,-0.0815	241.3295,2.4935,-0.0815	241.3295,-2.4935,-0.0915	241.4195,-2.4935,-0.0915	241.4195,2.4935,-0.0915	241.3295,2.4935,-0.0915
827	塗替塗装-369	塗替塗装						中間部横桁	x 239.59〜257.11 x 241.33	塗替塗装範囲詳細図		DWG の図から（測量前）	塗替塗装 x 239.59〜257.11 横桁 x 241.30	ext_poly	4	241.3295,-2.4935,-0.0015	241.3395,-2.4935,-0.0015	241.3395,2.4935,-0.0015	241.3295,2.4935,-0.0015	241.3295,-2.4935,-0.0915	241.3395,-2.4935,-0.0915	241.3395,2.4935,-0.0915	241.3295,2.4935,-0.0915
828	塗替塗装-370	塗替塗装						中間部横桁	x 239.59〜257.11 x 241.28	塗替塗装範囲詳細図		DWG の図から（測量前）	塗替塗装 x 239.59〜257.11 横桁 x 241.30	ext_poly	4	241.2305,-2.4935,0.6685	241.3205,-2.4935,0.6685	241.3205,2.4935,0.6685	241.2305,2.4935,0.6685	241.2305,-2.4935,0.6585	241.3205,-2.4935,0.6585	241.3205,2.4935,0.6585	241.2305,2.4935,0.6585
829	塗替塗装-371	塗替塗装						中間部横桁	x 239.59〜257.11 x 241.32	塗替塗装範囲詳細図		DWG の図から（測量前）	塗替塗装 x 239.59〜257.11 横桁 x 241.30	ext_poly	4	241.3105,-2.4935,0.6685	241.3205,-2.4935,0.6685	241.3205,2.4935,0.6685	241.3105,2.4935,0.6685	241.3105,-2.4935,0.5785	241.3205,-2.4935,0.5785	241.3205,2.4935,0.5785	241.3105,2.4935,0.5785
830	塗替塗装-372	塗替塗装						中間部横桁	x 239.59〜257.11 x 241.28	塗替塗装範囲詳細図		DWG の図から（測量前）	塗替塗装 x 239.59〜257.11 横桁 x 241.30	ext_poly	4	241.2305,-2.4935,-0.0815	241.3205,-2.4935,-0.0815	241.3205,2.4935,-0.0815	241.2305,2.4935,-0.0815	241.2305,-2.4935,-0.0915	241.3205,-2.4935,-0.0915	241.3205,2.4935,-0.0915	241.2305,2.4935,-0.0915
831	塗替塗装-373	塗替塗装						中間部横桁	x 239.59〜257.11 x 241.32	塗替塗装範囲詳細図		DWG の図から（測量前）	塗替塗装 x 239.59〜257.11 横桁 x 241.30	ext_poly	4	241.3105,-2.4935,-0.0015	241.3205,-2.4935,-0.0015	241.3205,2.4935,-0.0015	241.3105,2.4935,-0.0015	241.3105,-2.4935,-0.0915	241.3205,-2.4935,-0.0915	241.3205,2.4935,-0.0915	241.3105,2.4935,-0.0915
832	塗替塗装-374	塗替塗装						中間部横桁	x 239.59〜257.11 x 241.95	塗替塗装範囲詳細図		DWG の図から（測量前）	塗替塗装 x 239.59〜257.11 横桁 x 242.00	ext_poly	4	241.9455,-2.4935,0.6685	241.9545,-2.4935,0.6685	241.9545,2.4935,0.6685	241.9455,2.4935,0.6685	241.9455,-2.4935,-0.0915	241.9545,-2.4935,-0.0915	241.9545,2.4935,-0.0915	241.9455,2.4935,-0.0915
833	塗替塗装-375	塗替塗装						中間部横桁	x 239.59〜257.11 x 242.00	塗替塗装範囲詳細図		DWG の図から（測量前）	塗替塗装 x 239.59〜257.11 横桁 x 242.00	ext_poly	4	241.9545,-2.4935,0.6685	242.0445,-2.4935,0.6685	242.0445,2.4935,0.6685	241.9545,2.4935,0.6685	241.9545,-2.4935,0.6585	242.0445,-2.4935,0.6585	242.0445,2.4935,0.6585	241.9545,2.4935,0.6585
834	塗替塗装-376	塗替塗装						中間部横桁	x 239.59〜257.11 x 241.96	塗替塗装範囲詳細図		DWG の図から（測量前）	塗替塗装 x 239.59〜257.11 横桁 x 242.00	ext_poly	4	241.9545,-2.4935,0.6685	241.9645,-2.4935,0.6685	241.9645,2.4935,0.6685	241.9545,2.4935,0.6685	241.9545,-2.4935,0.5785	241.9645,-2.4935,0.5785	241.9645,2.4935,0.5785	241.9545,2.4935,0.5785
835	塗替塗装-377	塗替塗装						中間部横桁	x 239.59〜257.11 x 242.00	塗替塗装範囲詳細図		DWG の図から（測量前）	塗替塗装 x 239.59〜257.11 横桁 x 242.00	ext_poly	4	241.9545,-2.4935,-0.0815	242.0445,-2.4935,-0.0815	242.0445,2.4935,-0.0815	241.9545,2.4935,-0.0815	241.9545,-2.4935,-0.0915	242.0445,-2.4935,-0.0915	242.0445,2.4935,-0.0915	241.9545,2.4935,-0.0915
836	塗替塗装-378	塗替塗装						中間部横桁	x 239.59〜257.11 x 241.96	塗替塗装範囲詳細図		DWG の図から（測量前）	塗替塗装 x 239.59〜257.11 横桁 x 242.00	ext_poly	4	241.9545,-2.4935,-0.0015	241.9645,-2.4935,-0.0015	241.9645,2.4935,-0.0015	241.9545,2.4935,-0.0015	241.9545,-2.4935,-0.0915	241.9645,-2.4935,-0.0915	241.9645,2.4935,-0.0915	241.9545,2.4935,-0.0915
837	塗替塗装-379	塗替塗装						中間部横桁	x 239.59〜257.11 x 241.90	塗替塗装範囲詳細図		DWG の図から（測量前）	塗替塗装 x 239.59〜257.11 横桁 x 241.90	ext_poly	4	241.8555,-2.4935,0.6685	241.9455,-2.4935,0.6685	241.9455,2.4935,0.6685	241.8555,2.4935,0.6685	241.8555,-2.4935,0.6585	241.9455,-2.4935,0.6585	241.9455,2.4935,0.6585	241.8555,2.4935,0.6585
838	塗替塗装-380	塗替塗装						中間部横桁	x 239.59〜257.11 x 241.94	塗替塗装範囲詳細図		DWG の図から（測量前）	塗替塗装 x 239.59〜257.11 横桁 x 241.90	ext_poly	4	241.9355,-2.4935,0.6685	241.9455,-2.4935,0.6685	241.9455,2.4935,0.6685	241.9355,2.4935,0.6685	241.9355,-2.4935,0.5785	241.9455,-2.4935,0.5785	241.9455,2.4935,0.5785	241.9355,2.4935,0.5785
839	塗替塗装-381	塗替塗装						中間部横桁	x 239.59〜257.11 x 241.90	塗替塗装範囲詳細図		DWG の図から（測量前）	塗替塗装 x 239.59〜257.11 横桁 x 241.90	ext_poly	4	241.8555,-2.4935,-0.0815	241.9455,-2.4935,-0.0815	241.9455,2.4935,-0.0815	241.8555,2.4935,-0.0815	241.8555,-2.4935,-0.0915	241.9455,-2.4935,-0.0915	241.9455,2.4935,-0.0915	241.8555,2.4935,-0.0915
840	塗替塗装-382	塗替塗装						中間部横桁	x 239.59〜257.11 x 241.94	塗替塗装範囲詳細図		DWG の図から（測量前）	塗替塗装 x 239.59〜257.11 横桁 x 241.90	ext_poly	4	241.9355,-2.4935,-0.0015	241.9455,-2.4935,-0.0015	241.9455,2.4935,-0.0015	241.9355,2.4935,-0.0015	241.9355,-2.4935,-0.0915	241.9455,-2.4935,-0.0915	241.9455,2.4935,-0.0915	241.9355,2.4935,-0.0915
841	塗替塗装-383	塗替塗装						中間部横桁	x 239.59〜257.11 x 245.15	塗替塗装範囲詳細図		DWG の図から（測量前）	塗替塗装 x 239.59〜257.11 横桁 x 245.20	ext_poly	4	245.1455,-2.4935,0.6685	245.1545,-2.4935,0.6685	245.1545,2.4935,0.6685	245.1455,2.4935,0.6685	245.1455,-2.4935,-0.0915	245.1545,-2.4935,-0.0915	245.1545,2.4935,-0.0915	245.1455,2.4935,-0.0915
842	塗替塗装-384	塗替塗装						中間部横桁	x 239.59〜257.11 x 245.20	塗替塗装範囲詳細図		DWG の図から（測量前）	塗替塗装 x 239.59〜257.11 横桁 x 245.20	ext_poly	4	245.1545,-2.4935,0.6685	245.2445,-2.4935,0.6685	245.2445,2.4935,0.6685	245.1545,2.4935,0.6685	245.1545,-2.4935,0.6585	245.2445,-2.4935,0.6585	245.2445,2.4935,0.6585	245.1545,2.4935,0.6585
843	塗替塗装-385	塗替塗装						中間部横桁	x 239.59〜257.11 x 245.16	塗替塗装範囲詳細図		DWG の図から（測量前）	塗替塗装 x 239.59〜257.11 横桁 x 245.20	ext_poly	4	245.1545,-2.4935,0.6685	245.1645,-2.4935,0.6685	245.1645,2.4935,0.6685	245.1545,2.4935,0.6685	245.1545,-2.4935,0.5785	245.1645,-2.4935,0.5785	245.1645,2.4935,0.5785	245.1545,2.4935,0.5785
844	塗替塗装-386	塗替塗装						中間部横桁	x 239.59〜257.11 x 245.20	塗替塗装範囲詳細図		DWG の図から（測量前）	塗替塗装 x 239.59〜257.11 横桁 x 245.20	ext_poly	4	245.1545,-2.4935,-0.0815	245.2445,-2.4935,-0.0815	245.2445,2.4935,-0.0815	245.1545,2.4935,-0.0815	245.1545,-2.4935,-0.0915	245.2445,-2.4935,-0.0915	245.2445,2.4935,-0.0915	245.1545,2.4935,-0.0915
845	塗替塗装-387	塗替塗装						中間部横桁	x 239.59〜257.11 x 245.16	塗替塗装範囲詳細図		DWG の図から（測量前）	塗替塗装 x 239.59〜257.11 横桁 x 245.20	ext_poly	4	245.1545,-2.4935,-0.0015	245.1645,-2.4935,-0.0015	245.1645,2.4935,-0.0015	245.1545,2.4935,-0.0015	245.1545,-2.4935,-0.0915	245.1645,-2.4935,-0.0915	245.1645,2.4935,-0.0915	245.1545,2.4935,-0.0915
846	塗替塗装-388	塗替塗装						中間部横桁	x 239.59〜257.11 x 245.10	塗替塗装範囲詳細図		DWG の図から（測量前）	塗替塗装 x 239.59〜257.11 横桁 x 245.10	ext_poly	4	245.0555,-2.4935,0.6685	245.1455,-2.4935,0.6685	245.1455,2.4935,0.6685	245.0555,2.4935,0.6685	245.0555,-2.4935,0.6585	245.1455,-2.4935,0.6585	245.1455,2.4935,0.6585	245.0555,2.4935,0.6585
847	塗替塗装-389	塗替塗装						中間部横桁	x 239.59〜257.11 x 245.14	塗替塗装範囲詳細図		DWG の図から（測量前）	塗替塗装 x 239.59〜257.11 横桁 x 245.10	ext_poly	4	245.1355,-2.4935,0.6685	245.1455,-2.4935,0.6685	245.1455,2.4935,0.6685	245.1355,2.4935,0.6685	245.1355,-2.4935,0.5785	245.1455,-2.4935,0.5785	245.1455,2.4935,0.5785	245.1355,2.4935,0.5785
848	塗替塗装-390	塗替塗装						中間部横桁	x 239.59〜257.11 x 245.10	塗替塗装範囲詳細図		DWG の図から（測量前）	塗替塗装 x 239.59〜257.11 横桁 x 245.10	ext_poly	4	245.0555,-2.4935,-0.0815	245.1455,-2.4935,-0.0815	245.1455,2.4935,-0.0815	245.0555,2.4935,-0.0815	245.0555,-2.4935,-0.0915	245.1455,-2.4935,-0.0915	245.1455,2.4935,-0.0915	245.0555,2.4935,-0.0915
849	塗替塗装-391	塗替塗装						中間部横桁	x 239.59〜257.11 x 245.14	塗替塗装範囲詳細図		DWG の図から（測量前）	塗替塗装 x 239.59〜257.11 横桁 x 245.10	ext_poly	4	245.1355,-2.4935,-0.0015	245.1455,-2.4935,-0.0015	245.1455,2.4935,-0.0015	245.1355,2.4935,-0.0015	245.1355,-2.4935,-0.0915	245.1455,-2.4935,-0.0915	245.1455,2.4935,-0.0915	245.1355,2.4935,-0.0915
850	塗替塗装-392	塗替塗装						中間部横桁	x 239.59〜257.11 x 248.35	塗替塗装範囲詳細図		DWG の図から（測量前）	塗替塗装 x 239.59〜257.11 横桁 x 248.40	ext_poly	4	248.3455,-2.4935,0.6685	248.3545,-2.4935,0.6685	248.3545,2.4935,0.6685	248.3455,2.4935,0.6685	248.3455,-2.4935,-0.0915	248.3545,-2.4935,-0.0915	248.3545,2.4935,-0.0915	248.3455,2.4935,-0.0915
851	塗替塗装-393	塗替塗装						中間部横桁	x 239.59〜257.11 x 248.40	塗替塗装範囲詳細図		DWG の図から（測量前）	塗替塗装 x 239.59〜257.11 横桁 x 248.40	ext_poly	4	248.3545,-2.4935,0.6685	248.4445,-2.4935,0.6685	248.4445,2.4935,0.6685	248.3545,2.4935,0.6685	248.3545,-2.4935,0.6585	248.4445,-2.4935,0.6585	248.4445,2.4935,0.6585	248.3545,2.4935,0.6585
852	塗替塗装-394	塗替塗装						中間部横桁	x 239.59〜257.11 x 248.36	塗替塗装範囲詳細図		DWG の図から（測量前）	塗替塗装 x 239.59〜257.11 横桁 x 248.40	ext_poly	4	248.3545,-2.4935,0.6685	248.3645,-2.4935,0.6685	248.3645,2.4935,0.6685	248.3545,2.4935,0.6685	248.3545,-2.4935,0.5785	248.3645,-2.4935,0.5785	248.3645,2.4935,0.5785	248.3545,2.4935,0.5785
853	塗替塗装-395	塗替塗装						中間部横桁	x 239.59〜257.11 x 248.40	塗替塗装範囲詳細図		DWG の図から（測量前）	塗替塗装 x 239.59〜257.11 横桁 x 248.40	ext_poly	4	248.3545,-2.4935,-0.0815	248.4445,-2.4935,-0.0815	248.4445,2.4935,-0.0815	248.3545,2.4935,-0.0815	248.3545,-2.4935,-0.0915	248.4445,-2.4935,-0.0915	248.4445,2.4935,-0.0915	248.3545,2.4935,-0.0915
854	塗替塗装-396	塗替塗装						中間部横桁	x 239.59〜257.11 x 248.36	塗替塗装範囲詳細図		DWG の図から（測量前）	塗替塗装 x 239.59〜257.11 横桁 x 248.40	ext_poly	4	248.3545,-2.4935,-0.0015	248.3645,-2.4935,-0.0015	248.3645,2.4935,-0.0015	248.3545,2.4935,-0.0015	248.3545,-2.4935,-0.0915	248.3645,-2.4935,-0.0915	248.3645,2.4935,-0.0915	248.3545,2.4935,-0.0915
855	塗替塗装-397	塗替塗装						中間部横桁	x 239.59〜257.11 x 248.30	塗替塗装範囲詳細図		DWG の図から（測量前）	塗替塗装 x 239.59〜257.11 横桁 x 248.30	ext_poly	4	248.2555,-2.4935,0.6685	248.3455,-2.4935,0.6685	248.3455,2.4935,0.6685	248.2555,2.4935,0.6685	248.2555,-2.4935,0.6585	248.3455,-2.4935,0.6585	248.3455,2.4935,0.6585	248.2555,2.4935,0.6585
856	塗替塗装-398	塗替塗装						中間部横桁	x 239.59〜257.11 x 248.34	塗替塗装範囲詳細図		DWG の図から（測量前）	塗替塗装 x 239.59〜257.11 横桁 x 248.30	ext_poly	4	248.3355,-2.4935,0.6685	248.3455,-2.4935,0.6685	248.3455,2.4935,0.6685	248.3355,2.4935,0.6685	248.3355,-2.4935,0.5785	248.3455,-2.4935,0.5785	248.3455,2.4935,0.5785	248.3355,2.4935,0.5785
857	塗替塗装-399	塗替塗装						中間部横桁	x 239.59〜257.11 x 248.30	塗替塗装範囲詳細図		DWG の図から（測量前）	塗替塗装 x 239.59〜257.11 横桁 x 248.30	ext_poly	4	248.2555,-2.4935,-0.0815	248.3455,-2.4935,-0.0815	248.3455,2.4935,-0.0815	248.2555,2.4935,-0.0815	248.2555,-2.4935,-0.0915	248.3455,-2.4935,-0.0915	248.3455,2.4935,-0.0915	248.2555,2.4935,-0.0915
858	塗替塗装-400	塗替塗装						中間部横桁	x 239.59〜257.11 x 248.34	塗替塗装範囲詳細図		DWG の図から（測量前）	塗替塗装 x 239.59〜257.11 横桁 x 248.30	ext_poly	4	248.3355,-2.4935,-0.0015	248.3455,-2.4935,-0.0015	248.3455,2.4935,-0.0015	248.3355,2.4935,-0.0015	248.3355,-2.4935,-0.0915	248.3455,-2.4935,-0.0915	248.3455,2.4935,-0.0915	248.3355,2.4935,-0.0915
859	塗替塗装-401	塗替塗装						中間部横桁	x 239.59〜257.11 x 251.55	塗替塗装範囲詳細図		DWG の図から（測量前）	塗替塗装 x 239.59〜257.11 横桁 x 251.60	ext_poly	4	251.5455,-2.4935,0.6685	251.5545,-2.4935,0.6685	251.5545,2.4935,0.6685	251.5455,2.4935,0.6685	251.5455,-2.4935,-0.0915	251.5545,-2.4935,-0.0915	251.5545,2.4935,-0.0915	251.5455,2.4935,-0.0915
860	塗替塗装-402	塗替塗装						中間部横桁	x 239.59〜257.11 x 251.60	塗替塗装範囲詳細図		DWG の図から（測量前）	塗替塗装 x 239.59〜257.11 横桁 x 251.60	ext_poly	4	251.5545,-2.4935,0.6685	251.6445,-2.4935,0.6685	251.6445,2.4935,0.6685	251.5545,2.4935,0.6685	251.5545,-2.4935,0.6585	251.6445,-2.4935,0.6585	251.6445,2.4935,0.6585	251.5545,2.4935,0.6585
861	塗替塗装-403	塗替塗装						中間部横桁	x 239.59〜257.11 x 251.56	塗替塗装範囲詳細図		DWG の図から（測量前）	塗替塗装 x 239.59〜257.11 横桁 x 251.60	ext_poly	4	251.5545,-2.4935,0.6685	251.5645,-2.4935,0.6685	251.5645,2.4935,0.6685	251.5545,2.4935,0.6685	251.5545,-2.4935,0.5785	251.5645,-2.4935,0.5785	251.5645,2.4935,0.5785	251.5545,2.4935,0.5785
862	塗替塗装-404	塗替塗装						中間部横桁	x 239.59〜257.11 x 251.60	塗替塗装範囲詳細図		DWG の図から（測量前）	塗替塗装 x 239.59〜257.11 横桁 x 251.60	ext_poly	4	251.5545,-2.4935,-0.0815	251.6445,-2.4935,-0.0815	251.6445,2.4935,-0.0815	251.5545,2.4935,-0.0815	251.5545,-2.4935,-0.0915	251.6445,-2.4935,-0.0915	251.6445,2.4935,-0.0915	251.5545,2.4935,-0.0915
863	塗替塗装-405	塗替塗装						中間部横桁	x 239.59〜257.11 x 251.56	塗替塗装範囲詳細図		DWG の図から（測量前）	塗替塗装 x 239.59〜257.11 横桁 x 251.60	ext_poly	4	251.5545,-2.4935,-0.0015	251.5645,-2.4935,-0.0015	251.5645,2.4935,-0.0015	251.5545,2.4935,-0.0015	251.5545,-2.4935,-0.0915	251.5645,-2.4935,-0.0915	251.5645,2.4935,-0.0915	251.5545,2.4935,-0.0915
864	塗替塗装-406	塗替塗装						中間部横桁	x 239.59〜257.11 x 251.50	塗替塗装範囲詳細図		DWG の図から（測量前）	塗替塗装 x 239.59〜257.11 横桁 x 251.50	ext_poly	4	251.4555,-2.4935,0.6685	251.5455,-2.4935,0.6685	251.5455,2.4935,0.6685	251.4555,2.4935,0.6685	251.4555,-2.4935,0.6585	251.5455,-2.4935,0.6585	251.5455,2.4935,0.6585	251.4555,2.4935,0.6585
865	塗替塗装-407	塗替塗装						中間部横桁	x 239.59〜257.11 x 251.54	塗替塗装範囲詳細図		DWG の図から（測量前）	塗替塗装 x 239.59〜257.11 横桁 x 251.50	ext_poly	4	251.5355,-2.4935,0.6685	251.5455,-2.4935,0.6685	251.5455,2.4935,0.6685	251.5355,2.4935,0.6685	251.5355,-2.4935,0.5785	251.5455,-2.4935,0.5785	251.5455,2.4935,0.5785	251.5355,2.4935,0.5785
866	塗替塗装-408	塗替塗装						中間部横桁	x 239.59〜257.11 x 251.50	塗替塗装範囲詳細図		DWG の図から（測量前）	塗替塗装 x 239.59〜257.11 横桁 x 251.50	ext_poly	4	251.4555,-2.4935,-0.0815	251.5455,-2.4935,-0.0815	251.5455,2.4935,-0.0815	251.4555,2.4935,-0.0815	251.4555,-2.4935,-0.0915	251.5455,-2.4935,-0.0915	251.5455,2.4935,-0.0915	251.4555,2.4935,-0.0915
867	塗替塗装-409	塗替塗装						中間部横桁	x 239.59〜257.11 x 251.54	塗替塗装範囲詳細図		DWG の図から（測量前）	塗替塗装 x 239.59〜257.11 横桁 x 251.50	ext_poly	4	251.5355,-2.4935,-0.0015	251.5455,-2.4935,-0.0015	251.5455,2.4935,-0.0015	251.5355,2.4935,-0.0015	251.5355,-2.4935,-0.0915	251.5455,-2.4935,-0.0915	251.5455,2.4935,-0.0915	251.5355,2.4935,-0.0915
868	塗替塗装-410	塗替塗装						中間部横桁	x 239.59〜257.11 x 254.75	塗替塗装範囲詳細図		DWG の図から（測量前）	塗替塗装 x 239.59〜257.11 横桁 x 254.80	ext_poly	4	254.7455,-2.4935,0.6685	254.7545,-2.4935,0.6685	254.7545,2.4935,0.6685	254.7455,2.4935,0.6685	254.7455,-2.4935,-0.0915	254.7545,-2.4935,-0.0915	254.7545,2.4935,-0.0915	254.7455,2.4935,-0.0915
869	塗替塗装-411	塗替塗装						中間部横桁	x 239.59〜257.11 x 254.80	塗替塗装範囲詳細図		DWG の図から（測量前）	塗替塗装 x 239.59〜257.11 横桁 x 254.80	ext_poly	4	254.7545,-2.4935,0.6685	254.8445,-2.4935,0.6685	254.8445,2.4935,0.6685	254.7545,2.4935,0.6685	254.7545,-2.4935,0.6585	254.8445,-2.4935,0.6585	254.8445,2.4935,0.6585	254.7545,2.4935,0.6585
870	塗替塗装-412	塗替塗装						中間部横桁	x 239.59〜257.11 x 254.76	塗替塗装範囲詳細図		DWG の図から（測量前）	塗替塗装 x 239.59〜257.11 横桁 x 254.80	ext_poly	4	254.7545,-2.4935,0.6685	254.7645,-2.4935,0.6685	254.7645,2.4935,0.6685	254.7545,2.4935,0.6685	254.7545,-2.4935,0.5785	254.7645,-2.4935,0.5785	254.7645,2.4935,0.5785	254.7545,2.4935,0.5785
871	塗替塗装-413	塗替塗装						中間部横桁	x 239.59〜257.11 x 254.80	塗替塗装範囲詳細図		DWG の図から（測量前）	塗替塗装 x 239.59〜257.11 横桁 x 254.80	ext_poly	4	254.7545,-2.4935,-0.0815	254.8445,-2.4935,-0.0815	254.8445,2.4935,-0.0815	254.7545,2.4935,-0.0815	254.7545,-2.4935,-0.0915	254.8445,-2.4935,-0.0915	254.8445,2.4935,-0.0915	254.7545,2.4935,-0.0915
872	塗替塗装-414	塗替塗装						中間部横桁	x 239.59〜257.11 x 254.76	塗替塗装範囲詳細図		DWG の図から（測量前）	塗替塗装 x 239.59〜257.11 横桁 x 254.80	ext_poly	4	254.7545,-2.4935,-0.0015	254.7645,-2.4935,-0.0015	254.7645,2.4935,-0.0015	254.7545,2.4935,-0.0015	254.7545,-2.4935,-0.0915	254.7645,-2.4935,-0.0915	254.7645,2.4935,-0.0915	254.7545,2.4935,-0.0915
873	塗替塗装-415	塗替塗装						中間部横桁	x 239.59〜257.11 x 254.70	塗替塗装範囲詳細図		DWG の図から（測量前）	塗替塗装 x 239.59〜257.11 横桁 x 254.70	ext_poly	4	254.6555,-2.4935,0.6685	254.7455,-2.4935,0.6685	254.7455,2.4935,0.6685	254.6555,2.4935,0.6685	254.6555,-2.4935,0.6585	254.7455,-2.4935,0.6585	254.7455,2.4935,0.6585	254.6555,2.4935,0.6585
874	塗替塗装-416	塗替塗装						中間部横桁	x 239.59〜257.11 x 254.74	塗替塗装範囲詳細図		DWG の図から（測量前）	塗替塗装 x 239.59〜257.11 横桁 x 254.70	ext_poly	4	254.7355,-2.4935,0.6685	254.7455,-2.4935,0.6685	254.7455,2.4935,0.6685	254.7355,2.4935,0.6685	254.7355,-2.4935,0.5785	254.7455,-2.4935,0.5785	254.7455,2.4935,0.5785	254.7355,2.4935,0.5785
875	塗替塗装-417	塗替塗装						中間部横桁	x 239.59〜257.11 x 254.70	塗替塗装範囲詳細図		DWG の図から（測量前）	塗替塗装 x 239.59〜257.11 横桁 x 254.70	ext_poly	4	254.6555,-2.4935,-0.0815	254.7455,-2.4935,-0.0815	254.7455,2.4935,-0.0815	254.6555,2.4935,-0.0815	254.6555,-2.4935,-0.0915	254.7455,-2.4935,-0.0915	254.7455,2.4935,-0.0915	254.6555,2.4935,-0.0915
876	塗替塗装-418	塗替塗装						中間部横桁	x 239.59〜257.11 x 254.74	塗替塗装範囲詳細図		DWG の図から（測量前）	塗替塗装 x 239.59〜257.11 横桁 x 254.70	ext_poly	4	254.7355,-2.4935,-0.0015	254.7455,-2.4935,-0.0015	254.7455,2.4935,-0.0015	254.7355,2.4935,-0.0015	254.7355,-2.4935,-0.0915	254.7455,-2.4935,-0.0915	254.7455,2.4935,-0.0915	254.7355,2.4935,-0.0915
877	塗替塗装-419	塗替塗装						中間部横桁	x 239.59〜257.11 x 255.38	塗替塗装範囲詳細図		DWG の図から（測量前）	塗替塗装 x 239.59〜257.11 横桁 x 255.40	ext_poly	4	255.3705,-2.4935,0.6685	255.3795,-2.4935,0.6685	255.3795,2.4935,0.6685	255.3705,2.4935,0.6685	255.3705,-2.4935,-0.0915	255.3795,-2.4935,-0.0915	255.3795,2.4935,-0.0915	255.3705,2.4935,-0.0915
878	塗替塗装-420	塗替塗装						中間部横桁	x 239.59〜257.11 x 255.42	塗替塗装範囲詳細図		DWG の図から（測量前）	塗替塗装 x 239.59〜257.11 横桁 x 255.40	ext_poly	4	255.3795,-2.4935,0.6685	255.4695,-2.4935,0.6685	255.4695,2.4935,0.6685	255.3795,2.4935,0.6685	255.3795,-2.4935,0.6585	255.4695,-2.4935,0.6585	255.4695,2.4935,0.6585	255.3795,2.4935,0.6585
879	塗替塗装-421	塗替塗装						中間部横桁	x 239.59〜257.11 x 255.38	塗替塗装範囲詳細図		DWG の図から（測量前）	塗替塗装 x 239.59〜257.11 横桁 x 255.40	ext_poly	4	255.3795,-2.4935,0.6685	255.3895,-2.4935,0.6685	255.3895,2.4935,0.6685	255.3795,2.4935,0.6685	255.3795,-2.4935,0.5785	255.3895,-2.4935,0.5785	255.3895,2.4935,0.5785	255.3795,2.4935,0.5785
880	塗替塗装-422	塗替塗装						中間部横桁	x 239.59〜257.11 x 255.42	塗替塗装範囲詳細図		DWG の図から（測量前）	塗替塗装 x 239.59〜257.11 横桁 x 255.40	ext_poly	4	255.3795,-2.4935,-0.0815	255.4695,-2.4935,-0.0815	255.4695,2.4935,-0.0815	255.3795,2.4935,-0.0815	255.3795,-2.4935,-0.0915	255.4695,-2.4935,-0.0915	255.4695,2.4935,-0.0915	255.3795,2.4935,-0.0915
881	塗替塗装-423	塗替塗装						中間部横桁	x 239.59〜257.11 x 255.38	塗替塗装範囲詳細図		DWG の図から（測量前）	塗替塗装 x 239.59〜257.11 横桁 x 255.40	ext_poly	4	255.3795,-2.4935,-0.0015	255.3895,-2.4935,-0.0015	255.3895,2.4935,-0.0015	255.3795,2.4935,-0.0015	255.3795,-2.4935,-0.0915	255.3895,-2.4935,-0.0915	255.3895,2.4935,-0.0915	255.3795,2.4935,-0.0915
882	塗替塗装-424	塗替塗装						中間部横桁	x 239.59〜257.11 x 255.33	塗替塗装範囲詳細図		DWG の図から（測量前）	塗替塗装 x 239.59〜257.11 横桁 x 255.30	ext_poly	4	255.2805,-2.4935,0.6685	255.3705,-2.4935,0.6685	255.3705,2.4935,0.6685	255.2805,2.4935,0.6685	255.2805,-2.4935,0.6585	255.3705,-2.4935,0.6585	255.3705,2.4935,0.6585	255.2805,2.4935,0.6585
883	塗替塗装-425	塗替塗装						中間部横桁	x 239.59〜257.11 x 255.37	塗替塗装範囲詳細図		DWG の図から（測量前）	塗替塗装 x 239.59〜257.11 横桁 x 255.40	ext_poly	4	255.3605,-2.4935,0.6685	255.3705,-2.4935,0.6685	255.3705,2.4935,0.6685	255.3605,2.4935,0.6685	255.3605,-2.4935,0.5785	255.3705,-2.4935,0.5785	255.3705,2.4935,0.5785	255.3605,2.4935,0.5785
884	塗替塗装-426	塗替塗装						中間部横桁	x 239.59〜257.11 x 255.33	塗替塗装範囲詳細図		DWG の図から（測量前）	塗替塗装 x 239.59〜257.11 横桁 x 255.30	ext_poly	4	255.2805,-2.4935,-0.0815	255.3705,-2.4935,-0.0815	255.3705,2.4935,-0.0815	255.2805,2.4935,-0.0815	255.2805,-2.4935,-0.0915	255.3705,-2.4935,-0.0915	255.3705,2.4935,-0.0915	255.2805,2.4935,-0.0915
885	塗替塗装-427	塗替塗装						中間部横桁	x 239.59〜257.11 x 255.37	塗替塗装範囲詳細図		DWG の図から（測量前）	塗替塗装 x 239.59〜257.11 横桁 x 255.40	ext_poly	4	255.3605,-2.4935,-0.0015	255.3705,-2.4935,-0.0015	255.3705,2.4935,-0.0015	255.3605,2.4935,-0.0015	255.3605,-2.4935,-0.0915	255.3705,-2.4935,-0.0915	255.3705,2.4935,-0.0915	255.3605,2.4935,-0.0915
886	塗替塗装-428	塗替塗装						縦桁 H300x150	x 239.59〜257.11 	塗替塗装範囲詳細図		DWG の図から（測量前）	塗替塗装 x 239.59〜257.11 縦桁 H300x150	ext_poly	12	241.2250,-1.3250,0.5815	241.2250,-1.1750,0.5815	241.2250,-1.1750,0.5905	241.2250,-1.2468,0.5905	241.2250,-1.2468,0.8725	241.2250,-1.1750,0.8725	241.2250,-1.1750,0.8815	241.2250,-1.3250,0.8815	241.2250,-1.3250,0.8725	241.2250,-1.2532,0.8725	241.2250,-1.2532,0.5905	241.2250,-1.3250,0.5905	239.5900,-1.3250,0.5815	239.5900,-1.1750,0.5815	239.5900,-1.1750,0.5905	239.5900,-1.2468,0.5905	239.5900,-1.2468,0.8725	239.5900,-1.1750,0.8725	239.5900,-1.1750,0.8815	239.5900,-1.3250,0.8815	239.5900,-1.3250,0.8725	239.5900,-1.2532,0.8725	239.5900,-1.2532,0.5905	239.5900,-1.3250,0.5905
887	塗替塗装-429	塗替塗装						縦桁 H300x150	x 239.59〜257.11 	塗替塗装範囲詳細図		DWG の図から（測量前）	塗替塗装 x 239.59〜257.11 縦桁 H300x150	ext_poly	12	241.2250,-0.0750,0.5815	241.2250,0.0750,0.5815	241.2250,0.0750,0.5905	241.2250,0.0032,0.5905	241.2250,0.0032,0.8725	241.2250,0.0750,0.8725	241.2250,0.0750,0.8815	241.2250,-0.0750,0.8815	241.2250,-0.0750,0.8725	241.2250,-0.0032,0.8725	241.2250,-0.0032,0.5905	241.2250,-0.0750,0.5905	239.5900,-0.0750,0.5815	239.5900,0.0750,0.5815	239.5900,0.0750,0.5905	239.5900,0.0032,0.5905	239.5900,0.0032,0.8725	239.5900,0.0750,0.8725	239.5900,0.0750,0.8815	239.5900,-0.0750,0.8815	239.5900,-0.0750,0.8725	239.5900,-0.0032,0.8725	239.5900,-0.0032,0.5905	239.5900,-0.0750,0.5905
888	塗替塗装-430	塗替塗装						縦桁 H300x150	x 239.59〜257.11 	塗替塗装範囲詳細図		DWG の図から（測量前）	塗替塗装 x 239.59〜257.11 縦桁 H300x150	ext_poly	12	241.2250,1.1750,0.5815	241.2250,1.3250,0.5815	241.2250,1.3250,0.5905	241.2250,1.2532,0.5905	241.2250,1.2532,0.8725	241.2250,1.3250,0.8725	241.2250,1.3250,0.8815	241.2250,1.1750,0.8815	241.2250,1.1750,0.8725	241.2250,1.2468,0.8725	241.2250,1.2468,0.5905	241.2250,1.1750,0.5905	239.5900,1.1750,0.5815	239.5900,1.3250,0.5815	239.5900,1.3250,0.5905	239.5900,1.2532,0.5905	239.5900,1.2532,0.8725	239.5900,1.3250,0.8725	239.5900,1.3250,0.8815	239.5900,1.1750,0.8815	239.5900,1.1750,0.8725	239.5900,1.2468,0.8725	239.5900,1.2468,0.5905	239.5900,1.1750,0.5905
889	塗替塗装-431	塗替塗装						縦桁 H300x150	x 239.59〜257.11 	塗替塗装範囲詳細図		DWG の図から（測量前）	塗替塗装 x 239.59〜257.11 縦桁 H300x150	ext_poly	12	245.0500,-1.3250,0.5815	245.0500,-1.1750,0.5815	245.0500,-1.1750,0.5905	245.0500,-1.2468,0.5905	245.0500,-1.2468,0.8725	245.0500,-1.1750,0.8725	245.0500,-1.1750,0.8815	245.0500,-1.3250,0.8815	245.0500,-1.3250,0.8725	245.0500,-1.2532,0.8725	245.0500,-1.2532,0.5905	245.0500,-1.3250,0.5905	242.0500,-1.3250,0.5815	242.0500,-1.1750,0.5815	242.0500,-1.1750,0.5905	242.0500,-1.2468,0.5905	242.0500,-1.2468,0.8725	242.0500,-1.1750,0.8725	242.0500,-1.1750,0.8815	242.0500,-1.3250,0.8815	242.0500,-1.3250,0.8725	242.0500,-1.2532,0.8725	242.0500,-1.2532,0.5905	242.0500,-1.3250,0.5905
890	塗替塗装-432	塗替塗装						縦桁 H300x150	x 239.59〜257.11 	塗替塗装範囲詳細図		DWG の図から（測量前）	塗替塗装 x 239.59〜257.11 縦桁 H300x150	ext_poly	12	245.0500,-0.0750,0.5815	245.0500,0.0750,0.5815	245.0500,0.0750,0.5905	245.0500,0.0032,0.5905	245.0500,0.0032,0.8725	245.0500,0.0750,0.8725	245.0500,0.0750,0.8815	245.0500,-0.0750,0.8815	245.0500,-0.0750,0.8725	245.0500,-0.0032,0.8725	245.0500,-0.0032,0.5905	245.0500,-0.0750,0.5905	242.0500,-0.0750,0.5815	242.0500,0.0750,0.5815	242.0500,0.0750,0.5905	242.0500,0.0032,0.5905	242.0500,0.0032,0.8725	242.0500,0.0750,0.8725	242.0500,0.0750,0.8815	242.0500,-0.0750,0.8815	242.0500,-0.0750,0.8725	242.0500,-0.0032,0.8725	242.0500,-0.0032,0.5905	242.0500,-0.0750,0.5905
891	塗替塗装-433	塗替塗装						縦桁 H300x150	x 239.59〜257.11 	塗替塗装範囲詳細図		DWG の図から（測量前）	塗替塗装 x 239.59〜257.11 縦桁 H300x150	ext_poly	12	245.0500,1.1750,0.5815	245.0500,1.3250,0.5815	245.0500,1.3250,0.5905	245.0500,1.2532,0.5905	245.0500,1.2532,0.8725	245.0500,1.3250,0.8725	245.0500,1.3250,0.8815	245.0500,1.1750,0.8815	245.0500,1.1750,0.8725	245.0500,1.2468,0.8725	245.0500,1.2468,0.5905	245.0500,1.1750,0.5905	242.0500,1.1750,0.5815	242.0500,1.3250,0.5815	242.0500,1.3250,0.5905	242.0500,1.2532,0.5905	242.0500,1.2532,0.8725	242.0500,1.3250,0.8725	242.0500,1.3250,0.8815	242.0500,1.1750,0.8815	242.0500,1.1750,0.8725	242.0500,1.2468,0.8725	242.0500,1.2468,0.5905	242.0500,1.1750,0.5905
892	塗替塗装-434	塗替塗装						縦桁 H300x150	x 239.59〜257.11 	塗替塗装範囲詳細図		DWG の図から（測量前）	塗替塗装 x 239.59〜257.11 縦桁 H300x150	ext_poly	12	248.2500,-1.3250,0.5815	248.2500,-1.1750,0.5815	248.2500,-1.1750,0.5905	248.2500,-1.2468,0.5905	248.2500,-1.2468,0.8725	248.2500,-1.1750,0.8725	248.2500,-1.1750,0.8815	248.2500,-1.3250,0.8815	248.2500,-1.3250,0.8725	248.2500,-1.2532,0.8725	248.2500,-1.2532,0.5905	248.2500,-1.3250,0.5905	245.2500,-1.3250,0.5815	245.2500,-1.1750,0.5815	245.2500,-1.1750,0.5905	245.2500,-1.2468,0.5905	245.2500,-1.2468,0.8725	245.2500,-1.1750,0.8725	245.2500,-1.1750,0.8815	245.2500,-1.3250,0.8815	245.2500,-1.3250,0.8725	245.2500,-1.2532,0.8725	245.2500,-1.2532,0.5905	245.2500,-1.3250,0.5905
893	塗替塗装-435	塗替塗装						縦桁 H300x150	x 239.59〜257.11 	塗替塗装範囲詳細図		DWG の図から（測量前）	塗替塗装 x 239.59〜257.11 縦桁 H300x150	ext_poly	12	248.2500,-0.0750,0.5815	248.2500,0.0750,0.5815	248.2500,0.0750,0.5905	248.2500,0.0032,0.5905	248.2500,0.0032,0.8725	248.2500,0.0750,0.8725	248.2500,0.0750,0.8815	248.2500,-0.0750,0.8815	248.2500,-0.0750,0.8725	248.2500,-0.0032,0.8725	248.2500,-0.0032,0.5905	248.2500,-0.0750,0.5905	245.2500,-0.0750,0.5815	245.2500,0.0750,0.5815	245.2500,0.0750,0.5905	245.2500,0.0032,0.5905	245.2500,0.0032,0.8725	245.2500,0.0750,0.8725	245.2500,0.0750,0.8815	245.2500,-0.0750,0.8815	245.2500,-0.0750,0.8725	245.2500,-0.0032,0.8725	245.2500,-0.0032,0.5905	245.2500,-0.0750,0.5905
894	塗替塗装-436	塗替塗装						縦桁 H300x150	x 239.59〜257.11 	塗替塗装範囲詳細図		DWG の図から（測量前）	塗替塗装 x 239.59〜257.11 縦桁 H300x150	ext_poly	12	248.2500,1.1750,0.5815	248.2500,1.3250,0.5815	248.2500,1.3250,0.5905	248.2500,1.2532,0.5905	248.2500,1.2532,0.8725	248.2500,1.3250,0.8725	248.2500,1.3250,0.8815	248.2500,1.1750,0.8815	248.2500,1.1750,0.8725	248.2500,1.2468,0.8725	248.2500,1.2468,0.5905	248.2500,1.1750,0.5905	245.2500,1.1750,0.5815	245.2500,1.3250,0.5815	245.2500,1.3250,0.5905	245.2500,1.2532,0.5905	245.2500,1.2532,0.8725	245.2500,1.3250,0.8725	245.2500,1.3250,0.8815	245.2500,1.1750,0.8815	245.2500,1.1750,0.8725	245.2500,1.2468,0.8725	245.2500,1.2468,0.5905	245.2500,1.1750,0.5905
895	塗替塗装-437	塗替塗装						縦桁 H300x150	x 239.59〜257.11 	塗替塗装範囲詳細図		DWG の図から（測量前）	塗替塗装 x 239.59〜257.11 縦桁 H300x150	ext_poly	12	251.4500,-1.3250,0.5815	251.4500,-1.1750,0.5815	251.4500,-1.1750,0.5905	251.4500,-1.2468,0.5905	251.4500,-1.2468,0.8725	251.4500,-1.1750,0.8725	251.4500,-1.1750,0.8815	251.4500,-1.3250,0.8815	251.4500,-1.3250,0.8725	251.4500,-1.2532,0.8725	251.4500,-1.2532,0.5905	251.4500,-1.3250,0.5905	248.4500,-1.3250,0.5815	248.4500,-1.1750,0.5815	248.4500,-1.1750,0.5905	248.4500,-1.2468,0.5905	248.4500,-1.2468,0.8725	248.4500,-1.1750,0.8725	248.4500,-1.1750,0.8815	248.4500,-1.3250,0.8815	248.4500,-1.3250,0.8725	248.4500,-1.2532,0.8725	248.4500,-1.2532,0.5905	248.4500,-1.3250,0.5905
896	塗替塗装-438	塗替塗装						縦桁 H300x150	x 239.59〜257.11 	塗替塗装範囲詳細図		DWG の図から（測量前）	塗替塗装 x 239.59〜257.11 縦桁 H300x150	ext_poly	12	251.4500,-0.0750,0.5815	251.4500,0.0750,0.5815	251.4500,0.0750,0.5905	251.4500,0.0032,0.5905	251.4500,0.0032,0.8725	251.4500,0.0750,0.8725	251.4500,0.0750,0.8815	251.4500,-0.0750,0.8815	251.4500,-0.0750,0.8725	251.4500,-0.0032,0.8725	251.4500,-0.0032,0.5905	251.4500,-0.0750,0.5905	248.4500,-0.0750,0.5815	248.4500,0.0750,0.5815	248.4500,0.0750,0.5905	248.4500,0.0032,0.5905	248.4500,0.0032,0.8725	248.4500,0.0750,0.8725	248.4500,0.0750,0.8815	248.4500,-0.0750,0.8815	248.4500,-0.0750,0.8725	248.4500,-0.0032,0.8725	248.4500,-0.0032,0.5905	248.4500,-0.0750,0.5905
897	塗替塗装-439	塗替塗装						縦桁 H300x150	x 239.59〜257.11 	塗替塗装範囲詳細図		DWG の図から（測量前）	塗替塗装 x 239.59〜257.11 縦桁 H300x150	ext_poly	12	251.4500,1.1750,0.5815	251.4500,1.3250,0.5815	251.4500,1.3250,0.5905	251.4500,1.2532,0.5905	251.4500,1.2532,0.8725	251.4500,1.3250,0.8725	251.4500,1.3250,0.8815	251.4500,1.1750,0.8815	251.4500,1.1750,0.8725	251.4500,1.2468,0.8725	251.4500,1.2468,0.5905	251.4500,1.1750,0.5905	248.4500,1.1750,0.5815	248.4500,1.3250,0.5815	248.4500,1.3250,0.5905	248.4500,1.2532,0.5905	248.4500,1.2532,0.8725	248.4500,1.3250,0.8725	248.4500,1.3250,0.8815	248.4500,1.1750,0.8815	248.4500,1.1750,0.8725	248.4500,1.2468,0.8725	248.4500,1.2468,0.5905	248.4500,1.1750,0.5905
898	塗替塗装-440	塗替塗装						縦桁 H300x150	x 239.59〜257.11 	塗替塗装範囲詳細図		DWG の図から（測量前）	塗替塗装 x 239.59〜257.11 縦桁 H300x150	ext_poly	12	254.6500,-1.3250,0.5815	254.6500,-1.1750,0.5815	254.6500,-1.1750,0.5905	254.6500,-1.2468,0.5905	254.6500,-1.2468,0.8725	254.6500,-1.1750,0.8725	254.6500,-1.1750,0.8815	254.6500,-1.3250,0.8815	254.6500,-1.3250,0.8725	254.6500,-1.2532,0.8725	254.6500,-1.2532,0.5905	254.6500,-1.3250,0.5905	251.6500,-1.3250,0.5815	251.6500,-1.1750,0.5815	251.6500,-1.1750,0.5905	251.6500,-1.2468,0.5905	251.6500,-1.2468,0.8725	251.6500,-1.1750,0.8725	251.6500,-1.1750,0.8815	251.6500,-1.3250,0.8815	251.6500,-1.3250,0.8725	251.6500,-1.2532,0.8725	251.6500,-1.2532,0.5905	251.6500,-1.3250,0.5905
899	塗替塗装-441	塗替塗装						縦桁 H300x150	x 239.59〜257.11 	塗替塗装範囲詳細図		DWG の図から（測量前）	塗替塗装 x 239.59〜257.11 縦桁 H300x150	ext_poly	12	254.6500,-0.0750,0.5815	254.6500,0.0750,0.5815	254.6500,0.0750,0.5905	254.6500,0.0032,0.5905	254.6500,0.0032,0.8725	254.6500,0.0750,0.8725	254.6500,0.0750,0.8815	254.6500,-0.0750,0.8815	254.6500,-0.0750,0.8725	254.6500,-0.0032,0.8725	254.6500,-0.0032,0.5905	254.6500,-0.0750,0.5905	251.6500,-0.0750,0.5815	251.6500,0.0750,0.5815	251.6500,0.0750,0.5905	251.6500,0.0032,0.5905	251.6500,0.0032,0.8725	251.6500,0.0750,0.8725	251.6500,0.0750,0.8815	251.6500,-0.0750,0.8815	251.6500,-0.0750,0.8725	251.6500,-0.0032,0.8725	251.6500,-0.0032,0.5905	251.6500,-0.0750,0.5905
900	塗替塗装-442	塗替塗装						縦桁 H300x150	x 239.59〜257.11 	塗替塗装範囲詳細図		DWG の図から（測量前）	塗替塗装 x 239.59〜257.11 縦桁 H300x150	ext_poly	12	254.6500,1.1750,0.5815	254.6500,1.3250,0.5815	254.6500,1.3250,0.5905	254.6500,1.2532,0.5905	254.6500,1.2532,0.8725	254.6500,1.3250,0.8725	254.6500,1.3250,0.8815	254.6500,1.1750,0.8815	254.6500,1.1750,0.8725	254.6500,1.2468,0.8725	254.6500,1.2468,0.5905	254.6500,1.1750,0.5905	251.6500,1.1750,0.5815	251.6500,1.3250,0.5815	251.6500,1.3250,0.5905	251.6500,1.2532,0.5905	251.6500,1.2532,0.8725	251.6500,1.3250,0.8725	251.6500,1.3250,0.8815	251.6500,1.1750,0.8815	251.6500,1.1750,0.8725	251.6500,1.2468,0.8725	251.6500,1.2468,0.5905	251.6500,1.1750,0.5905
901	塗替塗装-443	塗替塗装						縦桁 H300x150	x 239.59〜257.11 	塗替塗装範囲詳細図		DWG の図から（測量前）	塗替塗装 x 239.59〜257.11 縦桁 H300x150	ext_poly	12	257.1100,-1.3250,0.5815	257.1100,-1.1750,0.5815	257.1100,-1.1750,0.5905	257.1100,-1.2468,0.5905	257.1100,-1.2468,0.8725	257.1100,-1.1750,0.8725	257.1100,-1.1750,0.8815	257.1100,-1.3250,0.8815	257.1100,-1.3250,0.8725	257.1100,-1.2532,0.8725	257.1100,-1.2532,0.5905	257.1100,-1.3250,0.5905	255.4750,-1.3250,0.5815	255.4750,-1.1750,0.5815	255.4750,-1.1750,0.5905	255.4750,-1.2468,0.5905	255.4750,-1.2468,0.8725	255.4750,-1.1750,0.8725	255.4750,-1.1750,0.8815	255.4750,-1.3250,0.8815	255.4750,-1.3250,0.8725	255.4750,-1.2532,0.8725	255.4750,-1.2532,0.5905	255.4750,-1.3250,0.5905
902	塗替塗装-444	塗替塗装						縦桁 H300x150	x 239.59〜257.11 	塗替塗装範囲詳細図		DWG の図から（測量前）	塗替塗装 x 239.59〜257.11 縦桁 H300x150	ext_poly	12	257.1100,-0.0750,0.5815	257.1100,0.0750,0.5815	257.1100,0.0750,0.5905	257.1100,0.0032,0.5905	257.1100,0.0032,0.8725	257.1100,0.0750,0.8725	257.1100,0.0750,0.8815	257.1100,-0.0750,0.8815	257.1100,-0.0750,0.8725	257.1100,-0.0032,0.8725	257.1100,-0.0032,0.5905	257.1100,-0.0750,0.5905	255.4750,-0.0750,0.5815	255.4750,0.0750,0.5815	255.4750,0.0750,0.5905	255.4750,0.0032,0.5905	255.4750,0.0032,0.8725	255.4750,0.0750,0.8725	255.4750,0.0750,0.8815	255.4750,-0.0750,0.8815	255.4750,-0.0750,0.8725	255.4750,-0.0032,0.8725	255.4750,-0.0032,0.5905	255.4750,-0.0750,0.5905
903	塗替塗装-445	塗替塗装						縦桁 H300x150	x 239.59〜257.11 	塗替塗装範囲詳細図		DWG の図から（測量前）	塗替塗装 x 239.59〜257.11 縦桁 H300x150	ext_poly	12	257.1100,1.1750,0.5815	257.1100,1.3250,0.5815	257.1100,1.3250,0.5905	257.1100,1.2532,0.5905	257.1100,1.2532,0.8725	257.1100,1.3250,0.8725	257.1100,1.3250,0.8815	257.1100,1.1750,0.8815	257.1100,1.1750,0.8725	257.1100,1.2468,0.8725	257.1100,1.2468,0.5905	257.1100,1.1750,0.5905	255.4750,1.1750,0.5815	255.4750,1.3250,0.5815	255.4750,1.3250,0.5905	255.4750,1.2532,0.5905	255.4750,1.2532,0.8725	255.4750,1.3250,0.8725	255.4750,1.3250,0.8815	255.4750,1.1750,0.8815	255.4750,1.1750,0.8725	255.4750,1.2468,0.8725	255.4750,1.2468,0.5905	255.4750,1.1750,0.5905
904	塗替塗装-446	塗替塗装						鋼板 PL800x9	x 239.59〜257.11 y -1.88	塗替塗装範囲詳細図		DWG の図から（測量前）	塗替塗装 x 239.59〜257.11 鋼板 y -1.88	ext_poly	4	239.5900,-2.2750,0.8815	243.5900,-2.2750,0.8815	243.5900,-1.4750,0.8815	239.5900,-1.4750,0.8815	239.5900,-2.2750,0.8725	243.5900,-2.2750,0.8725	243.5900,-1.4750,0.8725	239.5900,-1.4750,0.8725
905	塗替塗装-447	塗替塗装						鋼板 PL800x9	x 239.59〜257.11 y -0.62	塗替塗装範囲詳細図		DWG の図から（測量前）	塗替塗装 x 239.59〜257.11 鋼板 y -0.62	ext_poly	4	239.5900,-1.0250,0.8815	243.5900,-1.0250,0.8815	243.5900,-0.2250,0.8815	239.5900,-0.2250,0.8815	239.5900,-1.0250,0.8725	243.5900,-1.0250,0.8725	243.5900,-0.2250,0.8725	239.5900,-0.2250,0.8725
906	塗替塗装-448	塗替塗装						鋼板 PL800x9	x 239.59〜257.11 y 0.62	塗替塗装範囲詳細図		DWG の図から（測量前）	塗替塗装 x 239.59〜257.11 鋼板 y 0.62	ext_poly	4	239.5900,0.2250,0.8815	243.5900,0.2250,0.8815	243.5900,1.0250,0.8815	239.5900,1.0250,0.8815	239.5900,0.2250,0.8725	243.5900,0.2250,0.8725	243.5900,1.0250,0.8725	239.5900,1.0250,0.8725
907	塗替塗装-449	塗替塗装						鋼板 PL800x9	x 239.59〜257.11 y 1.88	塗替塗装範囲詳細図		DWG の図から（測量前）	塗替塗装 x 239.59〜257.11 鋼板 y 1.88	ext_poly	4	239.5900,1.4750,0.8815	243.5900,1.4750,0.8815	243.5900,2.2750,0.8815	239.5900,2.2750,0.8815	239.5900,1.4750,0.8725	243.5900,1.4750,0.8725	243.5900,2.2750,0.8725	239.5900,2.2750,0.8725
908	塗替塗装-450	塗替塗装						鋼板 PL800x9	x 239.59〜257.11 y -1.88	塗替塗装範囲詳細図		DWG の図から（測量前）	塗替塗装 x 239.59〜257.11 鋼板 y -1.88	ext_poly	4	243.5900,-2.2750,0.8815	247.5900,-2.2750,0.8815	247.5900,-1.4750,0.8815	243.5900,-1.4750,0.8815	243.5900,-2.2750,0.8725	247.5900,-2.2750,0.8725	247.5900,-1.4750,0.8725	243.5900,-1.4750,0.8725
909	塗替塗装-451	塗替塗装						鋼板 PL800x9	x 239.59〜257.11 y -0.62	塗替塗装範囲詳細図		DWG の図から（測量前）	塗替塗装 x 239.59〜257.11 鋼板 y -0.62	ext_poly	4	243.5900,-1.0250,0.8815	247.5900,-1.0250,0.8815	247.5900,-0.2250,0.8815	243.5900,-0.2250,0.8815	243.5900,-1.0250,0.8725	247.5900,-1.0250,0.8725	247.5900,-0.2250,0.8725	243.5900,-0.2250,0.8725
910	塗替塗装-452	塗替塗装						鋼板 PL800x9	x 239.59〜257.11 y 0.62	塗替塗装範囲詳細図		DWG の図から（測量前）	塗替塗装 x 239.59〜257.11 鋼板 y 0.62	ext_poly	4	243.5900,0.2250,0.8815	247.5900,0.2250,0.8815	247.5900,1.0250,0.8815	243.5900,1.0250,0.8815	243.5900,0.2250,0.8725	247.5900,0.2250,0.8725	247.5900,1.0250,0.8725	243.5900,1.0250,0.8725
911	塗替塗装-453	塗替塗装						鋼板 PL800x9	x 239.59〜257.11 y 1.88	塗替塗装範囲詳細図		DWG の図から（測量前）	塗替塗装 x 239.59〜257.11 鋼板 y 1.88	ext_poly	4	243.5900,1.4750,0.8815	247.5900,1.4750,0.8815	247.5900,2.2750,0.8815	243.5900,2.2750,0.8815	243.5900,1.4750,0.8725	247.5900,1.4750,0.8725	247.5900,2.2750,0.8725	243.5900,2.2750,0.8725
912	塗替塗装-454	塗替塗装						鋼板 PL800x9	x 239.59〜257.11 y -1.88	塗替塗装範囲詳細図		DWG の図から（測量前）	塗替塗装 x 239.59〜257.11 鋼板 y -1.88	ext_poly	4	247.5900,-2.2750,0.8815	251.5900,-2.2750,0.8815	251.5900,-1.4750,0.8815	247.5900,-1.4750,0.8815	247.5900,-2.2750,0.8725	251.5900,-2.2750,0.8725	251.5900,-1.4750,0.8725	247.5900,-1.4750,0.8725
913	塗替塗装-455	塗替塗装						鋼板 PL800x9	x 239.59〜257.11 y -0.62	塗替塗装範囲詳細図		DWG の図から（測量前）	塗替塗装 x 239.59〜257.11 鋼板 y -0.62	ext_poly	4	247.5900,-1.0250,0.8815	251.5900,-1.0250,0.8815	251.5900,-0.2250,0.8815	247.5900,-0.2250,0.8815	247.5900,-1.0250,0.8725	251.5900,-1.0250,0.8725	251.5900,-0.2250,0.8725	247.5900,-0.2250,0.8725
914	塗替塗装-456	塗替塗装						鋼板 PL800x9	x 239.59〜257.11 y 0.62	塗替塗装範囲詳細図		DWG の図から（測量前）	塗替塗装 x 239.59〜257.11 鋼板 y 0.62	ext_poly	4	247.5900,0.2250,0.8815	251.5900,0.2250,0.8815	251.5900,1.0250,0.8815	247.5900,1.0250,0.8815	247.5900,0.2250,0.8725	251.5900,0.2250,0.8725	251.5900,1.0250,0.8725	247.5900,1.0250,0.8725
915	塗替塗装-457	塗替塗装						鋼板 PL800x9	x 239.59〜257.11 y 1.88	塗替塗装範囲詳細図		DWG の図から（測量前）	塗替塗装 x 239.59〜257.11 鋼板 y 1.88	ext_poly	4	247.5900,1.4750,0.8815	251.5900,1.4750,0.8815	251.5900,2.2750,0.8815	247.5900,2.2750,0.8815	247.5900,1.4750,0.8725	251.5900,1.4750,0.8725	251.5900,2.2750,0.8725	247.5900,2.2750,0.8725
916	塗替塗装-458	塗替塗装						鋼板 PL800x9	x 239.59〜257.11 y -1.88	塗替塗装範囲詳細図		DWG の図から（測量前）	塗替塗装 x 239.59〜257.11 鋼板 y -1.88	ext_poly	4	251.5900,-2.2750,0.8815	255.5900,-2.2750,0.8815	255.5900,-1.4750,0.8815	251.5900,-1.4750,0.8815	251.5900,-2.2750,0.8725	255.5900,-2.2750,0.8725	255.5900,-1.4750,0.8725	251.5900,-1.4750,0.8725
917	塗替塗装-459	塗替塗装						鋼板 PL800x9	x 239.59〜257.11 y -0.62	塗替塗装範囲詳細図		DWG の図から（測量前）	塗替塗装 x 239.59〜257.11 鋼板 y -0.62	ext_poly	4	251.5900,-1.0250,0.8815	255.5900,-1.0250,0.8815	255.5900,-0.2250,0.8815	251.5900,-0.2250,0.8815	251.5900,-1.0250,0.8725	255.5900,-1.0250,0.8725	255.5900,-0.2250,0.8725	251.5900,-0.2250,0.8725
918	塗替塗装-460	塗替塗装						鋼板 PL800x9	x 239.59〜257.11 y 0.62	塗替塗装範囲詳細図		DWG の図から（測量前）	塗替塗装 x 239.59〜257.11 鋼板 y 0.62	ext_poly	4	251.5900,0.2250,0.8815	255.5900,0.2250,0.8815	255.5900,1.0250,0.8815	251.5900,1.0250,0.8815	251.5900,0.2250,0.8725	255.5900,0.2250,0.8725	255.5900,1.0250,0.8725	251.5900,1.0250,0.8725
919	塗替塗装-461	塗替塗装						鋼板 PL800x9	x 239.59〜257.11 y 1.88	塗替塗装範囲詳細図		DWG の図から（測量前）	塗替塗装 x 239.59〜257.11 鋼板 y 1.88	ext_poly	4	251.5900,1.4750,0.8815	255.5900,1.4750,0.8815	255.5900,2.2750,0.8815	251.5900,2.2750,0.8815	251.5900,1.4750,0.8725	255.5900,1.4750,0.8725	255.5900,2.2750,0.8725	251.5900,2.2750,0.8725
920	塗替塗装-462	塗替塗装						鋼板 PL800x9	x 239.59〜257.11 y -1.88	塗替塗装範囲詳細図		DWG の図から（測量前）	塗替塗装 x 239.59〜257.11 鋼板 y -1.88	ext_poly	4	255.5900,-2.2750,0.8815	257.1100,-2.2750,0.8815	257.1100,-1.4750,0.8815	255.5900,-1.4750,0.8815	255.5900,-2.2750,0.8725	257.1100,-2.2750,0.8725	257.1100,-1.4750,0.8725	255.5900,-1.4750,0.8725
921	塗替塗装-463	塗替塗装						鋼板 PL800x9	x 239.59〜257.11 y -0.62	塗替塗装範囲詳細図		DWG の図から（測量前）	塗替塗装 x 239.59〜257.11 鋼板 y -0.62	ext_poly	4	255.5900,-1.0250,0.8815	257.1100,-1.0250,0.8815	257.1100,-0.2250,0.8815	255.5900,-0.2250,0.8815	255.5900,-1.0250,0.8725	257.1100,-1.0250,0.8725	257.1100,-0.2250,0.8725	255.5900,-0.2250,0.8725
922	塗替塗装-464	塗替塗装						鋼板 PL800x9	x 239.59〜257.11 y 0.62	塗替塗装範囲詳細図		DWG の図から（測量前）	塗替塗装 x 239.59〜257.11 鋼板 y 0.62	ext_poly	4	255.5900,0.2250,0.8815	257.1100,0.2250,0.8815	257.1100,1.0250,0.8815	255.5900,1.0250,0.8815	255.5900,0.2250,0.8725	257.1100,0.2250,0.8725	257.1100,1.0250,0.8725	255.5900,1.0250,0.8725
923	塗替塗装-465	塗替塗装						鋼板 PL800x9	x 239.59〜257.11 y 1.88	塗替塗装範囲詳細図		DWG の図から（測量前）	塗替塗装 x 239.59〜257.11 鋼板 y 1.88	ext_poly	4	255.5900,1.4750,0.8815	257.1100,1.4750,0.8815	257.1100,2.2750,0.8815	255.5900,2.2750,0.8815	255.5900,1.4750,0.8725	257.1100,1.4750,0.8725	257.1100,2.2750,0.8725	255.5900,2.2750,0.8725
924	塗替塗装-466	塗替塗装						主桁（腹板）	x 303.59〜321.11 G1	塗替塗装範囲詳細図		DWG の図から（測量前）	塗替塗装 x 303.59〜321.11 主桁（腹板） G1	ext_poly	12	304.0750,2.4940,0.8815	303.5900,2.4940,0.8815	303.5900,2.4940,-0.6285	304.0750,2.4940,-0.6285	304.5750,2.4940,-0.6285	305.0750,2.4940,-0.6285	305.5750,2.4940,-0.6285	305.6250,2.4940,-0.6285	305.6250,2.4940,0.8815	305.5750,2.4940,0.8815	305.0750,2.4940,0.8815	304.5750,2.4940,0.8815	304.0750,2.5060,0.8815	303.5900,2.5060,0.8815	303.5900,2.5060,-0.6285	304.0750,2.5060,-0.6285	304.5750,2.5060,-0.6285	305.0750,2.5060,-0.6285	305.5750,2.5060,-0.6285	305.6250,2.5060,-0.6285	305.6250,2.5060,0.8815	305.5750,2.5060,0.8815	305.0750,2.5060,0.8815	304.5750,2.5060,0.8815
925	塗替塗装-467	塗替塗装						主桁（上山形鋼）	x 303.59〜321.11 G1	塗替塗装範囲詳細図		DWG の図から（測量前）	塗替塗装 x 303.59〜321.11 主桁（上山形鋼） G1	ext_poly	12	304.0750,2.5060,0.8815	303.5900,2.5060,0.8815	303.5900,2.5060,0.8665	304.0750,2.5060,0.8665	304.5750,2.5060,0.8665	305.0750,2.5060,0.8665	305.5750,2.5060,0.8665	305.6250,2.5060,0.8665	305.6250,2.5060,0.8815	305.5750,2.5060,0.8815	305.0750,2.5060,0.8815	304.5750,2.5060,0.8815	304.0750,2.6560,0.8815	303.5900,2.6560,0.8815	303.5900,2.6560,0.8665	304.0750,2.6560,0.8665	304.5750,2.6560,0.8665	305.0750,2.6560,0.8665	305.5750,2.6560,0.8665	305.6250,2.6560,0.8665	305.6250,2.6560,0.8815	305.5750,2.6560,0.8815	305.0750,2.6560,0.8815	304.5750,2.6560,0.8815
926	塗替塗装-468	塗替塗装						主桁（上山形鋼）	x 303.59〜321.11 G1	塗替塗装範囲詳細図		DWG の図から（測量前）	塗替塗装 x 303.59〜321.11 主桁（上山形鋼） G1	ext_poly	12	304.0750,2.5060,0.8665	303.5900,2.5060,0.8665	303.5900,2.5060,0.7315	304.0750,2.5060,0.7315	304.5750,2.5060,0.7315	305.0750,2.5060,0.7315	305.5750,2.5060,0.7315	305.6250,2.5060,0.7315	305.6250,2.5060,0.8665	305.5750,2.5060,0.8665	305.0750,2.5060,0.8665	304.5750,2.5060,0.8665	304.0750,2.5210,0.8665	303.5900,2.5210,0.8665	303.5900,2.5210,0.7315	304.0750,2.5210,0.7315	304.5750,2.5210,0.7315	305.0750,2.5210,0.7315	305.5750,2.5210,0.7315	305.6250,2.5210,0.7315	305.6250,2.5210,0.8665	305.5750,2.5210,0.8665	305.0750,2.5210,0.8665	304.5750,2.5210,0.8665
927	塗替塗装-469	塗替塗装						主桁（下山形鋼）	x 303.59〜321.11 G1	塗替塗装範囲詳細図		DWG の図から（測量前）	塗替塗装 x 303.59〜321.11 主桁（下山形鋼） G1	ext_poly	12	304.0750,2.5060,-0.6135	303.5900,2.5060,-0.6135	303.5900,2.5060,-0.6285	304.0750,2.5060,-0.6285	304.5750,2.5060,-0.6285	305.0750,2.5060,-0.6285	305.5750,2.5060,-0.6285	305.6250,2.5060,-0.6285	305.6250,2.5060,-0.6135	305.5750,2.5060,-0.6135	305.0750,2.5060,-0.6135	304.5750,2.5060,-0.6135	304.0750,2.6560,-0.6135	303.5900,2.6560,-0.6135	303.5900,2.6560,-0.6285	304.0750,2.6560,-0.6285	304.5750,2.6560,-0.6285	305.0750,2.6560,-0.6285	305.5750,2.6560,-0.6285	305.6250,2.6560,-0.6285	305.6250,2.6560,-0.6135	305.5750,2.6560,-0.6135	305.0750,2.6560,-0.6135	304.5750,2.6560,-0.6135
928	塗替塗装-470	塗替塗装						主桁（下山形鋼）	x 303.59〜321.11 G1	塗替塗装範囲詳細図		DWG の図から（測量前）	塗替塗装 x 303.59〜321.11 主桁（下山形鋼） G1	ext_poly	12	304.0750,2.5060,-0.4785	303.5900,2.5060,-0.4785	303.5900,2.5060,-0.6135	304.0750,2.5060,-0.6135	304.5750,2.5060,-0.6135	305.0750,2.5060,-0.6135	305.5750,2.5060,-0.6135	305.6250,2.5060,-0.6135	305.6250,2.5060,-0.4785	305.5750,2.5060,-0.4785	305.0750,2.5060,-0.4785	304.5750,2.5060,-0.4785	304.0750,2.5210,-0.4785	303.5900,2.5210,-0.4785	303.5900,2.5210,-0.6135	304.0750,2.5210,-0.6135	304.5750,2.5210,-0.6135	305.0750,2.5210,-0.6135	305.5750,2.5210,-0.6135	305.6250,2.5210,-0.6135	305.6250,2.5210,-0.4785	305.5750,2.5210,-0.4785	305.0750,2.5210,-0.4785	304.5750,2.5210,-0.4785
929	塗替塗装-471	塗替塗装						主桁（上山形鋼）	x 303.59〜321.11 G1	塗替塗装範囲詳細図		DWG の図から（測量前）	塗替塗装 x 303.59〜321.11 主桁（上山形鋼） G1	ext_poly	12	304.0750,2.3440,0.8815	303.5900,2.3440,0.8815	303.5900,2.3440,0.8665	304.0750,2.3440,0.8665	304.5750,2.3440,0.8665	305.0750,2.3440,0.8665	305.5750,2.3440,0.8665	305.6250,2.3440,0.8665	305.6250,2.3440,0.8815	305.5750,2.3440,0.8815	305.0750,2.3440,0.8815	304.5750,2.3440,0.8815	304.0750,2.4940,0.8815	303.5900,2.4940,0.8815	303.5900,2.4940,0.8665	304.0750,2.4940,0.8665	304.5750,2.4940,0.8665	305.0750,2.4940,0.8665	305.5750,2.4940,0.8665	305.6250,2.4940,0.8665	305.6250,2.4940,0.8815	305.5750,2.4940,0.8815	305.0750,2.4940,0.8815	304.5750,2.4940,0.8815
930	塗替塗装-472	塗替塗装						主桁（上山形鋼）	x 303.59〜321.11 G1	塗替塗装範囲詳細図		DWG の図から（測量前）	塗替塗装 x 303.59〜321.11 主桁（上山形鋼） G1	ext_poly	12	304.0750,2.4790,0.8665	303.5900,2.4790,0.8665	303.5900,2.4790,0.7315	304.0750,2.4790,0.7315	304.5750,2.4790,0.7315	305.0750,2.4790,0.7315	305.5750,2.4790,0.7315	305.6250,2.4790,0.7315	305.6250,2.4790,0.8665	305.5750,2.4790,0.8665	305.0750,2.4790,0.8665	304.5750,2.4790,0.8665	304.0750,2.4940,0.8665	303.5900,2.4940,0.8665	303.5900,2.4940,0.7315	304.0750,2.4940,0.7315	304.5750,2.4940,0.7315	305.0750,2.4940,0.7315	305.5750,2.4940,0.7315	305.6250,2.4940,0.7315	305.6250,2.4940,0.8665	305.5750,2.4940,0.8665	305.0750,2.4940,0.8665	304.5750,2.4940,0.8665
931	塗替塗装-473	塗替塗装						主桁（下山形鋼）	x 303.59〜321.11 G1	塗替塗装範囲詳細図		DWG の図から（測量前）	塗替塗装 x 303.59〜321.11 主桁（下山形鋼） G1	ext_poly	12	304.0750,2.3440,-0.6135	303.5900,2.3440,-0.6135	303.5900,2.3440,-0.6285	304.0750,2.3440,-0.6285	304.5750,2.3440,-0.6285	305.0750,2.3440,-0.6285	305.5750,2.3440,-0.6285	305.6250,2.3440,-0.6285	305.6250,2.3440,-0.6135	305.5750,2.3440,-0.6135	305.0750,2.3440,-0.6135	304.5750,2.3440,-0.6135	304.0750,2.4940,-0.6135	303.5900,2.4940,-0.6135	303.5900,2.4940,-0.6285	304.0750,2.4940,-0.6285	304.5750,2.4940,-0.6285	305.0750,2.4940,-0.6285	305.5750,2.4940,-0.6285	305.6250,2.4940,-0.6285	305.6250,2.4940,-0.6135	305.5750,2.4940,-0.6135	305.0750,2.4940,-0.6135	304.5750,2.4940,-0.6135
932	塗替塗装-474	塗替塗装						主桁（下山形鋼）	x 303.59〜321.11 G1	塗替塗装範囲詳細図		DWG の図から（測量前）	塗替塗装 x 303.59〜321.11 主桁（下山形鋼） G1	ext_poly	12	304.0750,2.4790,-0.4785	303.5900,2.4790,-0.4785	303.5900,2.4790,-0.6135	304.0750,2.4790,-0.6135	304.5750,2.4790,-0.6135	305.0750,2.4790,-0.6135	305.5750,2.4790,-0.6135	305.6250,2.4790,-0.6135	305.6250,2.4790,-0.4785	305.5750,2.4790,-0.4785	305.0750,2.4790,-0.4785	304.5750,2.4790,-0.4785	304.0750,2.4940,-0.4785	303.5900,2.4940,-0.4785	303.5900,2.4940,-0.6135	304.0750,2.4940,-0.6135	304.5750,2.4940,-0.6135	305.0750,2.4940,-0.6135	305.5750,2.4940,-0.6135	305.6250,2.4940,-0.6135	305.6250,2.4940,-0.4785	305.5750,2.4940,-0.4785	305.0750,2.4940,-0.4785	304.5750,2.4940,-0.4785
933	塗替塗装-475	塗替塗装						主桁（腹板）	x 303.59〜321.11 G2	塗替塗装範囲詳細図		DWG の図から（測量前）	塗替塗装 x 303.59〜321.11 主桁（腹板） G2	ext_poly	12	304.0750,-2.5060,0.8815	303.5900,-2.5060,0.8815	303.5900,-2.5060,-0.6285	304.0750,-2.5060,-0.6285	304.5750,-2.5060,-0.6285	305.0750,-2.5060,-0.6285	305.5750,-2.5060,-0.6285	305.6250,-2.5060,-0.6285	305.6250,-2.5060,0.8815	305.5750,-2.5060,0.8815	305.0750,-2.5060,0.8815	304.5750,-2.5060,0.8815	304.0750,-2.4940,0.8815	303.5900,-2.4940,0.8815	303.5900,-2.4940,-0.6285	304.0750,-2.4940,-0.6285	304.5750,-2.4940,-0.6285	305.0750,-2.4940,-0.6285	305.5750,-2.4940,-0.6285	305.6250,-2.4940,-0.6285	305.6250,-2.4940,0.8815	305.5750,-2.4940,0.8815	305.0750,-2.4940,0.8815	304.5750,-2.4940,0.8815
934	塗替塗装-476	塗替塗装						主桁（上山形鋼）	x 303.59〜321.11 G2	塗替塗装範囲詳細図		DWG の図から（測量前）	塗替塗装 x 303.59〜321.11 主桁（上山形鋼） G2	ext_poly	12	304.0750,-2.4940,0.8815	303.5900,-2.4940,0.8815	303.5900,-2.4940,0.8665	304.0750,-2.4940,0.8665	304.5750,-2.4940,0.8665	305.0750,-2.4940,0.8665	305.5750,-2.4940,0.8665	305.6250,-2.4940,0.8665	305.6250,-2.4940,0.8815	305.5750,-2.4940,0.8815	305.0750,-2.4940,0.8815	304.5750,-2.4940,0.8815	304.0750,-2.3440,0.8815	303.5900,-2.3440,0.8815	303.5900,-2.3440,0.8665	304.0750,-2.3440,0.8665	304.5750,-2.3440,0.8665	305.0750,-2.3440,0.8665	305.5750,-2.3440,0.8665	305.6250,-2.3440,0.8665	305.6250,-2.3440,0.8815	305.5750,-2.3440,0.8815	305.0750,-2.3440,0.8815	304.5750,-2.3440,0.8815
935	塗替塗装-477	塗替塗装						主桁（上山形鋼）	x 303.59〜321.11 G2	塗替塗装範囲詳細図		DWG の図から（測量前）	塗替塗装 x 303.59〜321.11 主桁（上山形鋼） G2	ext_poly	12	304.0750,-2.4940,0.8665	303.5900,-2.4940,0.8665	303.5900,-2.4940,0.7315	304.0750,-2.4940,0.7315	304.5750,-2.4940,0.7315	305.0750,-2.4940,0.7315	305.5750,-2.4940,0.7315	305.6250,-2.4940,0.7315	305.6250,-2.4940,0.8665	305.5750,-2.4940,0.8665	305.0750,-2.4940,0.8665	304.5750,-2.4940,0.8665	304.0750,-2.4790,0.8665	303.5900,-2.4790,0.8665	303.5900,-2.4790,0.7315	304.0750,-2.4790,0.7315	304.5750,-2.4790,0.7315	305.0750,-2.4790,0.7315	305.5750,-2.4790,0.7315	305.6250,-2.4790,0.7315	305.6250,-2.4790,0.8665	305.5750,-2.4790,0.8665	305.0750,-2.4790,0.8665	304.5750,-2.4790,0.8665
936	塗替塗装-478	塗替塗装						主桁（下山形鋼）	x 303.59〜321.11 G2	塗替塗装範囲詳細図		DWG の図から（測量前）	塗替塗装 x 303.59〜321.11 主桁（下山形鋼） G2	ext_poly	12	304.0750,-2.4940,-0.6135	303.5900,-2.4940,-0.6135	303.5900,-2.4940,-0.6285	304.0750,-2.4940,-0.6285	304.5750,-2.4940,-0.6285	305.0750,-2.4940,-0.6285	305.5750,-2.4940,-0.6285	305.6250,-2.4940,-0.6285	305.6250,-2.4940,-0.6135	305.5750,-2.4940,-0.6135	305.0750,-2.4940,-0.6135	304.5750,-2.4940,-0.6135	304.0750,-2.3440,-0.6135	303.5900,-2.3440,-0.6135	303.5900,-2.3440,-0.6285	304.0750,-2.3440,-0.6285	304.5750,-2.3440,-0.6285	305.0750,-2.3440,-0.6285	305.5750,-2.3440,-0.6285	305.6250,-2.3440,-0.6285	305.6250,-2.3440,-0.6135	305.5750,-2.3440,-0.6135	305.0750,-2.3440,-0.6135	304.5750,-2.3440,-0.6135
937	塗替塗装-479	塗替塗装						主桁（下山形鋼）	x 303.59〜321.11 G2	塗替塗装範囲詳細図		DWG の図から（測量前）	塗替塗装 x 303.59〜321.11 主桁（下山形鋼） G2	ext_poly	12	304.0750,-2.4940,-0.4785	303.5900,-2.4940,-0.4785	303.5900,-2.4940,-0.6135	304.0750,-2.4940,-0.6135	304.5750,-2.4940,-0.6135	305.0750,-2.4940,-0.6135	305.5750,-2.4940,-0.6135	305.6250,-2.4940,-0.6135	305.6250,-2.4940,-0.4785	305.5750,-2.4940,-0.4785	305.0750,-2.4940,-0.4785	304.5750,-2.4940,-0.4785	304.0750,-2.4790,-0.4785	303.5900,-2.4790,-0.4785	303.5900,-2.4790,-0.6135	304.0750,-2.4790,-0.6135	304.5750,-2.4790,-0.6135	305.0750,-2.4790,-0.6135	305.5750,-2.4790,-0.6135	305.6250,-2.4790,-0.6135	305.6250,-2.4790,-0.4785	305.5750,-2.4790,-0.4785	305.0750,-2.4790,-0.4785	304.5750,-2.4790,-0.4785
938	塗替塗装-480	塗替塗装						主桁（上山形鋼）	x 303.59〜321.11 G2	塗替塗装範囲詳細図		DWG の図から（測量前）	塗替塗装 x 303.59〜321.11 主桁（上山形鋼） G2	ext_poly	12	304.0750,-2.6560,0.8815	303.5900,-2.6560,0.8815	303.5900,-2.6560,0.8665	304.0750,-2.6560,0.8665	304.5750,-2.6560,0.8665	305.0750,-2.6560,0.8665	305.5750,-2.6560,0.8665	305.6250,-2.6560,0.8665	305.6250,-2.6560,0.8815	305.5750,-2.6560,0.8815	305.0750,-2.6560,0.8815	304.5750,-2.6560,0.8815	304.0750,-2.5060,0.8815	303.5900,-2.5060,0.8815	303.5900,-2.5060,0.8665	304.0750,-2.5060,0.8665	304.5750,-2.5060,0.8665	305.0750,-2.5060,0.8665	305.5750,-2.5060,0.8665	305.6250,-2.5060,0.8665	305.6250,-2.5060,0.8815	305.5750,-2.5060,0.8815	305.0750,-2.5060,0.8815	304.5750,-2.5060,0.8815
939	塗替塗装-481	塗替塗装						主桁（上山形鋼）	x 303.59〜321.11 G2	塗替塗装範囲詳細図		DWG の図から（測量前）	塗替塗装 x 303.59〜321.11 主桁（上山形鋼） G2	ext_poly	12	304.0750,-2.5210,0.8665	303.5900,-2.5210,0.8665	303.5900,-2.5210,0.7315	304.0750,-2.5210,0.7315	304.5750,-2.5210,0.7315	305.0750,-2.5210,0.7315	305.5750,-2.5210,0.7315	305.6250,-2.5210,0.7315	305.6250,-2.5210,0.8665	305.5750,-2.5210,0.8665	305.0750,-2.5210,0.8665	304.5750,-2.5210,0.8665	304.0750,-2.5060,0.8665	303.5900,-2.5060,0.8665	303.5900,-2.5060,0.7315	304.0750,-2.5060,0.7315	304.5750,-2.5060,0.7315	305.0750,-2.5060,0.7315	305.5750,-2.5060,0.7315	305.6250,-2.5060,0.7315	305.6250,-2.5060,0.8665	305.5750,-2.5060,0.8665	305.0750,-2.5060,0.8665	304.5750,-2.5060,0.8665
940	塗替塗装-482	塗替塗装						主桁（下山形鋼）	x 303.59〜321.11 G2	塗替塗装範囲詳細図		DWG の図から（測量前）	塗替塗装 x 303.59〜321.11 主桁（下山形鋼） G2	ext_poly	12	304.0750,-2.6560,-0.6135	303.5900,-2.6560,-0.6135	303.5900,-2.6560,-0.6285	304.0750,-2.6560,-0.6285	304.5750,-2.6560,-0.6285	305.0750,-2.6560,-0.6285	305.5750,-2.6560,-0.6285	305.6250,-2.6560,-0.6285	305.6250,-2.6560,-0.6135	305.5750,-2.6560,-0.6135	305.0750,-2.6560,-0.6135	304.5750,-2.6560,-0.6135	304.0750,-2.5060,-0.6135	303.5900,-2.5060,-0.6135	303.5900,-2.5060,-0.6285	304.0750,-2.5060,-0.6285	304.5750,-2.5060,-0.6285	305.0750,-2.5060,-0.6285	305.5750,-2.5060,-0.6285	305.6250,-2.5060,-0.6285	305.6250,-2.5060,-0.6135	305.5750,-2.5060,-0.6135	305.0750,-2.5060,-0.6135	304.5750,-2.5060,-0.6135
941	塗替塗装-483	塗替塗装						主桁（下山形鋼）	x 303.59〜321.11 G2	塗替塗装範囲詳細図		DWG の図から（測量前）	塗替塗装 x 303.59〜321.11 主桁（下山形鋼） G2	ext_poly	12	304.0750,-2.5210,-0.4785	303.5900,-2.5210,-0.4785	303.5900,-2.5210,-0.6135	304.0750,-2.5210,-0.6135	304.5750,-2.5210,-0.6135	305.0750,-2.5210,-0.6135	305.5750,-2.5210,-0.6135	305.6250,-2.5210,-0.6135	305.6250,-2.5210,-0.4785	305.5750,-2.5210,-0.4785	305.0750,-2.5210,-0.4785	304.5750,-2.5210,-0.4785	304.0750,-2.5060,-0.4785	303.5900,-2.5060,-0.4785	303.5900,-2.5060,-0.6135	304.0750,-2.5060,-0.6135	304.5750,-2.5060,-0.6135	305.0750,-2.5060,-0.6135	305.5750,-2.5060,-0.6135	305.6250,-2.5060,-0.6135	305.6250,-2.5060,-0.4785	305.5750,-2.5060,-0.4785	305.0750,-2.5060,-0.4785	304.5750,-2.5060,-0.4785
942	塗替塗装-484	塗替塗装						主桁（腹板）	x 303.59〜321.11 G1	塗替塗装範囲詳細図		DWG の図から（測量前）	塗替塗装 x 303.59〜321.11 主桁（腹板） G1	ext_poly	56	306.1750,2.4955,0.8815	305.6750,2.4955,0.8815	305.6750,2.4955,-0.6285	306.1750,2.4955,-0.6285	306.6750,2.4955,-0.6285	307.1750,2.4955,-0.6285	307.6750,2.4955,-0.6285	308.1750,2.4955,-0.6285	308.6750,2.4955,-0.6285	309.1750,2.4955,-0.6285	309.6750,2.4955,-0.6285	310.1750,2.4955,-0.6285	310.6750,2.4955,-0.6285	311.1750,2.4955,-0.6285	311.6750,2.4955,-0.6285	312.1750,2.4955,-0.6285	312.6750,2.4955,-0.6285	313.1750,2.4955,-0.6285	313.6750,2.4955,-0.6285	314.1750,2.4955,-0.6285	314.6750,2.4955,-0.6285	315.1750,2.4955,-0.6285	315.6750,2.4955,-0.6285	316.1750,2.4955,-0.6285	316.6750,2.4955,-0.6285	317.1750,2.4955,-0.6285	317.6750,2.4955,-0.6285	318.1750,2.4955,-0.6285	318.6750,2.4955,-0.6285	319.0250,2.4955,-0.6285	319.0250,2.4955,0.8815	318.6750,2.4955,0.8815	318.1750,2.4955,0.8815	317.6750,2.4955,0.8815	317.1750,2.4955,0.8815	316.6750,2.4955,0.8815	316.1750,2.4955,0.8815	315.6750,2.4955,0.8815	315.1750,2.4955,0.8815	314.6750,2.4955,0.8815	314.1750,2.4955,0.8815	313.6750,2.4955,0.8815	313.1750,2.4955,0.8815	312.6750,2.4955,0.8815	312.1750,2.4955,0.8815	311.6750,2.4955,0.8815	311.1750,2.4955,0.8815	310.6750,2.4955,0.8815	310.1750,2.4955,0.8815	309.6750,2.4955,0.8815	309.1750,2.4955,0.8815	308.6750,2.4955,0.8815	308.1750,2.4955,0.8815	307.6750,2.4955,0.8815	307.1750,2.4955,0.8815	306.6750,2.4955,0.8815	306.1750,2.5045,0.8815	305.6750,2.5045,0.8815	305.6750,2.5045,-0.6285	306.1750,2.5045,-0.6285	306.6750,2.5045,-0.6285	307.1750,2.5045,-0.6285	307.6750,2.5045,-0.6285	308.1750,2.5045,-0.6285	308.6750,2.5045,-0.6285	309.1750,2.5045,-0.6285	309.6750,2.5045,-0.6285	310.1750,2.5045,-0.6285	310.6750,2.5045,-0.6285	311.1750,2.5045,-0.6285	311.6750,2.5045,-0.6285	312.1750,2.5045,-0.6285	312.6750,2.5045,-0.6285	313.1750,2.5045,-0.6285	313.6750,2.5045,-0.6285	314.1750,2.5045,-0.6285	314.6750,2.5045,-0.6285	315.1750,2.5045,-0.6285	315.6750,2.5045,-0.6285	316.1750,2.5045,-0.6285	316.6750,2.5045,-0.6285	317.1750,2.5045,-0.6285	317.6750,2.5045,-0.6285	318.1750,2.5045,-0.6285	318.6750,2.5045,-0.6285	319.0250,2.5045,-0.6285	319.0250,2.5045,0.8815	318.6750,2.5045,0.8815	318.1750,2.5045,0.8815	317.6750,2.5045,0.8815	317.1750,2.5045,0.8815	316.6750,2.5045,0.8815	316.1750,2.5045,0.8815	315.6750,2.5045,0.8815	315.1750,2.5045,0.8815	314.6750,2.5045,0.8815	314.1750,2.5045,0.8815	313.6750,2.5045,0.8815	313.1750,2.5045,0.8815	312.6750,2.5045,0.8815	312.1750,2.5045,0.8815	311.6750,2.5045,0.8815	311.1750,2.5045,0.8815	310.6750,2.5045,0.8815	310.1750,2.5045,0.8815	309.6750,2.5045,0.8815	309.1750,2.5045,0.8815	308.6750,2.5045,0.8815	308.1750,2.5045,0.8815	307.6750,2.5045,0.8815	307.1750,2.5045,0.8815	306.6750,2.5045,0.8815
943	塗替塗装-485	塗替塗装						主桁（上山形鋼）	x 303.59〜321.11 G1	塗替塗装範囲詳細図		DWG の図から（測量前）	塗替塗装 x 303.59〜321.11 主桁（上山形鋼） G1	ext_poly	56	306.1750,2.5045,0.8815	305.6750,2.5045,0.8815	305.6750,2.5045,0.8695	306.1750,2.5045,0.8695	306.6750,2.5045,0.8695	307.1750,2.5045,0.8695	307.6750,2.5045,0.8695	308.1750,2.5045,0.8695	308.6750,2.5045,0.8695	309.1750,2.5045,0.8695	309.6750,2.5045,0.8695	310.1750,2.5045,0.8695	310.6750,2.5045,0.8695	311.1750,2.5045,0.8695	311.6750,2.5045,0.8695	312.1750,2.5045,0.8695	312.6750,2.5045,0.8695	313.1750,2.5045,0.8695	313.6750,2.5045,0.8695	314.1750,2.5045,0.8695	314.6750,2.5045,0.8695	315.1750,2.5045,0.8695	315.6750,2.5045,0.8695	316.1750,2.5045,0.8695	316.6750,2.5045,0.8695	317.1750,2.5045,0.8695	317.6750,2.5045,0.8695	318.1750,2.5045,0.8695	318.6750,2.5045,0.8695	319.0250,2.5045,0.8695	319.0250,2.5045,0.8815	318.6750,2.5045,0.8815	318.1750,2.5045,0.8815	317.6750,2.5045,0.8815	317.1750,2.5045,0.8815	316.6750,2.5045,0.8815	316.1750,2.5045,0.8815	315.6750,2.5045,0.8815	315.1750,2.5045,0.8815	314.6750,2.5045,0.8815	314.1750,2.5045,0.8815	313.6750,2.5045,0.8815	313.1750,2.5045,0.8815	312.6750,2.5045,0.8815	312.1750,2.5045,0.8815	311.6750,2.5045,0.8815	311.1750,2.5045,0.8815	310.6750,2.5045,0.8815	310.1750,2.5045,0.8815	309.6750,2.5045,0.8815	309.1750,2.5045,0.8815	308.6750,2.5045,0.8815	308.1750,2.5045,0.8815	307.6750,2.5045,0.8815	307.1750,2.5045,0.8815	306.6750,2.5045,0.8815	306.1750,2.6545,0.8815	305.6750,2.6545,0.8815	305.6750,2.6545,0.8695	306.1750,2.6545,0.8695	306.6750,2.6545,0.8695	307.1750,2.6545,0.8695	307.6750,2.6545,0.8695	308.1750,2.6545,0.8695	308.6750,2.6545,0.8695	309.1750,2.6545,0.8695	309.6750,2.6545,0.8695	310.1750,2.6545,0.8695	310.6750,2.6545,0.8695	311.1750,2.6545,0.8695	311.6750,2.6545,0.8695	312.1750,2.6545,0.8695	312.6750,2.6545,0.8695	313.1750,2.6545,0.8695	313.6750,2.6545,0.8695	314.1750,2.6545,0.8695	314.6750,2.6545,0.8695	315.1750,2.6545,0.8695	315.6750,2.6545,0.8695	316.1750,2.6545,0.8695	316.6750,2.6545,0.8695	317.1750,2.6545,0.8695	317.6750,2.6545,0.8695	318.1750,2.6545,0.8695	318.6750,2.6545,0.8695	319.0250,2.6545,0.8695	319.0250,2.6545,0.8815	318.6750,2.6545,0.8815	318.1750,2.6545,0.8815	317.6750,2.6545,0.8815	317.1750,2.6545,0.8815	316.6750,2.6545,0.8815	316.1750,2.6545,0.8815	315.6750,2.6545,0.8815	315.1750,2.6545,0.8815	314.6750,2.6545,0.8815	314.1750,2.6545,0.8815	313.6750,2.6545,0.8815	313.1750,2.6545,0.8815	312.6750,2.6545,0.8815	312.1750,2.6545,0.8815	311.6750,2.6545,0.8815	311.1750,2.6545,0.8815	310.6750,2.6545,0.8815	310.1750,2.6545,0.8815	309.6750,2.6545,0.8815	309.1750,2.6545,0.8815	308.6750,2.6545,0.8815	308.1750,2.6545,0.8815	307.6750,2.6545,0.8815	307.1750,2.6545,0.8815	306.6750,2.6545,0.8815
944	塗替塗装-486	塗替塗装						主桁（上山形鋼）	x 303.59〜321.11 G1	塗替塗装範囲詳細図		DWG の図から（測量前）	塗替塗装 x 303.59〜321.11 主桁（上山形鋼） G1	ext_poly	56	306.1750,2.5045,0.8695	305.6750,2.5045,0.8695	305.6750,2.5045,0.7315	306.1750,2.5045,0.7315	306.6750,2.5045,0.7315	307.1750,2.5045,0.7315	307.6750,2.5045,0.7315	308.1750,2.5045,0.7315	308.6750,2.5045,0.7315	309.1750,2.5045,0.7315	309.6750,2.5045,0.7315	310.1750,2.5045,0.7315	310.6750,2.5045,0.7315	311.1750,2.5045,0.7315	311.6750,2.5045,0.7315	312.1750,2.5045,0.7315	312.6750,2.5045,0.7315	313.1750,2.5045,0.7315	313.6750,2.5045,0.7315	314.1750,2.5045,0.7315	314.6750,2.5045,0.7315	315.1750,2.5045,0.7315	315.6750,2.5045,0.7315	316.1750,2.5045,0.7315	316.6750,2.5045,0.7315	317.1750,2.5045,0.7315	317.6750,2.5045,0.7315	318.1750,2.5045,0.7315	318.6750,2.5045,0.7315	319.0250,2.5045,0.7315	319.0250,2.5045,0.8695	318.6750,2.5045,0.8695	318.1750,2.5045,0.8695	317.6750,2.5045,0.8695	317.1750,2.5045,0.8695	316.6750,2.5045,0.8695	316.1750,2.5045,0.8695	315.6750,2.5045,0.8695	315.1750,2.5045,0.8695	314.6750,2.5045,0.8695	314.1750,2.5045,0.8695	313.6750,2.5045,0.8695	313.1750,2.5045,0.8695	312.6750,2.5045,0.8695	312.1750,2.5045,0.8695	311.6750,2.5045,0.8695	311.1750,2.5045,0.8695	310.6750,2.5045,0.8695	310.1750,2.5045,0.8695	309.6750,2.5045,0.8695	309.1750,2.5045,0.8695	308.6750,2.5045,0.8695	308.1750,2.5045,0.8695	307.6750,2.5045,0.8695	307.1750,2.5045,0.8695	306.6750,2.5045,0.8695	306.1750,2.5165,0.8695	305.6750,2.5165,0.8695	305.6750,2.5165,0.7315	306.1750,2.5165,0.7315	306.6750,2.5165,0.7315	307.1750,2.5165,0.7315	307.6750,2.5165,0.7315	308.1750,2.5165,0.7315	308.6750,2.5165,0.7315	309.1750,2.5165,0.7315	309.6750,2.5165,0.7315	310.1750,2.5165,0.7315	310.6750,2.5165,0.7315	311.1750,2.5165,0.7315	311.6750,2.5165,0.7315	312.1750,2.5165,0.7315	312.6750,2.5165,0.7315	313.1750,2.5165,0.7315	313.6750,2.5165,0.7315	314.1750,2.5165,0.7315	314.6750,2.5165,0.7315	315.1750,2.5165,0.7315	315.6750,2.5165,0.7315	316.1750,2.5165,0.7315	316.6750,2.5165,0.7315	317.1750,2.5165,0.7315	317.6750,2.5165,0.7315	318.1750,2.5165,0.7315	318.6750,2.5165,0.7315	319.0250,2.5165,0.7315	319.0250,2.5165,0.8695	318.6750,2.5165,0.8695	318.1750,2.5165,0.8695	317.6750,2.5165,0.8695	317.1750,2.5165,0.8695	316.6750,2.5165,0.8695	316.1750,2.5165,0.8695	315.6750,2.5165,0.8695	315.1750,2.5165,0.8695	314.6750,2.5165,0.8695	314.1750,2.5165,0.8695	313.6750,2.5165,0.8695	313.1750,2.5165,0.8695	312.6750,2.5165,0.8695	312.1750,2.5165,0.8695	311.6750,2.5165,0.8695	311.1750,2.5165,0.8695	310.6750,2.5165,0.8695	310.1750,2.5165,0.8695	309.6750,2.5165,0.8695	309.1750,2.5165,0.8695	308.6750,2.5165,0.8695	308.1750,2.5165,0.8695	307.6750,2.5165,0.8695	307.1750,2.5165,0.8695	306.6750,2.5165,0.8695
945	塗替塗装-487	塗替塗装						主桁（下山形鋼）	x 303.59〜321.11 G1	塗替塗装範囲詳細図		DWG の図から（測量前）	塗替塗装 x 303.59〜321.11 主桁（下山形鋼） G1	ext_poly	56	306.1750,2.5045,-0.6165	305.6750,2.5045,-0.6165	305.6750,2.5045,-0.6285	306.1750,2.5045,-0.6285	306.6750,2.5045,-0.6285	307.1750,2.5045,-0.6285	307.6750,2.5045,-0.6285	308.1750,2.5045,-0.6285	308.6750,2.5045,-0.6285	309.1750,2.5045,-0.6285	309.6750,2.5045,-0.6285	310.1750,2.5045,-0.6285	310.6750,2.5045,-0.6285	311.1750,2.5045,-0.6285	311.6750,2.5045,-0.6285	312.1750,2.5045,-0.6285	312.6750,2.5045,-0.6285	313.1750,2.5045,-0.6285	313.6750,2.5045,-0.6285	314.1750,2.5045,-0.6285	314.6750,2.5045,-0.6285	315.1750,2.5045,-0.6285	315.6750,2.5045,-0.6285	316.1750,2.5045,-0.6285	316.6750,2.5045,-0.6285	317.1750,2.5045,-0.6285	317.6750,2.5045,-0.6285	318.1750,2.5045,-0.6285	318.6750,2.5045,-0.6285	319.0250,2.5045,-0.6285	319.0250,2.5045,-0.6165	318.6750,2.5045,-0.6165	318.1750,2.5045,-0.6165	317.6750,2.5045,-0.6165	317.1750,2.5045,-0.6165	316.6750,2.5045,-0.6165	316.1750,2.5045,-0.6165	315.6750,2.5045,-0.6165	315.1750,2.5045,-0.6165	314.6750,2.5045,-0.6165	314.1750,2.5045,-0.6165	313.6750,2.5045,-0.6165	313.1750,2.5045,-0.6165	312.6750,2.5045,-0.6165	312.1750,2.5045,-0.6165	311.6750,2.5045,-0.6165	311.1750,2.5045,-0.6165	310.6750,2.5045,-0.6165	310.1750,2.5045,-0.6165	309.6750,2.5045,-0.6165	309.1750,2.5045,-0.6165	308.6750,2.5045,-0.6165	308.1750,2.5045,-0.6165	307.6750,2.5045,-0.6165	307.1750,2.5045,-0.6165	306.6750,2.5045,-0.6165	306.1750,2.6545,-0.6165	305.6750,2.6545,-0.6165	305.6750,2.6545,-0.6285	306.1750,2.6545,-0.6285	306.6750,2.6545,-0.6285	307.1750,2.6545,-0.6285	307.6750,2.6545,-0.6285	308.1750,2.6545,-0.6285	308.6750,2.6545,-0.6285	309.1750,2.6545,-0.6285	309.6750,2.6545,-0.6285	310.1750,2.6545,-0.6285	310.6750,2.6545,-0.6285	311.1750,2.6545,-0.6285	311.6750,2.6545,-0.6285	312.1750,2.6545,-0.6285	312.6750,2.6545,-0.6285	313.1750,2.6545,-0.6285	313.6750,2.6545,-0.6285	314.1750,2.6545,-0.6285	314.6750,2.6545,-0.6285	315.1750,2.6545,-0.6285	315.6750,2.6545,-0.6285	316.1750,2.6545,-0.6285	316.6750,2.6545,-0.6285	317.1750,2.6545,-0.6285	317.6750,2.6545,-0.6285	318.1750,2.6545,-0.6285	318.6750,2.6545,-0.6285	319.0250,2.6545,-0.6285	319.0250,2.6545,-0.6165	318.6750,2.6545,-0.6165	318.1750,2.6545,-0.6165	317.6750,2.6545,-0.6165	317.1750,2.6545,-0.6165	316.6750,2.6545,-0.6165	316.1750,2.6545,-0.6165	315.6750,2.6545,-0.6165	315.1750,2.6545,-0.6165	314.6750,2.6545,-0.6165	314.1750,2.6545,-0.6165	313.6750,2.6545,-0.6165	313.1750,2.6545,-0.6165	312.6750,2.6545,-0.6165	312.1750,2.6545,-0.6165	311.6750,2.6545,-0.6165	311.1750,2.6545,-0.6165	310.6750,2.6545,-0.6165	310.1750,2.6545,-0.6165	309.6750,2.6545,-0.6165	309.1750,2.6545,-0.6165	308.6750,2.6545,-0.6165	308.1750,2.6545,-0.6165	307.6750,2.6545,-0.6165	307.1750,2.6545,-0.6165	306.6750,2.6545,-0.6165
946	塗替塗装-488	塗替塗装						主桁（下山形鋼）	x 303.59〜321.11 G1	塗替塗装範囲詳細図		DWG の図から（測量前）	塗替塗装 x 303.59〜321.11 主桁（下山形鋼） G1	ext_poly	56	306.1750,2.5045,-0.4785	305.6750,2.5045,-0.4785	305.6750,2.5045,-0.6165	306.1750,2.5045,-0.6165	306.6750,2.5045,-0.6165	307.1750,2.5045,-0.6165	307.6750,2.5045,-0.6165	308.1750,2.5045,-0.6165	308.6750,2.5045,-0.6165	309.1750,2.5045,-0.6165	309.6750,2.5045,-0.6165	310.1750,2.5045,-0.6165	310.6750,2.5045,-0.6165	311.1750,2.5045,-0.6165	311.6750,2.5045,-0.6165	312.1750,2.5045,-0.6165	312.6750,2.5045,-0.6165	313.1750,2.5045,-0.6165	313.6750,2.5045,-0.6165	314.1750,2.5045,-0.6165	314.6750,2.5045,-0.6165	315.1750,2.5045,-0.6165	315.6750,2.5045,-0.6165	316.1750,2.5045,-0.6165	316.6750,2.5045,-0.6165	317.1750,2.5045,-0.6165	317.6750,2.5045,-0.6165	318.1750,2.5045,-0.6165	318.6750,2.5045,-0.6165	319.0250,2.5045,-0.6165	319.0250,2.5045,-0.4785	318.6750,2.5045,-0.4785	318.1750,2.5045,-0.4785	317.6750,2.5045,-0.4785	317.1750,2.5045,-0.4785	316.6750,2.5045,-0.4785	316.1750,2.5045,-0.4785	315.6750,2.5045,-0.4785	315.1750,2.5045,-0.4785	314.6750,2.5045,-0.4785	314.1750,2.5045,-0.4785	313.6750,2.5045,-0.4785	313.1750,2.5045,-0.4785	312.6750,2.5045,-0.4785	312.1750,2.5045,-0.4785	311.6750,2.5045,-0.4785	311.1750,2.5045,-0.4785	310.6750,2.5045,-0.4785	310.1750,2.5045,-0.4785	309.6750,2.5045,-0.4785	309.1750,2.5045,-0.4785	308.6750,2.5045,-0.4785	308.1750,2.5045,-0.4785	307.6750,2.5045,-0.4785	307.1750,2.5045,-0.4785	306.6750,2.5045,-0.4785	306.1750,2.5165,-0.4785	305.6750,2.5165,-0.4785	305.6750,2.5165,-0.6165	306.1750,2.5165,-0.6165	306.6750,2.5165,-0.6165	307.1750,2.5165,-0.6165	307.6750,2.5165,-0.6165	308.1750,2.5165,-0.6165	308.6750,2.5165,-0.6165	309.1750,2.5165,-0.6165	309.6750,2.5165,-0.6165	310.1750,2.5165,-0.6165	310.6750,2.5165,-0.6165	311.1750,2.5165,-0.6165	311.6750,2.5165,-0.6165	312.1750,2.5165,-0.6165	312.6750,2.5165,-0.6165	313.1750,2.5165,-0.6165	313.6750,2.5165,-0.6165	314.1750,2.5165,-0.6165	314.6750,2.5165,-0.6165	315.1750,2.5165,-0.6165	315.6750,2.5165,-0.6165	316.1750,2.5165,-0.6165	316.6750,2.5165,-0.6165	317.1750,2.5165,-0.6165	317.6750,2.5165,-0.6165	318.1750,2.5165,-0.6165	318.6750,2.5165,-0.6165	319.0250,2.5165,-0.6165	319.0250,2.5165,-0.4785	318.6750,2.5165,-0.4785	318.1750,2.5165,-0.4785	317.6750,2.5165,-0.4785	317.1750,2.5165,-0.4785	316.6750,2.5165,-0.4785	316.1750,2.5165,-0.4785	315.6750,2.5165,-0.4785	315.1750,2.5165,-0.4785	314.6750,2.5165,-0.4785	314.1750,2.5165,-0.4785	313.6750,2.5165,-0.4785	313.1750,2.5165,-0.4785	312.6750,2.5165,-0.4785	312.1750,2.5165,-0.4785	311.6750,2.5165,-0.4785	311.1750,2.5165,-0.4785	310.6750,2.5165,-0.4785	310.1750,2.5165,-0.4785	309.6750,2.5165,-0.4785	309.1750,2.5165,-0.4785	308.6750,2.5165,-0.4785	308.1750,2.5165,-0.4785	307.6750,2.5165,-0.4785	307.1750,2.5165,-0.4785	306.6750,2.5165,-0.4785
947	塗替塗装-489	塗替塗装						主桁（上山形鋼）	x 303.59〜321.11 G1	塗替塗装範囲詳細図		DWG の図から（測量前）	塗替塗装 x 303.59〜321.11 主桁（上山形鋼） G1	ext_poly	56	306.1750,2.3455,0.8815	305.6750,2.3455,0.8815	305.6750,2.3455,0.8695	306.1750,2.3455,0.8695	306.6750,2.3455,0.8695	307.1750,2.3455,0.8695	307.6750,2.3455,0.8695	308.1750,2.3455,0.8695	308.6750,2.3455,0.8695	309.1750,2.3455,0.8695	309.6750,2.3455,0.8695	310.1750,2.3455,0.8695	310.6750,2.3455,0.8695	311.1750,2.3455,0.8695	311.6750,2.3455,0.8695	312.1750,2.3455,0.8695	312.6750,2.3455,0.8695	313.1750,2.3455,0.8695	313.6750,2.3455,0.8695	314.1750,2.3455,0.8695	314.6750,2.3455,0.8695	315.1750,2.3455,0.8695	315.6750,2.3455,0.8695	316.1750,2.3455,0.8695	316.6750,2.3455,0.8695	317.1750,2.3455,0.8695	317.6750,2.3455,0.8695	318.1750,2.3455,0.8695	318.6750,2.3455,0.8695	319.0250,2.3455,0.8695	319.0250,2.3455,0.8815	318.6750,2.3455,0.8815	318.1750,2.3455,0.8815	317.6750,2.3455,0.8815	317.1750,2.3455,0.8815	316.6750,2.3455,0.8815	316.1750,2.3455,0.8815	315.6750,2.3455,0.8815	315.1750,2.3455,0.8815	314.6750,2.3455,0.8815	314.1750,2.3455,0.8815	313.6750,2.3455,0.8815	313.1750,2.3455,0.8815	312.6750,2.3455,0.8815	312.1750,2.3455,0.8815	311.6750,2.3455,0.8815	311.1750,2.3455,0.8815	310.6750,2.3455,0.8815	310.1750,2.3455,0.8815	309.6750,2.3455,0.8815	309.1750,2.3455,0.8815	308.6750,2.3455,0.8815	308.1750,2.3455,0.8815	307.6750,2.3455,0.8815	307.1750,2.3455,0.8815	306.6750,2.3455,0.8815	306.1750,2.4955,0.8815	305.6750,2.4955,0.8815	305.6750,2.4955,0.8695	306.1750,2.4955,0.8695	306.6750,2.4955,0.8695	307.1750,2.4955,0.8695	307.6750,2.4955,0.8695	308.1750,2.4955,0.8695	308.6750,2.4955,0.8695	309.1750,2.4955,0.8695	309.6750,2.4955,0.8695	310.1750,2.4955,0.8695	310.6750,2.4955,0.8695	311.1750,2.4955,0.8695	311.6750,2.4955,0.8695	312.1750,2.4955,0.8695	312.6750,2.4955,0.8695	313.1750,2.4955,0.8695	313.6750,2.4955,0.8695	314.1750,2.4955,0.8695	314.6750,2.4955,0.8695	315.1750,2.4955,0.8695	315.6750,2.4955,0.8695	316.1750,2.4955,0.8695	316.6750,2.4955,0.8695	317.1750,2.4955,0.8695	317.6750,2.4955,0.8695	318.1750,2.4955,0.8695	318.6750,2.4955,0.8695	319.0250,2.4955,0.8695	319.0250,2.4955,0.8815	318.6750,2.4955,0.8815	318.1750,2.4955,0.8815	317.6750,2.4955,0.8815	317.1750,2.4955,0.8815	316.6750,2.4955,0.8815	316.1750,2.4955,0.8815	315.6750,2.4955,0.8815	315.1750,2.4955,0.8815	314.6750,2.4955,0.8815	314.1750,2.4955,0.8815	313.6750,2.4955,0.8815	313.1750,2.4955,0.8815	312.6750,2.4955,0.8815	312.1750,2.4955,0.8815	311.6750,2.4955,0.8815	311.1750,2.4955,0.8815	310.6750,2.4955,0.8815	310.1750,2.4955,0.8815	309.6750,2.4955,0.8815	309.1750,2.4955,0.8815	308.6750,2.4955,0.8815	308.1750,2.4955,0.8815	307.6750,2.4955,0.8815	307.1750,2.4955,0.8815	306.6750,2.4955,0.8815
948	塗替塗装-490	塗替塗装						主桁（上山形鋼）	x 303.59〜321.11 G1	塗替塗装範囲詳細図		DWG の図から（測量前）	塗替塗装 x 303.59〜321.11 主桁（上山形鋼） G1	ext_poly	56	306.1750,2.4835,0.8695	305.6750,2.4835,0.8695	305.6750,2.4835,0.7315	306.1750,2.4835,0.7315	306.6750,2.4835,0.7315	307.1750,2.4835,0.7315	307.6750,2.4835,0.7315	308.1750,2.4835,0.7315	308.6750,2.4835,0.7315	309.1750,2.4835,0.7315	309.6750,2.4835,0.7315	310.1750,2.4835,0.7315	310.6750,2.4835,0.7315	311.1750,2.4835,0.7315	311.6750,2.4835,0.7315	312.1750,2.4835,0.7315	312.6750,2.4835,0.7315	313.1750,2.4835,0.7315	313.6750,2.4835,0.7315	314.1750,2.4835,0.7315	314.6750,2.4835,0.7315	315.1750,2.4835,0.7315	315.6750,2.4835,0.7315	316.1750,2.4835,0.7315	316.6750,2.4835,0.7315	317.1750,2.4835,0.7315	317.6750,2.4835,0.7315	318.1750,2.4835,0.7315	318.6750,2.4835,0.7315	319.0250,2.4835,0.7315	319.0250,2.4835,0.8695	318.6750,2.4835,0.8695	318.1750,2.4835,0.8695	317.6750,2.4835,0.8695	317.1750,2.4835,0.8695	316.6750,2.4835,0.8695	316.1750,2.4835,0.8695	315.6750,2.4835,0.8695	315.1750,2.4835,0.8695	314.6750,2.4835,0.8695	314.1750,2.4835,0.8695	313.6750,2.4835,0.8695	313.1750,2.4835,0.8695	312.6750,2.4835,0.8695	312.1750,2.4835,0.8695	311.6750,2.4835,0.8695	311.1750,2.4835,0.8695	310.6750,2.4835,0.8695	310.1750,2.4835,0.8695	309.6750,2.4835,0.8695	309.1750,2.4835,0.8695	308.6750,2.4835,0.8695	308.1750,2.4835,0.8695	307.6750,2.4835,0.8695	307.1750,2.4835,0.8695	306.6750,2.4835,0.8695	306.1750,2.4955,0.8695	305.6750,2.4955,0.8695	305.6750,2.4955,0.7315	306.1750,2.4955,0.7315	306.6750,2.4955,0.7315	307.1750,2.4955,0.7315	307.6750,2.4955,0.7315	308.1750,2.4955,0.7315	308.6750,2.4955,0.7315	309.1750,2.4955,0.7315	309.6750,2.4955,0.7315	310.1750,2.4955,0.7315	310.6750,2.4955,0.7315	311.1750,2.4955,0.7315	311.6750,2.4955,0.7315	312.1750,2.4955,0.7315	312.6750,2.4955,0.7315	313.1750,2.4955,0.7315	313.6750,2.4955,0.7315	314.1750,2.4955,0.7315	314.6750,2.4955,0.7315	315.1750,2.4955,0.7315	315.6750,2.4955,0.7315	316.1750,2.4955,0.7315	316.6750,2.4955,0.7315	317.1750,2.4955,0.7315	317.6750,2.4955,0.7315	318.1750,2.4955,0.7315	318.6750,2.4955,0.7315	319.0250,2.4955,0.7315	319.0250,2.4955,0.8695	318.6750,2.4955,0.8695	318.1750,2.4955,0.8695	317.6750,2.4955,0.8695	317.1750,2.4955,0.8695	316.6750,2.4955,0.8695	316.1750,2.4955,0.8695	315.6750,2.4955,0.8695	315.1750,2.4955,0.8695	314.6750,2.4955,0.8695	314.1750,2.4955,0.8695	313.6750,2.4955,0.8695	313.1750,2.4955,0.8695	312.6750,2.4955,0.8695	312.1750,2.4955,0.8695	311.6750,2.4955,0.8695	311.1750,2.4955,0.8695	310.6750,2.4955,0.8695	310.1750,2.4955,0.8695	309.6750,2.4955,0.8695	309.1750,2.4955,0.8695	308.6750,2.4955,0.8695	308.1750,2.4955,0.8695	307.6750,2.4955,0.8695	307.1750,2.4955,0.8695	306.6750,2.4955,0.8695
949	塗替塗装-491	塗替塗装						主桁（下山形鋼）	x 303.59〜321.11 G1	塗替塗装範囲詳細図		DWG の図から（測量前）	塗替塗装 x 303.59〜321.11 主桁（下山形鋼） G1	ext_poly	56	306.1750,2.3455,-0.6165	305.6750,2.3455,-0.6165	305.6750,2.3455,-0.6285	306.1750,2.3455,-0.6285	306.6750,2.3455,-0.6285	307.1750,2.3455,-0.6285	307.6750,2.3455,-0.6285	308.1750,2.3455,-0.6285	308.6750,2.3455,-0.6285	309.1750,2.3455,-0.6285	309.6750,2.3455,-0.6285	310.1750,2.3455,-0.6285	310.6750,2.3455,-0.6285	311.1750,2.3455,-0.6285	311.6750,2.3455,-0.6285	312.1750,2.3455,-0.6285	312.6750,2.3455,-0.6285	313.1750,2.3455,-0.6285	313.6750,2.3455,-0.6285	314.1750,2.3455,-0.6285	314.6750,2.3455,-0.6285	315.1750,2.3455,-0.6285	315.6750,2.3455,-0.6285	316.1750,2.3455,-0.6285	316.6750,2.3455,-0.6285	317.1750,2.3455,-0.6285	317.6750,2.3455,-0.6285	318.1750,2.3455,-0.6285	318.6750,2.3455,-0.6285	319.0250,2.3455,-0.6285	319.0250,2.3455,-0.6165	318.6750,2.3455,-0.6165	318.1750,2.3455,-0.6165	317.6750,2.3455,-0.6165	317.1750,2.3455,-0.6165	316.6750,2.3455,-0.6165	316.1750,2.3455,-0.6165	315.6750,2.3455,-0.6165	315.1750,2.3455,-0.6165	314.6750,2.3455,-0.6165	314.1750,2.3455,-0.6165	313.6750,2.3455,-0.6165	313.1750,2.3455,-0.6165	312.6750,2.3455,-0.6165	312.1750,2.3455,-0.6165	311.6750,2.3455,-0.6165	311.1750,2.3455,-0.6165	310.6750,2.3455,-0.6165	310.1750,2.3455,-0.6165	309.6750,2.3455,-0.6165	309.1750,2.3455,-0.6165	308.6750,2.3455,-0.6165	308.1750,2.3455,-0.6165	307.6750,2.3455,-0.6165	307.1750,2.3455,-0.6165	306.6750,2.3455,-0.6165	306.1750,2.4955,-0.6165	305.6750,2.4955,-0.6165	305.6750,2.4955,-0.6285	306.1750,2.4955,-0.6285	306.6750,2.4955,-0.6285	307.1750,2.4955,-0.6285	307.6750,2.4955,-0.6285	308.1750,2.4955,-0.6285	308.6750,2.4955,-0.6285	309.1750,2.4955,-0.6285	309.6750,2.4955,-0.6285	310.1750,2.4955,-0.6285	310.6750,2.4955,-0.6285	311.1750,2.4955,-0.6285	311.6750,2.4955,-0.6285	312.1750,2.4955,-0.6285	312.6750,2.4955,-0.6285	313.1750,2.4955,-0.6285	313.6750,2.4955,-0.6285	314.1750,2.4955,-0.6285	314.6750,2.4955,-0.6285	315.1750,2.4955,-0.6285	315.6750,2.4955,-0.6285	316.1750,2.4955,-0.6285	316.6750,2.4955,-0.6285	317.1750,2.4955,-0.6285	317.6750,2.4955,-0.6285	318.1750,2.4955,-0.6285	318.6750,2.4955,-0.6285	319.0250,2.4955,-0.6285	319.0250,2.4955,-0.6165	318.6750,2.4955,-0.6165	318.1750,2.4955,-0.6165	317.6750,2.4955,-0.6165	317.1750,2.4955,-0.6165	316.6750,2.4955,-0.6165	316.1750,2.4955,-0.6165	315.6750,2.4955,-0.6165	315.1750,2.4955,-0.6165	314.6750,2.4955,-0.6165	314.1750,2.4955,-0.6165	313.6750,2.4955,-0.6165	313.1750,2.4955,-0.6165	312.6750,2.4955,-0.6165	312.1750,2.4955,-0.6165	311.6750,2.4955,-0.6165	311.1750,2.4955,-0.6165	310.6750,2.4955,-0.6165	310.1750,2.4955,-0.6165	309.6750,2.4955,-0.6165	309.1750,2.4955,-0.6165	308.6750,2.4955,-0.6165	308.1750,2.4955,-0.6165	307.6750,2.4955,-0.6165	307.1750,2.4955,-0.6165	306.6750,2.4955,-0.6165
950	塗替塗装-492	塗替塗装						主桁（下山形鋼）	x 303.59〜321.11 G1	塗替塗装範囲詳細図		DWG の図から（測量前）	塗替塗装 x 303.59〜321.11 主桁（下山形鋼） G1	ext_poly	56	306.1750,2.4835,-0.4785	305.6750,2.4835,-0.4785	305.6750,2.4835,-0.6165	306.1750,2.4835,-0.6165	306.6750,2.4835,-0.6165	307.1750,2.4835,-0.6165	307.6750,2.4835,-0.6165	308.1750,2.4835,-0.6165	308.6750,2.4835,-0.6165	309.1750,2.4835,-0.6165	309.6750,2.4835,-0.6165	310.1750,2.4835,-0.6165	310.6750,2.4835,-0.6165	311.1750,2.4835,-0.6165	311.6750,2.4835,-0.6165	312.1750,2.4835,-0.6165	312.6750,2.4835,-0.6165	313.1750,2.4835,-0.6165	313.6750,2.4835,-0.6165	314.1750,2.4835,-0.6165	314.6750,2.4835,-0.6165	315.1750,2.4835,-0.6165	315.6750,2.4835,-0.6165	316.1750,2.4835,-0.6165	316.6750,2.4835,-0.6165	317.1750,2.4835,-0.6165	317.6750,2.4835,-0.6165	318.1750,2.4835,-0.6165	318.6750,2.4835,-0.6165	319.0250,2.4835,-0.6165	319.0250,2.4835,-0.4785	318.6750,2.4835,-0.4785	318.1750,2.4835,-0.4785	317.6750,2.4835,-0.4785	317.1750,2.4835,-0.4785	316.6750,2.4835,-0.4785	316.1750,2.4835,-0.4785	315.6750,2.4835,-0.4785	315.1750,2.4835,-0.4785	314.6750,2.4835,-0.4785	314.1750,2.4835,-0.4785	313.6750,2.4835,-0.4785	313.1750,2.4835,-0.4785	312.6750,2.4835,-0.4785	312.1750,2.4835,-0.4785	311.6750,2.4835,-0.4785	311.1750,2.4835,-0.4785	310.6750,2.4835,-0.4785	310.1750,2.4835,-0.4785	309.6750,2.4835,-0.4785	309.1750,2.4835,-0.4785	308.6750,2.4835,-0.4785	308.1750,2.4835,-0.4785	307.6750,2.4835,-0.4785	307.1750,2.4835,-0.4785	306.6750,2.4835,-0.4785	306.1750,2.4955,-0.4785	305.6750,2.4955,-0.4785	305.6750,2.4955,-0.6165	306.1750,2.4955,-0.6165	306.6750,2.4955,-0.6165	307.1750,2.4955,-0.6165	307.6750,2.4955,-0.6165	308.1750,2.4955,-0.6165	308.6750,2.4955,-0.6165	309.1750,2.4955,-0.6165	309.6750,2.4955,-0.6165	310.1750,2.4955,-0.6165	310.6750,2.4955,-0.6165	311.1750,2.4955,-0.6165	311.6750,2.4955,-0.6165	312.1750,2.4955,-0.6165	312.6750,2.4955,-0.6165	313.1750,2.4955,-0.6165	313.6750,2.4955,-0.6165	314.1750,2.4955,-0.6165	314.6750,2.4955,-0.6165	315.1750,2.4955,-0.6165	315.6750,2.4955,-0.6165	316.1750,2.4955,-0.6165	316.6750,2.4955,-0.6165	317.1750,2.4955,-0.6165	317.6750,2.4955,-0.6165	318.1750,2.4955,-0.6165	318.6750,2.4955,-0.6165	319.0250,2.4955,-0.6165	319.0250,2.4955,-0.4785	318.6750,2.4955,-0.4785	318.1750,2.4955,-0.4785	317.6750,2.4955,-0.4785	317.1750,2.4955,-0.4785	316.6750,2.4955,-0.4785	316.1750,2.4955,-0.4785	315.6750,2.4955,-0.4785	315.1750,2.4955,-0.4785	314.6750,2.4955,-0.4785	314.1750,2.4955,-0.4785	313.6750,2.4955,-0.4785	313.1750,2.4955,-0.4785	312.6750,2.4955,-0.4785	312.1750,2.4955,-0.4785	311.6750,2.4955,-0.4785	311.1750,2.4955,-0.4785	310.6750,2.4955,-0.4785	310.1750,2.4955,-0.4785	309.6750,2.4955,-0.4785	309.1750,2.4955,-0.4785	308.6750,2.4955,-0.4785	308.1750,2.4955,-0.4785	307.6750,2.4955,-0.4785	307.1750,2.4955,-0.4785	306.6750,2.4955,-0.4785
951	塗替塗装-493	塗替塗装						主桁（腹板）	x 303.59〜321.11 G2	塗替塗装範囲詳細図		DWG の図から（測量前）	塗替塗装 x 303.59〜321.11 主桁（腹板） G2	ext_poly	56	306.1750,-2.5045,0.8815	305.6750,-2.5045,0.8815	305.6750,-2.5045,-0.6285	306.1750,-2.5045,-0.6285	306.6750,-2.5045,-0.6285	307.1750,-2.5045,-0.6285	307.6750,-2.5045,-0.6285	308.1750,-2.5045,-0.6285	308.6750,-2.5045,-0.6285	309.1750,-2.5045,-0.6285	309.6750,-2.5045,-0.6285	310.1750,-2.5045,-0.6285	310.6750,-2.5045,-0.6285	311.1750,-2.5045,-0.6285	311.6750,-2.5045,-0.6285	312.1750,-2.5045,-0.6285	312.6750,-2.5045,-0.6285	313.1750,-2.5045,-0.6285	313.6750,-2.5045,-0.6285	314.1750,-2.5045,-0.6285	314.6750,-2.5045,-0.6285	315.1750,-2.5045,-0.6285	315.6750,-2.5045,-0.6285	316.1750,-2.5045,-0.6285	316.6750,-2.5045,-0.6285	317.1750,-2.5045,-0.6285	317.6750,-2.5045,-0.6285	318.1750,-2.5045,-0.6285	318.6750,-2.5045,-0.6285	319.0250,-2.5045,-0.6285	319.0250,-2.5045,0.8815	318.6750,-2.5045,0.8815	318.1750,-2.5045,0.8815	317.6750,-2.5045,0.8815	317.1750,-2.5045,0.8815	316.6750,-2.5045,0.8815	316.1750,-2.5045,0.8815	315.6750,-2.5045,0.8815	315.1750,-2.5045,0.8815	314.6750,-2.5045,0.8815	314.1750,-2.5045,0.8815	313.6750,-2.5045,0.8815	313.1750,-2.5045,0.8815	312.6750,-2.5045,0.8815	312.1750,-2.5045,0.8815	311.6750,-2.5045,0.8815	311.1750,-2.5045,0.8815	310.6750,-2.5045,0.8815	310.1750,-2.5045,0.8815	309.6750,-2.5045,0.8815	309.1750,-2.5045,0.8815	308.6750,-2.5045,0.8815	308.1750,-2.5045,0.8815	307.6750,-2.5045,0.8815	307.1750,-2.5045,0.8815	306.6750,-2.5045,0.8815	306.1750,-2.4955,0.8815	305.6750,-2.4955,0.8815	305.6750,-2.4955,-0.6285	306.1750,-2.4955,-0.6285	306.6750,-2.4955,-0.6285	307.1750,-2.4955,-0.6285	307.6750,-2.4955,-0.6285	308.1750,-2.4955,-0.6285	308.6750,-2.4955,-0.6285	309.1750,-2.4955,-0.6285	309.6750,-2.4955,-0.6285	310.1750,-2.4955,-0.6285	310.6750,-2.4955,-0.6285	311.1750,-2.4955,-0.6285	311.6750,-2.4955,-0.6285	312.1750,-2.4955,-0.6285	312.6750,-2.4955,-0.6285	313.1750,-2.4955,-0.6285	313.6750,-2.4955,-0.6285	314.1750,-2.4955,-0.6285	314.6750,-2.4955,-0.6285	315.1750,-2.4955,-0.6285	315.6750,-2.4955,-0.6285	316.1750,-2.4955,-0.6285	316.6750,-2.4955,-0.6285	317.1750,-2.4955,-0.6285	317.6750,-2.4955,-0.6285	318.1750,-2.4955,-0.6285	318.6750,-2.4955,-0.6285	319.0250,-2.4955,-0.6285	319.0250,-2.4955,0.8815	318.6750,-2.4955,0.8815	318.1750,-2.4955,0.8815	317.6750,-2.4955,0.8815	317.1750,-2.4955,0.8815	316.6750,-2.4955,0.8815	316.1750,-2.4955,0.8815	315.6750,-2.4955,0.8815	315.1750,-2.4955,0.8815	314.6750,-2.4955,0.8815	314.1750,-2.4955,0.8815	313.6750,-2.4955,0.8815	313.1750,-2.4955,0.8815	312.6750,-2.4955,0.8815	312.1750,-2.4955,0.8815	311.6750,-2.4955,0.8815	311.1750,-2.4955,0.8815	310.6750,-2.4955,0.8815	310.1750,-2.4955,0.8815	309.6750,-2.4955,0.8815	309.1750,-2.4955,0.8815	308.6750,-2.4955,0.8815	308.1750,-2.4955,0.8815	307.6750,-2.4955,0.8815	307.1750,-2.4955,0.8815	306.6750,-2.4955,0.8815
952	塗替塗装-494	塗替塗装						主桁（上山形鋼）	x 303.59〜321.11 G2	塗替塗装範囲詳細図		DWG の図から（測量前）	塗替塗装 x 303.59〜321.11 主桁（上山形鋼） G2	ext_poly	56	306.1750,-2.4955,0.8815	305.6750,-2.4955,0.8815	305.6750,-2.4955,0.8695	306.1750,-2.4955,0.8695	306.6750,-2.4955,0.8695	307.1750,-2.4955,0.8695	307.6750,-2.4955,0.8695	308.1750,-2.4955,0.8695	308.6750,-2.4955,0.8695	309.1750,-2.4955,0.8695	309.6750,-2.4955,0.8695	310.1750,-2.4955,0.8695	310.6750,-2.4955,0.8695	311.1750,-2.4955,0.8695	311.6750,-2.4955,0.8695	312.1750,-2.4955,0.8695	312.6750,-2.4955,0.8695	313.1750,-2.4955,0.8695	313.6750,-2.4955,0.8695	314.1750,-2.4955,0.8695	314.6750,-2.4955,0.8695	315.1750,-2.4955,0.8695	315.6750,-2.4955,0.8695	316.1750,-2.4955,0.8695	316.6750,-2.4955,0.8695	317.1750,-2.4955,0.8695	317.6750,-2.4955,0.8695	318.1750,-2.4955,0.8695	318.6750,-2.4955,0.8695	319.0250,-2.4955,0.8695	319.0250,-2.4955,0.8815	318.6750,-2.4955,0.8815	318.1750,-2.4955,0.8815	317.6750,-2.4955,0.8815	317.1750,-2.4955,0.8815	316.6750,-2.4955,0.8815	316.1750,-2.4955,0.8815	315.6750,-2.4955,0.8815	315.1750,-2.4955,0.8815	314.6750,-2.4955,0.8815	314.1750,-2.4955,0.8815	313.6750,-2.4955,0.8815	313.1750,-2.4955,0.8815	312.6750,-2.4955,0.8815	312.1750,-2.4955,0.8815	311.6750,-2.4955,0.8815	311.1750,-2.4955,0.8815	310.6750,-2.4955,0.8815	310.1750,-2.4955,0.8815	309.6750,-2.4955,0.8815	309.1750,-2.4955,0.8815	308.6750,-2.4955,0.8815	308.1750,-2.4955,0.8815	307.6750,-2.4955,0.8815	307.1750,-2.4955,0.8815	306.6750,-2.4955,0.8815	306.1750,-2.3455,0.8815	305.6750,-2.3455,0.8815	305.6750,-2.3455,0.8695	306.1750,-2.3455,0.8695	306.6750,-2.3455,0.8695	307.1750,-2.3455,0.8695	307.6750,-2.3455,0.8695	308.1750,-2.3455,0.8695	308.6750,-2.3455,0.8695	309.1750,-2.3455,0.8695	309.6750,-2.3455,0.8695	310.1750,-2.3455,0.8695	310.6750,-2.3455,0.8695	311.1750,-2.3455,0.8695	311.6750,-2.3455,0.8695	312.1750,-2.3455,0.8695	312.6750,-2.3455,0.8695	313.1750,-2.3455,0.8695	313.6750,-2.3455,0.8695	314.1750,-2.3455,0.8695	314.6750,-2.3455,0.8695	315.1750,-2.3455,0.8695	315.6750,-2.3455,0.8695	316.1750,-2.3455,0.8695	316.6750,-2.3455,0.8695	317.1750,-2.3455,0.8695	317.6750,-2.3455,0.8695	318.1750,-2.3455,0.8695	318.6750,-2.3455,0.8695	319.0250,-2.3455,0.8695	319.0250,-2.3455,0.8815	318.6750,-2.3455,0.8815	318.1750,-2.3455,0.8815	317.6750,-2.3455,0.8815	317.1750,-2.3455,0.8815	316.6750,-2.3455,0.8815	316.1750,-2.3455,0.8815	315.6750,-2.3455,0.8815	315.1750,-2.3455,0.8815	314.6750,-2.3455,0.8815	314.1750,-2.3455,0.8815	313.6750,-2.3455,0.8815	313.1750,-2.3455,0.8815	312.6750,-2.3455,0.8815	312.1750,-2.3455,0.8815	311.6750,-2.3455,0.8815	311.1750,-2.3455,0.8815	310.6750,-2.3455,0.8815	310.1750,-2.3455,0.8815	309.6750,-2.3455,0.8815	309.1750,-2.3455,0.8815	308.6750,-2.3455,0.8815	308.1750,-2.3455,0.8815	307.6750,-2.3455,0.8815	307.1750,-2.3455,0.8815	306.6750,-2.3455,0.8815
953	塗替塗装-495	塗替塗装						主桁（上山形鋼）	x 303.59〜321.11 G2	塗替塗装範囲詳細図		DWG の図から（測量前）	塗替塗装 x 303.59〜321.11 主桁（上山形鋼） G2	ext_poly	56	306.1750,-2.4955,0.8695	305.6750,-2.4955,0.8695	305.6750,-2.4955,0.7315	306.1750,-2.4955,0.7315	306.6750,-2.4955,0.7315	307.1750,-2.4955,0.7315	307.6750,-2.4955,0.7315	308.1750,-2.4955,0.7315	308.6750,-2.4955,0.7315	309.1750,-2.4955,0.7315	309.6750,-2.4955,0.7315	310.1750,-2.4955,0.7315	310.6750,-2.4955,0.7315	311.1750,-2.4955,0.7315	311.6750,-2.4955,0.7315	312.1750,-2.4955,0.7315	312.6750,-2.4955,0.7315	313.1750,-2.4955,0.7315	313.6750,-2.4955,0.7315	314.1750,-2.4955,0.7315	314.6750,-2.4955,0.7315	315.1750,-2.4955,0.7315	315.6750,-2.4955,0.7315	316.1750,-2.4955,0.7315	316.6750,-2.4955,0.7315	317.1750,-2.4955,0.7315	317.6750,-2.4955,0.7315	318.1750,-2.4955,0.7315	318.6750,-2.4955,0.7315	319.0250,-2.4955,0.7315	319.0250,-2.4955,0.8695	318.6750,-2.4955,0.8695	318.1750,-2.4955,0.8695	317.6750,-2.4955,0.8695	317.1750,-2.4955,0.8695	316.6750,-2.4955,0.8695	316.1750,-2.4955,0.8695	315.6750,-2.4955,0.8695	315.1750,-2.4955,0.8695	314.6750,-2.4955,0.8695	314.1750,-2.4955,0.8695	313.6750,-2.4955,0.8695	313.1750,-2.4955,0.8695	312.6750,-2.4955,0.8695	312.1750,-2.4955,0.8695	311.6750,-2.4955,0.8695	311.1750,-2.4955,0.8695	310.6750,-2.4955,0.8695	310.1750,-2.4955,0.8695	309.6750,-2.4955,0.8695	309.1750,-2.4955,0.8695	308.6750,-2.4955,0.8695	308.1750,-2.4955,0.8695	307.6750,-2.4955,0.8695	307.1750,-2.4955,0.8695	306.6750,-2.4955,0.8695	306.1750,-2.4835,0.8695	305.6750,-2.4835,0.8695	305.6750,-2.4835,0.7315	306.1750,-2.4835,0.7315	306.6750,-2.4835,0.7315	307.1750,-2.4835,0.7315	307.6750,-2.4835,0.7315	308.1750,-2.4835,0.7315	308.6750,-2.4835,0.7315	309.1750,-2.4835,0.7315	309.6750,-2.4835,0.7315	310.1750,-2.4835,0.7315	310.6750,-2.4835,0.7315	311.1750,-2.4835,0.7315	311.6750,-2.4835,0.7315	312.1750,-2.4835,0.7315	312.6750,-2.4835,0.7315	313.1750,-2.4835,0.7315	313.6750,-2.4835,0.7315	314.1750,-2.4835,0.7315	314.6750,-2.4835,0.7315	315.1750,-2.4835,0.7315	315.6750,-2.4835,0.7315	316.1750,-2.4835,0.7315	316.6750,-2.4835,0.7315	317.1750,-2.4835,0.7315	317.6750,-2.4835,0.7315	318.1750,-2.4835,0.7315	318.6750,-2.4835,0.7315	319.0250,-2.4835,0.7315	319.0250,-2.4835,0.8695	318.6750,-2.4835,0.8695	318.1750,-2.4835,0.8695	317.6750,-2.4835,0.8695	317.1750,-2.4835,0.8695	316.6750,-2.4835,0.8695	316.1750,-2.4835,0.8695	315.6750,-2.4835,0.8695	315.1750,-2.4835,0.8695	314.6750,-2.4835,0.8695	314.1750,-2.4835,0.8695	313.6750,-2.4835,0.8695	313.1750,-2.4835,0.8695	312.6750,-2.4835,0.8695	312.1750,-2.4835,0.8695	311.6750,-2.4835,0.8695	311.1750,-2.4835,0.8695	310.6750,-2.4835,0.8695	310.1750,-2.4835,0.8695	309.6750,-2.4835,0.8695	309.1750,-2.4835,0.8695	308.6750,-2.4835,0.8695	308.1750,-2.4835,0.8695	307.6750,-2.4835,0.8695	307.1750,-2.4835,0.8695	306.6750,-2.4835,0.8695
954	塗替塗装-496	塗替塗装						主桁（下山形鋼）	x 303.59〜321.11 G2	塗替塗装範囲詳細図		DWG の図から（測量前）	塗替塗装 x 303.59〜321.11 主桁（下山形鋼） G2	ext_poly	56	306.1750,-2.4955,-0.6165	305.6750,-2.4955,-0.6165	305.6750,-2.4955,-0.6285	306.1750,-2.4955,-0.6285	306.6750,-2.4955,-0.6285	307.1750,-2.4955,-0.6285	307.6750,-2.4955,-0.6285	308.1750,-2.4955,-0.6285	308.6750,-2.4955,-0.6285	309.1750,-2.4955,-0.6285	309.6750,-2.4955,-0.6285	310.1750,-2.4955,-0.6285	310.6750,-2.4955,-0.6285	311.1750,-2.4955,-0.6285	311.6750,-2.4955,-0.6285	312.1750,-2.4955,-0.6285	312.6750,-2.4955,-0.6285	313.1750,-2.4955,-0.6285	313.6750,-2.4955,-0.6285	314.1750,-2.4955,-0.6285	314.6750,-2.4955,-0.6285	315.1750,-2.4955,-0.6285	315.6750,-2.4955,-0.6285	316.1750,-2.4955,-0.6285	316.6750,-2.4955,-0.6285	317.1750,-2.4955,-0.6285	317.6750,-2.4955,-0.6285	318.1750,-2.4955,-0.6285	318.6750,-2.4955,-0.6285	319.0250,-2.4955,-0.6285	319.0250,-2.4955,-0.6165	318.6750,-2.4955,-0.6165	318.1750,-2.4955,-0.6165	317.6750,-2.4955,-0.6165	317.1750,-2.4955,-0.6165	316.6750,-2.4955,-0.6165	316.1750,-2.4955,-0.6165	315.6750,-2.4955,-0.6165	315.1750,-2.4955,-0.6165	314.6750,-2.4955,-0.6165	314.1750,-2.4955,-0.6165	313.6750,-2.4955,-0.6165	313.1750,-2.4955,-0.6165	312.6750,-2.4955,-0.6165	312.1750,-2.4955,-0.6165	311.6750,-2.4955,-0.6165	311.1750,-2.4955,-0.6165	310.6750,-2.4955,-0.6165	310.1750,-2.4955,-0.6165	309.6750,-2.4955,-0.6165	309.1750,-2.4955,-0.6165	308.6750,-2.4955,-0.6165	308.1750,-2.4955,-0.6165	307.6750,-2.4955,-0.6165	307.1750,-2.4955,-0.6165	306.6750,-2.4955,-0.6165	306.1750,-2.3455,-0.6165	305.6750,-2.3455,-0.6165	305.6750,-2.3455,-0.6285	306.1750,-2.3455,-0.6285	306.6750,-2.3455,-0.6285	307.1750,-2.3455,-0.6285	307.6750,-2.3455,-0.6285	308.1750,-2.3455,-0.6285	308.6750,-2.3455,-0.6285	309.1750,-2.3455,-0.6285	309.6750,-2.3455,-0.6285	310.1750,-2.3455,-0.6285	310.6750,-2.3455,-0.6285	311.1750,-2.3455,-0.6285	311.6750,-2.3455,-0.6285	312.1750,-2.3455,-0.6285	312.6750,-2.3455,-0.6285	313.1750,-2.3455,-0.6285	313.6750,-2.3455,-0.6285	314.1750,-2.3455,-0.6285	314.6750,-2.3455,-0.6285	315.1750,-2.3455,-0.6285	315.6750,-2.3455,-0.6285	316.1750,-2.3455,-0.6285	316.6750,-2.3455,-0.6285	317.1750,-2.3455,-0.6285	317.6750,-2.3455,-0.6285	318.1750,-2.3455,-0.6285	318.6750,-2.3455,-0.6285	319.0250,-2.3455,-0.6285	319.0250,-2.3455,-0.6165	318.6750,-2.3455,-0.6165	318.1750,-2.3455,-0.6165	317.6750,-2.3455,-0.6165	317.1750,-2.3455,-0.6165	316.6750,-2.3455,-0.6165	316.1750,-2.3455,-0.6165	315.6750,-2.3455,-0.6165	315.1750,-2.3455,-0.6165	314.6750,-2.3455,-0.6165	314.1750,-2.3455,-0.6165	313.6750,-2.3455,-0.6165	313.1750,-2.3455,-0.6165	312.6750,-2.3455,-0.6165	312.1750,-2.3455,-0.6165	311.6750,-2.3455,-0.6165	311.1750,-2.3455,-0.6165	310.6750,-2.3455,-0.6165	310.1750,-2.3455,-0.6165	309.6750,-2.3455,-0.6165	309.1750,-2.3455,-0.6165	308.6750,-2.3455,-0.6165	308.1750,-2.3455,-0.6165	307.6750,-2.3455,-0.6165	307.1750,-2.3455,-0.6165	306.6750,-2.3455,-0.6165
955	塗替塗装-497	塗替塗装						主桁（下山形鋼）	x 303.59〜321.11 G2	塗替塗装範囲詳細図		DWG の図から（測量前）	塗替塗装 x 303.59〜321.11 主桁（下山形鋼） G2	ext_poly	56	306.1750,-2.4955,-0.4785	305.6750,-2.4955,-0.4785	305.6750,-2.4955,-0.6165	306.1750,-2.4955,-0.6165	306.6750,-2.4955,-0.6165	307.1750,-2.4955,-0.6165	307.6750,-2.4955,-0.6165	308.1750,-2.4955,-0.6165	308.6750,-2.4955,-0.6165	309.1750,-2.4955,-0.6165	309.6750,-2.4955,-0.6165	310.1750,-2.4955,-0.6165	310.6750,-2.4955,-0.6165	311.1750,-2.4955,-0.6165	311.6750,-2.4955,-0.6165	312.1750,-2.4955,-0.6165	312.6750,-2.4955,-0.6165	313.1750,-2.4955,-0.6165	313.6750,-2.4955,-0.6165	314.1750,-2.4955,-0.6165	314.6750,-2.4955,-0.6165	315.1750,-2.4955,-0.6165	315.6750,-2.4955,-0.6165	316.1750,-2.4955,-0.6165	316.6750,-2.4955,-0.6165	317.1750,-2.4955,-0.6165	317.6750,-2.4955,-0.6165	318.1750,-2.4955,-0.6165	318.6750,-2.4955,-0.6165	319.0250,-2.4955,-0.6165	319.0250,-2.4955,-0.4785	318.6750,-2.4955,-0.4785	318.1750,-2.4955,-0.4785	317.6750,-2.4955,-0.4785	317.1750,-2.4955,-0.4785	316.6750,-2.4955,-0.4785	316.1750,-2.4955,-0.4785	315.6750,-2.4955,-0.4785	315.1750,-2.4955,-0.4785	314.6750,-2.4955,-0.4785	314.1750,-2.4955,-0.4785	313.6750,-2.4955,-0.4785	313.1750,-2.4955,-0.4785	312.6750,-2.4955,-0.4785	312.1750,-2.4955,-0.4785	311.6750,-2.4955,-0.4785	311.1750,-2.4955,-0.4785	310.6750,-2.4955,-0.4785	310.1750,-2.4955,-0.4785	309.6750,-2.4955,-0.4785	309.1750,-2.4955,-0.4785	308.6750,-2.4955,-0.4785	308.1750,-2.4955,-0.4785	307.6750,-2.4955,-0.4785	307.1750,-2.4955,-0.4785	306.6750,-2.4955,-0.4785	306.1750,-2.4835,-0.4785	305.6750,-2.4835,-0.4785	305.6750,-2.4835,-0.6165	306.1750,-2.4835,-0.6165	306.6750,-2.4835,-0.6165	307.1750,-2.4835,-0.6165	307.6750,-2.4835,-0.6165	308.1750,-2.4835,-0.6165	308.6750,-2.4835,-0.6165	309.1750,-2.4835,-0.6165	309.6750,-2.4835,-0.6165	310.1750,-2.4835,-0.6165	310.6750,-2.4835,-0.6165	311.1750,-2.4835,-0.6165	311.6750,-2.4835,-0.6165	312.1750,-2.4835,-0.6165	312.6750,-2.4835,-0.6165	313.1750,-2.4835,-0.6165	313.6750,-2.4835,-0.6165	314.1750,-2.4835,-0.6165	314.6750,-2.4835,-0.6165	315.1750,-2.4835,-0.6165	315.6750,-2.4835,-0.6165	316.1750,-2.4835,-0.6165	316.6750,-2.4835,-0.6165	317.1750,-2.4835,-0.6165	317.6750,-2.4835,-0.6165	318.1750,-2.4835,-0.6165	318.6750,-2.4835,-0.6165	319.0250,-2.4835,-0.6165	319.0250,-2.4835,-0.4785	318.6750,-2.4835,-0.4785	318.1750,-2.4835,-0.4785	317.6750,-2.4835,-0.4785	317.1750,-2.4835,-0.4785	316.6750,-2.4835,-0.4785	316.1750,-2.4835,-0.4785	315.6750,-2.4835,-0.4785	315.1750,-2.4835,-0.4785	314.6750,-2.4835,-0.4785	314.1750,-2.4835,-0.4785	313.6750,-2.4835,-0.4785	313.1750,-2.4835,-0.4785	312.6750,-2.4835,-0.4785	312.1750,-2.4835,-0.4785	311.6750,-2.4835,-0.4785	311.1750,-2.4835,-0.4785	310.6750,-2.4835,-0.4785	310.1750,-2.4835,-0.4785	309.6750,-2.4835,-0.4785	309.1750,-2.4835,-0.4785	308.6750,-2.4835,-0.4785	308.1750,-2.4835,-0.4785	307.6750,-2.4835,-0.4785	307.1750,-2.4835,-0.4785	306.6750,-2.4835,-0.4785
956	塗替塗装-498	塗替塗装						主桁（上山形鋼）	x 303.59〜321.11 G2	塗替塗装範囲詳細図		DWG の図から（測量前）	塗替塗装 x 303.59〜321.11 主桁（上山形鋼） G2	ext_poly	56	306.1750,-2.6545,0.8815	305.6750,-2.6545,0.8815	305.6750,-2.6545,0.8695	306.1750,-2.6545,0.8695	306.6750,-2.6545,0.8695	307.1750,-2.6545,0.8695	307.6750,-2.6545,0.8695	308.1750,-2.6545,0.8695	308.6750,-2.6545,0.8695	309.1750,-2.6545,0.8695	309.6750,-2.6545,0.8695	310.1750,-2.6545,0.8695	310.6750,-2.6545,0.8695	311.1750,-2.6545,0.8695	311.6750,-2.6545,0.8695	312.1750,-2.6545,0.8695	312.6750,-2.6545,0.8695	313.1750,-2.6545,0.8695	313.6750,-2.6545,0.8695	314.1750,-2.6545,0.8695	314.6750,-2.6545,0.8695	315.1750,-2.6545,0.8695	315.6750,-2.6545,0.8695	316.1750,-2.6545,0.8695	316.6750,-2.6545,0.8695	317.1750,-2.6545,0.8695	317.6750,-2.6545,0.8695	318.1750,-2.6545,0.8695	318.6750,-2.6545,0.8695	319.0250,-2.6545,0.8695	319.0250,-2.6545,0.8815	318.6750,-2.6545,0.8815	318.1750,-2.6545,0.8815	317.6750,-2.6545,0.8815	317.1750,-2.6545,0.8815	316.6750,-2.6545,0.8815	316.1750,-2.6545,0.8815	315.6750,-2.6545,0.8815	315.1750,-2.6545,0.8815	314.6750,-2.6545,0.8815	314.1750,-2.6545,0.8815	313.6750,-2.6545,0.8815	313.1750,-2.6545,0.8815	312.6750,-2.6545,0.8815	312.1750,-2.6545,0.8815	311.6750,-2.6545,0.8815	311.1750,-2.6545,0.8815	310.6750,-2.6545,0.8815	310.1750,-2.6545,0.8815	309.6750,-2.6545,0.8815	309.1750,-2.6545,0.8815	308.6750,-2.6545,0.8815	308.1750,-2.6545,0.8815	307.6750,-2.6545,0.8815	307.1750,-2.6545,0.8815	306.6750,-2.6545,0.8815	306.1750,-2.5045,0.8815	305.6750,-2.5045,0.8815	305.6750,-2.5045,0.8695	306.1750,-2.5045,0.8695	306.6750,-2.5045,0.8695	307.1750,-2.5045,0.8695	307.6750,-2.5045,0.8695	308.1750,-2.5045,0.8695	308.6750,-2.5045,0.8695	309.1750,-2.5045,0.8695	309.6750,-2.5045,0.8695	310.1750,-2.5045,0.8695	310.6750,-2.5045,0.8695	311.1750,-2.5045,0.8695	311.6750,-2.5045,0.8695	312.1750,-2.5045,0.8695	312.6750,-2.5045,0.8695	313.1750,-2.5045,0.8695	313.6750,-2.5045,0.8695	314.1750,-2.5045,0.8695	314.6750,-2.5045,0.8695	315.1750,-2.5045,0.8695	315.6750,-2.5045,0.8695	316.1750,-2.5045,0.8695	316.6750,-2.5045,0.8695	317.1750,-2.5045,0.8695	317.6750,-2.5045,0.8695	318.1750,-2.5045,0.8695	318.6750,-2.5045,0.8695	319.0250,-2.5045,0.8695	319.0250,-2.5045,0.8815	318.6750,-2.5045,0.8815	318.1750,-2.5045,0.8815	317.6750,-2.5045,0.8815	317.1750,-2.5045,0.8815	316.6750,-2.5045,0.8815	316.1750,-2.5045,0.8815	315.6750,-2.5045,0.8815	315.1750,-2.5045,0.8815	314.6750,-2.5045,0.8815	314.1750,-2.5045,0.8815	313.6750,-2.5045,0.8815	313.1750,-2.5045,0.8815	312.6750,-2.5045,0.8815	312.1750,-2.5045,0.8815	311.6750,-2.5045,0.8815	311.1750,-2.5045,0.8815	310.6750,-2.5045,0.8815	310.1750,-2.5045,0.8815	309.6750,-2.5045,0.8815	309.1750,-2.5045,0.8815	308.6750,-2.5045,0.8815	308.1750,-2.5045,0.8815	307.6750,-2.5045,0.8815	307.1750,-2.5045,0.8815	306.6750,-2.5045,0.8815
957	塗替塗装-499	塗替塗装						主桁（上山形鋼）	x 303.59〜321.11 G2	塗替塗装範囲詳細図		DWG の図から（測量前）	塗替塗装 x 303.59〜321.11 主桁（上山形鋼） G2	ext_poly	56	306.1750,-2.5165,0.8695	305.6750,-2.5165,0.8695	305.6750,-2.5165,0.7315	306.1750,-2.5165,0.7315	306.6750,-2.5165,0.7315	307.1750,-2.5165,0.7315	307.6750,-2.5165,0.7315	308.1750,-2.5165,0.7315	308.6750,-2.5165,0.7315	309.1750,-2.5165,0.7315	309.6750,-2.5165,0.7315	310.1750,-2.5165,0.7315	310.6750,-2.5165,0.7315	311.1750,-2.5165,0.7315	311.6750,-2.5165,0.7315	312.1750,-2.5165,0.7315	312.6750,-2.5165,0.7315	313.1750,-2.5165,0.7315	313.6750,-2.5165,0.7315	314.1750,-2.5165,0.7315	314.6750,-2.5165,0.7315	315.1750,-2.5165,0.7315	315.6750,-2.5165,0.7315	316.1750,-2.5165,0.7315	316.6750,-2.5165,0.7315	317.1750,-2.5165,0.7315	317.6750,-2.5165,0.7315	318.1750,-2.5165,0.7315	318.6750,-2.5165,0.7315	319.0250,-2.5165,0.7315	319.0250,-2.5165,0.8695	318.6750,-2.5165,0.8695	318.1750,-2.5165,0.8695	317.6750,-2.5165,0.8695	317.1750,-2.5165,0.8695	316.6750,-2.5165,0.8695	316.1750,-2.5165,0.8695	315.6750,-2.5165,0.8695	315.1750,-2.5165,0.8695	314.6750,-2.5165,0.8695	314.1750,-2.5165,0.8695	313.6750,-2.5165,0.8695	313.1750,-2.5165,0.8695	312.6750,-2.5165,0.8695	312.1750,-2.5165,0.8695	311.6750,-2.5165,0.8695	311.1750,-2.5165,0.8695	310.6750,-2.5165,0.8695	310.1750,-2.5165,0.8695	309.6750,-2.5165,0.8695	309.1750,-2.5165,0.8695	308.6750,-2.5165,0.8695	308.1750,-2.5165,0.8695	307.6750,-2.5165,0.8695	307.1750,-2.5165,0.8695	306.6750,-2.5165,0.8695	306.1750,-2.5045,0.8695	305.6750,-2.5045,0.8695	305.6750,-2.5045,0.7315	306.1750,-2.5045,0.7315	306.6750,-2.5045,0.7315	307.1750,-2.5045,0.7315	307.6750,-2.5045,0.7315	308.1750,-2.5045,0.7315	308.6750,-2.5045,0.7315	309.1750,-2.5045,0.7315	309.6750,-2.5045,0.7315	310.1750,-2.5045,0.7315	310.6750,-2.5045,0.7315	311.1750,-2.5045,0.7315	311.6750,-2.5045,0.7315	312.1750,-2.5045,0.7315	312.6750,-2.5045,0.7315	313.1750,-2.5045,0.7315	313.6750,-2.5045,0.7315	314.1750,-2.5045,0.7315	314.6750,-2.5045,0.7315	315.1750,-2.5045,0.7315	315.6750,-2.5045,0.7315	316.1750,-2.5045,0.7315	316.6750,-2.5045,0.7315	317.1750,-2.5045,0.7315	317.6750,-2.5045,0.7315	318.1750,-2.5045,0.7315	318.6750,-2.5045,0.7315	319.0250,-2.5045,0.7315	319.0250,-2.5045,0.8695	318.6750,-2.5045,0.8695	318.1750,-2.5045,0.8695	317.6750,-2.5045,0.8695	317.1750,-2.5045,0.8695	316.6750,-2.5045,0.8695	316.1750,-2.5045,0.8695	315.6750,-2.5045,0.8695	315.1750,-2.5045,0.8695	314.6750,-2.5045,0.8695	314.1750,-2.5045,0.8695	313.6750,-2.5045,0.8695	313.1750,-2.5045,0.8695	312.6750,-2.5045,0.8695	312.1750,-2.5045,0.8695	311.6750,-2.5045,0.8695	311.1750,-2.5045,0.8695	310.6750,-2.5045,0.8695	310.1750,-2.5045,0.8695	309.6750,-2.5045,0.8695	309.1750,-2.5045,0.8695	308.6750,-2.5045,0.8695	308.1750,-2.5045,0.8695	307.6750,-2.5045,0.8695	307.1750,-2.5045,0.8695	306.6750,-2.5045,0.8695
958	塗替塗装-500	塗替塗装						主桁（下山形鋼）	x 303.59〜321.11 G2	塗替塗装範囲詳細図		DWG の図から（測量前）	塗替塗装 x 303.59〜321.11 主桁（下山形鋼） G2	ext_poly	56	306.1750,-2.6545,-0.6165	305.6750,-2.6545,-0.6165	305.6750,-2.6545,-0.6285	306.1750,-2.6545,-0.6285	306.6750,-2.6545,-0.6285	307.1750,-2.6545,-0.6285	307.6750,-2.6545,-0.6285	308.1750,-2.6545,-0.6285	308.6750,-2.6545,-0.6285	309.1750,-2.6545,-0.6285	309.6750,-2.6545,-0.6285	310.1750,-2.6545,-0.6285	310.6750,-2.6545,-0.6285	311.1750,-2.6545,-0.6285	311.6750,-2.6545,-0.6285	312.1750,-2.6545,-0.6285	312.6750,-2.6545,-0.6285	313.1750,-2.6545,-0.6285	313.6750,-2.6545,-0.6285	314.1750,-2.6545,-0.6285	314.6750,-2.6545,-0.6285	315.1750,-2.6545,-0.6285	315.6750,-2.6545,-0.6285	316.1750,-2.6545,-0.6285	316.6750,-2.6545,-0.6285	317.1750,-2.6545,-0.6285	317.6750,-2.6545,-0.6285	318.1750,-2.6545,-0.6285	318.6750,-2.6545,-0.6285	319.0250,-2.6545,-0.6285	319.0250,-2.6545,-0.6165	318.6750,-2.6545,-0.6165	318.1750,-2.6545,-0.6165	317.6750,-2.6545,-0.6165	317.1750,-2.6545,-0.6165	316.6750,-2.6545,-0.6165	316.1750,-2.6545,-0.6165	315.6750,-2.6545,-0.6165	315.1750,-2.6545,-0.6165	314.6750,-2.6545,-0.6165	314.1750,-2.6545,-0.6165	313.6750,-2.6545,-0.6165	313.1750,-2.6545,-0.6165	312.6750,-2.6545,-0.6165	312.1750,-2.6545,-0.6165	311.6750,-2.6545,-0.6165	311.1750,-2.6545,-0.6165	310.6750,-2.6545,-0.6165	310.1750,-2.6545,-0.6165	309.6750,-2.6545,-0.6165	309.1750,-2.6545,-0.6165	308.6750,-2.6545,-0.6165	308.1750,-2.6545,-0.6165	307.6750,-2.6545,-0.6165	307.1750,-2.6545,-0.6165	306.6750,-2.6545,-0.6165	306.1750,-2.5045,-0.6165	305.6750,-2.5045,-0.6165	305.6750,-2.5045,-0.6285	306.1750,-2.5045,-0.6285	306.6750,-2.5045,-0.6285	307.1750,-2.5045,-0.6285	307.6750,-2.5045,-0.6285	308.1750,-2.5045,-0.6285	308.6750,-2.5045,-0.6285	309.1750,-2.5045,-0.6285	309.6750,-2.5045,-0.6285	310.1750,-2.5045,-0.6285	310.6750,-2.5045,-0.6285	311.1750,-2.5045,-0.6285	311.6750,-2.5045,-0.6285	312.1750,-2.5045,-0.6285	312.6750,-2.5045,-0.6285	313.1750,-2.5045,-0.6285	313.6750,-2.5045,-0.6285	314.1750,-2.5045,-0.6285	314.6750,-2.5045,-0.6285	315.1750,-2.5045,-0.6285	315.6750,-2.5045,-0.6285	316.1750,-2.5045,-0.6285	316.6750,-2.5045,-0.6285	317.1750,-2.5045,-0.6285	317.6750,-2.5045,-0.6285	318.1750,-2.5045,-0.6285	318.6750,-2.5045,-0.6285	319.0250,-2.5045,-0.6285	319.0250,-2.5045,-0.6165	318.6750,-2.5045,-0.6165	318.1750,-2.5045,-0.6165	317.6750,-2.5045,-0.6165	317.1750,-2.5045,-0.6165	316.6750,-2.5045,-0.6165	316.1750,-2.5045,-0.6165	315.6750,-2.5045,-0.6165	315.1750,-2.5045,-0.6165	314.6750,-2.5045,-0.6165	314.1750,-2.5045,-0.6165	313.6750,-2.5045,-0.6165	313.1750,-2.5045,-0.6165	312.6750,-2.5045,-0.6165	312.1750,-2.5045,-0.6165	311.6750,-2.5045,-0.6165	311.1750,-2.5045,-0.6165	310.6750,-2.5045,-0.6165	310.1750,-2.5045,-0.6165	309.6750,-2.5045,-0.6165	309.1750,-2.5045,-0.6165	308.6750,-2.5045,-0.6165	308.1750,-2.5045,-0.6165	307.6750,-2.5045,-0.6165	307.1750,-2.5045,-0.6165	306.6750,-2.5045,-0.6165
959	塗替塗装-501	塗替塗装						主桁（下山形鋼）	x 303.59〜321.11 G2	塗替塗装範囲詳細図		DWG の図から（測量前）	塗替塗装 x 303.59〜321.11 主桁（下山形鋼） G2	ext_poly	56	306.1750,-2.5165,-0.4785	305.6750,-2.5165,-0.4785	305.6750,-2.5165,-0.6165	306.1750,-2.5165,-0.6165	306.6750,-2.5165,-0.6165	307.1750,-2.5165,-0.6165	307.6750,-2.5165,-0.6165	308.1750,-2.5165,-0.6165	308.6750,-2.5165,-0.6165	309.1750,-2.5165,-0.6165	309.6750,-2.5165,-0.6165	310.1750,-2.5165,-0.6165	310.6750,-2.5165,-0.6165	311.1750,-2.5165,-0.6165	311.6750,-2.5165,-0.6165	312.1750,-2.5165,-0.6165	312.6750,-2.5165,-0.6165	313.1750,-2.5165,-0.6165	313.6750,-2.5165,-0.6165	314.1750,-2.5165,-0.6165	314.6750,-2.5165,-0.6165	315.1750,-2.5165,-0.6165	315.6750,-2.5165,-0.6165	316.1750,-2.5165,-0.6165	316.6750,-2.5165,-0.6165	317.1750,-2.5165,-0.6165	317.6750,-2.5165,-0.6165	318.1750,-2.5165,-0.6165	318.6750,-2.5165,-0.6165	319.0250,-2.5165,-0.6165	319.0250,-2.5165,-0.4785	318.6750,-2.5165,-0.4785	318.1750,-2.5165,-0.4785	317.6750,-2.5165,-0.4785	317.1750,-2.5165,-0.4785	316.6750,-2.5165,-0.4785	316.1750,-2.5165,-0.4785	315.6750,-2.5165,-0.4785	315.1750,-2.5165,-0.4785	314.6750,-2.5165,-0.4785	314.1750,-2.5165,-0.4785	313.6750,-2.5165,-0.4785	313.1750,-2.5165,-0.4785	312.6750,-2.5165,-0.4785	312.1750,-2.5165,-0.4785	311.6750,-2.5165,-0.4785	311.1750,-2.5165,-0.4785	310.6750,-2.5165,-0.4785	310.1750,-2.5165,-0.4785	309.6750,-2.5165,-0.4785	309.1750,-2.5165,-0.4785	308.6750,-2.5165,-0.4785	308.1750,-2.5165,-0.4785	307.6750,-2.5165,-0.4785	307.1750,-2.5165,-0.4785	306.6750,-2.5165,-0.4785	306.1750,-2.5045,-0.4785	305.6750,-2.5045,-0.4785	305.6750,-2.5045,-0.6165	306.1750,-2.5045,-0.6165	306.6750,-2.5045,-0.6165	307.1750,-2.5045,-0.6165	307.6750,-2.5045,-0.6165	308.1750,-2.5045,-0.6165	308.6750,-2.5045,-0.6165	309.1750,-2.5045,-0.6165	309.6750,-2.5045,-0.6165	310.1750,-2.5045,-0.6165	310.6750,-2.5045,-0.6165	311.1750,-2.5045,-0.6165	311.6750,-2.5045,-0.6165	312.1750,-2.5045,-0.6165	312.6750,-2.5045,-0.6165	313.1750,-2.5045,-0.6165	313.6750,-2.5045,-0.6165	314.1750,-2.5045,-0.6165	314.6750,-2.5045,-0.6165	315.1750,-2.5045,-0.6165	315.6750,-2.5045,-0.6165	316.1750,-2.5045,-0.6165	316.6750,-2.5045,-0.6165	317.1750,-2.5045,-0.6165	317.6750,-2.5045,-0.6165	318.1750,-2.5045,-0.6165	318.6750,-2.5045,-0.6165	319.0250,-2.5045,-0.6165	319.0250,-2.5045,-0.4785	318.6750,-2.5045,-0.4785	318.1750,-2.5045,-0.4785	317.6750,-2.5045,-0.4785	317.1750,-2.5045,-0.4785	316.6750,-2.5045,-0.4785	316.1750,-2.5045,-0.4785	315.6750,-2.5045,-0.4785	315.1750,-2.5045,-0.4785	314.6750,-2.5045,-0.4785	314.1750,-2.5045,-0.4785	313.6750,-2.5045,-0.4785	313.1750,-2.5045,-0.4785	312.6750,-2.5045,-0.4785	312.1750,-2.5045,-0.4785	311.6750,-2.5045,-0.4785	311.1750,-2.5045,-0.4785	310.6750,-2.5045,-0.4785	310.1750,-2.5045,-0.4785	309.6750,-2.5045,-0.4785	309.1750,-2.5045,-0.4785	308.6750,-2.5045,-0.4785	308.1750,-2.5045,-0.4785	307.6750,-2.5045,-0.4785	307.1750,-2.5045,-0.4785	306.6750,-2.5045,-0.4785
960	塗替塗装-502	塗替塗装						主桁（腹板）	x 303.59〜321.11 G1	塗替塗装範囲詳細図		DWG の図から（測量前）	塗替塗装 x 303.59〜321.11 主桁（腹板） G1	ext_poly	12	319.5750,2.4940,0.8815	319.0750,2.4940,0.8815	319.0750,2.4940,-0.6285	319.5750,2.4940,-0.6285	320.0750,2.4940,-0.6285	320.5750,2.4940,-0.6285	321.0750,2.4940,-0.6285	321.1100,2.4940,-0.6285	321.1100,2.4940,0.8815	321.0750,2.4940,0.8815	320.5750,2.4940,0.8815	320.0750,2.4940,0.8815	319.5750,2.5060,0.8815	319.0750,2.5060,0.8815	319.0750,2.5060,-0.6285	319.5750,2.5060,-0.6285	320.0750,2.5060,-0.6285	320.5750,2.5060,-0.6285	321.0750,2.5060,-0.6285	321.1100,2.5060,-0.6285	321.1100,2.5060,0.8815	321.0750,2.5060,0.8815	320.5750,2.5060,0.8815	320.0750,2.5060,0.8815
961	塗替塗装-503	塗替塗装						主桁（上山形鋼）	x 303.59〜321.11 G1	塗替塗装範囲詳細図		DWG の図から（測量前）	塗替塗装 x 303.59〜321.11 主桁（上山形鋼） G1	ext_poly	12	319.5750,2.5060,0.8815	319.0750,2.5060,0.8815	319.0750,2.5060,0.8665	319.5750,2.5060,0.8665	320.0750,2.5060,0.8665	320.5750,2.5060,0.8665	321.0750,2.5060,0.8665	321.1100,2.5060,0.8665	321.1100,2.5060,0.8815	321.0750,2.5060,0.8815	320.5750,2.5060,0.8815	320.0750,2.5060,0.8815	319.5750,2.6560,0.8815	319.0750,2.6560,0.8815	319.0750,2.6560,0.8665	319.5750,2.6560,0.8665	320.0750,2.6560,0.8665	320.5750,2.6560,0.8665	321.0750,2.6560,0.8665	321.1100,2.6560,0.8665	321.1100,2.6560,0.8815	321.0750,2.6560,0.8815	320.5750,2.6560,0.8815	320.0750,2.6560,0.8815
962	塗替塗装-504	塗替塗装						主桁（上山形鋼）	x 303.59〜321.11 G1	塗替塗装範囲詳細図		DWG の図から（測量前）	塗替塗装 x 303.59〜321.11 主桁（上山形鋼） G1	ext_poly	12	319.5750,2.5060,0.8665	319.0750,2.5060,0.8665	319.0750,2.5060,0.7315	319.5750,2.5060,0.7315	320.0750,2.5060,0.7315	320.5750,2.5060,0.7315	321.0750,2.5060,0.7315	321.1100,2.5060,0.7315	321.1100,2.5060,0.8665	321.0750,2.5060,0.8665	320.5750,2.5060,0.8665	320.0750,2.5060,0.8665	319.5750,2.5210,0.8665	319.0750,2.5210,0.8665	319.0750,2.5210,0.7315	319.5750,2.5210,0.7315	320.0750,2.5210,0.7315	320.5750,2.5210,0.7315	321.0750,2.5210,0.7315	321.1100,2.5210,0.7315	321.1100,2.5210,0.8665	321.0750,2.5210,0.8665	320.5750,2.5210,0.8665	320.0750,2.5210,0.8665
963	塗替塗装-505	塗替塗装						主桁（下山形鋼）	x 303.59〜321.11 G1	塗替塗装範囲詳細図		DWG の図から（測量前）	塗替塗装 x 303.59〜321.11 主桁（下山形鋼） G1	ext_poly	12	319.5750,2.5060,-0.6135	319.0750,2.5060,-0.6135	319.0750,2.5060,-0.6285	319.5750,2.5060,-0.6285	320.0750,2.5060,-0.6285	320.5750,2.5060,-0.6285	321.0750,2.5060,-0.6285	321.1100,2.5060,-0.6285	321.1100,2.5060,-0.6135	321.0750,2.5060,-0.6135	320.5750,2.5060,-0.6135	320.0750,2.5060,-0.6135	319.5750,2.6560,-0.6135	319.0750,2.6560,-0.6135	319.0750,2.6560,-0.6285	319.5750,2.6560,-0.6285	320.0750,2.6560,-0.6285	320.5750,2.6560,-0.6285	321.0750,2.6560,-0.6285	321.1100,2.6560,-0.6285	321.1100,2.6560,-0.6135	321.0750,2.6560,-0.6135	320.5750,2.6560,-0.6135	320.0750,2.6560,-0.6135
964	塗替塗装-506	塗替塗装						主桁（下山形鋼）	x 303.59〜321.11 G1	塗替塗装範囲詳細図		DWG の図から（測量前）	塗替塗装 x 303.59〜321.11 主桁（下山形鋼） G1	ext_poly	12	319.5750,2.5060,-0.4785	319.0750,2.5060,-0.4785	319.0750,2.5060,-0.6135	319.5750,2.5060,-0.6135	320.0750,2.5060,-0.6135	320.5750,2.5060,-0.6135	321.0750,2.5060,-0.6135	321.1100,2.5060,-0.6135	321.1100,2.5060,-0.4785	321.0750,2.5060,-0.4785	320.5750,2.5060,-0.4785	320.0750,2.5060,-0.4785	319.5750,2.5210,-0.4785	319.0750,2.5210,-0.4785	319.0750,2.5210,-0.6135	319.5750,2.5210,-0.6135	320.0750,2.5210,-0.6135	320.5750,2.5210,-0.6135	321.0750,2.5210,-0.6135	321.1100,2.5210,-0.6135	321.1100,2.5210,-0.4785	321.0750,2.5210,-0.4785	320.5750,2.5210,-0.4785	320.0750,2.5210,-0.4785
965	塗替塗装-507	塗替塗装						主桁（上山形鋼）	x 303.59〜321.11 G1	塗替塗装範囲詳細図		DWG の図から（測量前）	塗替塗装 x 303.59〜321.11 主桁（上山形鋼） G1	ext_poly	12	319.5750,2.3440,0.8815	319.0750,2.3440,0.8815	319.0750,2.3440,0.8665	319.5750,2.3440,0.8665	320.0750,2.3440,0.8665	320.5750,2.3440,0.8665	321.0750,2.3440,0.8665	321.1100,2.3440,0.8665	321.1100,2.3440,0.8815	321.0750,2.3440,0.8815	320.5750,2.3440,0.8815	320.0750,2.3440,0.8815	319.5750,2.4940,0.8815	319.0750,2.4940,0.8815	319.0750,2.4940,0.8665	319.5750,2.4940,0.8665	320.0750,2.4940,0.8665	320.5750,2.4940,0.8665	321.0750,2.4940,0.8665	321.1100,2.4940,0.8665	321.1100,2.4940,0.8815	321.0750,2.4940,0.8815	320.5750,2.4940,0.8815	320.0750,2.4940,0.8815
966	塗替塗装-508	塗替塗装						主桁（上山形鋼）	x 303.59〜321.11 G1	塗替塗装範囲詳細図		DWG の図から（測量前）	塗替塗装 x 303.59〜321.11 主桁（上山形鋼） G1	ext_poly	12	319.5750,2.4790,0.8665	319.0750,2.4790,0.8665	319.0750,2.4790,0.7315	319.5750,2.4790,0.7315	320.0750,2.4790,0.7315	320.5750,2.4790,0.7315	321.0750,2.4790,0.7315	321.1100,2.4790,0.7315	321.1100,2.4790,0.8665	321.0750,2.4790,0.8665	320.5750,2.4790,0.8665	320.0750,2.4790,0.8665	319.5750,2.4940,0.8665	319.0750,2.4940,0.8665	319.0750,2.4940,0.7315	319.5750,2.4940,0.7315	320.0750,2.4940,0.7315	320.5750,2.4940,0.7315	321.0750,2.4940,0.7315	321.1100,2.4940,0.7315	321.1100,2.4940,0.8665	321.0750,2.4940,0.8665	320.5750,2.4940,0.8665	320.0750,2.4940,0.8665
967	塗替塗装-509	塗替塗装						主桁（下山形鋼）	x 303.59〜321.11 G1	塗替塗装範囲詳細図		DWG の図から（測量前）	塗替塗装 x 303.59〜321.11 主桁（下山形鋼） G1	ext_poly	12	319.5750,2.3440,-0.6135	319.0750,2.3440,-0.6135	319.0750,2.3440,-0.6285	319.5750,2.3440,-0.6285	320.0750,2.3440,-0.6285	320.5750,2.3440,-0.6285	321.0750,2.3440,-0.6285	321.1100,2.3440,-0.6285	321.1100,2.3440,-0.6135	321.0750,2.3440,-0.6135	320.5750,2.3440,-0.6135	320.0750,2.3440,-0.6135	319.5750,2.4940,-0.6135	319.0750,2.4940,-0.6135	319.0750,2.4940,-0.6285	319.5750,2.4940,-0.6285	320.0750,2.4940,-0.6285	320.5750,2.4940,-0.6285	321.0750,2.4940,-0.6285	321.1100,2.4940,-0.6285	321.1100,2.4940,-0.6135	321.0750,2.4940,-0.6135	320.5750,2.4940,-0.6135	320.0750,2.4940,-0.6135
968	塗替塗装-510	塗替塗装						主桁（下山形鋼）	x 303.59〜321.11 G1	塗替塗装範囲詳細図		DWG の図から（測量前）	塗替塗装 x 303.59〜321.11 主桁（下山形鋼） G1	ext_poly	12	319.5750,2.4790,-0.4785	319.0750,2.4790,-0.4785	319.0750,2.4790,-0.6135	319.5750,2.4790,-0.6135	320.0750,2.4790,-0.6135	320.5750,2.4790,-0.6135	321.0750,2.4790,-0.6135	321.1100,2.4790,-0.6135	321.1100,2.4790,-0.4785	321.0750,2.4790,-0.4785	320.5750,2.4790,-0.4785	320.0750,2.4790,-0.4785	319.5750,2.4940,-0.4785	319.0750,2.4940,-0.4785	319.0750,2.4940,-0.6135	319.5750,2.4940,-0.6135	320.0750,2.4940,-0.6135	320.5750,2.4940,-0.6135	321.0750,2.4940,-0.6135	321.1100,2.4940,-0.6135	321.1100,2.4940,-0.4785	321.0750,2.4940,-0.4785	320.5750,2.4940,-0.4785	320.0750,2.4940,-0.4785
969	塗替塗装-511	塗替塗装						主桁（腹板）	x 303.59〜321.11 G2	塗替塗装範囲詳細図		DWG の図から（測量前）	塗替塗装 x 303.59〜321.11 主桁（腹板） G2	ext_poly	12	319.5750,-2.5060,0.8815	319.0750,-2.5060,0.8815	319.0750,-2.5060,-0.6285	319.5750,-2.5060,-0.6285	320.0750,-2.5060,-0.6285	320.5750,-2.5060,-0.6285	321.0750,-2.5060,-0.6285	321.1100,-2.5060,-0.6285	321.1100,-2.5060,0.8815	321.0750,-2.5060,0.8815	320.5750,-2.5060,0.8815	320.0750,-2.5060,0.8815	319.5750,-2.4940,0.8815	319.0750,-2.4940,0.8815	319.0750,-2.4940,-0.6285	319.5750,-2.4940,-0.6285	320.0750,-2.4940,-0.6285	320.5750,-2.4940,-0.6285	321.0750,-2.4940,-0.6285	321.1100,-2.4940,-0.6285	321.1100,-2.4940,0.8815	321.0750,-2.4940,0.8815	320.5750,-2.4940,0.8815	320.0750,-2.4940,0.8815
970	塗替塗装-512	塗替塗装						主桁（上山形鋼）	x 303.59〜321.11 G2	塗替塗装範囲詳細図		DWG の図から（測量前）	塗替塗装 x 303.59〜321.11 主桁（上山形鋼） G2	ext_poly	12	319.5750,-2.4940,0.8815	319.0750,-2.4940,0.8815	319.0750,-2.4940,0.8665	319.5750,-2.4940,0.8665	320.0750,-2.4940,0.8665	320.5750,-2.4940,0.8665	321.0750,-2.4940,0.8665	321.1100,-2.4940,0.8665	321.1100,-2.4940,0.8815	321.0750,-2.4940,0.8815	320.5750,-2.4940,0.8815	320.0750,-2.4940,0.8815	319.5750,-2.3440,0.8815	319.0750,-2.3440,0.8815	319.0750,-2.3440,0.8665	319.5750,-2.3440,0.8665	320.0750,-2.3440,0.8665	320.5750,-2.3440,0.8665	321.0750,-2.3440,0.8665	321.1100,-2.3440,0.8665	321.1100,-2.3440,0.8815	321.0750,-2.3440,0.8815	320.5750,-2.3440,0.8815	320.0750,-2.3440,0.8815
971	塗替塗装-513	塗替塗装						主桁（上山形鋼）	x 303.59〜321.11 G2	塗替塗装範囲詳細図		DWG の図から（測量前）	塗替塗装 x 303.59〜321.11 主桁（上山形鋼） G2	ext_poly	12	319.5750,-2.4940,0.8665	319.0750,-2.4940,0.8665	319.0750,-2.4940,0.7315	319.5750,-2.4940,0.7315	320.0750,-2.4940,0.7315	320.5750,-2.4940,0.7315	321.0750,-2.4940,0.7315	321.1100,-2.4940,0.7315	321.1100,-2.4940,0.8665	321.0750,-2.4940,0.8665	320.5750,-2.4940,0.8665	320.0750,-2.4940,0.8665	319.5750,-2.4790,0.8665	319.0750,-2.4790,0.8665	319.0750,-2.4790,0.7315	319.5750,-2.4790,0.7315	320.0750,-2.4790,0.7315	320.5750,-2.4790,0.7315	321.0750,-2.4790,0.7315	321.1100,-2.4790,0.7315	321.1100,-2.4790,0.8665	321.0750,-2.4790,0.8665	320.5750,-2.4790,0.8665	320.0750,-2.4790,0.8665
972	塗替塗装-514	塗替塗装						主桁（下山形鋼）	x 303.59〜321.11 G2	塗替塗装範囲詳細図		DWG の図から（測量前）	塗替塗装 x 303.59〜321.11 主桁（下山形鋼） G2	ext_poly	12	319.5750,-2.4940,-0.6135	319.0750,-2.4940,-0.6135	319.0750,-2.4940,-0.6285	319.5750,-2.4940,-0.6285	320.0750,-2.4940,-0.6285	320.5750,-2.4940,-0.6285	321.0750,-2.4940,-0.6285	321.1100,-2.4940,-0.6285	321.1100,-2.4940,-0.6135	321.0750,-2.4940,-0.6135	320.5750,-2.4940,-0.6135	320.0750,-2.4940,-0.6135	319.5750,-2.3440,-0.6135	319.0750,-2.3440,-0.6135	319.0750,-2.3440,-0.6285	319.5750,-2.3440,-0.6285	320.0750,-2.3440,-0.6285	320.5750,-2.3440,-0.6285	321.0750,-2.3440,-0.6285	321.1100,-2.3440,-0.6285	321.1100,-2.3440,-0.6135	321.0750,-2.3440,-0.6135	320.5750,-2.3440,-0.6135	320.0750,-2.3440,-0.6135
973	塗替塗装-515	塗替塗装						主桁（下山形鋼）	x 303.59〜321.11 G2	塗替塗装範囲詳細図		DWG の図から（測量前）	塗替塗装 x 303.59〜321.11 主桁（下山形鋼） G2	ext_poly	12	319.5750,-2.4940,-0.4785	319.0750,-2.4940,-0.4785	319.0750,-2.4940,-0.6135	319.5750,-2.4940,-0.6135	320.0750,-2.4940,-0.6135	320.5750,-2.4940,-0.6135	321.0750,-2.4940,-0.6135	321.1100,-2.4940,-0.6135	321.1100,-2.4940,-0.4785	321.0750,-2.4940,-0.4785	320.5750,-2.4940,-0.4785	320.0750,-2.4940,-0.4785	319.5750,-2.4790,-0.4785	319.0750,-2.4790,-0.4785	319.0750,-2.4790,-0.6135	319.5750,-2.4790,-0.6135	320.0750,-2.4790,-0.6135	320.5750,-2.4790,-0.6135	321.0750,-2.4790,-0.6135	321.1100,-2.4790,-0.6135	321.1100,-2.4790,-0.4785	321.0750,-2.4790,-0.4785	320.5750,-2.4790,-0.4785	320.0750,-2.4790,-0.4785
974	塗替塗装-516	塗替塗装						主桁（上山形鋼）	x 303.59〜321.11 G2	塗替塗装範囲詳細図		DWG の図から（測量前）	塗替塗装 x 303.59〜321.11 主桁（上山形鋼） G2	ext_poly	12	319.5750,-2.6560,0.8815	319.0750,-2.6560,0.8815	319.0750,-2.6560,0.8665	319.5750,-2.6560,0.8665	320.0750,-2.6560,0.8665	320.5750,-2.6560,0.8665	321.0750,-2.6560,0.8665	321.1100,-2.6560,0.8665	321.1100,-2.6560,0.8815	321.0750,-2.6560,0.8815	320.5750,-2.6560,0.8815	320.0750,-2.6560,0.8815	319.5750,-2.5060,0.8815	319.0750,-2.5060,0.8815	319.0750,-2.5060,0.8665	319.5750,-2.5060,0.8665	320.0750,-2.5060,0.8665	320.5750,-2.5060,0.8665	321.0750,-2.5060,0.8665	321.1100,-2.5060,0.8665	321.1100,-2.5060,0.8815	321.0750,-2.5060,0.8815	320.5750,-2.5060,0.8815	320.0750,-2.5060,0.8815
975	塗替塗装-517	塗替塗装						主桁（上山形鋼）	x 303.59〜321.11 G2	塗替塗装範囲詳細図		DWG の図から（測量前）	塗替塗装 x 303.59〜321.11 主桁（上山形鋼） G2	ext_poly	12	319.5750,-2.5210,0.8665	319.0750,-2.5210,0.8665	319.0750,-2.5210,0.7315	319.5750,-2.5210,0.7315	320.0750,-2.5210,0.7315	320.5750,-2.5210,0.7315	321.0750,-2.5210,0.7315	321.1100,-2.5210,0.7315	321.1100,-2.5210,0.8665	321.0750,-2.5210,0.8665	320.5750,-2.5210,0.8665	320.0750,-2.5210,0.8665	319.5750,-2.5060,0.8665	319.0750,-2.5060,0.8665	319.0750,-2.5060,0.7315	319.5750,-2.5060,0.7315	320.0750,-2.5060,0.7315	320.5750,-2.5060,0.7315	321.0750,-2.5060,0.7315	321.1100,-2.5060,0.7315	321.1100,-2.5060,0.8665	321.0750,-2.5060,0.8665	320.5750,-2.5060,0.8665	320.0750,-2.5060,0.8665
976	塗替塗装-518	塗替塗装						主桁（下山形鋼）	x 303.59〜321.11 G2	塗替塗装範囲詳細図		DWG の図から（測量前）	塗替塗装 x 303.59〜321.11 主桁（下山形鋼） G2	ext_poly	12	319.5750,-2.6560,-0.6135	319.0750,-2.6560,-0.6135	319.0750,-2.6560,-0.6285	319.5750,-2.6560,-0.6285	320.0750,-2.6560,-0.6285	320.5750,-2.6560,-0.6285	321.0750,-2.6560,-0.6285	321.1100,-2.6560,-0.6285	321.1100,-2.6560,-0.6135	321.0750,-2.6560,-0.6135	320.5750,-2.6560,-0.6135	320.0750,-2.6560,-0.6135	319.5750,-2.5060,-0.6135	319.0750,-2.5060,-0.6135	319.0750,-2.5060,-0.6285	319.5750,-2.5060,-0.6285	320.0750,-2.5060,-0.6285	320.5750,-2.5060,-0.6285	321.0750,-2.5060,-0.6285	321.1100,-2.5060,-0.6285	321.1100,-2.5060,-0.6135	321.0750,-2.5060,-0.6135	320.5750,-2.5060,-0.6135	320.0750,-2.5060,-0.6135
977	塗替塗装-519	塗替塗装						主桁（下山形鋼）	x 303.59〜321.11 G2	塗替塗装範囲詳細図		DWG の図から（測量前）	塗替塗装 x 303.59〜321.11 主桁（下山形鋼） G2	ext_poly	12	319.5750,-2.5210,-0.4785	319.0750,-2.5210,-0.4785	319.0750,-2.5210,-0.6135	319.5750,-2.5210,-0.6135	320.0750,-2.5210,-0.6135	320.5750,-2.5210,-0.6135	321.0750,-2.5210,-0.6135	321.1100,-2.5210,-0.6135	321.1100,-2.5210,-0.4785	321.0750,-2.5210,-0.4785	320.5750,-2.5210,-0.4785	320.0750,-2.5210,-0.4785	319.5750,-2.5060,-0.4785	319.0750,-2.5060,-0.4785	319.0750,-2.5060,-0.6135	319.5750,-2.5060,-0.6135	320.0750,-2.5060,-0.6135	320.5750,-2.5060,-0.6135	321.0750,-2.5060,-0.6135	321.1100,-2.5060,-0.6135	321.1100,-2.5060,-0.4785	321.0750,-2.5060,-0.4785	320.5750,-2.5060,-0.4785	320.0750,-2.5060,-0.4785
978	塗替塗装-520	塗替塗装						中間部横桁	x 303.59〜321.11 x 305.32	塗替塗装範囲詳細図		DWG の図から（測量前）	塗替塗装 x 303.59〜321.11 横桁 x 305.30	ext_poly	4	305.3205,-2.4935,0.6685	305.3295,-2.4935,0.6685	305.3295,2.4935,0.6685	305.3205,2.4935,0.6685	305.3205,-2.4935,-0.0915	305.3295,-2.4935,-0.0915	305.3295,2.4935,-0.0915	305.3205,2.4935,-0.0915
979	塗替塗装-521	塗替塗装						中間部横桁	x 303.59〜321.11 x 305.37	塗替塗装範囲詳細図		DWG の図から（測量前）	塗替塗装 x 303.59〜321.11 横桁 x 305.40	ext_poly	4	305.3295,-2.4935,0.6685	305.4195,-2.4935,0.6685	305.4195,2.4935,0.6685	305.3295,2.4935,0.6685	305.3295,-2.4935,0.6585	305.4195,-2.4935,0.6585	305.4195,2.4935,0.6585	305.3295,2.4935,0.6585
980	塗替塗装-522	塗替塗装						中間部横桁	x 303.59〜321.11 x 305.33	塗替塗装範囲詳細図		DWG の図から（測量前）	塗替塗装 x 303.59〜321.11 横桁 x 305.30	ext_poly	4	305.3295,-2.4935,0.6685	305.3395,-2.4935,0.6685	305.3395,2.4935,0.6685	305.3295,2.4935,0.6685	305.3295,-2.4935,0.5785	305.3395,-2.4935,0.5785	305.3395,2.4935,0.5785	305.3295,2.4935,0.5785
981	塗替塗装-523	塗替塗装						中間部横桁	x 303.59〜321.11 x 305.37	塗替塗装範囲詳細図		DWG の図から（測量前）	塗替塗装 x 303.59〜321.11 横桁 x 305.40	ext_poly	4	305.3295,-2.4935,-0.0815	305.4195,-2.4935,-0.0815	305.4195,2.4935,-0.0815	305.3295,2.4935,-0.0815	305.3295,-2.4935,-0.0915	305.4195,-2.4935,-0.0915	305.4195,2.4935,-0.0915	305.3295,2.4935,-0.0915
982	塗替塗装-524	塗替塗装						中間部横桁	x 303.59〜321.11 x 305.33	塗替塗装範囲詳細図		DWG の図から（測量前）	塗替塗装 x 303.59〜321.11 横桁 x 305.30	ext_poly	4	305.3295,-2.4935,-0.0015	305.3395,-2.4935,-0.0015	305.3395,2.4935,-0.0015	305.3295,2.4935,-0.0015	305.3295,-2.4935,-0.0915	305.3395,-2.4935,-0.0915	305.3395,2.4935,-0.0915	305.3295,2.4935,-0.0915
983	塗替塗装-525	塗替塗装						中間部横桁	x 303.59〜321.11 x 305.28	塗替塗装範囲詳細図		DWG の図から（測量前）	塗替塗装 x 303.59〜321.11 横桁 x 305.30	ext_poly	4	305.2305,-2.4935,0.6685	305.3205,-2.4935,0.6685	305.3205,2.4935,0.6685	305.2305,2.4935,0.6685	305.2305,-2.4935,0.6585	305.3205,-2.4935,0.6585	305.3205,2.4935,0.6585	305.2305,2.4935,0.6585
984	塗替塗装-526	塗替塗装						中間部横桁	x 303.59〜321.11 x 305.32	塗替塗装範囲詳細図		DWG の図から（測量前）	塗替塗装 x 303.59〜321.11 横桁 x 305.30	ext_poly	4	305.3105,-2.4935,0.6685	305.3205,-2.4935,0.6685	305.3205,2.4935,0.6685	305.3105,2.4935,0.6685	305.3105,-2.4935,0.5785	305.3205,-2.4935,0.5785	305.3205,2.4935,0.5785	305.3105,2.4935,0.5785
985	塗替塗装-527	塗替塗装						中間部横桁	x 303.59〜321.11 x 305.28	塗替塗装範囲詳細図		DWG の図から（測量前）	塗替塗装 x 303.59〜321.11 横桁 x 305.30	ext_poly	4	305.2305,-2.4935,-0.0815	305.3205,-2.4935,-0.0815	305.3205,2.4935,-0.0815	305.2305,2.4935,-0.0815	305.2305,-2.4935,-0.0915	305.3205,-2.4935,-0.0915	305.3205,2.4935,-0.0915	305.2305,2.4935,-0.0915
986	塗替塗装-528	塗替塗装						中間部横桁	x 303.59〜321.11 x 305.32	塗替塗装範囲詳細図		DWG の図から（測量前）	塗替塗装 x 303.59〜321.11 横桁 x 305.30	ext_poly	4	305.3105,-2.4935,-0.0015	305.3205,-2.4935,-0.0015	305.3205,2.4935,-0.0015	305.3105,2.4935,-0.0015	305.3105,-2.4935,-0.0915	305.3205,-2.4935,-0.0915	305.3205,2.4935,-0.0915	305.3105,2.4935,-0.0915
987	塗替塗装-529	塗替塗装						中間部横桁	x 303.59〜321.11 x 305.95	塗替塗装範囲詳細図		DWG の図から（測量前）	塗替塗装 x 303.59〜321.11 横桁 x 306.00	ext_poly	4	305.9455,-2.4935,0.6685	305.9545,-2.4935,0.6685	305.9545,2.4935,0.6685	305.9455,2.4935,0.6685	305.9455,-2.4935,-0.0915	305.9545,-2.4935,-0.0915	305.9545,2.4935,-0.0915	305.9455,2.4935,-0.0915
988	塗替塗装-530	塗替塗装						中間部横桁	x 303.59〜321.11 x 306.00	塗替塗装範囲詳細図		DWG の図から（測量前）	塗替塗装 x 303.59〜321.11 横桁 x 306.00	ext_poly	4	305.9545,-2.4935,0.6685	306.0445,-2.4935,0.6685	306.0445,2.4935,0.6685	305.9545,2.4935,0.6685	305.9545,-2.4935,0.6585	306.0445,-2.4935,0.6585	306.0445,2.4935,0.6585	305.9545,2.4935,0.6585
989	塗替塗装-531	塗替塗装						中間部横桁	x 303.59〜321.11 x 305.96	塗替塗装範囲詳細図		DWG の図から（測量前）	塗替塗装 x 303.59〜321.11 横桁 x 306.00	ext_poly	4	305.9545,-2.4935,0.6685	305.9645,-2.4935,0.6685	305.9645,2.4935,0.6685	305.9545,2.4935,0.6685	305.9545,-2.4935,0.5785	305.9645,-2.4935,0.5785	305.9645,2.4935,0.5785	305.9545,2.4935,0.5785
990	塗替塗装-532	塗替塗装						中間部横桁	x 303.59〜321.11 x 306.00	塗替塗装範囲詳細図		DWG の図から（測量前）	塗替塗装 x 303.59〜321.11 横桁 x 306.00	ext_poly	4	305.9545,-2.4935,-0.0815	306.0445,-2.4935,-0.0815	306.0445,2.4935,-0.0815	305.9545,2.4935,-0.0815	305.9545,-2.4935,-0.0915	306.0445,-2.4935,-0.0915	306.0445,2.4935,-0.0915	305.9545,2.4935,-0.0915
991	塗替塗装-533	塗替塗装						中間部横桁	x 303.59〜321.11 x 305.96	塗替塗装範囲詳細図		DWG の図から（測量前）	塗替塗装 x 303.59〜321.11 横桁 x 306.00	ext_poly	4	305.9545,-2.4935,-0.0015	305.9645,-2.4935,-0.0015	305.9645,2.4935,-0.0015	305.9545,2.4935,-0.0015	305.9545,-2.4935,-0.0915	305.9645,-2.4935,-0.0915	305.9645,2.4935,-0.0915	305.9545,2.4935,-0.0915
992	塗替塗装-534	塗替塗装						中間部横桁	x 303.59〜321.11 x 305.90	塗替塗装範囲詳細図		DWG の図から（測量前）	塗替塗装 x 303.59〜321.11 横桁 x 305.90	ext_poly	4	305.8555,-2.4935,0.6685	305.9455,-2.4935,0.6685	305.9455,2.4935,0.6685	305.8555,2.4935,0.6685	305.8555,-2.4935,0.6585	305.9455,-2.4935,0.6585	305.9455,2.4935,0.6585	305.8555,2.4935,0.6585
993	塗替塗装-535	塗替塗装						中間部横桁	x 303.59〜321.11 x 305.94	塗替塗装範囲詳細図		DWG の図から（測量前）	塗替塗装 x 303.59〜321.11 横桁 x 305.90	ext_poly	4	305.9355,-2.4935,0.6685	305.9455,-2.4935,0.6685	305.9455,2.4935,0.6685	305.9355,2.4935,0.6685	305.9355,-2.4935,0.5785	305.9455,-2.4935,0.5785	305.9455,2.4935,0.5785	305.9355,2.4935,0.5785
994	塗替塗装-536	塗替塗装						中間部横桁	x 303.59〜321.11 x 305.90	塗替塗装範囲詳細図		DWG の図から（測量前）	塗替塗装 x 303.59〜321.11 横桁 x 305.90	ext_poly	4	305.8555,-2.4935,-0.0815	305.9455,-2.4935,-0.0815	305.9455,2.4935,-0.0815	305.8555,2.4935,-0.0815	305.8555,-2.4935,-0.0915	305.9455,-2.4935,-0.0915	305.9455,2.4935,-0.0915	305.8555,2.4935,-0.0915
995	塗替塗装-537	塗替塗装						中間部横桁	x 303.59〜321.11 x 305.94	塗替塗装範囲詳細図		DWG の図から（測量前）	塗替塗装 x 303.59〜321.11 横桁 x 305.90	ext_poly	4	305.9355,-2.4935,-0.0015	305.9455,-2.4935,-0.0015	305.9455,2.4935,-0.0015	305.9355,2.4935,-0.0015	305.9355,-2.4935,-0.0915	305.9455,-2.4935,-0.0915	305.9455,2.4935,-0.0915	305.9355,2.4935,-0.0915
996	塗替塗装-538	塗替塗装						中間部横桁	x 303.59〜321.11 x 309.15	塗替塗装範囲詳細図		DWG の図から（測量前）	塗替塗装 x 303.59〜321.11 横桁 x 309.20	ext_poly	4	309.1455,-2.4935,0.6685	309.1545,-2.4935,0.6685	309.1545,2.4935,0.6685	309.1455,2.4935,0.6685	309.1455,-2.4935,-0.0915	309.1545,-2.4935,-0.0915	309.1545,2.4935,-0.0915	309.1455,2.4935,-0.0915
997	塗替塗装-539	塗替塗装						中間部横桁	x 303.59〜321.11 x 309.20	塗替塗装範囲詳細図		DWG の図から（測量前）	塗替塗装 x 303.59〜321.11 横桁 x 309.20	ext_poly	4	309.1545,-2.4935,0.6685	309.2445,-2.4935,0.6685	309.2445,2.4935,0.6685	309.1545,2.4935,0.6685	309.1545,-2.4935,0.6585	309.2445,-2.4935,0.6585	309.2445,2.4935,0.6585	309.1545,2.4935,0.6585
998	塗替塗装-540	塗替塗装						中間部横桁	x 303.59〜321.11 x 309.16	塗替塗装範囲詳細図		DWG の図から（測量前）	塗替塗装 x 303.59〜321.11 横桁 x 309.20	ext_poly	4	309.1545,-2.4935,0.6685	309.1645,-2.4935,0.6685	309.1645,2.4935,0.6685	309.1545,2.4935,0.6685	309.1545,-2.4935,0.5785	309.1645,-2.4935,0.5785	309.1645,2.4935,0.5785	309.1545,2.4935,0.5785
999	塗替塗装-541	塗替塗装						中間部横桁	x 303.59〜321.11 x 309.20	塗替塗装範囲詳細図		DWG の図から（測量前）	塗替塗装 x 303.59〜321.11 横桁 x 309.20	ext_poly	4	309.1545,-2.4935,-0.0815	309.2445,-2.4935,-0.0815	309.2445,2.4935,-0.0815	309.1545,2.4935,-0.0815	309.1545,-2.4935,-0.0915	309.2445,-2.4935,-0.0915	309.2445,2.4935,-0.0915	309.1545,2.4935,-0.0915
1000	塗替塗装-542	塗替塗装						中間部横桁	x 303.59〜321.11 x 309.16	塗替塗装範囲詳細図		DWG の図から（測量前）	塗替塗装 x 303.59〜321.11 横桁 x 309.20	ext_poly	4	309.1545,-2.4935,-0.0015	309.1645,-2.4935,-0.0015	309.1645,2.4935,-0.0015	309.1545,2.4935,-0.0015	309.1545,-2.4935,-0.0915	309.1645,-2.4935,-0.0915	309.1645,2.4935,-0.0915	309.1545,2.4935,-0.0915
1001	塗替塗装-543	塗替塗装						中間部横桁	x 303.59〜321.11 x 309.10	塗替塗装範囲詳細図		DWG の図から（測量前）	塗替塗装 x 303.59〜321.11 横桁 x 309.10	ext_poly	4	309.0555,-2.4935,0.6685	309.1455,-2.4935,0.6685	309.1455,2.4935,0.6685	309.0555,2.4935,0.6685	309.0555,-2.4935,0.6585	309.1455,-2.4935,0.6585	309.1455,2.4935,0.6585	309.0555,2.4935,0.6585
1002	塗替塗装-544	塗替塗装						中間部横桁	x 303.59〜321.11 x 309.14	塗替塗装範囲詳細図		DWG の図から（測量前）	塗替塗装 x 303.59〜321.11 横桁 x 309.10	ext_poly	4	309.1355,-2.4935,0.6685	309.1455,-2.4935,0.6685	309.1455,2.4935,0.6685	309.1355,2.4935,0.6685	309.1355,-2.4935,0.5785	309.1455,-2.4935,0.5785	309.1455,2.4935,0.5785	309.1355,2.4935,0.5785
1003	塗替塗装-545	塗替塗装						中間部横桁	x 303.59〜321.11 x 309.10	塗替塗装範囲詳細図		DWG の図から（測量前）	塗替塗装 x 303.59〜321.11 横桁 x 309.10	ext_poly	4	309.0555,-2.4935,-0.0815	309.1455,-2.4935,-0.0815	309.1455,2.4935,-0.0815	309.0555,2.4935,-0.0815	309.0555,-2.4935,-0.0915	309.1455,-2.4935,-0.0915	309.1455,2.4935,-0.0915	309.0555,2.4935,-0.0915
1004	塗替塗装-546	塗替塗装						中間部横桁	x 303.59〜321.11 x 309.14	塗替塗装範囲詳細図		DWG の図から（測量前）	塗替塗装 x 303.59〜321.11 横桁 x 309.10	ext_poly	4	309.1355,-2.4935,-0.0015	309.1455,-2.4935,-0.0015	309.1455,2.4935,-0.0015	309.1355,2.4935,-0.0015	309.1355,-2.4935,-0.0915	309.1455,-2.4935,-0.0915	309.1455,2.4935,-0.0915	309.1355,2.4935,-0.0915
1005	塗替塗装-547	塗替塗装						中間部横桁	x 303.59〜321.11 x 312.35	塗替塗装範囲詳細図		DWG の図から（測量前）	塗替塗装 x 303.59〜321.11 横桁 x 312.40	ext_poly	4	312.3455,-2.4935,0.6685	312.3545,-2.4935,0.6685	312.3545,2.4935,0.6685	312.3455,2.4935,0.6685	312.3455,-2.4935,-0.0915	312.3545,-2.4935,-0.0915	312.3545,2.4935,-0.0915	312.3455,2.4935,-0.0915
1006	塗替塗装-548	塗替塗装						中間部横桁	x 303.59〜321.11 x 312.40	塗替塗装範囲詳細図		DWG の図から（測量前）	塗替塗装 x 303.59〜321.11 横桁 x 312.40	ext_poly	4	312.3545,-2.4935,0.6685	312.4445,-2.4935,0.6685	312.4445,2.4935,0.6685	312.3545,2.4935,0.6685	312.3545,-2.4935,0.6585	312.4445,-2.4935,0.6585	312.4445,2.4935,0.6585	312.3545,2.4935,0.6585
1007	塗替塗装-549	塗替塗装						中間部横桁	x 303.59〜321.11 x 312.36	塗替塗装範囲詳細図		DWG の図から（測量前）	塗替塗装 x 303.59〜321.11 横桁 x 312.40	ext_poly	4	312.3545,-2.4935,0.6685	312.3645,-2.4935,0.6685	312.3645,2.4935,0.6685	312.3545,2.4935,0.6685	312.3545,-2.4935,0.5785	312.3645,-2.4935,0.5785	312.3645,2.4935,0.5785	312.3545,2.4935,0.5785
1008	塗替塗装-550	塗替塗装						中間部横桁	x 303.59〜321.11 x 312.40	塗替塗装範囲詳細図		DWG の図から（測量前）	塗替塗装 x 303.59〜321.11 横桁 x 312.40	ext_poly	4	312.3545,-2.4935,-0.0815	312.4445,-2.4935,-0.0815	312.4445,2.4935,-0.0815	312.3545,2.4935,-0.0815	312.3545,-2.4935,-0.0915	312.4445,-2.4935,-0.0915	312.4445,2.4935,-0.0915	312.3545,2.4935,-0.0915
1009	塗替塗装-551	塗替塗装						中間部横桁	x 303.59〜321.11 x 312.36	塗替塗装範囲詳細図		DWG の図から（測量前）	塗替塗装 x 303.59〜321.11 横桁 x 312.40	ext_poly	4	312.3545,-2.4935,-0.0015	312.3645,-2.4935,-0.0015	312.3645,2.4935,-0.0015	312.3545,2.4935,-0.0015	312.3545,-2.4935,-0.0915	312.3645,-2.4935,-0.0915	312.3645,2.4935,-0.0915	312.3545,2.4935,-0.0915
1010	塗替塗装-552	塗替塗装						中間部横桁	x 303.59〜321.11 x 312.30	塗替塗装範囲詳細図		DWG の図から（測量前）	塗替塗装 x 303.59〜321.11 横桁 x 312.30	ext_poly	4	312.2555,-2.4935,0.6685	312.3455,-2.4935,0.6685	312.3455,2.4935,0.6685	312.2555,2.4935,0.6685	312.2555,-2.4935,0.6585	312.3455,-2.4935,0.6585	312.3455,2.4935,0.6585	312.2555,2.4935,0.6585
1011	塗替塗装-553	塗替塗装						中間部横桁	x 303.59〜321.11 x 312.34	塗替塗装範囲詳細図		DWG の図から（測量前）	塗替塗装 x 303.59〜321.11 横桁 x 312.30	ext_poly	4	312.3355,-2.4935,0.6685	312.3455,-2.4935,0.6685	312.3455,2.4935,0.6685	312.3355,2.4935,0.6685	312.3355,-2.4935,0.5785	312.3455,-2.4935,0.5785	312.3455,2.4935,0.5785	312.3355,2.4935,0.5785
1012	塗替塗装-554	塗替塗装						中間部横桁	x 303.59〜321.11 x 312.30	塗替塗装範囲詳細図		DWG の図から（測量前）	塗替塗装 x 303.59〜321.11 横桁 x 312.30	ext_poly	4	312.2555,-2.4935,-0.0815	312.3455,-2.4935,-0.0815	312.3455,2.4935,-0.0815	312.2555,2.4935,-0.0815	312.2555,-2.4935,-0.0915	312.3455,-2.4935,-0.0915	312.3455,2.4935,-0.0915	312.2555,2.4935,-0.0915
1013	塗替塗装-555	塗替塗装						中間部横桁	x 303.59〜321.11 x 312.34	塗替塗装範囲詳細図		DWG の図から（測量前）	塗替塗装 x 303.59〜321.11 横桁 x 312.30	ext_poly	4	312.3355,-2.4935,-0.0015	312.3455,-2.4935,-0.0015	312.3455,2.4935,-0.0015	312.3355,2.4935,-0.0015	312.3355,-2.4935,-0.0915	312.3455,-2.4935,-0.0915	312.3455,2.4935,-0.0915	312.3355,2.4935,-0.0915
1014	塗替塗装-556	塗替塗装						中間部横桁	x 303.59〜321.11 x 315.55	塗替塗装範囲詳細図		DWG の図から（測量前）	塗替塗装 x 303.59〜321.11 横桁 x 315.60	ext_poly	4	315.5455,-2.4935,0.6685	315.5545,-2.4935,0.6685	315.5545,2.4935,0.6685	315.5455,2.4935,0.6685	315.5455,-2.4935,-0.0915	315.5545,-2.4935,-0.0915	315.5545,2.4935,-0.0915	315.5455,2.4935,-0.0915
1015	塗替塗装-557	塗替塗装						中間部横桁	x 303.59〜321.11 x 315.60	塗替塗装範囲詳細図		DWG の図から（測量前）	塗替塗装 x 303.59〜321.11 横桁 x 315.60	ext_poly	4	315.5545,-2.4935,0.6685	315.6445,-2.4935,0.6685	315.6445,2.4935,0.6685	315.5545,2.4935,0.6685	315.5545,-2.4935,0.6585	315.6445,-2.4935,0.6585	315.6445,2.4935,0.6585	315.5545,2.4935,0.6585
1016	塗替塗装-558	塗替塗装						中間部横桁	x 303.59〜321.11 x 315.56	塗替塗装範囲詳細図		DWG の図から（測量前）	塗替塗装 x 303.59〜321.11 横桁 x 315.60	ext_poly	4	315.5545,-2.4935,0.6685	315.5645,-2.4935,0.6685	315.5645,2.4935,0.6685	315.5545,2.4935,0.6685	315.5545,-2.4935,0.5785	315.5645,-2.4935,0.5785	315.5645,2.4935,0.5785	315.5545,2.4935,0.5785
1017	塗替塗装-559	塗替塗装						中間部横桁	x 303.59〜321.11 x 315.60	塗替塗装範囲詳細図		DWG の図から（測量前）	塗替塗装 x 303.59〜321.11 横桁 x 315.60	ext_poly	4	315.5545,-2.4935,-0.0815	315.6445,-2.4935,-0.0815	315.6445,2.4935,-0.0815	315.5545,2.4935,-0.0815	315.5545,-2.4935,-0.0915	315.6445,-2.4935,-0.0915	315.6445,2.4935,-0.0915	315.5545,2.4935,-0.0915
1018	塗替塗装-560	塗替塗装						中間部横桁	x 303.59〜321.11 x 315.56	塗替塗装範囲詳細図		DWG の図から（測量前）	塗替塗装 x 303.59〜321.11 横桁 x 315.60	ext_poly	4	315.5545,-2.4935,-0.0015	315.5645,-2.4935,-0.0015	315.5645,2.4935,-0.0015	315.5545,2.4935,-0.0015	315.5545,-2.4935,-0.0915	315.5645,-2.4935,-0.0915	315.5645,2.4935,-0.0915	315.5545,2.4935,-0.0915
1019	塗替塗装-561	塗替塗装						中間部横桁	x 303.59〜321.11 x 315.50	塗替塗装範囲詳細図		DWG の図から（測量前）	塗替塗装 x 303.59〜321.11 横桁 x 315.50	ext_poly	4	315.4555,-2.4935,0.6685	315.5455,-2.4935,0.6685	315.5455,2.4935,0.6685	315.4555,2.4935,0.6685	315.4555,-2.4935,0.6585	315.5455,-2.4935,0.6585	315.5455,2.4935,0.6585	315.4555,2.4935,0.6585
1020	塗替塗装-562	塗替塗装						中間部横桁	x 303.59〜321.11 x 315.54	塗替塗装範囲詳細図		DWG の図から（測量前）	塗替塗装 x 303.59〜321.11 横桁 x 315.50	ext_poly	4	315.5355,-2.4935,0.6685	315.5455,-2.4935,0.6685	315.5455,2.4935,0.6685	315.5355,2.4935,0.6685	315.5355,-2.4935,0.5785	315.5455,-2.4935,0.5785	315.5455,2.4935,0.5785	315.5355,2.4935,0.5785
1021	塗替塗装-563	塗替塗装						中間部横桁	x 303.59〜321.11 x 315.50	塗替塗装範囲詳細図		DWG の図から（測量前）	塗替塗装 x 303.59〜321.11 横桁 x 315.50	ext_poly	4	315.4555,-2.4935,-0.0815	315.5455,-2.4935,-0.0815	315.5455,2.4935,-0.0815	315.4555,2.4935,-0.0815	315.4555,-2.4935,-0.0915	315.5455,-2.4935,-0.0915	315.5455,2.4935,-0.0915	315.4555,2.4935,-0.0915
1022	塗替塗装-564	塗替塗装						中間部横桁	x 303.59〜321.11 x 315.54	塗替塗装範囲詳細図		DWG の図から（測量前）	塗替塗装 x 303.59〜321.11 横桁 x 315.50	ext_poly	4	315.5355,-2.4935,-0.0015	315.5455,-2.4935,-0.0015	315.5455,2.4935,-0.0015	315.5355,2.4935,-0.0015	315.5355,-2.4935,-0.0915	315.5455,-2.4935,-0.0915	315.5455,2.4935,-0.0915	315.5355,2.4935,-0.0915
1023	塗替塗装-565	塗替塗装						中間部横桁	x 303.59〜321.11 x 318.75	塗替塗装範囲詳細図		DWG の図から（測量前）	塗替塗装 x 303.59〜321.11 横桁 x 318.80	ext_poly	4	318.7455,-2.4935,0.6685	318.7545,-2.4935,0.6685	318.7545,2.4935,0.6685	318.7455,2.4935,0.6685	318.7455,-2.4935,-0.0915	318.7545,-2.4935,-0.0915	318.7545,2.4935,-0.0915	318.7455,2.4935,-0.0915
1024	塗替塗装-566	塗替塗装						中間部横桁	x 303.59〜321.11 x 318.80	塗替塗装範囲詳細図		DWG の図から（測量前）	塗替塗装 x 303.59〜321.11 横桁 x 318.80	ext_poly	4	318.7545,-2.4935,0.6685	318.8445,-2.4935,0.6685	318.8445,2.4935,0.6685	318.7545,2.4935,0.6685	318.7545,-2.4935,0.6585	318.8445,-2.4935,0.6585	318.8445,2.4935,0.6585	318.7545,2.4935,0.6585
1025	塗替塗装-567	塗替塗装						中間部横桁	x 303.59〜321.11 x 318.76	塗替塗装範囲詳細図		DWG の図から（測量前）	塗替塗装 x 303.59〜321.11 横桁 x 318.80	ext_poly	4	318.7545,-2.4935,0.6685	318.7645,-2.4935,0.6685	318.7645,2.4935,0.6685	318.7545,2.4935,0.6685	318.7545,-2.4935,0.5785	318.7645,-2.4935,0.5785	318.7645,2.4935,0.5785	318.7545,2.4935,0.5785
1026	塗替塗装-568	塗替塗装						中間部横桁	x 303.59〜321.11 x 318.80	塗替塗装範囲詳細図		DWG の図から（測量前）	塗替塗装 x 303.59〜321.11 横桁 x 318.80	ext_poly	4	318.7545,-2.4935,-0.0815	318.8445,-2.4935,-0.0815	318.8445,2.4935,-0.0815	318.7545,2.4935,-0.0815	318.7545,-2.4935,-0.0915	318.8445,-2.4935,-0.0915	318.8445,2.4935,-0.0915	318.7545,2.4935,-0.0915
1027	塗替塗装-569	塗替塗装						中間部横桁	x 303.59〜321.11 x 318.76	塗替塗装範囲詳細図		DWG の図から（測量前）	塗替塗装 x 303.59〜321.11 横桁 x 318.80	ext_poly	4	318.7545,-2.4935,-0.0015	318.7645,-2.4935,-0.0015	318.7645,2.4935,-0.0015	318.7545,2.4935,-0.0015	318.7545,-2.4935,-0.0915	318.7645,-2.4935,-0.0915	318.7645,2.4935,-0.0915	318.7545,2.4935,-0.0915
1028	塗替塗装-570	塗替塗装						中間部横桁	x 303.59〜321.11 x 318.70	塗替塗装範囲詳細図		DWG の図から（測量前）	塗替塗装 x 303.59〜321.11 横桁 x 318.70	ext_poly	4	318.6555,-2.4935,0.6685	318.7455,-2.4935,0.6685	318.7455,2.4935,0.6685	318.6555,2.4935,0.6685	318.6555,-2.4935,0.6585	318.7455,-2.4935,0.6585	318.7455,2.4935,0.6585	318.6555,2.4935,0.6585
1029	塗替塗装-571	塗替塗装						中間部横桁	x 303.59〜321.11 x 318.74	塗替塗装範囲詳細図		DWG の図から（測量前）	塗替塗装 x 303.59〜321.11 横桁 x 318.70	ext_poly	4	318.7355,-2.4935,0.6685	318.7455,-2.4935,0.6685	318.7455,2.4935,0.6685	318.7355,2.4935,0.6685	318.7355,-2.4935,0.5785	318.7455,-2.4935,0.5785	318.7455,2.4935,0.5785	318.7355,2.4935,0.5785
1030	塗替塗装-572	塗替塗装						中間部横桁	x 303.59〜321.11 x 318.70	塗替塗装範囲詳細図		DWG の図から（測量前）	塗替塗装 x 303.59〜321.11 横桁 x 318.70	ext_poly	4	318.6555,-2.4935,-0.0815	318.7455,-2.4935,-0.0815	318.7455,2.4935,-0.0815	318.6555,2.4935,-0.0815	318.6555,-2.4935,-0.0915	318.7455,-2.4935,-0.0915	318.7455,2.4935,-0.0915	318.6555,2.4935,-0.0915
1031	塗替塗装-573	塗替塗装						中間部横桁	x 303.59〜321.11 x 318.74	塗替塗装範囲詳細図		DWG の図から（測量前）	塗替塗装 x 303.59〜321.11 横桁 x 318.70	ext_poly	4	318.7355,-2.4935,-0.0015	318.7455,-2.4935,-0.0015	318.7455,2.4935,-0.0015	318.7355,2.4935,-0.0015	318.7355,-2.4935,-0.0915	318.7455,-2.4935,-0.0915	318.7455,2.4935,-0.0915	318.7355,2.4935,-0.0915
1032	塗替塗装-574	塗替塗装						中間部横桁	x 303.59〜321.11 x 319.38	塗替塗装範囲詳細図		DWG の図から（測量前）	塗替塗装 x 303.59〜321.11 横桁 x 319.40	ext_poly	4	319.3705,-2.4935,0.6685	319.3795,-2.4935,0.6685	319.3795,2.4935,0.6685	319.3705,2.4935,0.6685	319.3705,-2.4935,-0.0915	319.3795,-2.4935,-0.0915	319.3795,2.4935,-0.0915	319.3705,2.4935,-0.0915
1033	塗替塗装-575	塗替塗装						中間部横桁	x 303.59〜321.11 x 319.42	塗替塗装範囲詳細図		DWG の図から（測量前）	塗替塗装 x 303.59〜321.11 横桁 x 319.40	ext_poly	4	319.3795,-2.4935,0.6685	319.4695,-2.4935,0.6685	319.4695,2.4935,0.6685	319.3795,2.4935,0.6685	319.3795,-2.4935,0.6585	319.4695,-2.4935,0.6585	319.4695,2.4935,0.6585	319.3795,2.4935,0.6585
1034	塗替塗装-576	塗替塗装						中間部横桁	x 303.59〜321.11 x 319.38	塗替塗装範囲詳細図		DWG の図から（測量前）	塗替塗装 x 303.59〜321.11 横桁 x 319.40	ext_poly	4	319.3795,-2.4935,0.6685	319.3895,-2.4935,0.6685	319.3895,2.4935,0.6685	319.3795,2.4935,0.6685	319.3795,-2.4935,0.5785	319.3895,-2.4935,0.5785	319.3895,2.4935,0.5785	319.3795,2.4935,0.5785
1035	塗替塗装-577	塗替塗装						中間部横桁	x 303.59〜321.11 x 319.42	塗替塗装範囲詳細図		DWG の図から（測量前）	塗替塗装 x 303.59〜321.11 横桁 x 319.40	ext_poly	4	319.3795,-2.4935,-0.0815	319.4695,-2.4935,-0.0815	319.4695,2.4935,-0.0815	319.3795,2.4935,-0.0815	319.3795,-2.4935,-0.0915	319.4695,-2.4935,-0.0915	319.4695,2.4935,-0.0915	319.3795,2.4935,-0.0915
1036	塗替塗装-578	塗替塗装						中間部横桁	x 303.59〜321.11 x 319.38	塗替塗装範囲詳細図		DWG の図から（測量前）	塗替塗装 x 303.59〜321.11 横桁 x 319.40	ext_poly	4	319.3795,-2.4935,-0.0015	319.3895,-2.4935,-0.0015	319.3895,2.4935,-0.0015	319.3795,2.4935,-0.0015	319.3795,-2.4935,-0.0915	319.3895,-2.4935,-0.0915	319.3895,2.4935,-0.0915	319.3795,2.4935,-0.0915
1037	塗替塗装-579	塗替塗装						中間部横桁	x 303.59〜321.11 x 319.33	塗替塗装範囲詳細図		DWG の図から（測量前）	塗替塗装 x 303.59〜321.11 横桁 x 319.30	ext_poly	4	319.2805,-2.4935,0.6685	319.3705,-2.4935,0.6685	319.3705,2.4935,0.6685	319.2805,2.4935,0.6685	319.2805,-2.4935,0.6585	319.3705,-2.4935,0.6585	319.3705,2.4935,0.6585	319.2805,2.4935,0.6585
1038	塗替塗装-580	塗替塗装						中間部横桁	x 303.59〜321.11 x 319.37	塗替塗装範囲詳細図		DWG の図から（測量前）	塗替塗装 x 303.59〜321.11 横桁 x 319.40	ext_poly	4	319.3605,-2.4935,0.6685	319.3705,-2.4935,0.6685	319.3705,2.4935,0.6685	319.3605,2.4935,0.6685	319.3605,-2.4935,0.5785	319.3705,-2.4935,0.5785	319.3705,2.4935,0.5785	319.3605,2.4935,0.5785
1039	塗替塗装-581	塗替塗装						中間部横桁	x 303.59〜321.11 x 319.33	塗替塗装範囲詳細図		DWG の図から（測量前）	塗替塗装 x 303.59〜321.11 横桁 x 319.30	ext_poly	4	319.2805,-2.4935,-0.0815	319.3705,-2.4935,-0.0815	319.3705,2.4935,-0.0815	319.2805,2.4935,-0.0815	319.2805,-2.4935,-0.0915	319.3705,-2.4935,-0.0915	319.3705,2.4935,-0.0915	319.2805,2.4935,-0.0915
1040	塗替塗装-582	塗替塗装						中間部横桁	x 303.59〜321.11 x 319.37	塗替塗装範囲詳細図		DWG の図から（測量前）	塗替塗装 x 303.59〜321.11 横桁 x 319.40	ext_poly	4	319.3605,-2.4935,-0.0015	319.3705,-2.4935,-0.0015	319.3705,2.4935,-0.0015	319.3605,2.4935,-0.0015	319.3605,-2.4935,-0.0915	319.3705,-2.4935,-0.0915	319.3705,2.4935,-0.0915	319.3605,2.4935,-0.0915
1041	塗替塗装-583	塗替塗装						縦桁 H300x150	x 303.59〜321.11 	塗替塗装範囲詳細図		DWG の図から（測量前）	塗替塗装 x 303.59〜321.11 縦桁 H300x150	ext_poly	12	305.2250,-1.3250,0.5815	305.2250,-1.1750,0.5815	305.2250,-1.1750,0.5905	305.2250,-1.2468,0.5905	305.2250,-1.2468,0.8725	305.2250,-1.1750,0.8725	305.2250,-1.1750,0.8815	305.2250,-1.3250,0.8815	305.2250,-1.3250,0.8725	305.2250,-1.2532,0.8725	305.2250,-1.2532,0.5905	305.2250,-1.3250,0.5905	303.5900,-1.3250,0.5815	303.5900,-1.1750,0.5815	303.5900,-1.1750,0.5905	303.5900,-1.2468,0.5905	303.5900,-1.2468,0.8725	303.5900,-1.1750,0.8725	303.5900,-1.1750,0.8815	303.5900,-1.3250,0.8815	303.5900,-1.3250,0.8725	303.5900,-1.2532,0.8725	303.5900,-1.2532,0.5905	303.5900,-1.3250,0.5905
1042	塗替塗装-584	塗替塗装						縦桁 H300x150	x 303.59〜321.11 	塗替塗装範囲詳細図		DWG の図から（測量前）	塗替塗装 x 303.59〜321.11 縦桁 H300x150	ext_poly	12	305.2250,-0.0750,0.5815	305.2250,0.0750,0.5815	305.2250,0.0750,0.5905	305.2250,0.0032,0.5905	305.2250,0.0032,0.8725	305.2250,0.0750,0.8725	305.2250,0.0750,0.8815	305.2250,-0.0750,0.8815	305.2250,-0.0750,0.8725	305.2250,-0.0032,0.8725	305.2250,-0.0032,0.5905	305.2250,-0.0750,0.5905	303.5900,-0.0750,0.5815	303.5900,0.0750,0.5815	303.5900,0.0750,0.5905	303.5900,0.0032,0.5905	303.5900,0.0032,0.8725	303.5900,0.0750,0.8725	303.5900,0.0750,0.8815	303.5900,-0.0750,0.8815	303.5900,-0.0750,0.8725	303.5900,-0.0032,0.8725	303.5900,-0.0032,0.5905	303.5900,-0.0750,0.5905
1043	塗替塗装-585	塗替塗装						縦桁 H300x150	x 303.59〜321.11 	塗替塗装範囲詳細図		DWG の図から（測量前）	塗替塗装 x 303.59〜321.11 縦桁 H300x150	ext_poly	12	305.2250,1.1750,0.5815	305.2250,1.3250,0.5815	305.2250,1.3250,0.5905	305.2250,1.2532,0.5905	305.2250,1.2532,0.8725	305.2250,1.3250,0.8725	305.2250,1.3250,0.8815	305.2250,1.1750,0.8815	305.2250,1.1750,0.8725	305.2250,1.2468,0.8725	305.2250,1.2468,0.5905	305.2250,1.1750,0.5905	303.5900,1.1750,0.5815	303.5900,1.3250,0.5815	303.5900,1.3250,0.5905	303.5900,1.2532,0.5905	303.5900,1.2532,0.8725	303.5900,1.3250,0.8725	303.5900,1.3250,0.8815	303.5900,1.1750,0.8815	303.5900,1.1750,0.8725	303.5900,1.2468,0.8725	303.5900,1.2468,0.5905	303.5900,1.1750,0.5905
1044	塗替塗装-586	塗替塗装						縦桁 H300x150	x 303.59〜321.11 	塗替塗装範囲詳細図		DWG の図から（測量前）	塗替塗装 x 303.59〜321.11 縦桁 H300x150	ext_poly	12	309.0500,-1.3250,0.5815	309.0500,-1.1750,0.5815	309.0500,-1.1750,0.5905	309.0500,-1.2468,0.5905	309.0500,-1.2468,0.8725	309.0500,-1.1750,0.8725	309.0500,-1.1750,0.8815	309.0500,-1.3250,0.8815	309.0500,-1.3250,0.8725	309.0500,-1.2532,0.8725	309.0500,-1.2532,0.5905	309.0500,-1.3250,0.5905	306.0500,-1.3250,0.5815	306.0500,-1.1750,0.5815	306.0500,-1.1750,0.5905	306.0500,-1.2468,0.5905	306.0500,-1.2468,0.8725	306.0500,-1.1750,0.8725	306.0500,-1.1750,0.8815	306.0500,-1.3250,0.8815	306.0500,-1.3250,0.8725	306.0500,-1.2532,0.8725	306.0500,-1.2532,0.5905	306.0500,-1.3250,0.5905
1045	塗替塗装-587	塗替塗装						縦桁 H300x150	x 303.59〜321.11 	塗替塗装範囲詳細図		DWG の図から（測量前）	塗替塗装 x 303.59〜321.11 縦桁 H300x150	ext_poly	12	309.0500,-0.0750,0.5815	309.0500,0.0750,0.5815	309.0500,0.0750,0.5905	309.0500,0.0032,0.5905	309.0500,0.0032,0.8725	309.0500,0.0750,0.8725	309.0500,0.0750,0.8815	309.0500,-0.0750,0.8815	309.0500,-0.0750,0.8725	309.0500,-0.0032,0.8725	309.0500,-0.0032,0.5905	309.0500,-0.0750,0.5905	306.0500,-0.0750,0.5815	306.0500,0.0750,0.5815	306.0500,0.0750,0.5905	306.0500,0.0032,0.5905	306.0500,0.0032,0.8725	306.0500,0.0750,0.8725	306.0500,0.0750,0.8815	306.0500,-0.0750,0.8815	306.0500,-0.0750,0.8725	306.0500,-0.0032,0.8725	306.0500,-0.0032,0.5905	306.0500,-0.0750,0.5905
1046	塗替塗装-588	塗替塗装						縦桁 H300x150	x 303.59〜321.11 	塗替塗装範囲詳細図		DWG の図から（測量前）	塗替塗装 x 303.59〜321.11 縦桁 H300x150	ext_poly	12	309.0500,1.1750,0.5815	309.0500,1.3250,0.5815	309.0500,1.3250,0.5905	309.0500,1.2532,0.5905	309.0500,1.2532,0.8725	309.0500,1.3250,0.8725	309.0500,1.3250,0.8815	309.0500,1.1750,0.8815	309.0500,1.1750,0.8725	309.0500,1.2468,0.8725	309.0500,1.2468,0.5905	309.0500,1.1750,0.5905	306.0500,1.1750,0.5815	306.0500,1.3250,0.5815	306.0500,1.3250,0.5905	306.0500,1.2532,0.5905	306.0500,1.2532,0.8725	306.0500,1.3250,0.8725	306.0500,1.3250,0.8815	306.0500,1.1750,0.8815	306.0500,1.1750,0.8725	306.0500,1.2468,0.8725	306.0500,1.2468,0.5905	306.0500,1.1750,0.5905
1047	塗替塗装-589	塗替塗装						縦桁 H300x150	x 303.59〜321.11 	塗替塗装範囲詳細図		DWG の図から（測量前）	塗替塗装 x 303.59〜321.11 縦桁 H300x150	ext_poly	12	312.2500,-1.3250,0.5815	312.2500,-1.1750,0.5815	312.2500,-1.1750,0.5905	312.2500,-1.2468,0.5905	312.2500,-1.2468,0.8725	312.2500,-1.1750,0.8725	312.2500,-1.1750,0.8815	312.2500,-1.3250,0.8815	312.2500,-1.3250,0.8725	312.2500,-1.2532,0.8725	312.2500,-1.2532,0.5905	312.2500,-1.3250,0.5905	309.2500,-1.3250,0.5815	309.2500,-1.1750,0.5815	309.2500,-1.1750,0.5905	309.2500,-1.2468,0.5905	309.2500,-1.2468,0.8725	309.2500,-1.1750,0.8725	309.2500,-1.1750,0.8815	309.2500,-1.3250,0.8815	309.2500,-1.3250,0.8725	309.2500,-1.2532,0.8725	309.2500,-1.2532,0.5905	309.2500,-1.3250,0.5905
1048	塗替塗装-590	塗替塗装						縦桁 H300x150	x 303.59〜321.11 	塗替塗装範囲詳細図		DWG の図から（測量前）	塗替塗装 x 303.59〜321.11 縦桁 H300x150	ext_poly	12	312.2500,-0.0750,0.5815	312.2500,0.0750,0.5815	312.2500,0.0750,0.5905	312.2500,0.0032,0.5905	312.2500,0.0032,0.8725	312.2500,0.0750,0.8725	312.2500,0.0750,0.8815	312.2500,-0.0750,0.8815	312.2500,-0.0750,0.8725	312.2500,-0.0032,0.8725	312.2500,-0.0032,0.5905	312.2500,-0.0750,0.5905	309.2500,-0.0750,0.5815	309.2500,0.0750,0.5815	309.2500,0.0750,0.5905	309.2500,0.0032,0.5905	309.2500,0.0032,0.8725	309.2500,0.0750,0.8725	309.2500,0.0750,0.8815	309.2500,-0.0750,0.8815	309.2500,-0.0750,0.8725	309.2500,-0.0032,0.8725	309.2500,-0.0032,0.5905	309.2500,-0.0750,0.5905
1049	塗替塗装-591	塗替塗装						縦桁 H300x150	x 303.59〜321.11 	塗替塗装範囲詳細図		DWG の図から（測量前）	塗替塗装 x 303.59〜321.11 縦桁 H300x150	ext_poly	12	312.2500,1.1750,0.5815	312.2500,1.3250,0.5815	312.2500,1.3250,0.5905	312.2500,1.2532,0.5905	312.2500,1.2532,0.8725	312.2500,1.3250,0.8725	312.2500,1.3250,0.8815	312.2500,1.1750,0.8815	312.2500,1.1750,0.8725	312.2500,1.2468,0.8725	312.2500,1.2468,0.5905	312.2500,1.1750,0.5905	309.2500,1.1750,0.5815	309.2500,1.3250,0.5815	309.2500,1.3250,0.5905	309.2500,1.2532,0.5905	309.2500,1.2532,0.8725	309.2500,1.3250,0.8725	309.2500,1.3250,0.8815	309.2500,1.1750,0.8815	309.2500,1.1750,0.8725	309.2500,1.2468,0.8725	309.2500,1.2468,0.5905	309.2500,1.1750,0.5905
1050	塗替塗装-592	塗替塗装						縦桁 H300x150	x 303.59〜321.11 	塗替塗装範囲詳細図		DWG の図から（測量前）	塗替塗装 x 303.59〜321.11 縦桁 H300x150	ext_poly	12	315.4500,-1.3250,0.5815	315.4500,-1.1750,0.5815	315.4500,-1.1750,0.5905	315.4500,-1.2468,0.5905	315.4500,-1.2468,0.8725	315.4500,-1.1750,0.8725	315.4500,-1.1750,0.8815	315.4500,-1.3250,0.8815	315.4500,-1.3250,0.8725	315.4500,-1.2532,0.8725	315.4500,-1.2532,0.5905	315.4500,-1.3250,0.5905	312.4500,-1.3250,0.5815	312.4500,-1.1750,0.5815	312.4500,-1.1750,0.5905	312.4500,-1.2468,0.5905	312.4500,-1.2468,0.8725	312.4500,-1.1750,0.8725	312.4500,-1.1750,0.8815	312.4500,-1.3250,0.8815	312.4500,-1.3250,0.8725	312.4500,-1.2532,0.8725	312.4500,-1.2532,0.5905	312.4500,-1.3250,0.5905
1051	塗替塗装-593	塗替塗装						縦桁 H300x150	x 303.59〜321.11 	塗替塗装範囲詳細図		DWG の図から（測量前）	塗替塗装 x 303.59〜321.11 縦桁 H300x150	ext_poly	12	315.4500,-0.0750,0.5815	315.4500,0.0750,0.5815	315.4500,0.0750,0.5905	315.4500,0.0032,0.5905	315.4500,0.0032,0.8725	315.4500,0.0750,0.8725	315.4500,0.0750,0.8815	315.4500,-0.0750,0.8815	315.4500,-0.0750,0.8725	315.4500,-0.0032,0.8725	315.4500,-0.0032,0.5905	315.4500,-0.0750,0.5905	312.4500,-0.0750,0.5815	312.4500,0.0750,0.5815	312.4500,0.0750,0.5905	312.4500,0.0032,0.5905	312.4500,0.0032,0.8725	312.4500,0.0750,0.8725	312.4500,0.0750,0.8815	312.4500,-0.0750,0.8815	312.4500,-0.0750,0.8725	312.4500,-0.0032,0.8725	312.4500,-0.0032,0.5905	312.4500,-0.0750,0.5905
1052	塗替塗装-594	塗替塗装						縦桁 H300x150	x 303.59〜321.11 	塗替塗装範囲詳細図		DWG の図から（測量前）	塗替塗装 x 303.59〜321.11 縦桁 H300x150	ext_poly	12	315.4500,1.1750,0.5815	315.4500,1.3250,0.5815	315.4500,1.3250,0.5905	315.4500,1.2532,0.5905	315.4500,1.2532,0.8725	315.4500,1.3250,0.8725	315.4500,1.3250,0.8815	315.4500,1.1750,0.8815	315.4500,1.1750,0.8725	315.4500,1.2468,0.8725	315.4500,1.2468,0.5905	315.4500,1.1750,0.5905	312.4500,1.1750,0.5815	312.4500,1.3250,0.5815	312.4500,1.3250,0.5905	312.4500,1.2532,0.5905	312.4500,1.2532,0.8725	312.4500,1.3250,0.8725	312.4500,1.3250,0.8815	312.4500,1.1750,0.8815	312.4500,1.1750,0.8725	312.4500,1.2468,0.8725	312.4500,1.2468,0.5905	312.4500,1.1750,0.5905
1053	塗替塗装-595	塗替塗装						縦桁 H300x150	x 303.59〜321.11 	塗替塗装範囲詳細図		DWG の図から（測量前）	塗替塗装 x 303.59〜321.11 縦桁 H300x150	ext_poly	12	318.6500,-1.3250,0.5815	318.6500,-1.1750,0.5815	318.6500,-1.1750,0.5905	318.6500,-1.2468,0.5905	318.6500,-1.2468,0.8725	318.6500,-1.1750,0.8725	318.6500,-1.1750,0.8815	318.6500,-1.3250,0.8815	318.6500,-1.3250,0.8725	318.6500,-1.2532,0.8725	318.6500,-1.2532,0.5905	318.6500,-1.3250,0.5905	315.6500,-1.3250,0.5815	315.6500,-1.1750,0.5815	315.6500,-1.1750,0.5905	315.6500,-1.2468,0.5905	315.6500,-1.2468,0.8725	315.6500,-1.1750,0.8725	315.6500,-1.1750,0.8815	315.6500,-1.3250,0.8815	315.6500,-1.3250,0.8725	315.6500,-1.2532,0.8725	315.6500,-1.2532,0.5905	315.6500,-1.3250,0.5905
1054	塗替塗装-596	塗替塗装						縦桁 H300x150	x 303.59〜321.11 	塗替塗装範囲詳細図		DWG の図から（測量前）	塗替塗装 x 303.59〜321.11 縦桁 H300x150	ext_poly	12	318.6500,-0.0750,0.5815	318.6500,0.0750,0.5815	318.6500,0.0750,0.5905	318.6500,0.0032,0.5905	318.6500,0.0032,0.8725	318.6500,0.0750,0.8725	318.6500,0.0750,0.8815	318.6500,-0.0750,0.8815	318.6500,-0.0750,0.8725	318.6500,-0.0032,0.8725	318.6500,-0.0032,0.5905	318.6500,-0.0750,0.5905	315.6500,-0.0750,0.5815	315.6500,0.0750,0.5815	315.6500,0.0750,0.5905	315.6500,0.0032,0.5905	315.6500,0.0032,0.8725	315.6500,0.0750,0.8725	315.6500,0.0750,0.8815	315.6500,-0.0750,0.8815	315.6500,-0.0750,0.8725	315.6500,-0.0032,0.8725	315.6500,-0.0032,0.5905	315.6500,-0.0750,0.5905
1055	塗替塗装-597	塗替塗装						縦桁 H300x150	x 303.59〜321.11 	塗替塗装範囲詳細図		DWG の図から（測量前）	塗替塗装 x 303.59〜321.11 縦桁 H300x150	ext_poly	12	318.6500,1.1750,0.5815	318.6500,1.3250,0.5815	318.6500,1.3250,0.5905	318.6500,1.2532,0.5905	318.6500,1.2532,0.8725	318.6500,1.3250,0.8725	318.6500,1.3250,0.8815	318.6500,1.1750,0.8815	318.6500,1.1750,0.8725	318.6500,1.2468,0.8725	318.6500,1.2468,0.5905	318.6500,1.1750,0.5905	315.6500,1.1750,0.5815	315.6500,1.3250,0.5815	315.6500,1.3250,0.5905	315.6500,1.2532,0.5905	315.6500,1.2532,0.8725	315.6500,1.3250,0.8725	315.6500,1.3250,0.8815	315.6500,1.1750,0.8815	315.6500,1.1750,0.8725	315.6500,1.2468,0.8725	315.6500,1.2468,0.5905	315.6500,1.1750,0.5905
1056	塗替塗装-598	塗替塗装						縦桁 H300x150	x 303.59〜321.11 	塗替塗装範囲詳細図		DWG の図から（測量前）	塗替塗装 x 303.59〜321.11 縦桁 H300x150	ext_poly	12	321.1100,-1.3250,0.5815	321.1100,-1.1750,0.5815	321.1100,-1.1750,0.5905	321.1100,-1.2468,0.5905	321.1100,-1.2468,0.8725	321.1100,-1.1750,0.8725	321.1100,-1.1750,0.8815	321.1100,-1.3250,0.8815	321.1100,-1.3250,0.8725	321.1100,-1.2532,0.8725	321.1100,-1.2532,0.5905	321.1100,-1.3250,0.5905	319.4750,-1.3250,0.5815	319.4750,-1.1750,0.5815	319.4750,-1.1750,0.5905	319.4750,-1.2468,0.5905	319.4750,-1.2468,0.8725	319.4750,-1.1750,0.8725	319.4750,-1.1750,0.8815	319.4750,-1.3250,0.8815	319.4750,-1.3250,0.8725	319.4750,-1.2532,0.8725	319.4750,-1.2532,0.5905	319.4750,-1.3250,0.5905
1057	塗替塗装-599	塗替塗装						縦桁 H300x150	x 303.59〜321.11 	塗替塗装範囲詳細図		DWG の図から（測量前）	塗替塗装 x 303.59〜321.11 縦桁 H300x150	ext_poly	12	321.1100,-0.0750,0.5815	321.1100,0.0750,0.5815	321.1100,0.0750,0.5905	321.1100,0.0032,0.5905	321.1100,0.0032,0.8725	321.1100,0.0750,0.8725	321.1100,0.0750,0.8815	321.1100,-0.0750,0.8815	321.1100,-0.0750,0.8725	321.1100,-0.0032,0.8725	321.1100,-0.0032,0.5905	321.1100,-0.0750,0.5905	319.4750,-0.0750,0.5815	319.4750,0.0750,0.5815	319.4750,0.0750,0.5905	319.4750,0.0032,0.5905	319.4750,0.0032,0.8725	319.4750,0.0750,0.8725	319.4750,0.0750,0.8815	319.4750,-0.0750,0.8815	319.4750,-0.0750,0.8725	319.4750,-0.0032,0.8725	319.4750,-0.0032,0.5905	319.4750,-0.0750,0.5905
1058	塗替塗装-600	塗替塗装						縦桁 H300x150	x 303.59〜321.11 	塗替塗装範囲詳細図		DWG の図から（測量前）	塗替塗装 x 303.59〜321.11 縦桁 H300x150	ext_poly	12	321.1100,1.1750,0.5815	321.1100,1.3250,0.5815	321.1100,1.3250,0.5905	321.1100,1.2532,0.5905	321.1100,1.2532,0.8725	321.1100,1.3250,0.8725	321.1100,1.3250,0.8815	321.1100,1.1750,0.8815	321.1100,1.1750,0.8725	321.1100,1.2468,0.8725	321.1100,1.2468,0.5905	321.1100,1.1750,0.5905	319.4750,1.1750,0.5815	319.4750,1.3250,0.5815	319.4750,1.3250,0.5905	319.4750,1.2532,0.5905	319.4750,1.2532,0.8725	319.4750,1.3250,0.8725	319.4750,1.3250,0.8815	319.4750,1.1750,0.8815	319.4750,1.1750,0.8725	319.4750,1.2468,0.8725	319.4750,1.2468,0.5905	319.4750,1.1750,0.5905
1059	塗替塗装-601	塗替塗装						鋼板 PL800x9	x 303.59〜321.11 y -1.88	塗替塗装範囲詳細図		DWG の図から（測量前）	塗替塗装 x 303.59〜321.11 鋼板 y -1.88	ext_poly	4	303.5900,-2.2750,0.8815	307.5900,-2.2750,0.8815	307.5900,-1.4750,0.8815	303.5900,-1.4750,0.8815	303.5900,-2.2750,0.8725	307.5900,-2.2750,0.8725	307.5900,-1.4750,0.8725	303.5900,-1.4750,0.8725
1060	塗替塗装-602	塗替塗装						鋼板 PL800x9	x 303.59〜321.11 y -0.62	塗替塗装範囲詳細図		DWG の図から（測量前）	塗替塗装 x 303.59〜321.11 鋼板 y -0.62	ext_poly	4	303.5900,-1.0250,0.8815	307.5900,-1.0250,0.8815	307.5900,-0.2250,0.8815	303.5900,-0.2250,0.8815	303.5900,-1.0250,0.8725	307.5900,-1.0250,0.8725	307.5900,-0.2250,0.8725	303.5900,-0.2250,0.8725
1061	塗替塗装-603	塗替塗装						鋼板 PL800x9	x 303.59〜321.11 y 0.62	塗替塗装範囲詳細図		DWG の図から（測量前）	塗替塗装 x 303.59〜321.11 鋼板 y 0.62	ext_poly	4	303.5900,0.2250,0.8815	307.5900,0.2250,0.8815	307.5900,1.0250,0.8815	303.5900,1.0250,0.8815	303.5900,0.2250,0.8725	307.5900,0.2250,0.8725	307.5900,1.0250,0.8725	303.5900,1.0250,0.8725
1062	塗替塗装-604	塗替塗装						鋼板 PL800x9	x 303.59〜321.11 y 1.88	塗替塗装範囲詳細図		DWG の図から（測量前）	塗替塗装 x 303.59〜321.11 鋼板 y 1.88	ext_poly	4	303.5900,1.4750,0.8815	307.5900,1.4750,0.8815	307.5900,2.2750,0.8815	303.5900,2.2750,0.8815	303.5900,1.4750,0.8725	307.5900,1.4750,0.8725	307.5900,2.2750,0.8725	303.5900,2.2750,0.8725
1063	塗替塗装-605	塗替塗装						鋼板 PL800x9	x 303.59〜321.11 y -1.88	塗替塗装範囲詳細図		DWG の図から（測量前）	塗替塗装 x 303.59〜321.11 鋼板 y -1.88	ext_poly	4	307.5900,-2.2750,0.8815	311.5900,-2.2750,0.8815	311.5900,-1.4750,0.8815	307.5900,-1.4750,0.8815	307.5900,-2.2750,0.8725	311.5900,-2.2750,0.8725	311.5900,-1.4750,0.8725	307.5900,-1.4750,0.8725
1064	塗替塗装-606	塗替塗装						鋼板 PL800x9	x 303.59〜321.11 y -0.62	塗替塗装範囲詳細図		DWG の図から（測量前）	塗替塗装 x 303.59〜321.11 鋼板 y -0.62	ext_poly	4	307.5900,-1.0250,0.8815	311.5900,-1.0250,0.8815	311.5900,-0.2250,0.8815	307.5900,-0.2250,0.8815	307.5900,-1.0250,0.8725	311.5900,-1.0250,0.8725	311.5900,-0.2250,0.8725	307.5900,-0.2250,0.8725
1065	塗替塗装-607	塗替塗装						鋼板 PL800x9	x 303.59〜321.11 y 0.62	塗替塗装範囲詳細図		DWG の図から（測量前）	塗替塗装 x 303.59〜321.11 鋼板 y 0.62	ext_poly	4	307.5900,0.2250,0.8815	311.5900,0.2250,0.8815	311.5900,1.0250,0.8815	307.5900,1.0250,0.8815	307.5900,0.2250,0.8725	311.5900,0.2250,0.8725	311.5900,1.0250,0.8725	307.5900,1.0250,0.8725
1066	塗替塗装-608	塗替塗装						鋼板 PL800x9	x 303.59〜321.11 y 1.88	塗替塗装範囲詳細図		DWG の図から（測量前）	塗替塗装 x 303.59〜321.11 鋼板 y 1.88	ext_poly	4	307.5900,1.4750,0.8815	311.5900,1.4750,0.8815	311.5900,2.2750,0.8815	307.5900,2.2750,0.8815	307.5900,1.4750,0.8725	311.5900,1.4750,0.8725	311.5900,2.2750,0.8725	307.5900,2.2750,0.8725
1067	塗替塗装-609	塗替塗装						鋼板 PL800x9	x 303.59〜321.11 y -1.88	塗替塗装範囲詳細図		DWG の図から（測量前）	塗替塗装 x 303.59〜321.11 鋼板 y -1.88	ext_poly	4	311.5900,-2.2750,0.8815	315.5900,-2.2750,0.8815	315.5900,-1.4750,0.8815	311.5900,-1.4750,0.8815	311.5900,-2.2750,0.8725	315.5900,-2.2750,0.8725	315.5900,-1.4750,0.8725	311.5900,-1.4750,0.8725
1068	塗替塗装-610	塗替塗装						鋼板 PL800x9	x 303.59〜321.11 y -0.62	塗替塗装範囲詳細図		DWG の図から（測量前）	塗替塗装 x 303.59〜321.11 鋼板 y -0.62	ext_poly	4	311.5900,-1.0250,0.8815	315.5900,-1.0250,0.8815	315.5900,-0.2250,0.8815	311.5900,-0.2250,0.8815	311.5900,-1.0250,0.8725	315.5900,-1.0250,0.8725	315.5900,-0.2250,0.8725	311.5900,-0.2250,0.8725
1069	塗替塗装-611	塗替塗装						鋼板 PL800x9	x 303.59〜321.11 y 0.62	塗替塗装範囲詳細図		DWG の図から（測量前）	塗替塗装 x 303.59〜321.11 鋼板 y 0.62	ext_poly	4	311.5900,0.2250,0.8815	315.5900,0.2250,0.8815	315.5900,1.0250,0.8815	311.5900,1.0250,0.8815	311.5900,0.2250,0.8725	315.5900,0.2250,0.8725	315.5900,1.0250,0.8725	311.5900,1.0250,0.8725
1070	塗替塗装-612	塗替塗装						鋼板 PL800x9	x 303.59〜321.11 y 1.88	塗替塗装範囲詳細図		DWG の図から（測量前）	塗替塗装 x 303.59〜321.11 鋼板 y 1.88	ext_poly	4	311.5900,1.4750,0.8815	315.5900,1.4750,0.8815	315.5900,2.2750,0.8815	311.5900,2.2750,0.8815	311.5900,1.4750,0.8725	315.5900,1.4750,0.8725	315.5900,2.2750,0.8725	311.5900,2.2750,0.8725
1071	塗替塗装-613	塗替塗装						鋼板 PL800x9	x 303.59〜321.11 y -1.88	塗替塗装範囲詳細図		DWG の図から（測量前）	塗替塗装 x 303.59〜321.11 鋼板 y -1.88	ext_poly	4	315.5900,-2.2750,0.8815	319.5900,-2.2750,0.8815	319.5900,-1.4750,0.8815	315.5900,-1.4750,0.8815	315.5900,-2.2750,0.8725	319.5900,-2.2750,0.8725	319.5900,-1.4750,0.8725	315.5900,-1.4750,0.8725
1072	塗替塗装-614	塗替塗装						鋼板 PL800x9	x 303.59〜321.11 y -0.62	塗替塗装範囲詳細図		DWG の図から（測量前）	塗替塗装 x 303.59〜321.11 鋼板 y -0.62	ext_poly	4	315.5900,-1.0250,0.8815	319.5900,-1.0250,0.8815	319.5900,-0.2250,0.8815	315.5900,-0.2250,0.8815	315.5900,-1.0250,0.8725	319.5900,-1.0250,0.8725	319.5900,-0.2250,0.8725	315.5900,-0.2250,0.8725
1073	塗替塗装-615	塗替塗装						鋼板 PL800x9	x 303.59〜321.11 y 0.62	塗替塗装範囲詳細図		DWG の図から（測量前）	塗替塗装 x 303.59〜321.11 鋼板 y 0.62	ext_poly	4	315.5900,0.2250,0.8815	319.5900,0.2250,0.8815	319.5900,1.0250,0.8815	315.5900,1.0250,0.8815	315.5900,0.2250,0.8725	319.5900,0.2250,0.8725	319.5900,1.0250,0.8725	315.5900,1.0250,0.8725
1074	塗替塗装-616	塗替塗装						鋼板 PL800x9	x 303.59〜321.11 y 1.88	塗替塗装範囲詳細図		DWG の図から（測量前）	塗替塗装 x 303.59〜321.11 鋼板 y 1.88	ext_poly	4	315.5900,1.4750,0.8815	319.5900,1.4750,0.8815	319.5900,2.2750,0.8815	315.5900,2.2750,0.8815	315.5900,1.4750,0.8725	319.5900,1.4750,0.8725	319.5900,2.2750,0.8725	315.5900,2.2750,0.8725
1075	塗替塗装-617	塗替塗装						鋼板 PL800x9	x 303.59〜321.11 y -1.88	塗替塗装範囲詳細図		DWG の図から（測量前）	塗替塗装 x 303.59〜321.11 鋼板 y -1.88	ext_poly	4	319.5900,-2.2750,0.8815	321.1100,-2.2750,0.8815	321.1100,-1.4750,0.8815	319.5900,-1.4750,0.8815	319.5900,-2.2750,0.8725	321.1100,-2.2750,0.8725	321.1100,-1.4750,0.8725	319.5900,-1.4750,0.8725
1076	塗替塗装-618	塗替塗装						鋼板 PL800x9	x 303.59〜321.11 y -0.62	塗替塗装範囲詳細図		DWG の図から（測量前）	塗替塗装 x 303.59〜321.11 鋼板 y -0.62	ext_poly	4	319.5900,-1.0250,0.8815	321.1100,-1.0250,0.8815	321.1100,-0.2250,0.8815	319.5900,-0.2250,0.8815	319.5900,-1.0250,0.8725	321.1100,-1.0250,0.8725	321.1100,-0.2250,0.8725	319.5900,-0.2250,0.8725
1077	塗替塗装-619	塗替塗装						鋼板 PL800x9	x 303.59〜321.11 y 0.62	塗替塗装範囲詳細図		DWG の図から（測量前）	塗替塗装 x 303.59〜321.11 鋼板 y 0.62	ext_poly	4	319.5900,0.2250,0.8815	321.1100,0.2250,0.8815	321.1100,1.0250,0.8815	319.5900,1.0250,0.8815	319.5900,0.2250,0.8725	321.1100,0.2250,0.8725	321.1100,1.0250,0.8725	319.5900,1.0250,0.8725
1078	塗替塗装-620	塗替塗装						鋼板 PL800x9	x 303.59〜321.11 y 1.88	塗替塗装範囲詳細図		DWG の図から（測量前）	塗替塗装 x 303.59〜321.11 鋼板 y 1.88	ext_poly	4	319.5900,1.4750,0.8815	321.1100,1.4750,0.8815	321.1100,2.2750,0.8815	319.5900,2.2750,0.8815	319.5900,1.4750,0.8725	321.1100,1.4750,0.8725	321.1100,2.2750,0.8725	319.5900,2.2750,0.8725
1079	塗替塗装-621	塗替塗装						主桁（腹板）	x 367.59〜385.11 G1	塗替塗装範囲詳細図		DWG の図から（測量前）	塗替塗装 x 367.59〜385.11 主桁（腹板） G1	ext_poly	12	368.0750,2.4940,0.8318	367.5900,2.4940,0.8349	367.5900,2.4940,-0.6751	368.0750,2.4940,-0.6782	368.5750,2.4940,-0.6814	369.0750,2.4940,-0.6846	369.5750,2.4940,-0.6878	369.6250,2.4940,-0.6882	369.6250,2.4940,0.8218	369.5750,2.4940,0.8222	369.0750,2.4940,0.8254	368.5750,2.4940,0.8286	368.0750,2.5060,0.8318	367.5900,2.5060,0.8349	367.5900,2.5060,-0.6751	368.0750,2.5060,-0.6782	368.5750,2.5060,-0.6814	369.0750,2.5060,-0.6846	369.5750,2.5060,-0.6878	369.6250,2.5060,-0.6882	369.6250,2.5060,0.8218	369.5750,2.5060,0.8222	369.0750,2.5060,0.8254	368.5750,2.5060,0.8286
1080	塗替塗装-622	塗替塗装						主桁（上山形鋼）	x 367.59〜385.11 G1	塗替塗装範囲詳細図		DWG の図から（測量前）	塗替塗装 x 367.59〜385.11 主桁（上山形鋼） G1	ext_poly	12	368.0750,2.5060,0.8318	367.5900,2.5060,0.8349	367.5900,2.5060,0.8199	368.0750,2.5060,0.8168	368.5750,2.5060,0.8136	369.0750,2.5060,0.8104	369.5750,2.5060,0.8072	369.6250,2.5060,0.8068	369.6250,2.5060,0.8218	369.5750,2.5060,0.8222	369.0750,2.5060,0.8254	368.5750,2.5060,0.8286	368.0750,2.6560,0.8318	367.5900,2.6560,0.8349	367.5900,2.6560,0.8199	368.0750,2.6560,0.8168	368.5750,2.6560,0.8136	369.0750,2.6560,0.8104	369.5750,2.6560,0.8072	369.6250,2.6560,0.8068	369.6250,2.6560,0.8218	369.5750,2.6560,0.8222	369.0750,2.6560,0.8254	368.5750,2.6560,0.8286
1081	塗替塗装-623	塗替塗装						主桁（上山形鋼）	x 367.59〜385.11 G1	塗替塗装範囲詳細図		DWG の図から（測量前）	塗替塗装 x 367.59〜385.11 主桁（上山形鋼） G1	ext_poly	12	368.0750,2.5060,0.8168	367.5900,2.5060,0.8199	367.5900,2.5060,0.6849	368.0750,2.5060,0.6818	368.5750,2.5060,0.6786	369.0750,2.5060,0.6754	369.5750,2.5060,0.6722	369.6250,2.5060,0.6718	369.6250,2.5060,0.8068	369.5750,2.5060,0.8072	369.0750,2.5060,0.8104	368.5750,2.5060,0.8136	368.0750,2.5210,0.8168	367.5900,2.5210,0.8199	367.5900,2.5210,0.6849	368.0750,2.5210,0.6818	368.5750,2.5210,0.6786	369.0750,2.5210,0.6754	369.5750,2.5210,0.6722	369.6250,2.5210,0.6718	369.6250,2.5210,0.8068	369.5750,2.5210,0.8072	369.0750,2.5210,0.8104	368.5750,2.5210,0.8136
1082	塗替塗装-624	塗替塗装						主桁（下山形鋼）	x 367.59〜385.11 G1	塗替塗装範囲詳細図		DWG の図から（測量前）	塗替塗装 x 367.59〜385.11 主桁（下山形鋼） G1	ext_poly	12	368.0750,2.5060,-0.6632	367.5900,2.5060,-0.6601	367.5900,2.5060,-0.6751	368.0750,2.5060,-0.6782	368.5750,2.5060,-0.6814	369.0750,2.5060,-0.6846	369.5750,2.5060,-0.6878	369.6250,2.5060,-0.6882	369.6250,2.5060,-0.6732	369.5750,2.5060,-0.6728	369.0750,2.5060,-0.6696	368.5750,2.5060,-0.6664	368.0750,2.6560,-0.6632	367.5900,2.6560,-0.6601	367.5900,2.6560,-0.6751	368.0750,2.6560,-0.6782	368.5750,2.6560,-0.6814	369.0750,2.6560,-0.6846	369.5750,2.6560,-0.6878	369.6250,2.6560,-0.6882	369.6250,2.6560,-0.6732	369.5750,2.6560,-0.6728	369.0750,2.6560,-0.6696	368.5750,2.6560,-0.6664
1083	塗替塗装-625	塗替塗装						主桁（下山形鋼）	x 367.59〜385.11 G1	塗替塗装範囲詳細図		DWG の図から（測量前）	塗替塗装 x 367.59〜385.11 主桁（下山形鋼） G1	ext_poly	12	368.0750,2.5060,-0.5282	367.5900,2.5060,-0.5251	367.5900,2.5060,-0.6601	368.0750,2.5060,-0.6632	368.5750,2.5060,-0.6664	369.0750,2.5060,-0.6696	369.5750,2.5060,-0.6728	369.6250,2.5060,-0.6732	369.6250,2.5060,-0.5382	369.5750,2.5060,-0.5378	369.0750,2.5060,-0.5346	368.5750,2.5060,-0.5314	368.0750,2.5210,-0.5282	367.5900,2.5210,-0.5251	367.5900,2.5210,-0.6601	368.0750,2.5210,-0.6632	368.5750,2.5210,-0.6664	369.0750,2.5210,-0.6696	369.5750,2.5210,-0.6728	369.6250,2.5210,-0.6732	369.6250,2.5210,-0.5382	369.5750,2.5210,-0.5378	369.0750,2.5210,-0.5346	368.5750,2.5210,-0.5314
1084	塗替塗装-626	塗替塗装						主桁（上山形鋼）	x 367.59〜385.11 G1	塗替塗装範囲詳細図		DWG の図から（測量前）	塗替塗装 x 367.59〜385.11 主桁（上山形鋼） G1	ext_poly	12	368.0750,2.3440,0.8318	367.5900,2.3440,0.8349	367.5900,2.3440,0.8199	368.0750,2.3440,0.8168	368.5750,2.3440,0.8136	369.0750,2.3440,0.8104	369.5750,2.3440,0.8072	369.6250,2.3440,0.8068	369.6250,2.3440,0.8218	369.5750,2.3440,0.8222	369.0750,2.3440,0.8254	368.5750,2.3440,0.8286	368.0750,2.4940,0.8318	367.5900,2.4940,0.8349	367.5900,2.4940,0.8199	368.0750,2.4940,0.8168	368.5750,2.4940,0.8136	369.0750,2.4940,0.8104	369.5750,2.4940,0.8072	369.6250,2.4940,0.8068	369.6250,2.4940,0.8218	369.5750,2.4940,0.8222	369.0750,2.4940,0.8254	368.5750,2.4940,0.8286
1085	塗替塗装-627	塗替塗装						主桁（上山形鋼）	x 367.59〜385.11 G1	塗替塗装範囲詳細図		DWG の図から（測量前）	塗替塗装 x 367.59〜385.11 主桁（上山形鋼） G1	ext_poly	12	368.0750,2.4790,0.8168	367.5900,2.4790,0.8199	367.5900,2.4790,0.6849	368.0750,2.4790,0.6818	368.5750,2.4790,0.6786	369.0750,2.4790,0.6754	369.5750,2.4790,0.6722	369.6250,2.4790,0.6718	369.6250,2.4790,0.8068	369.5750,2.4790,0.8072	369.0750,2.4790,0.8104	368.5750,2.4790,0.8136	368.0750,2.4940,0.8168	367.5900,2.4940,0.8199	367.5900,2.4940,0.6849	368.0750,2.4940,0.6818	368.5750,2.4940,0.6786	369.0750,2.4940,0.6754	369.5750,2.4940,0.6722	369.6250,2.4940,0.6718	369.6250,2.4940,0.8068	369.5750,2.4940,0.8072	369.0750,2.4940,0.8104	368.5750,2.4940,0.8136
1086	塗替塗装-628	塗替塗装						主桁（下山形鋼）	x 367.59〜385.11 G1	塗替塗装範囲詳細図		DWG の図から（測量前）	塗替塗装 x 367.59〜385.11 主桁（下山形鋼） G1	ext_poly	12	368.0750,2.3440,-0.6632	367.5900,2.3440,-0.6601	367.5900,2.3440,-0.6751	368.0750,2.3440,-0.6782	368.5750,2.3440,-0.6814	369.0750,2.3440,-0.6846	369.5750,2.3440,-0.6878	369.6250,2.3440,-0.6882	369.6250,2.3440,-0.6732	369.5750,2.3440,-0.6728	369.0750,2.3440,-0.6696	368.5750,2.3440,-0.6664	368.0750,2.4940,-0.6632	367.5900,2.4940,-0.6601	367.5900,2.4940,-0.6751	368.0750,2.4940,-0.6782	368.5750,2.4940,-0.6814	369.0750,2.4940,-0.6846	369.5750,2.4940,-0.6878	369.6250,2.4940,-0.6882	369.6250,2.4940,-0.6732	369.5750,2.4940,-0.6728	369.0750,2.4940,-0.6696	368.5750,2.4940,-0.6664
1087	塗替塗装-629	塗替塗装						主桁（下山形鋼）	x 367.59〜385.11 G1	塗替塗装範囲詳細図		DWG の図から（測量前）	塗替塗装 x 367.59〜385.11 主桁（下山形鋼） G1	ext_poly	12	368.0750,2.4790,-0.5282	367.5900,2.4790,-0.5251	367.5900,2.4790,-0.6601	368.0750,2.4790,-0.6632	368.5750,2.4790,-0.6664	369.0750,2.4790,-0.6696	369.5750,2.4790,-0.6728	369.6250,2.4790,-0.6732	369.6250,2.4790,-0.5382	369.5750,2.4790,-0.5378	369.0750,2.4790,-0.5346	368.5750,2.4790,-0.5314	368.0750,2.4940,-0.5282	367.5900,2.4940,-0.5251	367.5900,2.4940,-0.6601	368.0750,2.4940,-0.6632	368.5750,2.4940,-0.6664	369.0750,2.4940,-0.6696	369.5750,2.4940,-0.6728	369.6250,2.4940,-0.6732	369.6250,2.4940,-0.5382	369.5750,2.4940,-0.5378	369.0750,2.4940,-0.5346	368.5750,2.4940,-0.5314
1088	塗替塗装-630	塗替塗装						主桁（腹板）	x 367.59〜385.11 G2	塗替塗装範囲詳細図		DWG の図から（測量前）	塗替塗装 x 367.59〜385.11 主桁（腹板） G2	ext_poly	12	368.0750,-2.5060,0.8318	367.5900,-2.5060,0.8349	367.5900,-2.5060,-0.6751	368.0750,-2.5060,-0.6782	368.5750,-2.5060,-0.6814	369.0750,-2.5060,-0.6846	369.5750,-2.5060,-0.6878	369.6250,-2.5060,-0.6882	369.6250,-2.5060,0.8218	369.5750,-2.5060,0.8222	369.0750,-2.5060,0.8254	368.5750,-2.5060,0.8286	368.0750,-2.4940,0.8318	367.5900,-2.4940,0.8349	367.5900,-2.4940,-0.6751	368.0750,-2.4940,-0.6782	368.5750,-2.4940,-0.6814	369.0750,-2.4940,-0.6846	369.5750,-2.4940,-0.6878	369.6250,-2.4940,-0.6882	369.6250,-2.4940,0.8218	369.5750,-2.4940,0.8222	369.0750,-2.4940,0.8254	368.5750,-2.4940,0.8286
1089	塗替塗装-631	塗替塗装						主桁（上山形鋼）	x 367.59〜385.11 G2	塗替塗装範囲詳細図		DWG の図から（測量前）	塗替塗装 x 367.59〜385.11 主桁（上山形鋼） G2	ext_poly	12	368.0750,-2.4940,0.8318	367.5900,-2.4940,0.8349	367.5900,-2.4940,0.8199	368.0750,-2.4940,0.8168	368.5750,-2.4940,0.8136	369.0750,-2.4940,0.8104	369.5750,-2.4940,0.8072	369.6250,-2.4940,0.8068	369.6250,-2.4940,0.8218	369.5750,-2.4940,0.8222	369.0750,-2.4940,0.8254	368.5750,-2.4940,0.8286	368.0750,-2.3440,0.8318	367.5900,-2.3440,0.8349	367.5900,-2.3440,0.8199	368.0750,-2.3440,0.8168	368.5750,-2.3440,0.8136	369.0750,-2.3440,0.8104	369.5750,-2.3440,0.8072	369.6250,-2.3440,0.8068	369.6250,-2.3440,0.8218	369.5750,-2.3440,0.8222	369.0750,-2.3440,0.8254	368.5750,-2.3440,0.8286
1090	塗替塗装-632	塗替塗装						主桁（上山形鋼）	x 367.59〜385.11 G2	塗替塗装範囲詳細図		DWG の図から（測量前）	塗替塗装 x 367.59〜385.11 主桁（上山形鋼） G2	ext_poly	12	368.0750,-2.4940,0.8168	367.5900,-2.4940,0.8199	367.5900,-2.4940,0.6849	368.0750,-2.4940,0.6818	368.5750,-2.4940,0.6786	369.0750,-2.4940,0.6754	369.5750,-2.4940,0.6722	369.6250,-2.4940,0.6718	369.6250,-2.4940,0.8068	369.5750,-2.4940,0.8072	369.0750,-2.4940,0.8104	368.5750,-2.4940,0.8136	368.0750,-2.4790,0.8168	367.5900,-2.4790,0.8199	367.5900,-2.4790,0.6849	368.0750,-2.4790,0.6818	368.5750,-2.4790,0.6786	369.0750,-2.4790,0.6754	369.5750,-2.4790,0.6722	369.6250,-2.4790,0.6718	369.6250,-2.4790,0.8068	369.5750,-2.4790,0.8072	369.0750,-2.4790,0.8104	368.5750,-2.4790,0.8136
1091	塗替塗装-633	塗替塗装						主桁（下山形鋼）	x 367.59〜385.11 G2	塗替塗装範囲詳細図		DWG の図から（測量前）	塗替塗装 x 367.59〜385.11 主桁（下山形鋼） G2	ext_poly	12	368.0750,-2.4940,-0.6632	367.5900,-2.4940,-0.6601	367.5900,-2.4940,-0.6751	368.0750,-2.4940,-0.6782	368.5750,-2.4940,-0.6814	369.0750,-2.4940,-0.6846	369.5750,-2.4940,-0.6878	369.6250,-2.4940,-0.6882	369.6250,-2.4940,-0.6732	369.5750,-2.4940,-0.6728	369.0750,-2.4940,-0.6696	368.5750,-2.4940,-0.6664	368.0750,-2.3440,-0.6632	367.5900,-2.3440,-0.6601	367.5900,-2.3440,-0.6751	368.0750,-2.3440,-0.6782	368.5750,-2.3440,-0.6814	369.0750,-2.3440,-0.6846	369.5750,-2.3440,-0.6878	369.6250,-2.3440,-0.6882	369.6250,-2.3440,-0.6732	369.5750,-2.3440,-0.6728	369.0750,-2.3440,-0.6696	368.5750,-2.3440,-0.6664
1092	塗替塗装-634	塗替塗装						主桁（下山形鋼）	x 367.59〜385.11 G2	塗替塗装範囲詳細図		DWG の図から（測量前）	塗替塗装 x 367.59〜385.11 主桁（下山形鋼） G2	ext_poly	12	368.0750,-2.4940,-0.5282	367.5900,-2.4940,-0.5251	367.5900,-2.4940,-0.6601	368.0750,-2.4940,-0.6632	368.5750,-2.4940,-0.6664	369.0750,-2.4940,-0.6696	369.5750,-2.4940,-0.6728	369.6250,-2.4940,-0.6732	369.6250,-2.4940,-0.5382	369.5750,-2.4940,-0.5378	369.0750,-2.4940,-0.5346	368.5750,-2.4940,-0.5314	368.0750,-2.4790,-0.5282	367.5900,-2.4790,-0.5251	367.5900,-2.4790,-0.6601	368.0750,-2.4790,-0.6632	368.5750,-2.4790,-0.6664	369.0750,-2.4790,-0.6696	369.5750,-2.4790,-0.6728	369.6250,-2.4790,-0.6732	369.6250,-2.4790,-0.5382	369.5750,-2.4790,-0.5378	369.0750,-2.4790,-0.5346	368.5750,-2.4790,-0.5314
1093	塗替塗装-635	塗替塗装						主桁（上山形鋼）	x 367.59〜385.11 G2	塗替塗装範囲詳細図		DWG の図から（測量前）	塗替塗装 x 367.59〜385.11 主桁（上山形鋼） G2	ext_poly	12	368.0750,-2.6560,0.8318	367.5900,-2.6560,0.8349	367.5900,-2.6560,0.8199	368.0750,-2.6560,0.8168	368.5750,-2.6560,0.8136	369.0750,-2.6560,0.8104	369.5750,-2.6560,0.8072	369.6250,-2.6560,0.8068	369.6250,-2.6560,0.8218	369.5750,-2.6560,0.8222	369.0750,-2.6560,0.8254	368.5750,-2.6560,0.8286	368.0750,-2.5060,0.8318	367.5900,-2.5060,0.8349	367.5900,-2.5060,0.8199	368.0750,-2.5060,0.8168	368.5750,-2.5060,0.8136	369.0750,-2.5060,0.8104	369.5750,-2.5060,0.8072	369.6250,-2.5060,0.8068	369.6250,-2.5060,0.8218	369.5750,-2.5060,0.8222	369.0750,-2.5060,0.8254	368.5750,-2.5060,0.8286
1094	塗替塗装-636	塗替塗装						主桁（上山形鋼）	x 367.59〜385.11 G2	塗替塗装範囲詳細図		DWG の図から（測量前）	塗替塗装 x 367.59〜385.11 主桁（上山形鋼） G2	ext_poly	12	368.0750,-2.5210,0.8168	367.5900,-2.5210,0.8199	367.5900,-2.5210,0.6849	368.0750,-2.5210,0.6818	368.5750,-2.5210,0.6786	369.0750,-2.5210,0.6754	369.5750,-2.5210,0.6722	369.6250,-2.5210,0.6718	369.6250,-2.5210,0.8068	369.5750,-2.5210,0.8072	369.0750,-2.5210,0.8104	368.5750,-2.5210,0.8136	368.0750,-2.5060,0.8168	367.5900,-2.5060,0.8199	367.5900,-2.5060,0.6849	368.0750,-2.5060,0.6818	368.5750,-2.5060,0.6786	369.0750,-2.5060,0.6754	369.5750,-2.5060,0.6722	369.6250,-2.5060,0.6718	369.6250,-2.5060,0.8068	369.5750,-2.5060,0.8072	369.0750,-2.5060,0.8104	368.5750,-2.5060,0.8136
1095	塗替塗装-637	塗替塗装						主桁（下山形鋼）	x 367.59〜385.11 G2	塗替塗装範囲詳細図		DWG の図から（測量前）	塗替塗装 x 367.59〜385.11 主桁（下山形鋼） G2	ext_poly	12	368.0750,-2.6560,-0.6632	367.5900,-2.6560,-0.6601	367.5900,-2.6560,-0.6751	368.0750,-2.6560,-0.6782	368.5750,-2.6560,-0.6814	369.0750,-2.6560,-0.6846	369.5750,-2.6560,-0.6878	369.6250,-2.6560,-0.6882	369.6250,-2.6560,-0.6732	369.5750,-2.6560,-0.6728	369.0750,-2.6560,-0.6696	368.5750,-2.6560,-0.6664	368.0750,-2.5060,-0.6632	367.5900,-2.5060,-0.6601	367.5900,-2.5060,-0.6751	368.0750,-2.5060,-0.6782	368.5750,-2.5060,-0.6814	369.0750,-2.5060,-0.6846	369.5750,-2.5060,-0.6878	369.6250,-2.5060,-0.6882	369.6250,-2.5060,-0.6732	369.5750,-2.5060,-0.6728	369.0750,-2.5060,-0.6696	368.5750,-2.5060,-0.6664
1096	塗替塗装-638	塗替塗装						主桁（下山形鋼）	x 367.59〜385.11 G2	塗替塗装範囲詳細図		DWG の図から（測量前）	塗替塗装 x 367.59〜385.11 主桁（下山形鋼） G2	ext_poly	12	368.0750,-2.5210,-0.5282	367.5900,-2.5210,-0.5251	367.5900,-2.5210,-0.6601	368.0750,-2.5210,-0.6632	368.5750,-2.5210,-0.6664	369.0750,-2.5210,-0.6696	369.5750,-2.5210,-0.6728	369.6250,-2.5210,-0.6732	369.6250,-2.5210,-0.5382	369.5750,-2.5210,-0.5378	369.0750,-2.5210,-0.5346	368.5750,-2.5210,-0.5314	368.0750,-2.5060,-0.5282	367.5900,-2.5060,-0.5251	367.5900,-2.5060,-0.6601	368.0750,-2.5060,-0.6632	368.5750,-2.5060,-0.6664	369.0750,-2.5060,-0.6696	369.5750,-2.5060,-0.6728	369.6250,-2.5060,-0.6732	369.6250,-2.5060,-0.5382	369.5750,-2.5060,-0.5378	369.0750,-2.5060,-0.5346	368.5750,-2.5060,-0.5314
1097	塗替塗装-639	塗替塗装						主桁（腹板）	x 367.59〜385.11 G1	塗替塗装範囲詳細図		DWG の図から（測量前）	塗替塗装 x 367.59〜385.11 主桁（腹板） G1	ext_poly	56	370.1750,2.4955,0.8183	369.6750,2.4955,0.8215	369.6750,2.4955,-0.6885	370.1750,2.4955,-0.6917	370.6750,2.4955,-0.6949	371.1750,2.4955,-0.6981	371.6750,2.4955,-0.7013	372.1750,2.4955,-0.7046	372.6750,2.4955,-0.7078	373.1750,2.4955,-0.7110	373.6750,2.4955,-0.7142	374.1750,2.4955,-0.7174	374.6750,2.4955,-0.7206	375.1750,2.4955,-0.7239	375.6750,2.4955,-0.7271	376.1750,2.4955,-0.7303	376.6750,2.4955,-0.7335	377.1750,2.4955,-0.7367	377.6750,2.4955,-0.7399	378.1750,2.4955,-0.7431	378.6750,2.4955,-0.7464	379.1750,2.4955,-0.7496	379.6750,2.4955,-0.7528	380.1750,2.4955,-0.7560	380.6750,2.4955,-0.7592	381.1750,2.4955,-0.7624	381.6750,2.4955,-0.7657	382.1750,2.4955,-0.7689	382.6750,2.4955,-0.7721	383.0250,2.4955,-0.7743	383.0250,2.4955,0.7357	382.6750,2.4955,0.7379	382.1750,2.4955,0.7411	381.6750,2.4955,0.7443	381.1750,2.4955,0.7476	380.6750,2.4955,0.7508	380.1750,2.4955,0.7540	379.6750,2.4955,0.7572	379.1750,2.4955,0.7604	378.6750,2.4955,0.7636	378.1750,2.4955,0.7669	377.6750,2.4955,0.7701	377.1750,2.4955,0.7733	376.6750,2.4955,0.7765	376.1750,2.4955,0.7797	375.6750,2.4955,0.7829	375.1750,2.4955,0.7861	374.6750,2.4955,0.7894	374.1750,2.4955,0.7926	373.6750,2.4955,0.7958	373.1750,2.4955,0.7990	372.6750,2.4955,0.8022	372.1750,2.4955,0.8054	371.6750,2.4955,0.8087	371.1750,2.4955,0.8119	370.6750,2.4955,0.8151	370.1750,2.5045,0.8183	369.6750,2.5045,0.8215	369.6750,2.5045,-0.6885	370.1750,2.5045,-0.6917	370.6750,2.5045,-0.6949	371.1750,2.5045,-0.6981	371.6750,2.5045,-0.7013	372.1750,2.5045,-0.7046	372.6750,2.5045,-0.7078	373.1750,2.5045,-0.7110	373.6750,2.5045,-0.7142	374.1750,2.5045,-0.7174	374.6750,2.5045,-0.7206	375.1750,2.5045,-0.7239	375.6750,2.5045,-0.7271	376.1750,2.5045,-0.7303	376.6750,2.5045,-0.7335	377.1750,2.5045,-0.7367	377.6750,2.5045,-0.7399	378.1750,2.5045,-0.7431	378.6750,2.5045,-0.7464	379.1750,2.5045,-0.7496	379.6750,2.5045,-0.7528	380.1750,2.5045,-0.7560	380.6750,2.5045,-0.7592	381.1750,2.5045,-0.7624	381.6750,2.5045,-0.7657	382.1750,2.5045,-0.7689	382.6750,2.5045,-0.7721	383.0250,2.5045,-0.7743	383.0250,2.5045,0.7357	382.6750,2.5045,0.7379	382.1750,2.5045,0.7411	381.6750,2.5045,0.7443	381.1750,2.5045,0.7476	380.6750,2.5045,0.7508	380.1750,2.5045,0.7540	379.6750,2.5045,0.7572	379.1750,2.5045,0.7604	378.6750,2.5045,0.7636	378.1750,2.5045,0.7669	377.6750,2.5045,0.7701	377.1750,2.5045,0.7733	376.6750,2.5045,0.7765	376.1750,2.5045,0.7797	375.6750,2.5045,0.7829	375.1750,2.5045,0.7861	374.6750,2.5045,0.7894	374.1750,2.5045,0.7926	373.6750,2.5045,0.7958	373.1750,2.5045,0.7990	372.6750,2.5045,0.8022	372.1750,2.5045,0.8054	371.6750,2.5045,0.8087	371.1750,2.5045,0.8119	370.6750,2.5045,0.8151
1098	塗替塗装-640	塗替塗装						主桁（上山形鋼）	x 367.59〜385.11 G1	塗替塗装範囲詳細図		DWG の図から（測量前）	塗替塗装 x 367.59〜385.11 主桁（上山形鋼） G1	ext_poly	56	370.1750,2.5045,0.8183	369.6750,2.5045,0.8215	369.6750,2.5045,0.8095	370.1750,2.5045,0.8063	370.6750,2.5045,0.8031	371.1750,2.5045,0.7999	371.6750,2.5045,0.7967	372.1750,2.5045,0.7934	372.6750,2.5045,0.7902	373.1750,2.5045,0.7870	373.6750,2.5045,0.7838	374.1750,2.5045,0.7806	374.6750,2.5045,0.7774	375.1750,2.5045,0.7741	375.6750,2.5045,0.7709	376.1750,2.5045,0.7677	376.6750,2.5045,0.7645	377.1750,2.5045,0.7613	377.6750,2.5045,0.7581	378.1750,2.5045,0.7549	378.6750,2.5045,0.7516	379.1750,2.5045,0.7484	379.6750,2.5045,0.7452	380.1750,2.5045,0.7420	380.6750,2.5045,0.7388	381.1750,2.5045,0.7356	381.6750,2.5045,0.7323	382.1750,2.5045,0.7291	382.6750,2.5045,0.7259	383.0250,2.5045,0.7237	383.0250,2.5045,0.7357	382.6750,2.5045,0.7379	382.1750,2.5045,0.7411	381.6750,2.5045,0.7443	381.1750,2.5045,0.7476	380.6750,2.5045,0.7508	380.1750,2.5045,0.7540	379.6750,2.5045,0.7572	379.1750,2.5045,0.7604	378.6750,2.5045,0.7636	378.1750,2.5045,0.7669	377.6750,2.5045,0.7701	377.1750,2.5045,0.7733	376.6750,2.5045,0.7765	376.1750,2.5045,0.7797	375.6750,2.5045,0.7829	375.1750,2.5045,0.7861	374.6750,2.5045,0.7894	374.1750,2.5045,0.7926	373.6750,2.5045,0.7958	373.1750,2.5045,0.7990	372.6750,2.5045,0.8022	372.1750,2.5045,0.8054	371.6750,2.5045,0.8087	371.1750,2.5045,0.8119	370.6750,2.5045,0.8151	370.1750,2.6545,0.8183	369.6750,2.6545,0.8215	369.6750,2.6545,0.8095	370.1750,2.6545,0.8063	370.6750,2.6545,0.8031	371.1750,2.6545,0.7999	371.6750,2.6545,0.7967	372.1750,2.6545,0.7934	372.6750,2.6545,0.7902	373.1750,2.6545,0.7870	373.6750,2.6545,0.7838	374.1750,2.6545,0.7806	374.6750,2.6545,0.7774	375.1750,2.6545,0.7741	375.6750,2.6545,0.7709	376.1750,2.6545,0.7677	376.6750,2.6545,0.7645	377.1750,2.6545,0.7613	377.6750,2.6545,0.7581	378.1750,2.6545,0.7549	378.6750,2.6545,0.7516	379.1750,2.6545,0.7484	379.6750,2.6545,0.7452	380.1750,2.6545,0.7420	380.6750,2.6545,0.7388	381.1750,2.6545,0.7356	381.6750,2.6545,0.7323	382.1750,2.6545,0.7291	382.6750,2.6545,0.7259	383.0250,2.6545,0.7237	383.0250,2.6545,0.7357	382.6750,2.6545,0.7379	382.1750,2.6545,0.7411	381.6750,2.6545,0.7443	381.1750,2.6545,0.7476	380.6750,2.6545,0.7508	380.1750,2.6545,0.7540	379.6750,2.6545,0.7572	379.1750,2.6545,0.7604	378.6750,2.6545,0.7636	378.1750,2.6545,0.7669	377.6750,2.6545,0.7701	377.1750,2.6545,0.7733	376.6750,2.6545,0.7765	376.1750,2.6545,0.7797	375.6750,2.6545,0.7829	375.1750,2.6545,0.7861	374.6750,2.6545,0.7894	374.1750,2.6545,0.7926	373.6750,2.6545,0.7958	373.1750,2.6545,0.7990	372.6750,2.6545,0.8022	372.1750,2.6545,0.8054	371.6750,2.6545,0.8087	371.1750,2.6545,0.8119	370.6750,2.6545,0.8151
1099	塗替塗装-641	塗替塗装						主桁（上山形鋼）	x 367.59〜385.11 G1	塗替塗装範囲詳細図		DWG の図から（測量前）	塗替塗装 x 367.59〜385.11 主桁（上山形鋼） G1	ext_poly	56	370.1750,2.5045,0.8063	369.6750,2.5045,0.8095	369.6750,2.5045,0.6715	370.1750,2.5045,0.6683	370.6750,2.5045,0.6651	371.1750,2.5045,0.6619	371.6750,2.5045,0.6587	372.1750,2.5045,0.6554	372.6750,2.5045,0.6522	373.1750,2.5045,0.6490	373.6750,2.5045,0.6458	374.1750,2.5045,0.6426	374.6750,2.5045,0.6394	375.1750,2.5045,0.6361	375.6750,2.5045,0.6329	376.1750,2.5045,0.6297	376.6750,2.5045,0.6265	377.1750,2.5045,0.6233	377.6750,2.5045,0.6201	378.1750,2.5045,0.6169	378.6750,2.5045,0.6136	379.1750,2.5045,0.6104	379.6750,2.5045,0.6072	380.1750,2.5045,0.6040	380.6750,2.5045,0.6008	381.1750,2.5045,0.5976	381.6750,2.5045,0.5943	382.1750,2.5045,0.5911	382.6750,2.5045,0.5879	383.0250,2.5045,0.5857	383.0250,2.5045,0.7237	382.6750,2.5045,0.7259	382.1750,2.5045,0.7291	381.6750,2.5045,0.7323	381.1750,2.5045,0.7356	380.6750,2.5045,0.7388	380.1750,2.5045,0.7420	379.6750,2.5045,0.7452	379.1750,2.5045,0.7484	378.6750,2.5045,0.7516	378.1750,2.5045,0.7549	377.6750,2.5045,0.7581	377.1750,2.5045,0.7613	376.6750,2.5045,0.7645	376.1750,2.5045,0.7677	375.6750,2.5045,0.7709	375.1750,2.5045,0.7741	374.6750,2.5045,0.7774	374.1750,2.5045,0.7806	373.6750,2.5045,0.7838	373.1750,2.5045,0.7870	372.6750,2.5045,0.7902	372.1750,2.5045,0.7934	371.6750,2.5045,0.7967	371.1750,2.5045,0.7999	370.6750,2.5045,0.8031	370.1750,2.5165,0.8063	369.6750,2.5165,0.8095	369.6750,2.5165,0.6715	370.1750,2.5165,0.6683	370.6750,2.5165,0.6651	371.1750,2.5165,0.6619	371.6750,2.5165,0.6587	372.1750,2.5165,0.6554	372.6750,2.5165,0.6522	373.1750,2.5165,0.6490	373.6750,2.5165,0.6458	374.1750,2.5165,0.6426	374.6750,2.5165,0.6394	375.1750,2.5165,0.6361	375.6750,2.5165,0.6329	376.1750,2.5165,0.6297	376.6750,2.5165,0.6265	377.1750,2.5165,0.6233	377.6750,2.5165,0.6201	378.1750,2.5165,0.6169	378.6750,2.5165,0.6136	379.1750,2.5165,0.6104	379.6750,2.5165,0.6072	380.1750,2.5165,0.6040	380.6750,2.5165,0.6008	381.1750,2.5165,0.5976	381.6750,2.5165,0.5943	382.1750,2.5165,0.5911	382.6750,2.5165,0.5879	383.0250,2.5165,0.5857	383.0250,2.5165,0.7237	382.6750,2.5165,0.7259	382.1750,2.5165,0.7291	381.6750,2.5165,0.7323	381.1750,2.5165,0.7356	380.6750,2.5165,0.7388	380.1750,2.5165,0.7420	379.6750,2.5165,0.7452	379.1750,2.5165,0.7484	378.6750,2.5165,0.7516	378.1750,2.5165,0.7549	377.6750,2.5165,0.7581	377.1750,2.5165,0.7613	376.6750,2.5165,0.7645	376.1750,2.5165,0.7677	375.6750,2.5165,0.7709	375.1750,2.5165,0.7741	374.6750,2.5165,0.7774	374.1750,2.5165,0.7806	373.6750,2.5165,0.7838	373.1750,2.5165,0.7870	372.6750,2.5165,0.7902	372.1750,2.5165,0.7934	371.6750,2.5165,0.7967	371.1750,2.5165,0.7999	370.6750,2.5165,0.8031
1100	塗替塗装-642	塗替塗装						主桁（下山形鋼）	x 367.59〜385.11 G1	塗替塗装範囲詳細図		DWG の図から（測量前）	塗替塗装 x 367.59〜385.11 主桁（下山形鋼） G1	ext_poly	56	370.1750,2.5045,-0.6797	369.6750,2.5045,-0.6765	369.6750,2.5045,-0.6885	370.1750,2.5045,-0.6917	370.6750,2.5045,-0.6949	371.1750,2.5045,-0.6981	371.6750,2.5045,-0.7013	372.1750,2.5045,-0.7046	372.6750,2.5045,-0.7078	373.1750,2.5045,-0.7110	373.6750,2.5045,-0.7142	374.1750,2.5045,-0.7174	374.6750,2.5045,-0.7206	375.1750,2.5045,-0.7239	375.6750,2.5045,-0.7271	376.1750,2.5045,-0.7303	376.6750,2.5045,-0.7335	377.1750,2.5045,-0.7367	377.6750,2.5045,-0.7399	378.1750,2.5045,-0.7431	378.6750,2.5045,-0.7464	379.1750,2.5045,-0.7496	379.6750,2.5045,-0.7528	380.1750,2.5045,-0.7560	380.6750,2.5045,-0.7592	381.1750,2.5045,-0.7624	381.6750,2.5045,-0.7657	382.1750,2.5045,-0.7689	382.6750,2.5045,-0.7721	383.0250,2.5045,-0.7743	383.0250,2.5045,-0.7623	382.6750,2.5045,-0.7601	382.1750,2.5045,-0.7569	381.6750,2.5045,-0.7537	381.1750,2.5045,-0.7504	380.6750,2.5045,-0.7472	380.1750,2.5045,-0.7440	379.6750,2.5045,-0.7408	379.1750,2.5045,-0.7376	378.6750,2.5045,-0.7344	378.1750,2.5045,-0.7311	377.6750,2.5045,-0.7279	377.1750,2.5045,-0.7247	376.6750,2.5045,-0.7215	376.1750,2.5045,-0.7183	375.6750,2.5045,-0.7151	375.1750,2.5045,-0.7119	374.6750,2.5045,-0.7086	374.1750,2.5045,-0.7054	373.6750,2.5045,-0.7022	373.1750,2.5045,-0.6990	372.6750,2.5045,-0.6958	372.1750,2.5045,-0.6926	371.6750,2.5045,-0.6893	371.1750,2.5045,-0.6861	370.6750,2.5045,-0.6829	370.1750,2.6545,-0.6797	369.6750,2.6545,-0.6765	369.6750,2.6545,-0.6885	370.1750,2.6545,-0.6917	370.6750,2.6545,-0.6949	371.1750,2.6545,-0.6981	371.6750,2.6545,-0.7013	372.1750,2.6545,-0.7046	372.6750,2.6545,-0.7078	373.1750,2.6545,-0.7110	373.6750,2.6545,-0.7142	374.1750,2.6545,-0.7174	374.6750,2.6545,-0.7206	375.1750,2.6545,-0.7239	375.6750,2.6545,-0.7271	376.1750,2.6545,-0.7303	376.6750,2.6545,-0.7335	377.1750,2.6545,-0.7367	377.6750,2.6545,-0.7399	378.1750,2.6545,-0.7431	378.6750,2.6545,-0.7464	379.1750,2.6545,-0.7496	379.6750,2.6545,-0.7528	380.1750,2.6545,-0.7560	380.6750,2.6545,-0.7592	381.1750,2.6545,-0.7624	381.6750,2.6545,-0.7657	382.1750,2.6545,-0.7689	382.6750,2.6545,-0.7721	383.0250,2.6545,-0.7743	383.0250,2.6545,-0.7623	382.6750,2.6545,-0.7601	382.1750,2.6545,-0.7569	381.6750,2.6545,-0.7537	381.1750,2.6545,-0.7504	380.6750,2.6545,-0.7472	380.1750,2.6545,-0.7440	379.6750,2.6545,-0.7408	379.1750,2.6545,-0.7376	378.6750,2.6545,-0.7344	378.1750,2.6545,-0.7311	377.6750,2.6545,-0.7279	377.1750,2.6545,-0.7247	376.6750,2.6545,-0.7215	376.1750,2.6545,-0.7183	375.6750,2.6545,-0.7151	375.1750,2.6545,-0.7119	374.6750,2.6545,-0.7086	374.1750,2.6545,-0.7054	373.6750,2.6545,-0.7022	373.1750,2.6545,-0.6990	372.6750,2.6545,-0.6958	372.1750,2.6545,-0.6926	371.6750,2.6545,-0.6893	371.1750,2.6545,-0.6861	370.6750,2.6545,-0.6829
1101	塗替塗装-643	塗替塗装						主桁（下山形鋼）	x 367.59〜385.11 G1	塗替塗装範囲詳細図		DWG の図から（測量前）	塗替塗装 x 367.59〜385.11 主桁（下山形鋼） G1	ext_poly	56	370.1750,2.5045,-0.5417	369.6750,2.5045,-0.5385	369.6750,2.5045,-0.6765	370.1750,2.5045,-0.6797	370.6750,2.5045,-0.6829	371.1750,2.5045,-0.6861	371.6750,2.5045,-0.6893	372.1750,2.5045,-0.6926	372.6750,2.5045,-0.6958	373.1750,2.5045,-0.6990	373.6750,2.5045,-0.7022	374.1750,2.5045,-0.7054	374.6750,2.5045,-0.7086	375.1750,2.5045,-0.7119	375.6750,2.5045,-0.7151	376.1750,2.5045,-0.7183	376.6750,2.5045,-0.7215	377.1750,2.5045,-0.7247	377.6750,2.5045,-0.7279	378.1750,2.5045,-0.7311	378.6750,2.5045,-0.7344	379.1750,2.5045,-0.7376	379.6750,2.5045,-0.7408	380.1750,2.5045,-0.7440	380.6750,2.5045,-0.7472	381.1750,2.5045,-0.7504	381.6750,2.5045,-0.7537	382.1750,2.5045,-0.7569	382.6750,2.5045,-0.7601	383.0250,2.5045,-0.7623	383.0250,2.5045,-0.6243	382.6750,2.5045,-0.6221	382.1750,2.5045,-0.6189	381.6750,2.5045,-0.6157	381.1750,2.5045,-0.6124	380.6750,2.5045,-0.6092	380.1750,2.5045,-0.6060	379.6750,2.5045,-0.6028	379.1750,2.5045,-0.5996	378.6750,2.5045,-0.5964	378.1750,2.5045,-0.5931	377.6750,2.5045,-0.5899	377.1750,2.5045,-0.5867	376.6750,2.5045,-0.5835	376.1750,2.5045,-0.5803	375.6750,2.5045,-0.5771	375.1750,2.5045,-0.5739	374.6750,2.5045,-0.5706	374.1750,2.5045,-0.5674	373.6750,2.5045,-0.5642	373.1750,2.5045,-0.5610	372.6750,2.5045,-0.5578	372.1750,2.5045,-0.5546	371.6750,2.5045,-0.5513	371.1750,2.5045,-0.5481	370.6750,2.5045,-0.5449	370.1750,2.5165,-0.5417	369.6750,2.5165,-0.5385	369.6750,2.5165,-0.6765	370.1750,2.5165,-0.6797	370.6750,2.5165,-0.6829	371.1750,2.5165,-0.6861	371.6750,2.5165,-0.6893	372.1750,2.5165,-0.6926	372.6750,2.5165,-0.6958	373.1750,2.5165,-0.6990	373.6750,2.5165,-0.7022	374.1750,2.5165,-0.7054	374.6750,2.5165,-0.7086	375.1750,2.5165,-0.7119	375.6750,2.5165,-0.7151	376.1750,2.5165,-0.7183	376.6750,2.5165,-0.7215	377.1750,2.5165,-0.7247	377.6750,2.5165,-0.7279	378.1750,2.5165,-0.7311	378.6750,2.5165,-0.7344	379.1750,2.5165,-0.7376	379.6750,2.5165,-0.7408	380.1750,2.5165,-0.7440	380.6750,2.5165,-0.7472	381.1750,2.5165,-0.7504	381.6750,2.5165,-0.7537	382.1750,2.5165,-0.7569	382.6750,2.5165,-0.7601	383.0250,2.5165,-0.7623	383.0250,2.5165,-0.6243	382.6750,2.5165,-0.6221	382.1750,2.5165,-0.6189	381.6750,2.5165,-0.6157	381.1750,2.5165,-0.6124	380.6750,2.5165,-0.6092	380.1750,2.5165,-0.6060	379.6750,2.5165,-0.6028	379.1750,2.5165,-0.5996	378.6750,2.5165,-0.5964	378.1750,2.5165,-0.5931	377.6750,2.5165,-0.5899	377.1750,2.5165,-0.5867	376.6750,2.5165,-0.5835	376.1750,2.5165,-0.5803	375.6750,2.5165,-0.5771	375.1750,2.5165,-0.5739	374.6750,2.5165,-0.5706	374.1750,2.5165,-0.5674	373.6750,2.5165,-0.5642	373.1750,2.5165,-0.5610	372.6750,2.5165,-0.5578	372.1750,2.5165,-0.5546	371.6750,2.5165,-0.5513	371.1750,2.5165,-0.5481	370.6750,2.5165,-0.5449
1102	塗替塗装-644	塗替塗装						主桁（上山形鋼）	x 367.59〜385.11 G1	塗替塗装範囲詳細図		DWG の図から（測量前）	塗替塗装 x 367.59〜385.11 主桁（上山形鋼） G1	ext_poly	56	370.1750,2.3455,0.8183	369.6750,2.3455,0.8215	369.6750,2.3455,0.8095	370.1750,2.3455,0.8063	370.6750,2.3455,0.8031	371.1750,2.3455,0.7999	371.6750,2.3455,0.7967	372.1750,2.3455,0.7934	372.6750,2.3455,0.7902	373.1750,2.3455,0.7870	373.6750,2.3455,0.7838	374.1750,2.3455,0.7806	374.6750,2.3455,0.7774	375.1750,2.3455,0.7741	375.6750,2.3455,0.7709	376.1750,2.3455,0.7677	376.6750,2.3455,0.7645	377.1750,2.3455,0.7613	377.6750,2.3455,0.7581	378.1750,2.3455,0.7549	378.6750,2.3455,0.7516	379.1750,2.3455,0.7484	379.6750,2.3455,0.7452	380.1750,2.3455,0.7420	380.6750,2.3455,0.7388	381.1750,2.3455,0.7356	381.6750,2.3455,0.7323	382.1750,2.3455,0.7291	382.6750,2.3455,0.7259	383.0250,2.3455,0.7237	383.0250,2.3455,0.7357	382.6750,2.3455,0.7379	382.1750,2.3455,0.7411	381.6750,2.3455,0.7443	381.1750,2.3455,0.7476	380.6750,2.3455,0.7508	380.1750,2.3455,0.7540	379.6750,2.3455,0.7572	379.1750,2.3455,0.7604	378.6750,2.3455,0.7636	378.1750,2.3455,0.7669	377.6750,2.3455,0.7701	377.1750,2.3455,0.7733	376.6750,2.3455,0.7765	376.1750,2.3455,0.7797	375.6750,2.3455,0.7829	375.1750,2.3455,0.7861	374.6750,2.3455,0.7894	374.1750,2.3455,0.7926	373.6750,2.3455,0.7958	373.1750,2.3455,0.7990	372.6750,2.3455,0.8022	372.1750,2.3455,0.8054	371.6750,2.3455,0.8087	371.1750,2.3455,0.8119	370.6750,2.3455,0.8151	370.1750,2.4955,0.8183	369.6750,2.4955,0.8215	369.6750,2.4955,0.8095	370.1750,2.4955,0.8063	370.6750,2.4955,0.8031	371.1750,2.4955,0.7999	371.6750,2.4955,0.7967	372.1750,2.4955,0.7934	372.6750,2.4955,0.7902	373.1750,2.4955,0.7870	373.6750,2.4955,0.7838	374.1750,2.4955,0.7806	374.6750,2.4955,0.7774	375.1750,2.4955,0.7741	375.6750,2.4955,0.7709	376.1750,2.4955,0.7677	376.6750,2.4955,0.7645	377.1750,2.4955,0.7613	377.6750,2.4955,0.7581	378.1750,2.4955,0.7549	378.6750,2.4955,0.7516	379.1750,2.4955,0.7484	379.6750,2.4955,0.7452	380.1750,2.4955,0.7420	380.6750,2.4955,0.7388	381.1750,2.4955,0.7356	381.6750,2.4955,0.7323	382.1750,2.4955,0.7291	382.6750,2.4955,0.7259	383.0250,2.4955,0.7237	383.0250,2.4955,0.7357	382.6750,2.4955,0.7379	382.1750,2.4955,0.7411	381.6750,2.4955,0.7443	381.1750,2.4955,0.7476	380.6750,2.4955,0.7508	380.1750,2.4955,0.7540	379.6750,2.4955,0.7572	379.1750,2.4955,0.7604	378.6750,2.4955,0.7636	378.1750,2.4955,0.7669	377.6750,2.4955,0.7701	377.1750,2.4955,0.7733	376.6750,2.4955,0.7765	376.1750,2.4955,0.7797	375.6750,2.4955,0.7829	375.1750,2.4955,0.7861	374.6750,2.4955,0.7894	374.1750,2.4955,0.7926	373.6750,2.4955,0.7958	373.1750,2.4955,0.7990	372.6750,2.4955,0.8022	372.1750,2.4955,0.8054	371.6750,2.4955,0.8087	371.1750,2.4955,0.8119	370.6750,2.4955,0.8151
1103	塗替塗装-645	塗替塗装						主桁（上山形鋼）	x 367.59〜385.11 G1	塗替塗装範囲詳細図		DWG の図から（測量前）	塗替塗装 x 367.59〜385.11 主桁（上山形鋼） G1	ext_poly	56	370.1750,2.4835,0.8063	369.6750,2.4835,0.8095	369.6750,2.4835,0.6715	370.1750,2.4835,0.6683	370.6750,2.4835,0.6651	371.1750,2.4835,0.6619	371.6750,2.4835,0.6587	372.1750,2.4835,0.6554	372.6750,2.4835,0.6522	373.1750,2.4835,0.6490	373.6750,2.4835,0.6458	374.1750,2.4835,0.6426	374.6750,2.4835,0.6394	375.1750,2.4835,0.6361	375.6750,2.4835,0.6329	376.1750,2.4835,0.6297	376.6750,2.4835,0.6265	377.1750,2.4835,0.6233	377.6750,2.4835,0.6201	378.1750,2.4835,0.6169	378.6750,2.4835,0.6136	379.1750,2.4835,0.6104	379.6750,2.4835,0.6072	380.1750,2.4835,0.6040	380.6750,2.4835,0.6008	381.1750,2.4835,0.5976	381.6750,2.4835,0.5943	382.1750,2.4835,0.5911	382.6750,2.4835,0.5879	383.0250,2.4835,0.5857	383.0250,2.4835,0.7237	382.6750,2.4835,0.7259	382.1750,2.4835,0.7291	381.6750,2.4835,0.7323	381.1750,2.4835,0.7356	380.6750,2.4835,0.7388	380.1750,2.4835,0.7420	379.6750,2.4835,0.7452	379.1750,2.4835,0.7484	378.6750,2.4835,0.7516	378.1750,2.4835,0.7549	377.6750,2.4835,0.7581	377.1750,2.4835,0.7613	376.6750,2.4835,0.7645	376.1750,2.4835,0.7677	375.6750,2.4835,0.7709	375.1750,2.4835,0.7741	374.6750,2.4835,0.7774	374.1750,2.4835,0.7806	373.6750,2.4835,0.7838	373.1750,2.4835,0.7870	372.6750,2.4835,0.7902	372.1750,2.4835,0.7934	371.6750,2.4835,0.7967	371.1750,2.4835,0.7999	370.6750,2.4835,0.8031	370.1750,2.4955,0.8063	369.6750,2.4955,0.8095	369.6750,2.4955,0.6715	370.1750,2.4955,0.6683	370.6750,2.4955,0.6651	371.1750,2.4955,0.6619	371.6750,2.4955,0.6587	372.1750,2.4955,0.6554	372.6750,2.4955,0.6522	373.1750,2.4955,0.6490	373.6750,2.4955,0.6458	374.1750,2.4955,0.6426	374.6750,2.4955,0.6394	375.1750,2.4955,0.6361	375.6750,2.4955,0.6329	376.1750,2.4955,0.6297	376.6750,2.4955,0.6265	377.1750,2.4955,0.6233	377.6750,2.4955,0.6201	378.1750,2.4955,0.6169	378.6750,2.4955,0.6136	379.1750,2.4955,0.6104	379.6750,2.4955,0.6072	380.1750,2.4955,0.6040	380.6750,2.4955,0.6008	381.1750,2.4955,0.5976	381.6750,2.4955,0.5943	382.1750,2.4955,0.5911	382.6750,2.4955,0.5879	383.0250,2.4955,0.5857	383.0250,2.4955,0.7237	382.6750,2.4955,0.7259	382.1750,2.4955,0.7291	381.6750,2.4955,0.7323	381.1750,2.4955,0.7356	380.6750,2.4955,0.7388	380.1750,2.4955,0.7420	379.6750,2.4955,0.7452	379.1750,2.4955,0.7484	378.6750,2.4955,0.7516	378.1750,2.4955,0.7549	377.6750,2.4955,0.7581	377.1750,2.4955,0.7613	376.6750,2.4955,0.7645	376.1750,2.4955,0.7677	375.6750,2.4955,0.7709	375.1750,2.4955,0.7741	374.6750,2.4955,0.7774	374.1750,2.4955,0.7806	373.6750,2.4955,0.7838	373.1750,2.4955,0.7870	372.6750,2.4955,0.7902	372.1750,2.4955,0.7934	371.6750,2.4955,0.7967	371.1750,2.4955,0.7999	370.6750,2.4955,0.8031
1104	塗替塗装-646	塗替塗装						主桁（下山形鋼）	x 367.59〜385.11 G1	塗替塗装範囲詳細図		DWG の図から（測量前）	塗替塗装 x 367.59〜385.11 主桁（下山形鋼） G1	ext_poly	56	370.1750,2.3455,-0.6797	369.6750,2.3455,-0.6765	369.6750,2.3455,-0.6885	370.1750,2.3455,-0.6917	370.6750,2.3455,-0.6949	371.1750,2.3455,-0.6981	371.6750,2.3455,-0.7013	372.1750,2.3455,-0.7046	372.6750,2.3455,-0.7078	373.1750,2.3455,-0.7110	373.6750,2.3455,-0.7142	374.1750,2.3455,-0.7174	374.6750,2.3455,-0.7206	375.1750,2.3455,-0.7239	375.6750,2.3455,-0.7271	376.1750,2.3455,-0.7303	376.6750,2.3455,-0.7335	377.1750,2.3455,-0.7367	377.6750,2.3455,-0.7399	378.1750,2.3455,-0.7431	378.6750,2.3455,-0.7464	379.1750,2.3455,-0.7496	379.6750,2.3455,-0.7528	380.1750,2.3455,-0.7560	380.6750,2.3455,-0.7592	381.1750,2.3455,-0.7624	381.6750,2.3455,-0.7657	382.1750,2.3455,-0.7689	382.6750,2.3455,-0.7721	383.0250,2.3455,-0.7743	383.0250,2.3455,-0.7623	382.6750,2.3455,-0.7601	382.1750,2.3455,-0.7569	381.6750,2.3455,-0.7537	381.1750,2.3455,-0.7504	380.6750,2.3455,-0.7472	380.1750,2.3455,-0.7440	379.6750,2.3455,-0.7408	379.1750,2.3455,-0.7376	378.6750,2.3455,-0.7344	378.1750,2.3455,-0.7311	377.6750,2.3455,-0.7279	377.1750,2.3455,-0.7247	376.6750,2.3455,-0.7215	376.1750,2.3455,-0.7183	375.6750,2.3455,-0.7151	375.1750,2.3455,-0.7119	374.6750,2.3455,-0.7086	374.1750,2.3455,-0.7054	373.6750,2.3455,-0.7022	373.1750,2.3455,-0.6990	372.6750,2.3455,-0.6958	372.1750,2.3455,-0.6926	371.6750,2.3455,-0.6893	371.1750,2.3455,-0.6861	370.6750,2.3455,-0.6829	370.1750,2.4955,-0.6797	369.6750,2.4955,-0.6765	369.6750,2.4955,-0.6885	370.1750,2.4955,-0.6917	370.6750,2.4955,-0.6949	371.1750,2.4955,-0.6981	371.6750,2.4955,-0.7013	372.1750,2.4955,-0.7046	372.6750,2.4955,-0.7078	373.1750,2.4955,-0.7110	373.6750,2.4955,-0.7142	374.1750,2.4955,-0.7174	374.6750,2.4955,-0.7206	375.1750,2.4955,-0.7239	375.6750,2.4955,-0.7271	376.1750,2.4955,-0.7303	376.6750,2.4955,-0.7335	377.1750,2.4955,-0.7367	377.6750,2.4955,-0.7399	378.1750,2.4955,-0.7431	378.6750,2.4955,-0.7464	379.1750,2.4955,-0.7496	379.6750,2.4955,-0.7528	380.1750,2.4955,-0.7560	380.6750,2.4955,-0.7592	381.1750,2.4955,-0.7624	381.6750,2.4955,-0.7657	382.1750,2.4955,-0.7689	382.6750,2.4955,-0.7721	383.0250,2.4955,-0.7743	383.0250,2.4955,-0.7623	382.6750,2.4955,-0.7601	382.1750,2.4955,-0.7569	381.6750,2.4955,-0.7537	381.1750,2.4955,-0.7504	380.6750,2.4955,-0.7472	380.1750,2.4955,-0.7440	379.6750,2.4955,-0.7408	379.1750,2.4955,-0.7376	378.6750,2.4955,-0.7344	378.1750,2.4955,-0.7311	377.6750,2.4955,-0.7279	377.1750,2.4955,-0.7247	376.6750,2.4955,-0.7215	376.1750,2.4955,-0.7183	375.6750,2.4955,-0.7151	375.1750,2.4955,-0.7119	374.6750,2.4955,-0.7086	374.1750,2.4955,-0.7054	373.6750,2.4955,-0.7022	373.1750,2.4955,-0.6990	372.6750,2.4955,-0.6958	372.1750,2.4955,-0.6926	371.6750,2.4955,-0.6893	371.1750,2.4955,-0.6861	370.6750,2.4955,-0.6829
1105	塗替塗装-647	塗替塗装						主桁（下山形鋼）	x 367.59〜385.11 G1	塗替塗装範囲詳細図		DWG の図から（測量前）	塗替塗装 x 367.59〜385.11 主桁（下山形鋼） G1	ext_poly	56	370.1750,2.4835,-0.5417	369.6750,2.4835,-0.5385	369.6750,2.4835,-0.6765	370.1750,2.4835,-0.6797	370.6750,2.4835,-0.6829	371.1750,2.4835,-0.6861	371.6750,2.4835,-0.6893	372.1750,2.4835,-0.6926	372.6750,2.4835,-0.6958	373.1750,2.4835,-0.6990	373.6750,2.4835,-0.7022	374.1750,2.4835,-0.7054	374.6750,2.4835,-0.7086	375.1750,2.4835,-0.7119	375.6750,2.4835,-0.7151	376.1750,2.4835,-0.7183	376.6750,2.4835,-0.7215	377.1750,2.4835,-0.7247	377.6750,2.4835,-0.7279	378.1750,2.4835,-0.7311	378.6750,2.4835,-0.7344	379.1750,2.4835,-0.7376	379.6750,2.4835,-0.7408	380.1750,2.4835,-0.7440	380.6750,2.4835,-0.7472	381.1750,2.4835,-0.7504	381.6750,2.4835,-0.7537	382.1750,2.4835,-0.7569	382.6750,2.4835,-0.7601	383.0250,2.4835,-0.7623	383.0250,2.4835,-0.6243	382.6750,2.4835,-0.6221	382.1750,2.4835,-0.6189	381.6750,2.4835,-0.6157	381.1750,2.4835,-0.6124	380.6750,2.4835,-0.6092	380.1750,2.4835,-0.6060	379.6750,2.4835,-0.6028	379.1750,2.4835,-0.5996	378.6750,2.4835,-0.5964	378.1750,2.4835,-0.5931	377.6750,2.4835,-0.5899	377.1750,2.4835,-0.5867	376.6750,2.4835,-0.5835	376.1750,2.4835,-0.5803	375.6750,2.4835,-0.5771	375.1750,2.4835,-0.5739	374.6750,2.4835,-0.5706	374.1750,2.4835,-0.5674	373.6750,2.4835,-0.5642	373.1750,2.4835,-0.5610	372.6750,2.4835,-0.5578	372.1750,2.4835,-0.5546	371.6750,2.4835,-0.5513	371.1750,2.4835,-0.5481	370.6750,2.4835,-0.5449	370.1750,2.4955,-0.5417	369.6750,2.4955,-0.5385	369.6750,2.4955,-0.6765	370.1750,2.4955,-0.6797	370.6750,2.4955,-0.6829	371.1750,2.4955,-0.6861	371.6750,2.4955,-0.6893	372.1750,2.4955,-0.6926	372.6750,2.4955,-0.6958	373.1750,2.4955,-0.6990	373.6750,2.4955,-0.7022	374.1750,2.4955,-0.7054	374.6750,2.4955,-0.7086	375.1750,2.4955,-0.7119	375.6750,2.4955,-0.7151	376.1750,2.4955,-0.7183	376.6750,2.4955,-0.7215	377.1750,2.4955,-0.7247	377.6750,2.4955,-0.7279	378.1750,2.4955,-0.7311	378.6750,2.4955,-0.7344	379.1750,2.4955,-0.7376	379.6750,2.4955,-0.7408	380.1750,2.4955,-0.7440	380.6750,2.4955,-0.7472	381.1750,2.4955,-0.7504	381.6750,2.4955,-0.7537	382.1750,2.4955,-0.7569	382.6750,2.4955,-0.7601	383.0250,2.4955,-0.7623	383.0250,2.4955,-0.6243	382.6750,2.4955,-0.6221	382.1750,2.4955,-0.6189	381.6750,2.4955,-0.6157	381.1750,2.4955,-0.6124	380.6750,2.4955,-0.6092	380.1750,2.4955,-0.6060	379.6750,2.4955,-0.6028	379.1750,2.4955,-0.5996	378.6750,2.4955,-0.5964	378.1750,2.4955,-0.5931	377.6750,2.4955,-0.5899	377.1750,2.4955,-0.5867	376.6750,2.4955,-0.5835	376.1750,2.4955,-0.5803	375.6750,2.4955,-0.5771	375.1750,2.4955,-0.5739	374.6750,2.4955,-0.5706	374.1750,2.4955,-0.5674	373.6750,2.4955,-0.5642	373.1750,2.4955,-0.5610	372.6750,2.4955,-0.5578	372.1750,2.4955,-0.5546	371.6750,2.4955,-0.5513	371.1750,2.4955,-0.5481	370.6750,2.4955,-0.5449
1106	塗替塗装-648	塗替塗装						主桁（腹板）	x 367.59〜385.11 G2	塗替塗装範囲詳細図		DWG の図から（測量前）	塗替塗装 x 367.59〜385.11 主桁（腹板） G2	ext_poly	56	370.1750,-2.5045,0.8183	369.6750,-2.5045,0.8215	369.6750,-2.5045,-0.6885	370.1750,-2.5045,-0.6917	370.6750,-2.5045,-0.6949	371.1750,-2.5045,-0.6981	371.6750,-2.5045,-0.7013	372.1750,-2.5045,-0.7046	372.6750,-2.5045,-0.7078	373.1750,-2.5045,-0.7110	373.6750,-2.5045,-0.7142	374.1750,-2.5045,-0.7174	374.6750,-2.5045,-0.7206	375.1750,-2.5045,-0.7239	375.6750,-2.5045,-0.7271	376.1750,-2.5045,-0.7303	376.6750,-2.5045,-0.7335	377.1750,-2.5045,-0.7367	377.6750,-2.5045,-0.7399	378.1750,-2.5045,-0.7431	378.6750,-2.5045,-0.7464	379.1750,-2.5045,-0.7496	379.6750,-2.5045,-0.7528	380.1750,-2.5045,-0.7560	380.6750,-2.5045,-0.7592	381.1750,-2.5045,-0.7624	381.6750,-2.5045,-0.7657	382.1750,-2.5045,-0.7689	382.6750,-2.5045,-0.7721	383.0250,-2.5045,-0.7743	383.0250,-2.5045,0.7357	382.6750,-2.5045,0.7379	382.1750,-2.5045,0.7411	381.6750,-2.5045,0.7443	381.1750,-2.5045,0.7476	380.6750,-2.5045,0.7508	380.1750,-2.5045,0.7540	379.6750,-2.5045,0.7572	379.1750,-2.5045,0.7604	378.6750,-2.5045,0.7636	378.1750,-2.5045,0.7669	377.6750,-2.5045,0.7701	377.1750,-2.5045,0.7733	376.6750,-2.5045,0.7765	376.1750,-2.5045,0.7797	375.6750,-2.5045,0.7829	375.1750,-2.5045,0.7861	374.6750,-2.5045,0.7894	374.1750,-2.5045,0.7926	373.6750,-2.5045,0.7958	373.1750,-2.5045,0.7990	372.6750,-2.5045,0.8022	372.1750,-2.5045,0.8054	371.6750,-2.5045,0.8087	371.1750,-2.5045,0.8119	370.6750,-2.5045,0.8151	370.1750,-2.4955,0.8183	369.6750,-2.4955,0.8215	369.6750,-2.4955,-0.6885	370.1750,-2.4955,-0.6917	370.6750,-2.4955,-0.6949	371.1750,-2.4955,-0.6981	371.6750,-2.4955,-0.7013	372.1750,-2.4955,-0.7046	372.6750,-2.4955,-0.7078	373.1750,-2.4955,-0.7110	373.6750,-2.4955,-0.7142	374.1750,-2.4955,-0.7174	374.6750,-2.4955,-0.7206	375.1750,-2.4955,-0.7239	375.6750,-2.4955,-0.7271	376.1750,-2.4955,-0.7303	376.6750,-2.4955,-0.7335	377.1750,-2.4955,-0.7367	377.6750,-2.4955,-0.7399	378.1750,-2.4955,-0.7431	378.6750,-2.4955,-0.7464	379.1750,-2.4955,-0.7496	379.6750,-2.4955,-0.7528	380.1750,-2.4955,-0.7560	380.6750,-2.4955,-0.7592	381.1750,-2.4955,-0.7624	381.6750,-2.4955,-0.7657	382.1750,-2.4955,-0.7689	382.6750,-2.4955,-0.7721	383.0250,-2.4955,-0.7743	383.0250,-2.4955,0.7357	382.6750,-2.4955,0.7379	382.1750,-2.4955,0.7411	381.6750,-2.4955,0.7443	381.1750,-2.4955,0.7476	380.6750,-2.4955,0.7508	380.1750,-2.4955,0.7540	379.6750,-2.4955,0.7572	379.1750,-2.4955,0.7604	378.6750,-2.4955,0.7636	378.1750,-2.4955,0.7669	377.6750,-2.4955,0.7701	377.1750,-2.4955,0.7733	376.6750,-2.4955,0.7765	376.1750,-2.4955,0.7797	375.6750,-2.4955,0.7829	375.1750,-2.4955,0.7861	374.6750,-2.4955,0.7894	374.1750,-2.4955,0.7926	373.6750,-2.4955,0.7958	373.1750,-2.4955,0.7990	372.6750,-2.4955,0.8022	372.1750,-2.4955,0.8054	371.6750,-2.4955,0.8087	371.1750,-2.4955,0.8119	370.6750,-2.4955,0.8151
1107	塗替塗装-649	塗替塗装						主桁（上山形鋼）	x 367.59〜385.11 G2	塗替塗装範囲詳細図		DWG の図から（測量前）	塗替塗装 x 367.59〜385.11 主桁（上山形鋼） G2	ext_poly	56	370.1750,-2.4955,0.8183	369.6750,-2.4955,0.8215	369.6750,-2.4955,0.8095	370.1750,-2.4955,0.8063	370.6750,-2.4955,0.8031	371.1750,-2.4955,0.7999	371.6750,-2.4955,0.7967	372.1750,-2.4955,0.7934	372.6750,-2.4955,0.7902	373.1750,-2.4955,0.7870	373.6750,-2.4955,0.7838	374.1750,-2.4955,0.7806	374.6750,-2.4955,0.7774	375.1750,-2.4955,0.7741	375.6750,-2.4955,0.7709	376.1750,-2.4955,0.7677	376.6750,-2.4955,0.7645	377.1750,-2.4955,0.7613	377.6750,-2.4955,0.7581	378.1750,-2.4955,0.7549	378.6750,-2.4955,0.7516	379.1750,-2.4955,0.7484	379.6750,-2.4955,0.7452	380.1750,-2.4955,0.7420	380.6750,-2.4955,0.7388	381.1750,-2.4955,0.7356	381.6750,-2.4955,0.7323	382.1750,-2.4955,0.7291	382.6750,-2.4955,0.7259	383.0250,-2.4955,0.7237	383.0250,-2.4955,0.7357	382.6750,-2.4955,0.7379	382.1750,-2.4955,0.7411	381.6750,-2.4955,0.7443	381.1750,-2.4955,0.7476	380.6750,-2.4955,0.7508	380.1750,-2.4955,0.7540	379.6750,-2.4955,0.7572	379.1750,-2.4955,0.7604	378.6750,-2.4955,0.7636	378.1750,-2.4955,0.7669	377.6750,-2.4955,0.7701	377.1750,-2.4955,0.7733	376.6750,-2.4955,0.7765	376.1750,-2.4955,0.7797	375.6750,-2.4955,0.7829	375.1750,-2.4955,0.7861	374.6750,-2.4955,0.7894	374.1750,-2.4955,0.7926	373.6750,-2.4955,0.7958	373.1750,-2.4955,0.7990	372.6750,-2.4955,0.8022	372.1750,-2.4955,0.8054	371.6750,-2.4955,0.8087	371.1750,-2.4955,0.8119	370.6750,-2.4955,0.8151	370.1750,-2.3455,0.8183	369.6750,-2.3455,0.8215	369.6750,-2.3455,0.8095	370.1750,-2.3455,0.8063	370.6750,-2.3455,0.8031	371.1750,-2.3455,0.7999	371.6750,-2.3455,0.7967	372.1750,-2.3455,0.7934	372.6750,-2.3455,0.7902	373.1750,-2.3455,0.7870	373.6750,-2.3455,0.7838	374.1750,-2.3455,0.7806	374.6750,-2.3455,0.7774	375.1750,-2.3455,0.7741	375.6750,-2.3455,0.7709	376.1750,-2.3455,0.7677	376.6750,-2.3455,0.7645	377.1750,-2.3455,0.7613	377.6750,-2.3455,0.7581	378.1750,-2.3455,0.7549	378.6750,-2.3455,0.7516	379.1750,-2.3455,0.7484	379.6750,-2.3455,0.7452	380.1750,-2.3455,0.7420	380.6750,-2.3455,0.7388	381.1750,-2.3455,0.7356	381.6750,-2.3455,0.7323	382.1750,-2.3455,0.7291	382.6750,-2.3455,0.7259	383.0250,-2.3455,0.7237	383.0250,-2.3455,0.7357	382.6750,-2.3455,0.7379	382.1750,-2.3455,0.7411	381.6750,-2.3455,0.7443	381.1750,-2.3455,0.7476	380.6750,-2.3455,0.7508	380.1750,-2.3455,0.7540	379.6750,-2.3455,0.7572	379.1750,-2.3455,0.7604	378.6750,-2.3455,0.7636	378.1750,-2.3455,0.7669	377.6750,-2.3455,0.7701	377.1750,-2.3455,0.7733	376.6750,-2.3455,0.7765	376.1750,-2.3455,0.7797	375.6750,-2.3455,0.7829	375.1750,-2.3455,0.7861	374.6750,-2.3455,0.7894	374.1750,-2.3455,0.7926	373.6750,-2.3455,0.7958	373.1750,-2.3455,0.7990	372.6750,-2.3455,0.8022	372.1750,-2.3455,0.8054	371.6750,-2.3455,0.8087	371.1750,-2.3455,0.8119	370.6750,-2.3455,0.8151
1108	塗替塗装-650	塗替塗装						主桁（上山形鋼）	x 367.59〜385.11 G2	塗替塗装範囲詳細図		DWG の図から（測量前）	塗替塗装 x 367.59〜385.11 主桁（上山形鋼） G2	ext_poly	56	370.1750,-2.4955,0.8063	369.6750,-2.4955,0.8095	369.6750,-2.4955,0.6715	370.1750,-2.4955,0.6683	370.6750,-2.4955,0.6651	371.1750,-2.4955,0.6619	371.6750,-2.4955,0.6587	372.1750,-2.4955,0.6554	372.6750,-2.4955,0.6522	373.1750,-2.4955,0.6490	373.6750,-2.4955,0.6458	374.1750,-2.4955,0.6426	374.6750,-2.4955,0.6394	375.1750,-2.4955,0.6361	375.6750,-2.4955,0.6329	376.1750,-2.4955,0.6297	376.6750,-2.4955,0.6265	377.1750,-2.4955,0.6233	377.6750,-2.4955,0.6201	378.1750,-2.4955,0.6169	378.6750,-2.4955,0.6136	379.1750,-2.4955,0.6104	379.6750,-2.4955,0.6072	380.1750,-2.4955,0.6040	380.6750,-2.4955,0.6008	381.1750,-2.4955,0.5976	381.6750,-2.4955,0.5943	382.1750,-2.4955,0.5911	382.6750,-2.4955,0.5879	383.0250,-2.4955,0.5857	383.0250,-2.4955,0.7237	382.6750,-2.4955,0.7259	382.1750,-2.4955,0.7291	381.6750,-2.4955,0.7323	381.1750,-2.4955,0.7356	380.6750,-2.4955,0.7388	380.1750,-2.4955,0.7420	379.6750,-2.4955,0.7452	379.1750,-2.4955,0.7484	378.6750,-2.4955,0.7516	378.1750,-2.4955,0.7549	377.6750,-2.4955,0.7581	377.1750,-2.4955,0.7613	376.6750,-2.4955,0.7645	376.1750,-2.4955,0.7677	375.6750,-2.4955,0.7709	375.1750,-2.4955,0.7741	374.6750,-2.4955,0.7774	374.1750,-2.4955,0.7806	373.6750,-2.4955,0.7838	373.1750,-2.4955,0.7870	372.6750,-2.4955,0.7902	372.1750,-2.4955,0.7934	371.6750,-2.4955,0.7967	371.1750,-2.4955,0.7999	370.6750,-2.4955,0.8031	370.1750,-2.4835,0.8063	369.6750,-2.4835,0.8095	369.6750,-2.4835,0.6715	370.1750,-2.4835,0.6683	370.6750,-2.4835,0.6651	371.1750,-2.4835,0.6619	371.6750,-2.4835,0.6587	372.1750,-2.4835,0.6554	372.6750,-2.4835,0.6522	373.1750,-2.4835,0.6490	373.6750,-2.4835,0.6458	374.1750,-2.4835,0.6426	374.6750,-2.4835,0.6394	375.1750,-2.4835,0.6361	375.6750,-2.4835,0.6329	376.1750,-2.4835,0.6297	376.6750,-2.4835,0.6265	377.1750,-2.4835,0.6233	377.6750,-2.4835,0.6201	378.1750,-2.4835,0.6169	378.6750,-2.4835,0.6136	379.1750,-2.4835,0.6104	379.6750,-2.4835,0.6072	380.1750,-2.4835,0.6040	380.6750,-2.4835,0.6008	381.1750,-2.4835,0.5976	381.6750,-2.4835,0.5943	382.1750,-2.4835,0.5911	382.6750,-2.4835,0.5879	383.0250,-2.4835,0.5857	383.0250,-2.4835,0.7237	382.6750,-2.4835,0.7259	382.1750,-2.4835,0.7291	381.6750,-2.4835,0.7323	381.1750,-2.4835,0.7356	380.6750,-2.4835,0.7388	380.1750,-2.4835,0.7420	379.6750,-2.4835,0.7452	379.1750,-2.4835,0.7484	378.6750,-2.4835,0.7516	378.1750,-2.4835,0.7549	377.6750,-2.4835,0.7581	377.1750,-2.4835,0.7613	376.6750,-2.4835,0.7645	376.1750,-2.4835,0.7677	375.6750,-2.4835,0.7709	375.1750,-2.4835,0.7741	374.6750,-2.4835,0.7774	374.1750,-2.4835,0.7806	373.6750,-2.4835,0.7838	373.1750,-2.4835,0.7870	372.6750,-2.4835,0.7902	372.1750,-2.4835,0.7934	371.6750,-2.4835,0.7967	371.1750,-2.4835,0.7999	370.6750,-2.4835,0.8031
1109	塗替塗装-651	塗替塗装						主桁（下山形鋼）	x 367.59〜385.11 G2	塗替塗装範囲詳細図		DWG の図から（測量前）	塗替塗装 x 367.59〜385.11 主桁（下山形鋼） G2	ext_poly	56	370.1750,-2.4955,-0.6797	369.6750,-2.4955,-0.6765	369.6750,-2.4955,-0.6885	370.1750,-2.4955,-0.6917	370.6750,-2.4955,-0.6949	371.1750,-2.4955,-0.6981	371.6750,-2.4955,-0.7013	372.1750,-2.4955,-0.7046	372.6750,-2.4955,-0.7078	373.1750,-2.4955,-0.7110	373.6750,-2.4955,-0.7142	374.1750,-2.4955,-0.7174	374.6750,-2.4955,-0.7206	375.1750,-2.4955,-0.7239	375.6750,-2.4955,-0.7271	376.1750,-2.4955,-0.7303	376.6750,-2.4955,-0.7335	377.1750,-2.4955,-0.7367	377.6750,-2.4955,-0.7399	378.1750,-2.4955,-0.7431	378.6750,-2.4955,-0.7464	379.1750,-2.4955,-0.7496	379.6750,-2.4955,-0.7528	380.1750,-2.4955,-0.7560	380.6750,-2.4955,-0.7592	381.1750,-2.4955,-0.7624	381.6750,-2.4955,-0.7657	382.1750,-2.4955,-0.7689	382.6750,-2.4955,-0.7721	383.0250,-2.4955,-0.7743	383.0250,-2.4955,-0.7623	382.6750,-2.4955,-0.7601	382.1750,-2.4955,-0.7569	381.6750,-2.4955,-0.7537	381.1750,-2.4955,-0.7504	380.6750,-2.4955,-0.7472	380.1750,-2.4955,-0.7440	379.6750,-2.4955,-0.7408	379.1750,-2.4955,-0.7376	378.6750,-2.4955,-0.7344	378.1750,-2.4955,-0.7311	377.6750,-2.4955,-0.7279	377.1750,-2.4955,-0.7247	376.6750,-2.4955,-0.7215	376.1750,-2.4955,-0.7183	375.6750,-2.4955,-0.7151	375.1750,-2.4955,-0.7119	374.6750,-2.4955,-0.7086	374.1750,-2.4955,-0.7054	373.6750,-2.4955,-0.7022	373.1750,-2.4955,-0.6990	372.6750,-2.4955,-0.6958	372.1750,-2.4955,-0.6926	371.6750,-2.4955,-0.6893	371.1750,-2.4955,-0.6861	370.6750,-2.4955,-0.6829	370.1750,-2.3455,-0.6797	369.6750,-2.3455,-0.6765	369.6750,-2.3455,-0.6885	370.1750,-2.3455,-0.6917	370.6750,-2.3455,-0.6949	371.1750,-2.3455,-0.6981	371.6750,-2.3455,-0.7013	372.1750,-2.3455,-0.7046	372.6750,-2.3455,-0.7078	373.1750,-2.3455,-0.7110	373.6750,-2.3455,-0.7142	374.1750,-2.3455,-0.7174	374.6750,-2.3455,-0.7206	375.1750,-2.3455,-0.7239	375.6750,-2.3455,-0.7271	376.1750,-2.3455,-0.7303	376.6750,-2.3455,-0.7335	377.1750,-2.3455,-0.7367	377.6750,-2.3455,-0.7399	378.1750,-2.3455,-0.7431	378.6750,-2.3455,-0.7464	379.1750,-2.3455,-0.7496	379.6750,-2.3455,-0.7528	380.1750,-2.3455,-0.7560	380.6750,-2.3455,-0.7592	381.1750,-2.3455,-0.7624	381.6750,-2.3455,-0.7657	382.1750,-2.3455,-0.7689	382.6750,-2.3455,-0.7721	383.0250,-2.3455,-0.7743	383.0250,-2.3455,-0.7623	382.6750,-2.3455,-0.7601	382.1750,-2.3455,-0.7569	381.6750,-2.3455,-0.7537	381.1750,-2.3455,-0.7504	380.6750,-2.3455,-0.7472	380.1750,-2.3455,-0.7440	379.6750,-2.3455,-0.7408	379.1750,-2.3455,-0.7376	378.6750,-2.3455,-0.7344	378.1750,-2.3455,-0.7311	377.6750,-2.3455,-0.7279	377.1750,-2.3455,-0.7247	376.6750,-2.3455,-0.7215	376.1750,-2.3455,-0.7183	375.6750,-2.3455,-0.7151	375.1750,-2.3455,-0.7119	374.6750,-2.3455,-0.7086	374.1750,-2.3455,-0.7054	373.6750,-2.3455,-0.7022	373.1750,-2.3455,-0.6990	372.6750,-2.3455,-0.6958	372.1750,-2.3455,-0.6926	371.6750,-2.3455,-0.6893	371.1750,-2.3455,-0.6861	370.6750,-2.3455,-0.6829
1110	塗替塗装-652	塗替塗装						主桁（下山形鋼）	x 367.59〜385.11 G2	塗替塗装範囲詳細図		DWG の図から（測量前）	塗替塗装 x 367.59〜385.11 主桁（下山形鋼） G2	ext_poly	56	370.1750,-2.4955,-0.5417	369.6750,-2.4955,-0.5385	369.6750,-2.4955,-0.6765	370.1750,-2.4955,-0.6797	370.6750,-2.4955,-0.6829	371.1750,-2.4955,-0.6861	371.6750,-2.4955,-0.6893	372.1750,-2.4955,-0.6926	372.6750,-2.4955,-0.6958	373.1750,-2.4955,-0.6990	373.6750,-2.4955,-0.7022	374.1750,-2.4955,-0.7054	374.6750,-2.4955,-0.7086	375.1750,-2.4955,-0.7119	375.6750,-2.4955,-0.7151	376.1750,-2.4955,-0.7183	376.6750,-2.4955,-0.7215	377.1750,-2.4955,-0.7247	377.6750,-2.4955,-0.7279	378.1750,-2.4955,-0.7311	378.6750,-2.4955,-0.7344	379.1750,-2.4955,-0.7376	379.6750,-2.4955,-0.7408	380.1750,-2.4955,-0.7440	380.6750,-2.4955,-0.7472	381.1750,-2.4955,-0.7504	381.6750,-2.4955,-0.7537	382.1750,-2.4955,-0.7569	382.6750,-2.4955,-0.7601	383.0250,-2.4955,-0.7623	383.0250,-2.4955,-0.6243	382.6750,-2.4955,-0.6221	382.1750,-2.4955,-0.6189	381.6750,-2.4955,-0.6157	381.1750,-2.4955,-0.6124	380.6750,-2.4955,-0.6092	380.1750,-2.4955,-0.6060	379.6750,-2.4955,-0.6028	379.1750,-2.4955,-0.5996	378.6750,-2.4955,-0.5964	378.1750,-2.4955,-0.5931	377.6750,-2.4955,-0.5899	377.1750,-2.4955,-0.5867	376.6750,-2.4955,-0.5835	376.1750,-2.4955,-0.5803	375.6750,-2.4955,-0.5771	375.1750,-2.4955,-0.5739	374.6750,-2.4955,-0.5706	374.1750,-2.4955,-0.5674	373.6750,-2.4955,-0.5642	373.1750,-2.4955,-0.5610	372.6750,-2.4955,-0.5578	372.1750,-2.4955,-0.5546	371.6750,-2.4955,-0.5513	371.1750,-2.4955,-0.5481	370.6750,-2.4955,-0.5449	370.1750,-2.4835,-0.5417	369.6750,-2.4835,-0.5385	369.6750,-2.4835,-0.6765	370.1750,-2.4835,-0.6797	370.6750,-2.4835,-0.6829	371.1750,-2.4835,-0.6861	371.6750,-2.4835,-0.6893	372.1750,-2.4835,-0.6926	372.6750,-2.4835,-0.6958	373.1750,-2.4835,-0.6990	373.6750,-2.4835,-0.7022	374.1750,-2.4835,-0.7054	374.6750,-2.4835,-0.7086	375.1750,-2.4835,-0.7119	375.6750,-2.4835,-0.7151	376.1750,-2.4835,-0.7183	376.6750,-2.4835,-0.7215	377.1750,-2.4835,-0.7247	377.6750,-2.4835,-0.7279	378.1750,-2.4835,-0.7311	378.6750,-2.4835,-0.7344	379.1750,-2.4835,-0.7376	379.6750,-2.4835,-0.7408	380.1750,-2.4835,-0.7440	380.6750,-2.4835,-0.7472	381.1750,-2.4835,-0.7504	381.6750,-2.4835,-0.7537	382.1750,-2.4835,-0.7569	382.6750,-2.4835,-0.7601	383.0250,-2.4835,-0.7623	383.0250,-2.4835,-0.6243	382.6750,-2.4835,-0.6221	382.1750,-2.4835,-0.6189	381.6750,-2.4835,-0.6157	381.1750,-2.4835,-0.6124	380.6750,-2.4835,-0.6092	380.1750,-2.4835,-0.6060	379.6750,-2.4835,-0.6028	379.1750,-2.4835,-0.5996	378.6750,-2.4835,-0.5964	378.1750,-2.4835,-0.5931	377.6750,-2.4835,-0.5899	377.1750,-2.4835,-0.5867	376.6750,-2.4835,-0.5835	376.1750,-2.4835,-0.5803	375.6750,-2.4835,-0.5771	375.1750,-2.4835,-0.5739	374.6750,-2.4835,-0.5706	374.1750,-2.4835,-0.5674	373.6750,-2.4835,-0.5642	373.1750,-2.4835,-0.5610	372.6750,-2.4835,-0.5578	372.1750,-2.4835,-0.5546	371.6750,-2.4835,-0.5513	371.1750,-2.4835,-0.5481	370.6750,-2.4835,-0.5449
1111	塗替塗装-653	塗替塗装						主桁（上山形鋼）	x 367.59〜385.11 G2	塗替塗装範囲詳細図		DWG の図から（測量前）	塗替塗装 x 367.59〜385.11 主桁（上山形鋼） G2	ext_poly	56	370.1750,-2.6545,0.8183	369.6750,-2.6545,0.8215	369.6750,-2.6545,0.8095	370.1750,-2.6545,0.8063	370.6750,-2.6545,0.8031	371.1750,-2.6545,0.7999	371.6750,-2.6545,0.7967	372.1750,-2.6545,0.7934	372.6750,-2.6545,0.7902	373.1750,-2.6545,0.7870	373.6750,-2.6545,0.7838	374.1750,-2.6545,0.7806	374.6750,-2.6545,0.7774	375.1750,-2.6545,0.7741	375.6750,-2.6545,0.7709	376.1750,-2.6545,0.7677	376.6750,-2.6545,0.7645	377.1750,-2.6545,0.7613	377.6750,-2.6545,0.7581	378.1750,-2.6545,0.7549	378.6750,-2.6545,0.7516	379.1750,-2.6545,0.7484	379.6750,-2.6545,0.7452	380.1750,-2.6545,0.7420	380.6750,-2.6545,0.7388	381.1750,-2.6545,0.7356	381.6750,-2.6545,0.7323	382.1750,-2.6545,0.7291	382.6750,-2.6545,0.7259	383.0250,-2.6545,0.7237	383.0250,-2.6545,0.7357	382.6750,-2.6545,0.7379	382.1750,-2.6545,0.7411	381.6750,-2.6545,0.7443	381.1750,-2.6545,0.7476	380.6750,-2.6545,0.7508	380.1750,-2.6545,0.7540	379.6750,-2.6545,0.7572	379.1750,-2.6545,0.7604	378.6750,-2.6545,0.7636	378.1750,-2.6545,0.7669	377.6750,-2.6545,0.7701	377.1750,-2.6545,0.7733	376.6750,-2.6545,0.7765	376.1750,-2.6545,0.7797	375.6750,-2.6545,0.7829	375.1750,-2.6545,0.7861	374.6750,-2.6545,0.7894	374.1750,-2.6545,0.7926	373.6750,-2.6545,0.7958	373.1750,-2.6545,0.7990	372.6750,-2.6545,0.8022	372.1750,-2.6545,0.8054	371.6750,-2.6545,0.8087	371.1750,-2.6545,0.8119	370.6750,-2.6545,0.8151	370.1750,-2.5045,0.8183	369.6750,-2.5045,0.8215	369.6750,-2.5045,0.8095	370.1750,-2.5045,0.8063	370.6750,-2.5045,0.8031	371.1750,-2.5045,0.7999	371.6750,-2.5045,0.7967	372.1750,-2.5045,0.7934	372.6750,-2.5045,0.7902	373.1750,-2.5045,0.7870	373.6750,-2.5045,0.7838	374.1750,-2.5045,0.7806	374.6750,-2.5045,0.7774	375.1750,-2.5045,0.7741	375.6750,-2.5045,0.7709	376.1750,-2.5045,0.7677	376.6750,-2.5045,0.7645	377.1750,-2.5045,0.7613	377.6750,-2.5045,0.7581	378.1750,-2.5045,0.7549	378.6750,-2.5045,0.7516	379.1750,-2.5045,0.7484	379.6750,-2.5045,0.7452	380.1750,-2.5045,0.7420	380.6750,-2.5045,0.7388	381.1750,-2.5045,0.7356	381.6750,-2.5045,0.7323	382.1750,-2.5045,0.7291	382.6750,-2.5045,0.7259	383.0250,-2.5045,0.7237	383.0250,-2.5045,0.7357	382.6750,-2.5045,0.7379	382.1750,-2.5045,0.7411	381.6750,-2.5045,0.7443	381.1750,-2.5045,0.7476	380.6750,-2.5045,0.7508	380.1750,-2.5045,0.7540	379.6750,-2.5045,0.7572	379.1750,-2.5045,0.7604	378.6750,-2.5045,0.7636	378.1750,-2.5045,0.7669	377.6750,-2.5045,0.7701	377.1750,-2.5045,0.7733	376.6750,-2.5045,0.7765	376.1750,-2.5045,0.7797	375.6750,-2.5045,0.7829	375.1750,-2.5045,0.7861	374.6750,-2.5045,0.7894	374.1750,-2.5045,0.7926	373.6750,-2.5045,0.7958	373.1750,-2.5045,0.7990	372.6750,-2.5045,0.8022	372.1750,-2.5045,0.8054	371.6750,-2.5045,0.8087	371.1750,-2.5045,0.8119	370.6750,-2.5045,0.8151
1112	塗替塗装-654	塗替塗装						主桁（上山形鋼）	x 367.59〜385.11 G2	塗替塗装範囲詳細図		DWG の図から（測量前）	塗替塗装 x 367.59〜385.11 主桁（上山形鋼） G2	ext_poly	56	370.1750,-2.5165,0.8063	369.6750,-2.5165,0.8095	369.6750,-2.5165,0.6715	370.1750,-2.5165,0.6683	370.6750,-2.5165,0.6651	371.1750,-2.5165,0.6619	371.6750,-2.5165,0.6587	372.1750,-2.5165,0.6554	372.6750,-2.5165,0.6522	373.1750,-2.5165,0.6490	373.6750,-2.5165,0.6458	374.1750,-2.5165,0.6426	374.6750,-2.5165,0.6394	375.1750,-2.5165,0.6361	375.6750,-2.5165,0.6329	376.1750,-2.5165,0.6297	376.6750,-2.5165,0.6265	377.1750,-2.5165,0.6233	377.6750,-2.5165,0.6201	378.1750,-2.5165,0.6169	378.6750,-2.5165,0.6136	379.1750,-2.5165,0.6104	379.6750,-2.5165,0.6072	380.1750,-2.5165,0.6040	380.6750,-2.5165,0.6008	381.1750,-2.5165,0.5976	381.6750,-2.5165,0.5943	382.1750,-2.5165,0.5911	382.6750,-2.5165,0.5879	383.0250,-2.5165,0.5857	383.0250,-2.5165,0.7237	382.6750,-2.5165,0.7259	382.1750,-2.5165,0.7291	381.6750,-2.5165,0.7323	381.1750,-2.5165,0.7356	380.6750,-2.5165,0.7388	380.1750,-2.5165,0.7420	379.6750,-2.5165,0.7452	379.1750,-2.5165,0.7484	378.6750,-2.5165,0.7516	378.1750,-2.5165,0.7549	377.6750,-2.5165,0.7581	377.1750,-2.5165,0.7613	376.6750,-2.5165,0.7645	376.1750,-2.5165,0.7677	375.6750,-2.5165,0.7709	375.1750,-2.5165,0.7741	374.6750,-2.5165,0.7774	374.1750,-2.5165,0.7806	373.6750,-2.5165,0.7838	373.1750,-2.5165,0.7870	372.6750,-2.5165,0.7902	372.1750,-2.5165,0.7934	371.6750,-2.5165,0.7967	371.1750,-2.5165,0.7999	370.6750,-2.5165,0.8031	370.1750,-2.5045,0.8063	369.6750,-2.5045,0.8095	369.6750,-2.5045,0.6715	370.1750,-2.5045,0.6683	370.6750,-2.5045,0.6651	371.1750,-2.5045,0.6619	371.6750,-2.5045,0.6587	372.1750,-2.5045,0.6554	372.6750,-2.5045,0.6522	373.1750,-2.5045,0.6490	373.6750,-2.5045,0.6458	374.1750,-2.5045,0.6426	374.6750,-2.5045,0.6394	375.1750,-2.5045,0.6361	375.6750,-2.5045,0.6329	376.1750,-2.5045,0.6297	376.6750,-2.5045,0.6265	377.1750,-2.5045,0.6233	377.6750,-2.5045,0.6201	378.1750,-2.5045,0.6169	378.6750,-2.5045,0.6136	379.1750,-2.5045,0.6104	379.6750,-2.5045,0.6072	380.1750,-2.5045,0.6040	380.6750,-2.5045,0.6008	381.1750,-2.5045,0.5976	381.6750,-2.5045,0.5943	382.1750,-2.5045,0.5911	382.6750,-2.5045,0.5879	383.0250,-2.5045,0.5857	383.0250,-2.5045,0.7237	382.6750,-2.5045,0.7259	382.1750,-2.5045,0.7291	381.6750,-2.5045,0.7323	381.1750,-2.5045,0.7356	380.6750,-2.5045,0.7388	380.1750,-2.5045,0.7420	379.6750,-2.5045,0.7452	379.1750,-2.5045,0.7484	378.6750,-2.5045,0.7516	378.1750,-2.5045,0.7549	377.6750,-2.5045,0.7581	377.1750,-2.5045,0.7613	376.6750,-2.5045,0.7645	376.1750,-2.5045,0.7677	375.6750,-2.5045,0.7709	375.1750,-2.5045,0.7741	374.6750,-2.5045,0.7774	374.1750,-2.5045,0.7806	373.6750,-2.5045,0.7838	373.1750,-2.5045,0.7870	372.6750,-2.5045,0.7902	372.1750,-2.5045,0.7934	371.6750,-2.5045,0.7967	371.1750,-2.5045,0.7999	370.6750,-2.5045,0.8031
1113	塗替塗装-655	塗替塗装						主桁（下山形鋼）	x 367.59〜385.11 G2	塗替塗装範囲詳細図		DWG の図から（測量前）	塗替塗装 x 367.59〜385.11 主桁（下山形鋼） G2	ext_poly	56	370.1750,-2.6545,-0.6797	369.6750,-2.6545,-0.6765	369.6750,-2.6545,-0.6885	370.1750,-2.6545,-0.6917	370.6750,-2.6545,-0.6949	371.1750,-2.6545,-0.6981	371.6750,-2.6545,-0.7013	372.1750,-2.6545,-0.7046	372.6750,-2.6545,-0.7078	373.1750,-2.6545,-0.7110	373.6750,-2.6545,-0.7142	374.1750,-2.6545,-0.7174	374.6750,-2.6545,-0.7206	375.1750,-2.6545,-0.7239	375.6750,-2.6545,-0.7271	376.1750,-2.6545,-0.7303	376.6750,-2.6545,-0.7335	377.1750,-2.6545,-0.7367	377.6750,-2.6545,-0.7399	378.1750,-2.6545,-0.7431	378.6750,-2.6545,-0.7464	379.1750,-2.6545,-0.7496	379.6750,-2.6545,-0.7528	380.1750,-2.6545,-0.7560	380.6750,-2.6545,-0.7592	381.1750,-2.6545,-0.7624	381.6750,-2.6545,-0.7657	382.1750,-2.6545,-0.7689	382.6750,-2.6545,-0.7721	383.0250,-2.6545,-0.7743	383.0250,-2.6545,-0.7623	382.6750,-2.6545,-0.7601	382.1750,-2.6545,-0.7569	381.6750,-2.6545,-0.7537	381.1750,-2.6545,-0.7504	380.6750,-2.6545,-0.7472	380.1750,-2.6545,-0.7440	379.6750,-2.6545,-0.7408	379.1750,-2.6545,-0.7376	378.6750,-2.6545,-0.7344	378.1750,-2.6545,-0.7311	377.6750,-2.6545,-0.7279	377.1750,-2.6545,-0.7247	376.6750,-2.6545,-0.7215	376.1750,-2.6545,-0.7183	375.6750,-2.6545,-0.7151	375.1750,-2.6545,-0.7119	374.6750,-2.6545,-0.7086	374.1750,-2.6545,-0.7054	373.6750,-2.6545,-0.7022	373.1750,-2.6545,-0.6990	372.6750,-2.6545,-0.6958	372.1750,-2.6545,-0.6926	371.6750,-2.6545,-0.6893	371.1750,-2.6545,-0.6861	370.6750,-2.6545,-0.6829	370.1750,-2.5045,-0.6797	369.6750,-2.5045,-0.6765	369.6750,-2.5045,-0.6885	370.1750,-2.5045,-0.6917	370.6750,-2.5045,-0.6949	371.1750,-2.5045,-0.6981	371.6750,-2.5045,-0.7013	372.1750,-2.5045,-0.7046	372.6750,-2.5045,-0.7078	373.1750,-2.5045,-0.7110	373.6750,-2.5045,-0.7142	374.1750,-2.5045,-0.7174	374.6750,-2.5045,-0.7206	375.1750,-2.5045,-0.7239	375.6750,-2.5045,-0.7271	376.1750,-2.5045,-0.7303	376.6750,-2.5045,-0.7335	377.1750,-2.5045,-0.7367	377.6750,-2.5045,-0.7399	378.1750,-2.5045,-0.7431	378.6750,-2.5045,-0.7464	379.1750,-2.5045,-0.7496	379.6750,-2.5045,-0.7528	380.1750,-2.5045,-0.7560	380.6750,-2.5045,-0.7592	381.1750,-2.5045,-0.7624	381.6750,-2.5045,-0.7657	382.1750,-2.5045,-0.7689	382.6750,-2.5045,-0.7721	383.0250,-2.5045,-0.7743	383.0250,-2.5045,-0.7623	382.6750,-2.5045,-0.7601	382.1750,-2.5045,-0.7569	381.6750,-2.5045,-0.7537	381.1750,-2.5045,-0.7504	380.6750,-2.5045,-0.7472	380.1750,-2.5045,-0.7440	379.6750,-2.5045,-0.7408	379.1750,-2.5045,-0.7376	378.6750,-2.5045,-0.7344	378.1750,-2.5045,-0.7311	377.6750,-2.5045,-0.7279	377.1750,-2.5045,-0.7247	376.6750,-2.5045,-0.7215	376.1750,-2.5045,-0.7183	375.6750,-2.5045,-0.7151	375.1750,-2.5045,-0.7119	374.6750,-2.5045,-0.7086	374.1750,-2.5045,-0.7054	373.6750,-2.5045,-0.7022	373.1750,-2.5045,-0.6990	372.6750,-2.5045,-0.6958	372.1750,-2.5045,-0.6926	371.6750,-2.5045,-0.6893	371.1750,-2.5045,-0.6861	370.6750,-2.5045,-0.6829
1114	塗替塗装-656	塗替塗装						主桁（下山形鋼）	x 367.59〜385.11 G2	塗替塗装範囲詳細図		DWG の図から（測量前）	塗替塗装 x 367.59〜385.11 主桁（下山形鋼） G2	ext_poly	56	370.1750,-2.5165,-0.5417	369.6750,-2.5165,-0.5385	369.6750,-2.5165,-0.6765	370.1750,-2.5165,-0.6797	370.6750,-2.5165,-0.6829	371.1750,-2.5165,-0.6861	371.6750,-2.5165,-0.6893	372.1750,-2.5165,-0.6926	372.6750,-2.5165,-0.6958	373.1750,-2.5165,-0.6990	373.6750,-2.5165,-0.7022	374.1750,-2.5165,-0.7054	374.6750,-2.5165,-0.7086	375.1750,-2.5165,-0.7119	375.6750,-2.5165,-0.7151	376.1750,-2.5165,-0.7183	376.6750,-2.5165,-0.7215	377.1750,-2.5165,-0.7247	377.6750,-2.5165,-0.7279	378.1750,-2.5165,-0.7311	378.6750,-2.5165,-0.7344	379.1750,-2.5165,-0.7376	379.6750,-2.5165,-0.7408	380.1750,-2.5165,-0.7440	380.6750,-2.5165,-0.7472	381.1750,-2.5165,-0.7504	381.6750,-2.5165,-0.7537	382.1750,-2.5165,-0.7569	382.6750,-2.5165,-0.7601	383.0250,-2.5165,-0.7623	383.0250,-2.5165,-0.6243	382.6750,-2.5165,-0.6221	382.1750,-2.5165,-0.6189	381.6750,-2.5165,-0.6157	381.1750,-2.5165,-0.6124	380.6750,-2.5165,-0.6092	380.1750,-2.5165,-0.6060	379.6750,-2.5165,-0.6028	379.1750,-2.5165,-0.5996	378.6750,-2.5165,-0.5964	378.1750,-2.5165,-0.5931	377.6750,-2.5165,-0.5899	377.1750,-2.5165,-0.5867	376.6750,-2.5165,-0.5835	376.1750,-2.5165,-0.5803	375.6750,-2.5165,-0.5771	375.1750,-2.5165,-0.5739	374.6750,-2.5165,-0.5706	374.1750,-2.5165,-0.5674	373.6750,-2.5165,-0.5642	373.1750,-2.5165,-0.5610	372.6750,-2.5165,-0.5578	372.1750,-2.5165,-0.5546	371.6750,-2.5165,-0.5513	371.1750,-2.5165,-0.5481	370.6750,-2.5165,-0.5449	370.1750,-2.5045,-0.5417	369.6750,-2.5045,-0.5385	369.6750,-2.5045,-0.6765	370.1750,-2.5045,-0.6797	370.6750,-2.5045,-0.6829	371.1750,-2.5045,-0.6861	371.6750,-2.5045,-0.6893	372.1750,-2.5045,-0.6926	372.6750,-2.5045,-0.6958	373.1750,-2.5045,-0.6990	373.6750,-2.5045,-0.7022	374.1750,-2.5045,-0.7054	374.6750,-2.5045,-0.7086	375.1750,-2.5045,-0.7119	375.6750,-2.5045,-0.7151	376.1750,-2.5045,-0.7183	376.6750,-2.5045,-0.7215	377.1750,-2.5045,-0.7247	377.6750,-2.5045,-0.7279	378.1750,-2.5045,-0.7311	378.6750,-2.5045,-0.7344	379.1750,-2.5045,-0.7376	379.6750,-2.5045,-0.7408	380.1750,-2.5045,-0.7440	380.6750,-2.5045,-0.7472	381.1750,-2.5045,-0.7504	381.6750,-2.5045,-0.7537	382.1750,-2.5045,-0.7569	382.6750,-2.5045,-0.7601	383.0250,-2.5045,-0.7623	383.0250,-2.5045,-0.6243	382.6750,-2.5045,-0.6221	382.1750,-2.5045,-0.6189	381.6750,-2.5045,-0.6157	381.1750,-2.5045,-0.6124	380.6750,-2.5045,-0.6092	380.1750,-2.5045,-0.6060	379.6750,-2.5045,-0.6028	379.1750,-2.5045,-0.5996	378.6750,-2.5045,-0.5964	378.1750,-2.5045,-0.5931	377.6750,-2.5045,-0.5899	377.1750,-2.5045,-0.5867	376.6750,-2.5045,-0.5835	376.1750,-2.5045,-0.5803	375.6750,-2.5045,-0.5771	375.1750,-2.5045,-0.5739	374.6750,-2.5045,-0.5706	374.1750,-2.5045,-0.5674	373.6750,-2.5045,-0.5642	373.1750,-2.5045,-0.5610	372.6750,-2.5045,-0.5578	372.1750,-2.5045,-0.5546	371.6750,-2.5045,-0.5513	371.1750,-2.5045,-0.5481	370.6750,-2.5045,-0.5449
1115	塗替塗装-657	塗替塗装						主桁（腹板）	x 367.59〜385.11 G1	塗替塗装範囲詳細図		DWG の図から（測量前）	塗替塗装 x 367.59〜385.11 主桁（腹板） G1	ext_poly	12	383.5750,2.4940,0.7321	383.0750,2.4940,0.7353	383.0750,2.4940,-0.7747	383.5750,2.4940,-0.7779	384.0750,2.4940,-0.7811	384.5750,2.4940,-0.7843	385.0750,2.4940,-0.7875	385.1100,2.4940,-0.7877	385.1100,2.4940,0.7223	385.0750,2.4940,0.7225	384.5750,2.4940,0.7257	384.0750,2.4940,0.7289	383.5750,2.5060,0.7321	383.0750,2.5060,0.7353	383.0750,2.5060,-0.7747	383.5750,2.5060,-0.7779	384.0750,2.5060,-0.7811	384.5750,2.5060,-0.7843	385.0750,2.5060,-0.7875	385.1100,2.5060,-0.7877	385.1100,2.5060,0.7223	385.0750,2.5060,0.7225	384.5750,2.5060,0.7257	384.0750,2.5060,0.7289
1116	塗替塗装-658	塗替塗装						主桁（上山形鋼）	x 367.59〜385.11 G1	塗替塗装範囲詳細図		DWG の図から（測量前）	塗替塗装 x 367.59〜385.11 主桁（上山形鋼） G1	ext_poly	12	383.5750,2.5060,0.7321	383.0750,2.5060,0.7353	383.0750,2.5060,0.7203	383.5750,2.5060,0.7171	384.0750,2.5060,0.7139	384.5750,2.5060,0.7107	385.0750,2.5060,0.7075	385.1100,2.5060,0.7073	385.1100,2.5060,0.7223	385.0750,2.5060,0.7225	384.5750,2.5060,0.7257	384.0750,2.5060,0.7289	383.5750,2.6560,0.7321	383.0750,2.6560,0.7353	383.0750,2.6560,0.7203	383.5750,2.6560,0.7171	384.0750,2.6560,0.7139	384.5750,2.6560,0.7107	385.0750,2.6560,0.7075	385.1100,2.6560,0.7073	385.1100,2.6560,0.7223	385.0750,2.6560,0.7225	384.5750,2.6560,0.7257	384.0750,2.6560,0.7289
1117	塗替塗装-659	塗替塗装						主桁（上山形鋼）	x 367.59〜385.11 G1	塗替塗装範囲詳細図		DWG の図から（測量前）	塗替塗装 x 367.59〜385.11 主桁（上山形鋼） G1	ext_poly	12	383.5750,2.5060,0.7171	383.0750,2.5060,0.7203	383.0750,2.5060,0.5853	383.5750,2.5060,0.5821	384.0750,2.5060,0.5789	384.5750,2.5060,0.5757	385.0750,2.5060,0.5725	385.1100,2.5060,0.5723	385.1100,2.5060,0.7073	385.0750,2.5060,0.7075	384.5750,2.5060,0.7107	384.0750,2.5060,0.7139	383.5750,2.5210,0.7171	383.0750,2.5210,0.7203	383.0750,2.5210,0.5853	383.5750,2.5210,0.5821	384.0750,2.5210,0.5789	384.5750,2.5210,0.5757	385.0750,2.5210,0.5725	385.1100,2.5210,0.5723	385.1100,2.5210,0.7073	385.0750,2.5210,0.7075	384.5750,2.5210,0.7107	384.0750,2.5210,0.7139
1118	塗替塗装-660	塗替塗装						主桁（下山形鋼）	x 367.59〜385.11 G1	塗替塗装範囲詳細図		DWG の図から（測量前）	塗替塗装 x 367.59〜385.11 主桁（下山形鋼） G1	ext_poly	12	383.5750,2.5060,-0.7629	383.0750,2.5060,-0.7597	383.0750,2.5060,-0.7747	383.5750,2.5060,-0.7779	384.0750,2.5060,-0.7811	384.5750,2.5060,-0.7843	385.0750,2.5060,-0.7875	385.1100,2.5060,-0.7877	385.1100,2.5060,-0.7727	385.0750,2.5060,-0.7725	384.5750,2.5060,-0.7693	384.0750,2.5060,-0.7661	383.5750,2.6560,-0.7629	383.0750,2.6560,-0.7597	383.0750,2.6560,-0.7747	383.5750,2.6560,-0.7779	384.0750,2.6560,-0.7811	384.5750,2.6560,-0.7843	385.0750,2.6560,-0.7875	385.1100,2.6560,-0.7877	385.1100,2.6560,-0.7727	385.0750,2.6560,-0.7725	384.5750,2.6560,-0.7693	384.0750,2.6560,-0.7661
1119	塗替塗装-661	塗替塗装						主桁（下山形鋼）	x 367.59〜385.11 G1	塗替塗装範囲詳細図		DWG の図から（測量前）	塗替塗装 x 367.59〜385.11 主桁（下山形鋼） G1	ext_poly	12	383.5750,2.5060,-0.6279	383.0750,2.5060,-0.6247	383.0750,2.5060,-0.7597	383.5750,2.5060,-0.7629	384.0750,2.5060,-0.7661	384.5750,2.5060,-0.7693	385.0750,2.5060,-0.7725	385.1100,2.5060,-0.7727	385.1100,2.5060,-0.6377	385.0750,2.5060,-0.6375	384.5750,2.5060,-0.6343	384.0750,2.5060,-0.6311	383.5750,2.5210,-0.6279	383.0750,2.5210,-0.6247	383.0750,2.5210,-0.7597	383.5750,2.5210,-0.7629	384.0750,2.5210,-0.7661	384.5750,2.5210,-0.7693	385.0750,2.5210,-0.7725	385.1100,2.5210,-0.7727	385.1100,2.5210,-0.6377	385.0750,2.5210,-0.6375	384.5750,2.5210,-0.6343	384.0750,2.5210,-0.6311
1120	塗替塗装-662	塗替塗装						主桁（上山形鋼）	x 367.59〜385.11 G1	塗替塗装範囲詳細図		DWG の図から（測量前）	塗替塗装 x 367.59〜385.11 主桁（上山形鋼） G1	ext_poly	12	383.5750,2.3440,0.7321	383.0750,2.3440,0.7353	383.0750,2.3440,0.7203	383.5750,2.3440,0.7171	384.0750,2.3440,0.7139	384.5750,2.3440,0.7107	385.0750,2.3440,0.7075	385.1100,2.3440,0.7073	385.1100,2.3440,0.7223	385.0750,2.3440,0.7225	384.5750,2.3440,0.7257	384.0750,2.3440,0.7289	383.5750,2.4940,0.7321	383.0750,2.4940,0.7353	383.0750,2.4940,0.7203	383.5750,2.4940,0.7171	384.0750,2.4940,0.7139	384.5750,2.4940,0.7107	385.0750,2.4940,0.7075	385.1100,2.4940,0.7073	385.1100,2.4940,0.7223	385.0750,2.4940,0.7225	384.5750,2.4940,0.7257	384.0750,2.4940,0.7289
1121	塗替塗装-663	塗替塗装						主桁（上山形鋼）	x 367.59〜385.11 G1	塗替塗装範囲詳細図		DWG の図から（測量前）	塗替塗装 x 367.59〜385.11 主桁（上山形鋼） G1	ext_poly	12	383.5750,2.4790,0.7171	383.0750,2.4790,0.7203	383.0750,2.4790,0.5853	383.5750,2.4790,0.5821	384.0750,2.4790,0.5789	384.5750,2.4790,0.5757	385.0750,2.4790,0.5725	385.1100,2.4790,0.5723	385.1100,2.4790,0.7073	385.0750,2.4790,0.7075	384.5750,2.4790,0.7107	384.0750,2.4790,0.7139	383.5750,2.4940,0.7171	383.0750,2.4940,0.7203	383.0750,2.4940,0.5853	383.5750,2.4940,0.5821	384.0750,2.4940,0.5789	384.5750,2.4940,0.5757	385.0750,2.4940,0.5725	385.1100,2.4940,0.5723	385.1100,2.4940,0.7073	385.0750,2.4940,0.7075	384.5750,2.4940,0.7107	384.0750,2.4940,0.7139
1122	塗替塗装-664	塗替塗装						主桁（下山形鋼）	x 367.59〜385.11 G1	塗替塗装範囲詳細図		DWG の図から（測量前）	塗替塗装 x 367.59〜385.11 主桁（下山形鋼） G1	ext_poly	12	383.5750,2.3440,-0.7629	383.0750,2.3440,-0.7597	383.0750,2.3440,-0.7747	383.5750,2.3440,-0.7779	384.0750,2.3440,-0.7811	384.5750,2.3440,-0.7843	385.0750,2.3440,-0.7875	385.1100,2.3440,-0.7877	385.1100,2.3440,-0.7727	385.0750,2.3440,-0.7725	384.5750,2.3440,-0.7693	384.0750,2.3440,-0.7661	383.5750,2.4940,-0.7629	383.0750,2.4940,-0.7597	383.0750,2.4940,-0.7747	383.5750,2.4940,-0.7779	384.0750,2.4940,-0.7811	384.5750,2.4940,-0.7843	385.0750,2.4940,-0.7875	385.1100,2.4940,-0.7877	385.1100,2.4940,-0.7727	385.0750,2.4940,-0.7725	384.5750,2.4940,-0.7693	384.0750,2.4940,-0.7661
1123	塗替塗装-665	塗替塗装						主桁（下山形鋼）	x 367.59〜385.11 G1	塗替塗装範囲詳細図		DWG の図から（測量前）	塗替塗装 x 367.59〜385.11 主桁（下山形鋼） G1	ext_poly	12	383.5750,2.4790,-0.6279	383.0750,2.4790,-0.6247	383.0750,2.4790,-0.7597	383.5750,2.4790,-0.7629	384.0750,2.4790,-0.7661	384.5750,2.4790,-0.7693	385.0750,2.4790,-0.7725	385.1100,2.4790,-0.7727	385.1100,2.4790,-0.6377	385.0750,2.4790,-0.6375	384.5750,2.4790,-0.6343	384.0750,2.4790,-0.6311	383.5750,2.4940,-0.6279	383.0750,2.4940,-0.6247	383.0750,2.4940,-0.7597	383.5750,2.4940,-0.7629	384.0750,2.4940,-0.7661	384.5750,2.4940,-0.7693	385.0750,2.4940,-0.7725	385.1100,2.4940,-0.7727	385.1100,2.4940,-0.6377	385.0750,2.4940,-0.6375	384.5750,2.4940,-0.6343	384.0750,2.4940,-0.6311
1124	塗替塗装-666	塗替塗装						主桁（腹板）	x 367.59〜385.11 G2	塗替塗装範囲詳細図		DWG の図から（測量前）	塗替塗装 x 367.59〜385.11 主桁（腹板） G2	ext_poly	12	383.5750,-2.5060,0.7321	383.0750,-2.5060,0.7353	383.0750,-2.5060,-0.7747	383.5750,-2.5060,-0.7779	384.0750,-2.5060,-0.7811	384.5750,-2.5060,-0.7843	385.0750,-2.5060,-0.7875	385.1100,-2.5060,-0.7877	385.1100,-2.5060,0.7223	385.0750,-2.5060,0.7225	384.5750,-2.5060,0.7257	384.0750,-2.5060,0.7289	383.5750,-2.4940,0.7321	383.0750,-2.4940,0.7353	383.0750,-2.4940,-0.7747	383.5750,-2.4940,-0.7779	384.0750,-2.4940,-0.7811	384.5750,-2.4940,-0.7843	385.0750,-2.4940,-0.7875	385.1100,-2.4940,-0.7877	385.1100,-2.4940,0.7223	385.0750,-2.4940,0.7225	384.5750,-2.4940,0.7257	384.0750,-2.4940,0.7289
1125	塗替塗装-667	塗替塗装						主桁（上山形鋼）	x 367.59〜385.11 G2	塗替塗装範囲詳細図		DWG の図から（測量前）	塗替塗装 x 367.59〜385.11 主桁（上山形鋼） G2	ext_poly	12	383.5750,-2.4940,0.7321	383.0750,-2.4940,0.7353	383.0750,-2.4940,0.7203	383.5750,-2.4940,0.7171	384.0750,-2.4940,0.7139	384.5750,-2.4940,0.7107	385.0750,-2.4940,0.7075	385.1100,-2.4940,0.7073	385.1100,-2.4940,0.7223	385.0750,-2.4940,0.7225	384.5750,-2.4940,0.7257	384.0750,-2.4940,0.7289	383.5750,-2.3440,0.7321	383.0750,-2.3440,0.7353	383.0750,-2.3440,0.7203	383.5750,-2.3440,0.7171	384.0750,-2.3440,0.7139	384.5750,-2.3440,0.7107	385.0750,-2.3440,0.7075	385.1100,-2.3440,0.7073	385.1100,-2.3440,0.7223	385.0750,-2.3440,0.7225	384.5750,-2.3440,0.7257	384.0750,-2.3440,0.7289
1126	塗替塗装-668	塗替塗装						主桁（上山形鋼）	x 367.59〜385.11 G2	塗替塗装範囲詳細図		DWG の図から（測量前）	塗替塗装 x 367.59〜385.11 主桁（上山形鋼） G2	ext_poly	12	383.5750,-2.4940,0.7171	383.0750,-2.4940,0.7203	383.0750,-2.4940,0.5853	383.5750,-2.4940,0.5821	384.0750,-2.4940,0.5789	384.5750,-2.4940,0.5757	385.0750,-2.4940,0.5725	385.1100,-2.4940,0.5723	385.1100,-2.4940,0.7073	385.0750,-2.4940,0.7075	384.5750,-2.4940,0.7107	384.0750,-2.4940,0.7139	383.5750,-2.4790,0.7171	383.0750,-2.4790,0.7203	383.0750,-2.4790,0.5853	383.5750,-2.4790,0.5821	384.0750,-2.4790,0.5789	384.5750,-2.4790,0.5757	385.0750,-2.4790,0.5725	385.1100,-2.4790,0.5723	385.1100,-2.4790,0.7073	385.0750,-2.4790,0.7075	384.5750,-2.4790,0.7107	384.0750,-2.4790,0.7139
1127	塗替塗装-669	塗替塗装						主桁（下山形鋼）	x 367.59〜385.11 G2	塗替塗装範囲詳細図		DWG の図から（測量前）	塗替塗装 x 367.59〜385.11 主桁（下山形鋼） G2	ext_poly	12	383.5750,-2.4940,-0.7629	383.0750,-2.4940,-0.7597	383.0750,-2.4940,-0.7747	383.5750,-2.4940,-0.7779	384.0750,-2.4940,-0.7811	384.5750,-2.4940,-0.7843	385.0750,-2.4940,-0.7875	385.1100,-2.4940,-0.7877	385.1100,-2.4940,-0.7727	385.0750,-2.4940,-0.7725	384.5750,-2.4940,-0.7693	384.0750,-2.4940,-0.7661	383.5750,-2.3440,-0.7629	383.0750,-2.3440,-0.7597	383.0750,-2.3440,-0.7747	383.5750,-2.3440,-0.7779	384.0750,-2.3440,-0.7811	384.5750,-2.3440,-0.7843	385.0750,-2.3440,-0.7875	385.1100,-2.3440,-0.7877	385.1100,-2.3440,-0.7727	385.0750,-2.3440,-0.7725	384.5750,-2.3440,-0.7693	384.0750,-2.3440,-0.7661
1128	塗替塗装-670	塗替塗装						主桁（下山形鋼）	x 367.59〜385.11 G2	塗替塗装範囲詳細図		DWG の図から（測量前）	塗替塗装 x 367.59〜385.11 主桁（下山形鋼） G2	ext_poly	12	383.5750,-2.4940,-0.6279	383.0750,-2.4940,-0.6247	383.0750,-2.4940,-0.7597	383.5750,-2.4940,-0.7629	384.0750,-2.4940,-0.7661	384.5750,-2.4940,-0.7693	385.0750,-2.4940,-0.7725	385.1100,-2.4940,-0.7727	385.1100,-2.4940,-0.6377	385.0750,-2.4940,-0.6375	384.5750,-2.4940,-0.6343	384.0750,-2.4940,-0.6311	383.5750,-2.4790,-0.6279	383.0750,-2.4790,-0.6247	383.0750,-2.4790,-0.7597	383.5750,-2.4790,-0.7629	384.0750,-2.4790,-0.7661	384.5750,-2.4790,-0.7693	385.0750,-2.4790,-0.7725	385.1100,-2.4790,-0.7727	385.1100,-2.4790,-0.6377	385.0750,-2.4790,-0.6375	384.5750,-2.4790,-0.6343	384.0750,-2.4790,-0.6311
1129	塗替塗装-671	塗替塗装						主桁（上山形鋼）	x 367.59〜385.11 G2	塗替塗装範囲詳細図		DWG の図から（測量前）	塗替塗装 x 367.59〜385.11 主桁（上山形鋼） G2	ext_poly	12	383.5750,-2.6560,0.7321	383.0750,-2.6560,0.7353	383.0750,-2.6560,0.7203	383.5750,-2.6560,0.7171	384.0750,-2.6560,0.7139	384.5750,-2.6560,0.7107	385.0750,-2.6560,0.7075	385.1100,-2.6560,0.7073	385.1100,-2.6560,0.7223	385.0750,-2.6560,0.7225	384.5750,-2.6560,0.7257	384.0750,-2.6560,0.7289	383.5750,-2.5060,0.7321	383.0750,-2.5060,0.7353	383.0750,-2.5060,0.7203	383.5750,-2.5060,0.7171	384.0750,-2.5060,0.7139	384.5750,-2.5060,0.7107	385.0750,-2.5060,0.7075	385.1100,-2.5060,0.7073	385.1100,-2.5060,0.7223	385.0750,-2.5060,0.7225	384.5750,-2.5060,0.7257	384.0750,-2.5060,0.7289
1130	塗替塗装-672	塗替塗装						主桁（上山形鋼）	x 367.59〜385.11 G2	塗替塗装範囲詳細図		DWG の図から（測量前）	塗替塗装 x 367.59〜385.11 主桁（上山形鋼） G2	ext_poly	12	383.5750,-2.5210,0.7171	383.0750,-2.5210,0.7203	383.0750,-2.5210,0.5853	383.5750,-2.5210,0.5821	384.0750,-2.5210,0.5789	384.5750,-2.5210,0.5757	385.0750,-2.5210,0.5725	385.1100,-2.5210,0.5723	385.1100,-2.5210,0.7073	385.0750,-2.5210,0.7075	384.5750,-2.5210,0.7107	384.0750,-2.5210,0.7139	383.5750,-2.5060,0.7171	383.0750,-2.5060,0.7203	383.0750,-2.5060,0.5853	383.5750,-2.5060,0.5821	384.0750,-2.5060,0.5789	384.5750,-2.5060,0.5757	385.0750,-2.5060,0.5725	385.1100,-2.5060,0.5723	385.1100,-2.5060,0.7073	385.0750,-2.5060,0.7075	384.5750,-2.5060,0.7107	384.0750,-2.5060,0.7139
1131	塗替塗装-673	塗替塗装						主桁（下山形鋼）	x 367.59〜385.11 G2	塗替塗装範囲詳細図		DWG の図から（測量前）	塗替塗装 x 367.59〜385.11 主桁（下山形鋼） G2	ext_poly	12	383.5750,-2.6560,-0.7629	383.0750,-2.6560,-0.7597	383.0750,-2.6560,-0.7747	383.5750,-2.6560,-0.7779	384.0750,-2.6560,-0.7811	384.5750,-2.6560,-0.7843	385.0750,-2.6560,-0.7875	385.1100,-2.6560,-0.7877	385.1100,-2.6560,-0.7727	385.0750,-2.6560,-0.7725	384.5750,-2.6560,-0.7693	384.0750,-2.6560,-0.7661	383.5750,-2.5060,-0.7629	383.0750,-2.5060,-0.7597	383.0750,-2.5060,-0.7747	383.5750,-2.5060,-0.7779	384.0750,-2.5060,-0.7811	384.5750,-2.5060,-0.7843	385.0750,-2.5060,-0.7875	385.1100,-2.5060,-0.7877	385.1100,-2.5060,-0.7727	385.0750,-2.5060,-0.7725	384.5750,-2.5060,-0.7693	384.0750,-2.5060,-0.7661
1132	塗替塗装-674	塗替塗装						主桁（下山形鋼）	x 367.59〜385.11 G2	塗替塗装範囲詳細図		DWG の図から（測量前）	塗替塗装 x 367.59〜385.11 主桁（下山形鋼） G2	ext_poly	12	383.5750,-2.5210,-0.6279	383.0750,-2.5210,-0.6247	383.0750,-2.5210,-0.7597	383.5750,-2.5210,-0.7629	384.0750,-2.5210,-0.7661	384.5750,-2.5210,-0.7693	385.0750,-2.5210,-0.7725	385.1100,-2.5210,-0.7727	385.1100,-2.5210,-0.6377	385.0750,-2.5210,-0.6375	384.5750,-2.5210,-0.6343	384.0750,-2.5210,-0.6311	383.5750,-2.5060,-0.6279	383.0750,-2.5060,-0.6247	383.0750,-2.5060,-0.7597	383.5750,-2.5060,-0.7629	384.0750,-2.5060,-0.7661	384.5750,-2.5060,-0.7693	385.0750,-2.5060,-0.7725	385.1100,-2.5060,-0.7727	385.1100,-2.5060,-0.6377	385.0750,-2.5060,-0.6375	384.5750,-2.5060,-0.6343	384.0750,-2.5060,-0.6311
1133	塗替塗装-675	塗替塗装						中間部横桁	x 367.59〜385.11 x 369.32	塗替塗装範囲詳細図		DWG の図から（測量前）	塗替塗装 x 367.59〜385.11 横桁 x 369.30	ext_poly	4	369.3205,-2.4935,0.6108	369.3295,-2.4935,0.6108	369.3295,2.4935,0.6108	369.3205,2.4935,0.6108	369.3205,-2.4935,-0.1492	369.3295,-2.4935,-0.1492	369.3295,2.4935,-0.1492	369.3205,2.4935,-0.1492
1134	塗替塗装-676	塗替塗装						中間部横桁	x 367.59〜385.11 x 369.37	塗替塗装範囲詳細図		DWG の図から（測量前）	塗替塗装 x 367.59〜385.11 横桁 x 369.40	ext_poly	4	369.3295,-2.4935,0.6108	369.4195,-2.4935,0.6108	369.4195,2.4935,0.6108	369.3295,2.4935,0.6108	369.3295,-2.4935,0.6008	369.4195,-2.4935,0.6008	369.4195,2.4935,0.6008	369.3295,2.4935,0.6008
1135	塗替塗装-677	塗替塗装						中間部横桁	x 367.59〜385.11 x 369.33	塗替塗装範囲詳細図		DWG の図から（測量前）	塗替塗装 x 367.59〜385.11 横桁 x 369.30	ext_poly	4	369.3295,-2.4935,0.6108	369.3395,-2.4935,0.6108	369.3395,2.4935,0.6108	369.3295,2.4935,0.6108	369.3295,-2.4935,0.5208	369.3395,-2.4935,0.5208	369.3395,2.4935,0.5208	369.3295,2.4935,0.5208
1136	塗替塗装-678	塗替塗装						中間部横桁	x 367.59〜385.11 x 369.37	塗替塗装範囲詳細図		DWG の図から（測量前）	塗替塗装 x 367.59〜385.11 横桁 x 369.40	ext_poly	4	369.3295,-2.4935,-0.1392	369.4195,-2.4935,-0.1392	369.4195,2.4935,-0.1392	369.3295,2.4935,-0.1392	369.3295,-2.4935,-0.1492	369.4195,-2.4935,-0.1492	369.4195,2.4935,-0.1492	369.3295,2.4935,-0.1492
1137	塗替塗装-679	塗替塗装						中間部横桁	x 367.59〜385.11 x 369.33	塗替塗装範囲詳細図		DWG の図から（測量前）	塗替塗装 x 367.59〜385.11 横桁 x 369.30	ext_poly	4	369.3295,-2.4935,-0.0592	369.3395,-2.4935,-0.0592	369.3395,2.4935,-0.0592	369.3295,2.4935,-0.0592	369.3295,-2.4935,-0.1492	369.3395,-2.4935,-0.1492	369.3395,2.4935,-0.1492	369.3295,2.4935,-0.1492
1138	塗替塗装-680	塗替塗装						中間部横桁	x 367.59〜385.11 x 369.28	塗替塗装範囲詳細図		DWG の図から（測量前）	塗替塗装 x 367.59〜385.11 横桁 x 369.30	ext_poly	4	369.2305,-2.4935,0.6108	369.3205,-2.4935,0.6108	369.3205,2.4935,0.6108	369.2305,2.4935,0.6108	369.2305,-2.4935,0.6008	369.3205,-2.4935,0.6008	369.3205,2.4935,0.6008	369.2305,2.4935,0.6008
1139	塗替塗装-681	塗替塗装						中間部横桁	x 367.59〜385.11 x 369.32	塗替塗装範囲詳細図		DWG の図から（測量前）	塗替塗装 x 367.59〜385.11 横桁 x 369.30	ext_poly	4	369.3105,-2.4935,0.6108	369.3205,-2.4935,0.6108	369.3205,2.4935,0.6108	369.3105,2.4935,0.6108	369.3105,-2.4935,0.5208	369.3205,-2.4935,0.5208	369.3205,2.4935,0.5208	369.3105,2.4935,0.5208
1140	塗替塗装-682	塗替塗装						中間部横桁	x 367.59〜385.11 x 369.28	塗替塗装範囲詳細図		DWG の図から（測量前）	塗替塗装 x 367.59〜385.11 横桁 x 369.30	ext_poly	4	369.2305,-2.4935,-0.1392	369.3205,-2.4935,-0.1392	369.3205,2.4935,-0.1392	369.2305,2.4935,-0.1392	369.2305,-2.4935,-0.1492	369.3205,-2.4935,-0.1492	369.3205,2.4935,-0.1492	369.2305,2.4935,-0.1492
1141	塗替塗装-683	塗替塗装						中間部横桁	x 367.59〜385.11 x 369.32	塗替塗装範囲詳細図		DWG の図から（測量前）	塗替塗装 x 367.59〜385.11 横桁 x 369.30	ext_poly	4	369.3105,-2.4935,-0.0592	369.3205,-2.4935,-0.0592	369.3205,2.4935,-0.0592	369.3105,2.4935,-0.0592	369.3105,-2.4935,-0.1492	369.3205,-2.4935,-0.1492	369.3205,2.4935,-0.1492	369.3105,2.4935,-0.1492
1142	塗替塗装-684	塗替塗装						中間部横桁	x 367.59〜385.11 x 369.95	塗替塗装範囲詳細図		DWG の図から（測量前）	塗替塗装 x 367.59〜385.11 横桁 x 370.00	ext_poly	4	369.9455,-2.4935,0.6067	369.9545,-2.4935,0.6067	369.9545,2.4935,0.6067	369.9455,2.4935,0.6067	369.9455,-2.4935,-0.1533	369.9545,-2.4935,-0.1533	369.9545,2.4935,-0.1533	369.9455,2.4935,-0.1533
1143	塗替塗装-685	塗替塗装						中間部横桁	x 367.59〜385.11 x 370.00	塗替塗装範囲詳細図		DWG の図から（測量前）	塗替塗装 x 367.59〜385.11 横桁 x 370.00	ext_poly	4	369.9545,-2.4935,0.6067	370.0445,-2.4935,0.6067	370.0445,2.4935,0.6067	369.9545,2.4935,0.6067	369.9545,-2.4935,0.5967	370.0445,-2.4935,0.5967	370.0445,2.4935,0.5967	369.9545,2.4935,0.5967
1144	塗替塗装-686	塗替塗装						中間部横桁	x 367.59〜385.11 x 369.96	塗替塗装範囲詳細図		DWG の図から（測量前）	塗替塗装 x 367.59〜385.11 横桁 x 370.00	ext_poly	4	369.9545,-2.4935,0.6067	369.9645,-2.4935,0.6067	369.9645,2.4935,0.6067	369.9545,2.4935,0.6067	369.9545,-2.4935,0.5167	369.9645,-2.4935,0.5167	369.9645,2.4935,0.5167	369.9545,2.4935,0.5167
1145	塗替塗装-687	塗替塗装						中間部横桁	x 367.59〜385.11 x 370.00	塗替塗装範囲詳細図		DWG の図から（測量前）	塗替塗装 x 367.59〜385.11 横桁 x 370.00	ext_poly	4	369.9545,-2.4935,-0.1433	370.0445,-2.4935,-0.1433	370.0445,2.4935,-0.1433	369.9545,2.4935,-0.1433	369.9545,-2.4935,-0.1533	370.0445,-2.4935,-0.1533	370.0445,2.4935,-0.1533	369.9545,2.4935,-0.1533
1146	塗替塗装-688	塗替塗装						中間部横桁	x 367.59〜385.11 x 369.96	塗替塗装範囲詳細図		DWG の図から（測量前）	塗替塗装 x 367.59〜385.11 横桁 x 370.00	ext_poly	4	369.9545,-2.4935,-0.0633	369.9645,-2.4935,-0.0633	369.9645,2.4935,-0.0633	369.9545,2.4935,-0.0633	369.9545,-2.4935,-0.1533	369.9645,-2.4935,-0.1533	369.9645,2.4935,-0.1533	369.9545,2.4935,-0.1533
1147	塗替塗装-689	塗替塗装						中間部横桁	x 367.59〜385.11 x 369.90	塗替塗装範囲詳細図		DWG の図から（測量前）	塗替塗装 x 367.59〜385.11 横桁 x 369.90	ext_poly	4	369.8555,-2.4935,0.6067	369.9455,-2.4935,0.6067	369.9455,2.4935,0.6067	369.8555,2.4935,0.6067	369.8555,-2.4935,0.5967	369.9455,-2.4935,0.5967	369.9455,2.4935,0.5967	369.8555,2.4935,0.5967
1148	塗替塗装-690	塗替塗装						中間部横桁	x 367.59〜385.11 x 369.94	塗替塗装範囲詳細図		DWG の図から（測量前）	塗替塗装 x 367.59〜385.11 横桁 x 369.90	ext_poly	4	369.9355,-2.4935,0.6067	369.9455,-2.4935,0.6067	369.9455,2.4935,0.6067	369.9355,2.4935,0.6067	369.9355,-2.4935,0.5167	369.9455,-2.4935,0.5167	369.9455,2.4935,0.5167	369.9355,2.4935,0.5167
1149	塗替塗装-691	塗替塗装						中間部横桁	x 367.59〜385.11 x 369.90	塗替塗装範囲詳細図		DWG の図から（測量前）	塗替塗装 x 367.59〜385.11 横桁 x 369.90	ext_poly	4	369.8555,-2.4935,-0.1433	369.9455,-2.4935,-0.1433	369.9455,2.4935,-0.1433	369.8555,2.4935,-0.1433	369.8555,-2.4935,-0.1533	369.9455,-2.4935,-0.1533	369.9455,2.4935,-0.1533	369.8555,2.4935,-0.1533
1150	塗替塗装-692	塗替塗装						中間部横桁	x 367.59〜385.11 x 369.94	塗替塗装範囲詳細図		DWG の図から（測量前）	塗替塗装 x 367.59〜385.11 横桁 x 369.90	ext_poly	4	369.9355,-2.4935,-0.0633	369.9455,-2.4935,-0.0633	369.9455,2.4935,-0.0633	369.9355,2.4935,-0.0633	369.9355,-2.4935,-0.1533	369.9455,-2.4935,-0.1533	369.9455,2.4935,-0.1533	369.9355,2.4935,-0.1533
1151	塗替塗装-693	塗替塗装						中間部横桁	x 367.59〜385.11 x 373.15	塗替塗装範囲詳細図		DWG の図から（測量前）	塗替塗装 x 367.59〜385.11 横桁 x 373.20	ext_poly	4	373.1455,-2.4935,0.5862	373.1545,-2.4935,0.5862	373.1545,2.4935,0.5862	373.1455,2.4935,0.5862	373.1455,-2.4935,-0.1738	373.1545,-2.4935,-0.1738	373.1545,2.4935,-0.1738	373.1455,2.4935,-0.1738
1152	塗替塗装-694	塗替塗装						中間部横桁	x 367.59〜385.11 x 373.20	塗替塗装範囲詳細図		DWG の図から（測量前）	塗替塗装 x 367.59〜385.11 横桁 x 373.20	ext_poly	4	373.1545,-2.4935,0.5862	373.2445,-2.4935,0.5862	373.2445,2.4935,0.5862	373.1545,2.4935,0.5862	373.1545,-2.4935,0.5762	373.2445,-2.4935,0.5762	373.2445,2.4935,0.5762	373.1545,2.4935,0.5762
1153	塗替塗装-695	塗替塗装						中間部横桁	x 367.59〜385.11 x 373.16	塗替塗装範囲詳細図		DWG の図から（測量前）	塗替塗装 x 367.59〜385.11 横桁 x 373.20	ext_poly	4	373.1545,-2.4935,0.5862	373.1645,-2.4935,0.5862	373.1645,2.4935,0.5862	373.1545,2.4935,0.5862	373.1545,-2.4935,0.4962	373.1645,-2.4935,0.4962	373.1645,2.4935,0.4962	373.1545,2.4935,0.4962
1154	塗替塗装-696	塗替塗装						中間部横桁	x 367.59〜385.11 x 373.20	塗替塗装範囲詳細図		DWG の図から（測量前）	塗替塗装 x 367.59〜385.11 横桁 x 373.20	ext_poly	4	373.1545,-2.4935,-0.1638	373.2445,-2.4935,-0.1638	373.2445,2.4935,-0.1638	373.1545,2.4935,-0.1638	373.1545,-2.4935,-0.1738	373.2445,-2.4935,-0.1738	373.2445,2.4935,-0.1738	373.1545,2.4935,-0.1738
1155	塗替塗装-697	塗替塗装						中間部横桁	x 367.59〜385.11 x 373.16	塗替塗装範囲詳細図		DWG の図から（測量前）	塗替塗装 x 367.59〜385.11 横桁 x 373.20	ext_poly	4	373.1545,-2.4935,-0.0838	373.1645,-2.4935,-0.0838	373.1645,2.4935,-0.0838	373.1545,2.4935,-0.0838	373.1545,-2.4935,-0.1738	373.1645,-2.4935,-0.1738	373.1645,2.4935,-0.1738	373.1545,2.4935,-0.1738
1156	塗替塗装-698	塗替塗装						中間部横桁	x 367.59〜385.11 x 373.10	塗替塗装範囲詳細図		DWG の図から（測量前）	塗替塗装 x 367.59〜385.11 横桁 x 373.10	ext_poly	4	373.0555,-2.4935,0.5862	373.1455,-2.4935,0.5862	373.1455,2.4935,0.5862	373.0555,2.4935,0.5862	373.0555,-2.4935,0.5762	373.1455,-2.4935,0.5762	373.1455,2.4935,0.5762	373.0555,2.4935,0.5762
1157	塗替塗装-699	塗替塗装						中間部横桁	x 367.59〜385.11 x 373.14	塗替塗装範囲詳細図		DWG の図から（測量前）	塗替塗装 x 367.59〜385.11 横桁 x 373.10	ext_poly	4	373.1355,-2.4935,0.5862	373.1455,-2.4935,0.5862	373.1455,2.4935,0.5862	373.1355,2.4935,0.5862	373.1355,-2.4935,0.4962	373.1455,-2.4935,0.4962	373.1455,2.4935,0.4962	373.1355,2.4935,0.4962
1158	塗替塗装-700	塗替塗装						中間部横桁	x 367.59〜385.11 x 373.10	塗替塗装範囲詳細図		DWG の図から（測量前）	塗替塗装 x 367.59〜385.11 横桁 x 373.10	ext_poly	4	373.0555,-2.4935,-0.1638	373.1455,-2.4935,-0.1638	373.1455,2.4935,-0.1638	373.0555,2.4935,-0.1638	373.0555,-2.4935,-0.1738	373.1455,-2.4935,-0.1738	373.1455,2.4935,-0.1738	373.0555,2.4935,-0.1738
1159	塗替塗装-701	塗替塗装						中間部横桁	x 367.59〜385.11 x 373.14	塗替塗装範囲詳細図		DWG の図から（測量前）	塗替塗装 x 367.59〜385.11 横桁 x 373.10	ext_poly	4	373.1355,-2.4935,-0.0838	373.1455,-2.4935,-0.0838	373.1455,2.4935,-0.0838	373.1355,2.4935,-0.0838	373.1355,-2.4935,-0.1738	373.1455,-2.4935,-0.1738	373.1455,2.4935,-0.1738	373.1355,2.4935,-0.1738
1160	塗替塗装-702	塗替塗装						中間部横桁	x 367.59〜385.11 x 376.35	塗替塗装範囲詳細図		DWG の図から（測量前）	塗替塗装 x 367.59〜385.11 横桁 x 376.40	ext_poly	4	376.3455,-2.4935,0.5656	376.3545,-2.4935,0.5656	376.3545,2.4935,0.5656	376.3455,2.4935,0.5656	376.3455,-2.4935,-0.1944	376.3545,-2.4935,-0.1944	376.3545,2.4935,-0.1944	376.3455,2.4935,-0.1944
1161	塗替塗装-703	塗替塗装						中間部横桁	x 367.59〜385.11 x 376.40	塗替塗装範囲詳細図		DWG の図から（測量前）	塗替塗装 x 367.59〜385.11 横桁 x 376.40	ext_poly	4	376.3545,-2.4935,0.5656	376.4445,-2.4935,0.5656	376.4445,2.4935,0.5656	376.3545,2.4935,0.5656	376.3545,-2.4935,0.5556	376.4445,-2.4935,0.5556	376.4445,2.4935,0.5556	376.3545,2.4935,0.5556
1162	塗替塗装-704	塗替塗装						中間部横桁	x 367.59〜385.11 x 376.36	塗替塗装範囲詳細図		DWG の図から（測量前）	塗替塗装 x 367.59〜385.11 横桁 x 376.40	ext_poly	4	376.3545,-2.4935,0.5656	376.3645,-2.4935,0.5656	376.3645,2.4935,0.5656	376.3545,2.4935,0.5656	376.3545,-2.4935,0.4756	376.3645,-2.4935,0.4756	376.3645,2.4935,0.4756	376.3545,2.4935,0.4756
1163	塗替塗装-705	塗替塗装						中間部横桁	x 367.59〜385.11 x 376.40	塗替塗装範囲詳細図		DWG の図から（測量前）	塗替塗装 x 367.59〜385.11 横桁 x 376.40	ext_poly	4	376.3545,-2.4935,-0.1844	376.4445,-2.4935,-0.1844	376.4445,2.4935,-0.1844	376.3545,2.4935,-0.1844	376.3545,-2.4935,-0.1944	376.4445,-2.4935,-0.1944	376.4445,2.4935,-0.1944	376.3545,2.4935,-0.1944
1164	塗替塗装-706	塗替塗装						中間部横桁	x 367.59〜385.11 x 376.36	塗替塗装範囲詳細図		DWG の図から（測量前）	塗替塗装 x 367.59〜385.11 横桁 x 376.40	ext_poly	4	376.3545,-2.4935,-0.1044	376.3645,-2.4935,-0.1044	376.3645,2.4935,-0.1044	376.3545,2.4935,-0.1044	376.3545,-2.4935,-0.1944	376.3645,-2.4935,-0.1944	376.3645,2.4935,-0.1944	376.3545,2.4935,-0.1944
1165	塗替塗装-707	塗替塗装						中間部横桁	x 367.59〜385.11 x 376.30	塗替塗装範囲詳細図		DWG の図から（測量前）	塗替塗装 x 367.59〜385.11 横桁 x 376.30	ext_poly	4	376.2555,-2.4935,0.5656	376.3455,-2.4935,0.5656	376.3455,2.4935,0.5656	376.2555,2.4935,0.5656	376.2555,-2.4935,0.5556	376.3455,-2.4935,0.5556	376.3455,2.4935,0.5556	376.2555,2.4935,0.5556
1166	塗替塗装-708	塗替塗装						中間部横桁	x 367.59〜385.11 x 376.34	塗替塗装範囲詳細図		DWG の図から（測量前）	塗替塗装 x 367.59〜385.11 横桁 x 376.30	ext_poly	4	376.3355,-2.4935,0.5656	376.3455,-2.4935,0.5656	376.3455,2.4935,0.5656	376.3355,2.4935,0.5656	376.3355,-2.4935,0.4756	376.3455,-2.4935,0.4756	376.3455,2.4935,0.4756	376.3355,2.4935,0.4756
1167	塗替塗装-709	塗替塗装						中間部横桁	x 367.59〜385.11 x 376.30	塗替塗装範囲詳細図		DWG の図から（測量前）	塗替塗装 x 367.59〜385.11 横桁 x 376.30	ext_poly	4	376.2555,-2.4935,-0.1844	376.3455,-2.4935,-0.1844	376.3455,2.4935,-0.1844	376.2555,2.4935,-0.1844	376.2555,-2.4935,-0.1944	376.3455,-2.4935,-0.1944	376.3455,2.4935,-0.1944	376.2555,2.4935,-0.1944
1168	塗替塗装-710	塗替塗装						中間部横桁	x 367.59〜385.11 x 376.34	塗替塗装範囲詳細図		DWG の図から（測量前）	塗替塗装 x 367.59〜385.11 横桁 x 376.30	ext_poly	4	376.3355,-2.4935,-0.1044	376.3455,-2.4935,-0.1044	376.3455,2.4935,-0.1044	376.3355,2.4935,-0.1044	376.3355,-2.4935,-0.1944	376.3455,-2.4935,-0.1944	376.3455,2.4935,-0.1944	376.3355,2.4935,-0.1944
1169	塗替塗装-711	塗替塗装						中間部横桁	x 367.59〜385.11 x 379.55	塗替塗装範囲詳細図		DWG の図から（測量前）	塗替塗装 x 367.59〜385.11 横桁 x 379.60	ext_poly	4	379.5455,-2.4935,0.5450	379.5545,-2.4935,0.5450	379.5545,2.4935,0.5450	379.5455,2.4935,0.5450	379.5455,-2.4935,-0.2150	379.5545,-2.4935,-0.2150	379.5545,2.4935,-0.2150	379.5455,2.4935,-0.2150
1170	塗替塗装-712	塗替塗装						中間部横桁	x 367.59〜385.11 x 379.60	塗替塗装範囲詳細図		DWG の図から（測量前）	塗替塗装 x 367.59〜385.11 横桁 x 379.60	ext_poly	4	379.5545,-2.4935,0.5450	379.6445,-2.4935,0.5450	379.6445,2.4935,0.5450	379.5545,2.4935,0.5450	379.5545,-2.4935,0.5350	379.6445,-2.4935,0.5350	379.6445,2.4935,0.5350	379.5545,2.4935,0.5350
1171	塗替塗装-713	塗替塗装						中間部横桁	x 367.59〜385.11 x 379.56	塗替塗装範囲詳細図		DWG の図から（測量前）	塗替塗装 x 367.59〜385.11 横桁 x 379.60	ext_poly	4	379.5545,-2.4935,0.5450	379.5645,-2.4935,0.5450	379.5645,2.4935,0.5450	379.5545,2.4935,0.5450	379.5545,-2.4935,0.4550	379.5645,-2.4935,0.4550	379.5645,2.4935,0.4550	379.5545,2.4935,0.4550
1172	塗替塗装-714	塗替塗装						中間部横桁	x 367.59〜385.11 x 379.60	塗替塗装範囲詳細図		DWG の図から（測量前）	塗替塗装 x 367.59〜385.11 横桁 x 379.60	ext_poly	4	379.5545,-2.4935,-0.2050	379.6445,-2.4935,-0.2050	379.6445,2.4935,-0.2050	379.5545,2.4935,-0.2050	379.5545,-2.4935,-0.2150	379.6445,-2.4935,-0.2150	379.6445,2.4935,-0.2150	379.5545,2.4935,-0.2150
1173	塗替塗装-715	塗替塗装						中間部横桁	x 367.59〜385.11 x 379.56	塗替塗装範囲詳細図		DWG の図から（測量前）	塗替塗装 x 367.59〜385.11 横桁 x 379.60	ext_poly	4	379.5545,-2.4935,-0.1250	379.5645,-2.4935,-0.1250	379.5645,2.4935,-0.1250	379.5545,2.4935,-0.1250	379.5545,-2.4935,-0.2150	379.5645,-2.4935,-0.2150	379.5645,2.4935,-0.2150	379.5545,2.4935,-0.2150
1174	塗替塗装-716	塗替塗装						中間部横桁	x 367.59〜385.11 x 379.50	塗替塗装範囲詳細図		DWG の図から（測量前）	塗替塗装 x 367.59〜385.11 横桁 x 379.50	ext_poly	4	379.4555,-2.4935,0.5450	379.5455,-2.4935,0.5450	379.5455,2.4935,0.5450	379.4555,2.4935,0.5450	379.4555,-2.4935,0.5350	379.5455,-2.4935,0.5350	379.5455,2.4935,0.5350	379.4555,2.4935,0.5350
1175	塗替塗装-717	塗替塗装						中間部横桁	x 367.59〜385.11 x 379.54	塗替塗装範囲詳細図		DWG の図から（測量前）	塗替塗装 x 367.59〜385.11 横桁 x 379.50	ext_poly	4	379.5355,-2.4935,0.5450	379.5455,-2.4935,0.5450	379.5455,2.4935,0.5450	379.5355,2.4935,0.5450	379.5355,-2.4935,0.4550	379.5455,-2.4935,0.4550	379.5455,2.4935,0.4550	379.5355,2.4935,0.4550
1176	塗替塗装-718	塗替塗装						中間部横桁	x 367.59〜385.11 x 379.50	塗替塗装範囲詳細図		DWG の図から（測量前）	塗替塗装 x 367.59〜385.11 横桁 x 379.50	ext_poly	4	379.4555,-2.4935,-0.2050	379.5455,-2.4935,-0.2050	379.5455,2.4935,-0.2050	379.4555,2.4935,-0.2050	379.4555,-2.4935,-0.2150	379.5455,-2.4935,-0.2150	379.5455,2.4935,-0.2150	379.4555,2.4935,-0.2150
1177	塗替塗装-719	塗替塗装						中間部横桁	x 367.59〜385.11 x 379.54	塗替塗装範囲詳細図		DWG の図から（測量前）	塗替塗装 x 367.59〜385.11 横桁 x 379.50	ext_poly	4	379.5355,-2.4935,-0.1250	379.5455,-2.4935,-0.1250	379.5455,2.4935,-0.1250	379.5355,2.4935,-0.1250	379.5355,-2.4935,-0.2150	379.5455,-2.4935,-0.2150	379.5455,2.4935,-0.2150	379.5355,2.4935,-0.2150
1178	塗替塗装-720	塗替塗装						中間部横桁	x 367.59〜385.11 x 382.75	塗替塗装範囲詳細図		DWG の図から（測量前）	塗替塗装 x 367.59〜385.11 横桁 x 382.80	ext_poly	4	382.7455,-2.4935,0.5244	382.7545,-2.4935,0.5244	382.7545,2.4935,0.5244	382.7455,2.4935,0.5244	382.7455,-2.4935,-0.2356	382.7545,-2.4935,-0.2356	382.7545,2.4935,-0.2356	382.7455,2.4935,-0.2356
1179	塗替塗装-721	塗替塗装						中間部横桁	x 367.59〜385.11 x 382.80	塗替塗装範囲詳細図		DWG の図から（測量前）	塗替塗装 x 367.59〜385.11 横桁 x 382.80	ext_poly	4	382.7545,-2.4935,0.5244	382.8445,-2.4935,0.5244	382.8445,2.4935,0.5244	382.7545,2.4935,0.5244	382.7545,-2.4935,0.5144	382.8445,-2.4935,0.5144	382.8445,2.4935,0.5144	382.7545,2.4935,0.5144
1180	塗替塗装-722	塗替塗装						中間部横桁	x 367.59〜385.11 x 382.76	塗替塗装範囲詳細図		DWG の図から（測量前）	塗替塗装 x 367.59〜385.11 横桁 x 382.80	ext_poly	4	382.7545,-2.4935,0.5244	382.7645,-2.4935,0.5244	382.7645,2.4935,0.5244	382.7545,2.4935,0.5244	382.7545,-2.4935,0.4344	382.7645,-2.4935,0.4344	382.7645,2.4935,0.4344	382.7545,2.4935,0.4344
1181	塗替塗装-723	塗替塗装						中間部横桁	x 367.59〜385.11 x 382.80	塗替塗装範囲詳細図		DWG の図から（測量前）	塗替塗装 x 367.59〜385.11 横桁 x 382.80	ext_poly	4	382.7545,-2.4935,-0.2256	382.8445,-2.4935,-0.2256	382.8445,2.4935,-0.2256	382.7545,2.4935,-0.2256	382.7545,-2.4935,-0.2356	382.8445,-2.4935,-0.2356	382.8445,2.4935,-0.2356	382.7545,2.4935,-0.2356
1182	塗替塗装-724	塗替塗装						中間部横桁	x 367.59〜385.11 x 382.76	塗替塗装範囲詳細図		DWG の図から（測量前）	塗替塗装 x 367.59〜385.11 横桁 x 382.80	ext_poly	4	382.7545,-2.4935,-0.1456	382.7645,-2.4935,-0.1456	382.7645,2.4935,-0.1456	382.7545,2.4935,-0.1456	382.7545,-2.4935,-0.2356	382.7645,-2.4935,-0.2356	382.7645,2.4935,-0.2356	382.7545,2.4935,-0.2356
1183	塗替塗装-725	塗替塗装						中間部横桁	x 367.59〜385.11 x 382.70	塗替塗装範囲詳細図		DWG の図から（測量前）	塗替塗装 x 367.59〜385.11 横桁 x 382.70	ext_poly	4	382.6555,-2.4935,0.5244	382.7455,-2.4935,0.5244	382.7455,2.4935,0.5244	382.6555,2.4935,0.5244	382.6555,-2.4935,0.5144	382.7455,-2.4935,0.5144	382.7455,2.4935,0.5144	382.6555,2.4935,0.5144
1184	塗替塗装-726	塗替塗装						中間部横桁	x 367.59〜385.11 x 382.74	塗替塗装範囲詳細図		DWG の図から（測量前）	塗替塗装 x 367.59〜385.11 横桁 x 382.70	ext_poly	4	382.7355,-2.4935,0.5244	382.7455,-2.4935,0.5244	382.7455,2.4935,0.5244	382.7355,2.4935,0.5244	382.7355,-2.4935,0.4344	382.7455,-2.4935,0.4344	382.7455,2.4935,0.4344	382.7355,2.4935,0.4344
1185	塗替塗装-727	塗替塗装						中間部横桁	x 367.59〜385.11 x 382.70	塗替塗装範囲詳細図		DWG の図から（測量前）	塗替塗装 x 367.59〜385.11 横桁 x 382.70	ext_poly	4	382.6555,-2.4935,-0.2256	382.7455,-2.4935,-0.2256	382.7455,2.4935,-0.2256	382.6555,2.4935,-0.2256	382.6555,-2.4935,-0.2356	382.7455,-2.4935,-0.2356	382.7455,2.4935,-0.2356	382.6555,2.4935,-0.2356
1186	塗替塗装-728	塗替塗装						中間部横桁	x 367.59〜385.11 x 382.74	塗替塗装範囲詳細図		DWG の図から（測量前）	塗替塗装 x 367.59〜385.11 横桁 x 382.70	ext_poly	4	382.7355,-2.4935,-0.1456	382.7455,-2.4935,-0.1456	382.7455,2.4935,-0.1456	382.7355,2.4935,-0.1456	382.7355,-2.4935,-0.2356	382.7455,-2.4935,-0.2356	382.7455,2.4935,-0.2356	382.7355,2.4935,-0.2356
1187	塗替塗装-729	塗替塗装						中間部横桁	x 367.59〜385.11 x 383.38	塗替塗装範囲詳細図		DWG の図から（測量前）	塗替塗装 x 367.59〜385.11 横桁 x 383.40	ext_poly	4	383.3705,-2.4935,0.5204	383.3795,-2.4935,0.5204	383.3795,2.4935,0.5204	383.3705,2.4935,0.5204	383.3705,-2.4935,-0.2396	383.3795,-2.4935,-0.2396	383.3795,2.4935,-0.2396	383.3705,2.4935,-0.2396
1188	塗替塗装-730	塗替塗装						中間部横桁	x 367.59〜385.11 x 383.42	塗替塗装範囲詳細図		DWG の図から（測量前）	塗替塗装 x 367.59〜385.11 横桁 x 383.40	ext_poly	4	383.3795,-2.4935,0.5204	383.4695,-2.4935,0.5204	383.4695,2.4935,0.5204	383.3795,2.4935,0.5204	383.3795,-2.4935,0.5104	383.4695,-2.4935,0.5104	383.4695,2.4935,0.5104	383.3795,2.4935,0.5104
1189	塗替塗装-731	塗替塗装						中間部横桁	x 367.59〜385.11 x 383.38	塗替塗装範囲詳細図		DWG の図から（測量前）	塗替塗装 x 367.59〜385.11 横桁 x 383.40	ext_poly	4	383.3795,-2.4935,0.5204	383.3895,-2.4935,0.5204	383.3895,2.4935,0.5204	383.3795,2.4935,0.5204	383.3795,-2.4935,0.4304	383.3895,-2.4935,0.4304	383.3895,2.4935,0.4304	383.3795,2.4935,0.4304
1190	塗替塗装-732	塗替塗装						中間部横桁	x 367.59〜385.11 x 383.42	塗替塗装範囲詳細図		DWG の図から（測量前）	塗替塗装 x 367.59〜385.11 横桁 x 383.40	ext_poly	4	383.3795,-2.4935,-0.2296	383.4695,-2.4935,-0.2296	383.4695,2.4935,-0.2296	383.3795,2.4935,-0.2296	383.3795,-2.4935,-0.2396	383.4695,-2.4935,-0.2396	383.4695,2.4935,-0.2396	383.3795,2.4935,-0.2396
1191	塗替塗装-733	塗替塗装						中間部横桁	x 367.59〜385.11 x 383.38	塗替塗装範囲詳細図		DWG の図から（測量前）	塗替塗装 x 367.59〜385.11 横桁 x 383.40	ext_poly	4	383.3795,-2.4935,-0.1496	383.3895,-2.4935,-0.1496	383.3895,2.4935,-0.1496	383.3795,2.4935,-0.1496	383.3795,-2.4935,-0.2396	383.3895,-2.4935,-0.2396	383.3895,2.4935,-0.2396	383.3795,2.4935,-0.2396
1192	塗替塗装-734	塗替塗装						中間部横桁	x 367.59〜385.11 x 383.33	塗替塗装範囲詳細図		DWG の図から（測量前）	塗替塗装 x 367.59〜385.11 横桁 x 383.30	ext_poly	4	383.2805,-2.4935,0.5204	383.3705,-2.4935,0.5204	383.3705,2.4935,0.5204	383.2805,2.4935,0.5204	383.2805,-2.4935,0.5104	383.3705,-2.4935,0.5104	383.3705,2.4935,0.5104	383.2805,2.4935,0.5104
1193	塗替塗装-735	塗替塗装						中間部横桁	x 367.59〜385.11 x 383.37	塗替塗装範囲詳細図		DWG の図から（測量前）	塗替塗装 x 367.59〜385.11 横桁 x 383.40	ext_poly	4	383.3605,-2.4935,0.5204	383.3705,-2.4935,0.5204	383.3705,2.4935,0.5204	383.3605,2.4935,0.5204	383.3605,-2.4935,0.4304	383.3705,-2.4935,0.4304	383.3705,2.4935,0.4304	383.3605,2.4935,0.4304
1194	塗替塗装-736	塗替塗装						中間部横桁	x 367.59〜385.11 x 383.33	塗替塗装範囲詳細図		DWG の図から（測量前）	塗替塗装 x 367.59〜385.11 横桁 x 383.30	ext_poly	4	383.2805,-2.4935,-0.2296	383.3705,-2.4935,-0.2296	383.3705,2.4935,-0.2296	383.2805,2.4935,-0.2296	383.2805,-2.4935,-0.2396	383.3705,-2.4935,-0.2396	383.3705,2.4935,-0.2396	383.2805,2.4935,-0.2396
1195	塗替塗装-737	塗替塗装						中間部横桁	x 367.59〜385.11 x 383.37	塗替塗装範囲詳細図		DWG の図から（測量前）	塗替塗装 x 367.59〜385.11 横桁 x 383.40	ext_poly	4	383.3605,-2.4935,-0.1496	383.3705,-2.4935,-0.1496	383.3705,2.4935,-0.1496	383.3605,2.4935,-0.1496	383.3605,-2.4935,-0.2396	383.3705,-2.4935,-0.2396	383.3705,2.4935,-0.2396	383.3605,2.4935,-0.2396
1196	塗替塗装-738	塗替塗装						縦桁 H300x150	x 367.59〜385.11 	塗替塗装範囲詳細図		DWG の図から（測量前）	塗替塗装 x 367.59〜385.11 縦桁 H300x150	ext_poly	12	369.2240,-1.3250,0.5238	369.2240,-1.1750,0.5238	369.2240,-1.1750,0.5328	369.2240,-1.2468,0.5328	369.2260,-1.2468,0.8148	369.2260,-1.1750,0.8148	369.2260,-1.1750,0.8238	369.2260,-1.3250,0.8238	369.2260,-1.3250,0.8148	369.2260,-1.2532,0.8148	369.2240,-1.2532,0.5328	369.2240,-1.3250,0.5328	367.5890,-1.3250,0.5352	367.5890,-1.1750,0.5352	367.5890,-1.1750,0.5442	367.5890,-1.2468,0.5442	367.5910,-1.2468,0.8262	367.5910,-1.1750,0.8262	367.5910,-1.1750,0.8352	367.5910,-1.3250,0.8352	367.5910,-1.3250,0.8262	367.5910,-1.2532,0.8262	367.5890,-1.2532,0.5442	367.5890,-1.3250,0.5442
1197	塗替塗装-739	塗替塗装						縦桁 H300x150	x 367.59〜385.11 	塗替塗装範囲詳細図		DWG の図から（測量前）	塗替塗装 x 367.59〜385.11 縦桁 H300x150	ext_poly	12	369.2240,-0.0750,0.5238	369.2240,0.0750,0.5238	369.2240,0.0750,0.5328	369.2240,0.0032,0.5328	369.2260,0.0032,0.8148	369.2260,0.0750,0.8148	369.2260,0.0750,0.8238	369.2260,-0.0750,0.8238	369.2260,-0.0750,0.8148	369.2260,-0.0032,0.8148	369.2240,-0.0032,0.5328	369.2240,-0.0750,0.5328	367.5890,-0.0750,0.5352	367.5890,0.0750,0.5352	367.5890,0.0750,0.5442	367.5890,0.0032,0.5442	367.5910,0.0032,0.8262	367.5910,0.0750,0.8262	367.5910,0.0750,0.8352	367.5910,-0.0750,0.8352	367.5910,-0.0750,0.8262	367.5910,-0.0032,0.8262	367.5890,-0.0032,0.5442	367.5890,-0.0750,0.5442
1198	塗替塗装-740	塗替塗装						縦桁 H300x150	x 367.59〜385.11 	塗替塗装範囲詳細図		DWG の図から（測量前）	塗替塗装 x 367.59〜385.11 縦桁 H300x150	ext_poly	12	369.2240,1.1750,0.5238	369.2240,1.3250,0.5238	369.2240,1.3250,0.5328	369.2240,1.2532,0.5328	369.2260,1.2532,0.8148	369.2260,1.3250,0.8148	369.2260,1.3250,0.8238	369.2260,1.1750,0.8238	369.2260,1.1750,0.8148	369.2260,1.2468,0.8148	369.2240,1.2468,0.5328	369.2240,1.1750,0.5328	367.5890,1.1750,0.5352	367.5890,1.3250,0.5352	367.5890,1.3250,0.5442	367.5890,1.2532,0.5442	367.5910,1.2532,0.8262	367.5910,1.3250,0.8262	367.5910,1.3250,0.8352	367.5910,1.1750,0.8352	367.5910,1.1750,0.8262	367.5910,1.2468,0.8262	367.5890,1.2468,0.5442	367.5890,1.1750,0.5442
1199	塗替塗装-741	塗替塗装						縦桁 H300x150	x 367.59〜385.11 	塗替塗装範囲詳細図		DWG の図から（測量前）	塗替塗装 x 367.59〜385.11 縦桁 H300x150	ext_poly	12	373.0490,-1.3250,0.4992	373.0490,-1.1750,0.4992	373.0490,-1.1750,0.5082	373.0490,-1.2468,0.5082	373.0510,-1.2468,0.7902	373.0510,-1.1750,0.7902	373.0510,-1.1750,0.7992	373.0510,-1.3250,0.7992	373.0510,-1.3250,0.7902	373.0510,-1.2532,0.7902	373.0490,-1.2532,0.5082	373.0490,-1.3250,0.5082	370.0490,-1.3250,0.5198	370.0490,-1.1750,0.5198	370.0490,-1.1750,0.5287	370.0490,-1.2468,0.5287	370.0510,-1.2468,0.8107	370.0510,-1.1750,0.8107	370.0510,-1.1750,0.8197	370.0510,-1.3250,0.8197	370.0510,-1.3250,0.8107	370.0510,-1.2532,0.8107	370.0490,-1.2532,0.5287	370.0490,-1.3250,0.5287
1200	塗替塗装-742	塗替塗装						縦桁 H300x150	x 367.59〜385.11 	塗替塗装範囲詳細図		DWG の図から（測量前）	塗替塗装 x 367.59〜385.11 縦桁 H300x150	ext_poly	12	373.0490,-0.0750,0.4992	373.0490,0.0750,0.4992	373.0490,0.0750,0.5082	373.0490,0.0032,0.5082	373.0510,0.0032,0.7902	373.0510,0.0750,0.7902	373.0510,0.0750,0.7992	373.0510,-0.0750,0.7992	373.0510,-0.0750,0.7902	373.0510,-0.0032,0.7902	373.0490,-0.0032,0.5082	373.0490,-0.0750,0.5082	370.0490,-0.0750,0.5198	370.0490,0.0750,0.5198	370.0490,0.0750,0.5287	370.0490,0.0032,0.5287	370.0510,0.0032,0.8107	370.0510,0.0750,0.8107	370.0510,0.0750,0.8197	370.0510,-0.0750,0.8197	370.0510,-0.0750,0.8107	370.0510,-0.0032,0.8107	370.0490,-0.0032,0.5287	370.0490,-0.0750,0.5287
1201	塗替塗装-743	塗替塗装						縦桁 H300x150	x 367.59〜385.11 	塗替塗装範囲詳細図		DWG の図から（測量前）	塗替塗装 x 367.59〜385.11 縦桁 H300x150	ext_poly	12	373.0490,1.1750,0.4992	373.0490,1.3250,0.4992	373.0490,1.3250,0.5082	373.0490,1.2532,0.5082	373.0510,1.2532,0.7902	373.0510,1.3250,0.7902	373.0510,1.3250,0.7992	373.0510,1.1750,0.7992	373.0510,1.1750,0.7902	373.0510,1.2468,0.7902	373.0490,1.2468,0.5082	373.0490,1.1750,0.5082	370.0490,1.1750,0.5198	370.0490,1.3250,0.5198	370.0490,1.3250,0.5287	370.0490,1.2532,0.5287	370.0510,1.2532,0.8107	370.0510,1.3250,0.8107	370.0510,1.3250,0.8197	370.0510,1.1750,0.8197	370.0510,1.1750,0.8107	370.0510,1.2468,0.8107	370.0490,1.2468,0.5287	370.0490,1.1750,0.5287
1202	塗替塗装-744	塗替塗装						縦桁 H300x150	x 367.59〜385.11 	塗替塗装範囲詳細図		DWG の図から（測量前）	塗替塗装 x 367.59〜385.11 縦桁 H300x150	ext_poly	12	376.2490,-1.3250,0.4786	376.2490,-1.1750,0.4786	376.2490,-1.1750,0.4876	376.2490,-1.2468,0.4876	376.2510,-1.2468,0.7696	376.2510,-1.1750,0.7696	376.2510,-1.1750,0.7786	376.2510,-1.3250,0.7786	376.2510,-1.3250,0.7696	376.2510,-1.2532,0.7696	376.2490,-1.2532,0.4876	376.2490,-1.3250,0.4876	373.2490,-1.3250,0.4992	373.2490,-1.1750,0.4992	373.2490,-1.1750,0.5082	373.2490,-1.2468,0.5082	373.2510,-1.2468,0.7902	373.2510,-1.1750,0.7902	373.2510,-1.1750,0.7992	373.2510,-1.3250,0.7992	373.2510,-1.3250,0.7902	373.2510,-1.2532,0.7902	373.2490,-1.2532,0.5082	373.2490,-1.3250,0.5082
1203	塗替塗装-745	塗替塗装						縦桁 H300x150	x 367.59〜385.11 	塗替塗装範囲詳細図		DWG の図から（測量前）	塗替塗装 x 367.59〜385.11 縦桁 H300x150	ext_poly	12	376.2490,-0.0750,0.4786	376.2490,0.0750,0.4786	376.2490,0.0750,0.4876	376.2490,0.0032,0.4876	376.2510,0.0032,0.7696	376.2510,0.0750,0.7696	376.2510,0.0750,0.7786	376.2510,-0.0750,0.7786	376.2510,-0.0750,0.7696	376.2510,-0.0032,0.7696	376.2490,-0.0032,0.4876	376.2490,-0.0750,0.4876	373.2490,-0.0750,0.4992	373.2490,0.0750,0.4992	373.2490,0.0750,0.5082	373.2490,0.0032,0.5082	373.2510,0.0032,0.7902	373.2510,0.0750,0.7902	373.2510,0.0750,0.7992	373.2510,-0.0750,0.7992	373.2510,-0.0750,0.7902	373.2510,-0.0032,0.7902	373.2490,-0.0032,0.5082	373.2490,-0.0750,0.5082
1204	塗替塗装-746	塗替塗装						縦桁 H300x150	x 367.59〜385.11 	塗替塗装範囲詳細図		DWG の図から（測量前）	塗替塗装 x 367.59〜385.11 縦桁 H300x150	ext_poly	12	376.2490,1.1750,0.4786	376.2490,1.3250,0.4786	376.2490,1.3250,0.4876	376.2490,1.2532,0.4876	376.2510,1.2532,0.7696	376.2510,1.3250,0.7696	376.2510,1.3250,0.7786	376.2510,1.1750,0.7786	376.2510,1.1750,0.7696	376.2510,1.2468,0.7696	376.2490,1.2468,0.4876	376.2490,1.1750,0.4876	373.2490,1.1750,0.4992	373.2490,1.3250,0.4992	373.2490,1.3250,0.5082	373.2490,1.2532,0.5082	373.2510,1.2532,0.7902	373.2510,1.3250,0.7902	373.2510,1.3250,0.7992	373.2510,1.1750,0.7992	373.2510,1.1750,0.7902	373.2510,1.2468,0.7902	373.2490,1.2468,0.5082	373.2490,1.1750,0.5082
1205	塗替塗装-747	塗替塗装						縦桁 H300x150	x 367.59〜385.11 	塗替塗装範囲詳細図		DWG の図から（測量前）	塗替塗装 x 367.59〜385.11 縦桁 H300x150	ext_poly	12	379.4490,-1.3250,0.4580	379.4490,-1.1750,0.4580	379.4490,-1.1750,0.4670	379.4490,-1.2468,0.4670	379.4510,-1.2468,0.7490	379.4510,-1.1750,0.7490	379.4510,-1.1750,0.7580	379.4510,-1.3250,0.7580	379.4510,-1.3250,0.7490	379.4510,-1.2532,0.7490	379.4490,-1.2532,0.4670	379.4490,-1.3250,0.4670	376.4490,-1.3250,0.4786	376.4490,-1.1750,0.4786	376.4490,-1.1750,0.4876	376.4490,-1.2468,0.4876	376.4510,-1.2468,0.7696	376.4510,-1.1750,0.7696	376.4510,-1.1750,0.7786	376.4510,-1.3250,0.7786	376.4510,-1.3250,0.7696	376.4510,-1.2532,0.7696	376.4490,-1.2532,0.4876	376.4490,-1.3250,0.4876
1206	塗替塗装-748	塗替塗装						縦桁 H300x150	x 367.59〜385.11 	塗替塗装範囲詳細図		DWG の図から（測量前）	塗替塗装 x 367.59〜385.11 縦桁 H300x150	ext_poly	12	379.4490,-0.0750,0.4580	379.4490,0.0750,0.4580	379.4490,0.0750,0.4670	379.4490,0.0032,0.4670	379.4510,0.0032,0.7490	379.4510,0.0750,0.7490	379.4510,0.0750,0.7580	379.4510,-0.0750,0.7580	379.4510,-0.0750,0.7490	379.4510,-0.0032,0.7490	379.4490,-0.0032,0.4670	379.4490,-0.0750,0.4670	376.4490,-0.0750,0.4786	376.4490,0.0750,0.4786	376.4490,0.0750,0.4876	376.4490,0.0032,0.4876	376.4510,0.0032,0.7696	376.4510,0.0750,0.7696	376.4510,0.0750,0.7786	376.4510,-0.0750,0.7786	376.4510,-0.0750,0.7696	376.4510,-0.0032,0.7696	376.4490,-0.0032,0.4876	376.4490,-0.0750,0.4876
1207	塗替塗装-749	塗替塗装						縦桁 H300x150	x 367.59〜385.11 	塗替塗装範囲詳細図		DWG の図から（測量前）	塗替塗装 x 367.59〜385.11 縦桁 H300x150	ext_poly	12	379.4490,1.1750,0.4580	379.4490,1.3250,0.4580	379.4490,1.3250,0.4670	379.4490,1.2532,0.4670	379.4510,1.2532,0.7490	379.4510,1.3250,0.7490	379.4510,1.3250,0.7580	379.4510,1.1750,0.7580	379.4510,1.1750,0.7490	379.4510,1.2468,0.7490	379.4490,1.2468,0.4670	379.4490,1.1750,0.4670	376.4490,1.1750,0.4786	376.4490,1.3250,0.4786	376.4490,1.3250,0.4876	376.4490,1.2532,0.4876	376.4510,1.2532,0.7696	376.4510,1.3250,0.7696	376.4510,1.3250,0.7786	376.4510,1.1750,0.7786	376.4510,1.1750,0.7696	376.4510,1.2468,0.7696	376.4490,1.2468,0.4876	376.4490,1.1750,0.4876
1208	塗替塗装-750	塗替塗装						縦桁 H300x150	x 367.59〜385.11 	塗替塗装範囲詳細図		DWG の図から（測量前）	塗替塗装 x 367.59〜385.11 縦桁 H300x150	ext_poly	12	382.6490,-1.3250,0.4374	382.6490,-1.1750,0.4374	382.6490,-1.1750,0.4464	382.6490,-1.2468,0.4464	382.6510,-1.2468,0.7284	382.6510,-1.1750,0.7284	382.6510,-1.1750,0.7374	382.6510,-1.3250,0.7374	382.6510,-1.3250,0.7284	382.6510,-1.2532,0.7284	382.6490,-1.2532,0.4464	382.6490,-1.3250,0.4464	379.6490,-1.3250,0.4580	379.6490,-1.1750,0.4580	379.6490,-1.1750,0.4670	379.6490,-1.2468,0.4670	379.6510,-1.2468,0.7490	379.6510,-1.1750,0.7490	379.6510,-1.1750,0.7580	379.6510,-1.3250,0.7580	379.6510,-1.3250,0.7490	379.6510,-1.2532,0.7490	379.6490,-1.2532,0.4670	379.6490,-1.3250,0.4670
1209	塗替塗装-751	塗替塗装						縦桁 H300x150	x 367.59〜385.11 	塗替塗装範囲詳細図		DWG の図から（測量前）	塗替塗装 x 367.59〜385.11 縦桁 H300x150	ext_poly	12	382.6490,-0.0750,0.4374	382.6490,0.0750,0.4374	382.6490,0.0750,0.4464	382.6490,0.0032,0.4464	382.6510,0.0032,0.7284	382.6510,0.0750,0.7284	382.6510,0.0750,0.7374	382.6510,-0.0750,0.7374	382.6510,-0.0750,0.7284	382.6510,-0.0032,0.7284	382.6490,-0.0032,0.4464	382.6490,-0.0750,0.4464	379.6490,-0.0750,0.4580	379.6490,0.0750,0.4580	379.6490,0.0750,0.4670	379.6490,0.0032,0.4670	379.6510,0.0032,0.7490	379.6510,0.0750,0.7490	379.6510,0.0750,0.7580	379.6510,-0.0750,0.7580	379.6510,-0.0750,0.7490	379.6510,-0.0032,0.7490	379.6490,-0.0032,0.4670	379.6490,-0.0750,0.4670
1210	塗替塗装-752	塗替塗装						縦桁 H300x150	x 367.59〜385.11 	塗替塗装範囲詳細図		DWG の図から（測量前）	塗替塗装 x 367.59〜385.11 縦桁 H300x150	ext_poly	12	382.6490,1.1750,0.4374	382.6490,1.3250,0.4374	382.6490,1.3250,0.4464	382.6490,1.2532,0.4464	382.6510,1.2532,0.7284	382.6510,1.3250,0.7284	382.6510,1.3250,0.7374	382.6510,1.1750,0.7374	382.6510,1.1750,0.7284	382.6510,1.2468,0.7284	382.6490,1.2468,0.4464	382.6490,1.1750,0.4464	379.6490,1.1750,0.4580	379.6490,1.3250,0.4580	379.6490,1.3250,0.4670	379.6490,1.2532,0.4670	379.6510,1.2532,0.7490	379.6510,1.3250,0.7490	379.6510,1.3250,0.7580	379.6510,1.1750,0.7580	379.6510,1.1750,0.7490	379.6510,1.2468,0.7490	379.6490,1.2468,0.4670	379.6490,1.1750,0.4670
1211	塗替塗装-753	塗替塗装						縦桁 H300x150	x 367.59〜385.11 	塗替塗装範囲詳細図		DWG の図から（測量前）	塗替塗装 x 367.59〜385.11 縦桁 H300x150	ext_poly	12	385.1090,-1.3250,0.4220	385.1090,-1.1750,0.4220	385.1090,-1.1750,0.4310	385.1090,-1.2468,0.4310	385.1110,-1.2468,0.7130	385.1110,-1.1750,0.7130	385.1110,-1.1750,0.7220	385.1110,-1.3250,0.7220	385.1110,-1.3250,0.7130	385.1110,-1.2532,0.7130	385.1090,-1.2532,0.4310	385.1090,-1.3250,0.4310	383.4740,-1.3250,0.4334	383.4740,-1.1750,0.4334	383.4740,-1.1750,0.4424	383.4740,-1.2468,0.4424	383.4760,-1.2468,0.7244	383.4760,-1.1750,0.7244	383.4760,-1.1750,0.7334	383.4760,-1.3250,0.7334	383.4760,-1.3250,0.7244	383.4760,-1.2532,0.7244	383.4740,-1.2532,0.4424	383.4740,-1.3250,0.4424
1212	塗替塗装-754	塗替塗装						縦桁 H300x150	x 367.59〜385.11 	塗替塗装範囲詳細図		DWG の図から（測量前）	塗替塗装 x 367.59〜385.11 縦桁 H300x150	ext_poly	12	385.1090,-0.0750,0.4220	385.1090,0.0750,0.4220	385.1090,0.0750,0.4310	385.1090,0.0032,0.4310	385.1110,0.0032,0.7130	385.1110,0.0750,0.7130	385.1110,0.0750,0.7220	385.1110,-0.0750,0.7220	385.1110,-0.0750,0.7130	385.1110,-0.0032,0.7130	385.1090,-0.0032,0.4310	385.1090,-0.0750,0.4310	383.4740,-0.0750,0.4334	383.4740,0.0750,0.4334	383.4740,0.0750,0.4424	383.4740,0.0032,0.4424	383.4760,0.0032,0.7244	383.4760,0.0750,0.7244	383.4760,0.0750,0.7334	383.4760,-0.0750,0.7334	383.4760,-0.0750,0.7244	383.4760,-0.0032,0.7244	383.4740,-0.0032,0.4424	383.4740,-0.0750,0.4424
1213	塗替塗装-755	塗替塗装						縦桁 H300x150	x 367.59〜385.11 	塗替塗装範囲詳細図		DWG の図から（測量前）	塗替塗装 x 367.59〜385.11 縦桁 H300x150	ext_poly	12	385.1090,1.1750,0.4220	385.1090,1.3250,0.4220	385.1090,1.3250,0.4310	385.1090,1.2532,0.4310	385.1110,1.2532,0.7130	385.1110,1.3250,0.7130	385.1110,1.3250,0.7220	385.1110,1.1750,0.7220	385.1110,1.1750,0.7130	385.1110,1.2468,0.7130	385.1090,1.2468,0.4310	385.1090,1.1750,0.4310	383.4740,1.1750,0.4334	383.4740,1.3250,0.4334	383.4740,1.3250,0.4424	383.4740,1.2532,0.4424	383.4760,1.2532,0.7244	383.4760,1.3250,0.7244	383.4760,1.3250,0.7334	383.4760,1.1750,0.7334	383.4760,1.1750,0.7244	383.4760,1.2468,0.7244	383.4740,1.2468,0.4424	383.4740,1.1750,0.4424
1214	塗替塗装-756	塗替塗装						鋼板 PL800x9	x 367.59〜385.11 y -1.88	塗替塗装範囲詳細図		DWG の図から（測量前）	塗替塗装 x 367.59〜385.11 鋼板 y -1.88	ext_poly	4	367.5900,-2.2750,0.8349	371.5900,-2.2750,0.8092	371.5900,-1.4750,0.8092	367.5900,-1.4750,0.8349	367.5900,-2.2750,0.8259	371.5900,-2.2750,0.8002	371.5900,-1.4750,0.8002	367.5900,-1.4750,0.8259
1215	塗替塗装-757	塗替塗装						鋼板 PL800x9	x 367.59〜385.11 y -0.62	塗替塗装範囲詳細図		DWG の図から（測量前）	塗替塗装 x 367.59〜385.11 鋼板 y -0.62	ext_poly	4	367.5900,-1.0250,0.8349	371.5900,-1.0250,0.8092	371.5900,-0.2250,0.8092	367.5900,-0.2250,0.8349	367.5900,-1.0250,0.8259	371.5900,-1.0250,0.8002	371.5900,-0.2250,0.8002	367.5900,-0.2250,0.8259
1216	塗替塗装-758	塗替塗装						鋼板 PL800x9	x 367.59〜385.11 y 0.62	塗替塗装範囲詳細図		DWG の図から（測量前）	塗替塗装 x 367.59〜385.11 鋼板 y 0.62	ext_poly	4	367.5900,0.2250,0.8349	371.5900,0.2250,0.8092	371.5900,1.0250,0.8092	367.5900,1.0250,0.8349	367.5900,0.2250,0.8259	371.5900,0.2250,0.8002	371.5900,1.0250,0.8002	367.5900,1.0250,0.8259
1217	塗替塗装-759	塗替塗装						鋼板 PL800x9	x 367.59〜385.11 y 1.88	塗替塗装範囲詳細図		DWG の図から（測量前）	塗替塗装 x 367.59〜385.11 鋼板 y 1.88	ext_poly	4	367.5900,1.4750,0.8349	371.5900,1.4750,0.8092	371.5900,2.2750,0.8092	367.5900,2.2750,0.8349	367.5900,1.4750,0.8259	371.5900,1.4750,0.8002	371.5900,2.2750,0.8002	367.5900,2.2750,0.8259
1218	塗替塗装-760	塗替塗装						鋼板 PL800x9	x 367.59〜385.11 y -1.88	塗替塗装範囲詳細図		DWG の図から（測量前）	塗替塗装 x 367.59〜385.11 鋼板 y -1.88	ext_poly	4	371.5900,-2.2750,0.8092	375.5900,-2.2750,0.7835	375.5900,-1.4750,0.7835	371.5900,-1.4750,0.8092	371.5900,-2.2750,0.8002	375.5900,-2.2750,0.7745	375.5900,-1.4750,0.7745	371.5900,-1.4750,0.8002
1219	塗替塗装-761	塗替塗装						鋼板 PL800x9	x 367.59〜385.11 y -0.62	塗替塗装範囲詳細図		DWG の図から（測量前）	塗替塗装 x 367.59〜385.11 鋼板 y -0.62	ext_poly	4	371.5900,-1.0250,0.8092	375.5900,-1.0250,0.7835	375.5900,-0.2250,0.7835	371.5900,-0.2250,0.8092	371.5900,-1.0250,0.8002	375.5900,-1.0250,0.7745	375.5900,-0.2250,0.7745	371.5900,-0.2250,0.8002
1220	塗替塗装-762	塗替塗装						鋼板 PL800x9	x 367.59〜385.11 y 0.62	塗替塗装範囲詳細図		DWG の図から（測量前）	塗替塗装 x 367.59〜385.11 鋼板 y 0.62	ext_poly	4	371.5900,0.2250,0.8092	375.5900,0.2250,0.7835	375.5900,1.0250,0.7835	371.5900,1.0250,0.8092	371.5900,0.2250,0.8002	375.5900,0.2250,0.7745	375.5900,1.0250,0.7745	371.5900,1.0250,0.8002
1221	塗替塗装-763	塗替塗装						鋼板 PL800x9	x 367.59〜385.11 y 1.88	塗替塗装範囲詳細図		DWG の図から（測量前）	塗替塗装 x 367.59〜385.11 鋼板 y 1.88	ext_poly	4	371.5900,1.4750,0.8092	375.5900,1.4750,0.7835	375.5900,2.2750,0.7835	371.5900,2.2750,0.8092	371.5900,1.4750,0.8002	375.5900,1.4750,0.7745	375.5900,2.2750,0.7745	371.5900,2.2750,0.8002
1222	塗替塗装-764	塗替塗装						鋼板 PL800x9	x 367.59〜385.11 y -1.88	塗替塗装範囲詳細図		DWG の図から（測量前）	塗替塗装 x 367.59〜385.11 鋼板 y -1.88	ext_poly	4	375.5900,-2.2750,0.7835	379.5900,-2.2750,0.7578	379.5900,-1.4750,0.7578	375.5900,-1.4750,0.7835	375.5900,-2.2750,0.7745	379.5900,-2.2750,0.7488	379.5900,-1.4750,0.7488	375.5900,-1.4750,0.7745
1223	塗替塗装-765	塗替塗装						鋼板 PL800x9	x 367.59〜385.11 y -0.62	塗替塗装範囲詳細図		DWG の図から（測量前）	塗替塗装 x 367.59〜385.11 鋼板 y -0.62	ext_poly	4	375.5900,-1.0250,0.7835	379.5900,-1.0250,0.7578	379.5900,-0.2250,0.7578	375.5900,-0.2250,0.7835	375.5900,-1.0250,0.7745	379.5900,-1.0250,0.7488	379.5900,-0.2250,0.7488	375.5900,-0.2250,0.7745
1224	塗替塗装-766	塗替塗装						鋼板 PL800x9	x 367.59〜385.11 y 0.62	塗替塗装範囲詳細図		DWG の図から（測量前）	塗替塗装 x 367.59〜385.11 鋼板 y 0.62	ext_poly	4	375.5900,0.2250,0.7835	379.5900,0.2250,0.7578	379.5900,1.0250,0.7578	375.5900,1.0250,0.7835	375.5900,0.2250,0.7745	379.5900,0.2250,0.7488	379.5900,1.0250,0.7488	375.5900,1.0250,0.7745
1225	塗替塗装-767	塗替塗装						鋼板 PL800x9	x 367.59〜385.11 y 1.88	塗替塗装範囲詳細図		DWG の図から（測量前）	塗替塗装 x 367.59〜385.11 鋼板 y 1.88	ext_poly	4	375.5900,1.4750,0.7835	379.5900,1.4750,0.7578	379.5900,2.2750,0.7578	375.5900,2.2750,0.7835	375.5900,1.4750,0.7745	379.5900,1.4750,0.7488	379.5900,2.2750,0.7488	375.5900,2.2750,0.7745
1226	塗替塗装-768	塗替塗装						鋼板 PL800x9	x 367.59〜385.11 y -1.88	塗替塗装範囲詳細図		DWG の図から（測量前）	塗替塗装 x 367.59〜385.11 鋼板 y -1.88	ext_poly	4	379.5900,-2.2750,0.7578	383.5900,-2.2750,0.7320	383.5900,-1.4750,0.7320	379.5900,-1.4750,0.7578	379.5900,-2.2750,0.7488	383.5900,-2.2750,0.7230	383.5900,-1.4750,0.7230	379.5900,-1.4750,0.7488
1227	塗替塗装-769	塗替塗装						鋼板 PL800x9	x 367.59〜385.11 y -0.62	塗替塗装範囲詳細図		DWG の図から（測量前）	塗替塗装 x 367.59〜385.11 鋼板 y -0.62	ext_poly	4	379.5900,-1.0250,0.7578	383.5900,-1.0250,0.7320	383.5900,-0.2250,0.7320	379.5900,-0.2250,0.7578	379.5900,-1.0250,0.7488	383.5900,-1.0250,0.7230	383.5900,-0.2250,0.7230	379.5900,-0.2250,0.7488
1228	塗替塗装-770	塗替塗装						鋼板 PL800x9	x 367.59〜385.11 y 0.62	塗替塗装範囲詳細図		DWG の図から（測量前）	塗替塗装 x 367.59〜385.11 鋼板 y 0.62	ext_poly	4	379.5900,0.2250,0.7578	383.5900,0.2250,0.7320	383.5900,1.0250,0.7320	379.5900,1.0250,0.7578	379.5900,0.2250,0.7488	383.5900,0.2250,0.7230	383.5900,1.0250,0.7230	379.5900,1.0250,0.7488
1229	塗替塗装-771	塗替塗装						鋼板 PL800x9	x 367.59〜385.11 y 1.88	塗替塗装範囲詳細図		DWG の図から（測量前）	塗替塗装 x 367.59〜385.11 鋼板 y 1.88	ext_poly	4	379.5900,1.4750,0.7578	383.5900,1.4750,0.7320	383.5900,2.2750,0.7320	379.5900,2.2750,0.7578	379.5900,1.4750,0.7488	383.5900,1.4750,0.7230	383.5900,2.2750,0.7230	379.5900,2.2750,0.7488
1230	塗替塗装-772	塗替塗装						鋼板 PL800x9	x 367.59〜385.11 y -1.88	塗替塗装範囲詳細図		DWG の図から（測量前）	塗替塗装 x 367.59〜385.11 鋼板 y -1.88	ext_poly	4	383.5900,-2.2750,0.7320	385.1100,-2.2750,0.7223	385.1100,-1.4750,0.7223	383.5900,-1.4750,0.7320	383.5900,-2.2750,0.7230	385.1100,-2.2750,0.7133	385.1100,-1.4750,0.7133	383.5900,-1.4750,0.7230
1231	塗替塗装-773	塗替塗装						鋼板 PL800x9	x 367.59〜385.11 y -0.62	塗替塗装範囲詳細図		DWG の図から（測量前）	塗替塗装 x 367.59〜385.11 鋼板 y -0.62	ext_poly	4	383.5900,-1.0250,0.7320	385.1100,-1.0250,0.7223	385.1100,-0.2250,0.7223	383.5900,-0.2250,0.7320	383.5900,-1.0250,0.7230	385.1100,-1.0250,0.7133	385.1100,-0.2250,0.7133	383.5900,-0.2250,0.7230
1232	塗替塗装-774	塗替塗装						鋼板 PL800x9	x 367.59〜385.11 y 0.62	塗替塗装範囲詳細図		DWG の図から（測量前）	塗替塗装 x 367.59〜385.11 鋼板 y 0.62	ext_poly	4	383.5900,0.2250,0.7320	385.1100,0.2250,0.7223	385.1100,1.0250,0.7223	383.5900,1.0250,0.7320	383.5900,0.2250,0.7230	385.1100,0.2250,0.7133	385.1100,1.0250,0.7133	383.5900,1.0250,0.7230
1233	塗替塗装-775	塗替塗装						鋼板 PL800x9	x 367.59〜385.11 y 1.88	塗替塗装範囲詳細図		DWG の図から（測量前）	塗替塗装 x 367.59〜385.11 鋼板 y 1.88	ext_poly	4	383.5900,1.4750,0.7320	385.1100,1.4750,0.7223	385.1100,2.2750,0.7223	383.5900,2.2750,0.7320	383.5900,1.4750,0.7230	385.1100,1.4750,0.7133	385.1100,2.2750,0.7133	383.5900,2.2750,0.7230
1234	塗替塗装-776	塗替塗装						主桁（腹板）	x 431.59〜449.11 G1	塗替塗装範囲詳細図		DWG の図から（測量前）	塗替塗装 x 431.59〜449.11 主桁（腹板） G1	ext_poly	12	432.0750,2.4940,0.4211	431.5900,2.4940,0.4242	431.5900,2.4940,-1.0858	432.0750,2.4940,-1.0889	432.5750,2.4940,-1.0921	433.0750,2.4940,-1.0953	433.5750,2.4940,-1.0985	433.6250,2.4940,-1.0989	433.6250,2.4940,0.4111	433.5750,2.4940,0.4115	433.0750,2.4940,0.4147	432.5750,2.4940,0.4179	432.0750,2.5060,0.4211	431.5900,2.5060,0.4242	431.5900,2.5060,-1.0858	432.0750,2.5060,-1.0889	432.5750,2.5060,-1.0921	433.0750,2.5060,-1.0953	433.5750,2.5060,-1.0985	433.6250,2.5060,-1.0989	433.6250,2.5060,0.4111	433.5750,2.5060,0.4115	433.0750,2.5060,0.4147	432.5750,2.5060,0.4179
1235	塗替塗装-777	塗替塗装						主桁（上山形鋼）	x 431.59〜449.11 G1	塗替塗装範囲詳細図		DWG の図から（測量前）	塗替塗装 x 431.59〜449.11 主桁（上山形鋼） G1	ext_poly	12	432.0750,2.5060,0.4211	431.5900,2.5060,0.4242	431.5900,2.5060,0.4092	432.0750,2.5060,0.4061	432.5750,2.5060,0.4029	433.0750,2.5060,0.3997	433.5750,2.5060,0.3965	433.6250,2.5060,0.3961	433.6250,2.5060,0.4111	433.5750,2.5060,0.4115	433.0750,2.5060,0.4147	432.5750,2.5060,0.4179	432.0750,2.6560,0.4211	431.5900,2.6560,0.4242	431.5900,2.6560,0.4092	432.0750,2.6560,0.4061	432.5750,2.6560,0.4029	433.0750,2.6560,0.3997	433.5750,2.6560,0.3965	433.6250,2.6560,0.3961	433.6250,2.6560,0.4111	433.5750,2.6560,0.4115	433.0750,2.6560,0.4147	432.5750,2.6560,0.4179
1236	塗替塗装-778	塗替塗装						主桁（上山形鋼）	x 431.59〜449.11 G1	塗替塗装範囲詳細図		DWG の図から（測量前）	塗替塗装 x 431.59〜449.11 主桁（上山形鋼） G1	ext_poly	12	432.0750,2.5060,0.4061	431.5900,2.5060,0.4092	431.5900,2.5060,0.2742	432.0750,2.5060,0.2711	432.5750,2.5060,0.2679	433.0750,2.5060,0.2647	433.5750,2.5060,0.2615	433.6250,2.5060,0.2611	433.6250,2.5060,0.3961	433.5750,2.5060,0.3965	433.0750,2.5060,0.3997	432.5750,2.5060,0.4029	432.0750,2.5210,0.4061	431.5900,2.5210,0.4092	431.5900,2.5210,0.2742	432.0750,2.5210,0.2711	432.5750,2.5210,0.2679	433.0750,2.5210,0.2647	433.5750,2.5210,0.2615	433.6250,2.5210,0.2611	433.6250,2.5210,0.3961	433.5750,2.5210,0.3965	433.0750,2.5210,0.3997	432.5750,2.5210,0.4029
1237	塗替塗装-779	塗替塗装						主桁（下山形鋼）	x 431.59〜449.11 G1	塗替塗装範囲詳細図		DWG の図から（測量前）	塗替塗装 x 431.59〜449.11 主桁（下山形鋼） G1	ext_poly	12	432.0750,2.5060,-1.0739	431.5900,2.5060,-1.0708	431.5900,2.5060,-1.0858	432.0750,2.5060,-1.0889	432.5750,2.5060,-1.0921	433.0750,2.5060,-1.0953	433.5750,2.5060,-1.0985	433.6250,2.5060,-1.0989	433.6250,2.5060,-1.0839	433.5750,2.5060,-1.0835	433.0750,2.5060,-1.0803	432.5750,2.5060,-1.0771	432.0750,2.6560,-1.0739	431.5900,2.6560,-1.0708	431.5900,2.6560,-1.0858	432.0750,2.6560,-1.0889	432.5750,2.6560,-1.0921	433.0750,2.6560,-1.0953	433.5750,2.6560,-1.0985	433.6250,2.6560,-1.0989	433.6250,2.6560,-1.0839	433.5750,2.6560,-1.0835	433.0750,2.6560,-1.0803	432.5750,2.6560,-1.0771
1238	塗替塗装-780	塗替塗装						主桁（下山形鋼）	x 431.59〜449.11 G1	塗替塗装範囲詳細図		DWG の図から（測量前）	塗替塗装 x 431.59〜449.11 主桁（下山形鋼） G1	ext_poly	12	432.0750,2.5060,-0.9389	431.5900,2.5060,-0.9358	431.5900,2.5060,-1.0708	432.0750,2.5060,-1.0739	432.5750,2.5060,-1.0771	433.0750,2.5060,-1.0803	433.5750,2.5060,-1.0835	433.6250,2.5060,-1.0839	433.6250,2.5060,-0.9489	433.5750,2.5060,-0.9485	433.0750,2.5060,-0.9453	432.5750,2.5060,-0.9421	432.0750,2.5210,-0.9389	431.5900,2.5210,-0.9358	431.5900,2.5210,-1.0708	432.0750,2.5210,-1.0739	432.5750,2.5210,-1.0771	433.0750,2.5210,-1.0803	433.5750,2.5210,-1.0835	433.6250,2.5210,-1.0839	433.6250,2.5210,-0.9489	433.5750,2.5210,-0.9485	433.0750,2.5210,-0.9453	432.5750,2.5210,-0.9421
1239	塗替塗装-781	塗替塗装						主桁（上山形鋼）	x 431.59〜449.11 G1	塗替塗装範囲詳細図		DWG の図から（測量前）	塗替塗装 x 431.59〜449.11 主桁（上山形鋼） G1	ext_poly	12	432.0750,2.3440,0.4211	431.5900,2.3440,0.4242	431.5900,2.3440,0.4092	432.0750,2.3440,0.4061	432.5750,2.3440,0.4029	433.0750,2.3440,0.3997	433.5750,2.3440,0.3965	433.6250,2.3440,0.3961	433.6250,2.3440,0.4111	433.5750,2.3440,0.4115	433.0750,2.3440,0.4147	432.5750,2.3440,0.4179	432.0750,2.4940,0.4211	431.5900,2.4940,0.4242	431.5900,2.4940,0.4092	432.0750,2.4940,0.4061	432.5750,2.4940,0.4029	433.0750,2.4940,0.3997	433.5750,2.4940,0.3965	433.6250,2.4940,0.3961	433.6250,2.4940,0.4111	433.5750,2.4940,0.4115	433.0750,2.4940,0.4147	432.5750,2.4940,0.4179
1240	塗替塗装-782	塗替塗装						主桁（上山形鋼）	x 431.59〜449.11 G1	塗替塗装範囲詳細図		DWG の図から（測量前）	塗替塗装 x 431.59〜449.11 主桁（上山形鋼） G1	ext_poly	12	432.0750,2.4790,0.4061	431.5900,2.4790,0.4092	431.5900,2.4790,0.2742	432.0750,2.4790,0.2711	432.5750,2.4790,0.2679	433.0750,2.4790,0.2647	433.5750,2.4790,0.2615	433.6250,2.4790,0.2611	433.6250,2.4790,0.3961	433.5750,2.4790,0.3965	433.0750,2.4790,0.3997	432.5750,2.4790,0.4029	432.0750,2.4940,0.4061	431.5900,2.4940,0.4092	431.5900,2.4940,0.2742	432.0750,2.4940,0.2711	432.5750,2.4940,0.2679	433.0750,2.4940,0.2647	433.5750,2.4940,0.2615	433.6250,2.4940,0.2611	433.6250,2.4940,0.3961	433.5750,2.4940,0.3965	433.0750,2.4940,0.3997	432.5750,2.4940,0.4029
1241	塗替塗装-783	塗替塗装						主桁（下山形鋼）	x 431.59〜449.11 G1	塗替塗装範囲詳細図		DWG の図から（測量前）	塗替塗装 x 431.59〜449.11 主桁（下山形鋼） G1	ext_poly	12	432.0750,2.3440,-1.0739	431.5900,2.3440,-1.0708	431.5900,2.3440,-1.0858	432.0750,2.3440,-1.0889	432.5750,2.3440,-1.0921	433.0750,2.3440,-1.0953	433.5750,2.3440,-1.0985	433.6250,2.3440,-1.0989	433.6250,2.3440,-1.0839	433.5750,2.3440,-1.0835	433.0750,2.3440,-1.0803	432.5750,2.3440,-1.0771	432.0750,2.4940,-1.0739	431.5900,2.4940,-1.0708	431.5900,2.4940,-1.0858	432.0750,2.4940,-1.0889	432.5750,2.4940,-1.0921	433.0750,2.4940,-1.0953	433.5750,2.4940,-1.0985	433.6250,2.4940,-1.0989	433.6250,2.4940,-1.0839	433.5750,2.4940,-1.0835	433.0750,2.4940,-1.0803	432.5750,2.4940,-1.0771
1242	塗替塗装-784	塗替塗装						主桁（下山形鋼）	x 431.59〜449.11 G1	塗替塗装範囲詳細図		DWG の図から（測量前）	塗替塗装 x 431.59〜449.11 主桁（下山形鋼） G1	ext_poly	12	432.0750,2.4790,-0.9389	431.5900,2.4790,-0.9358	431.5900,2.4790,-1.0708	432.0750,2.4790,-1.0739	432.5750,2.4790,-1.0771	433.0750,2.4790,-1.0803	433.5750,2.4790,-1.0835	433.6250,2.4790,-1.0839	433.6250,2.4790,-0.9489	433.5750,2.4790,-0.9485	433.0750,2.4790,-0.9453	432.5750,2.4790,-0.9421	432.0750,2.4940,-0.9389	431.5900,2.4940,-0.9358	431.5900,2.4940,-1.0708	432.0750,2.4940,-1.0739	432.5750,2.4940,-1.0771	433.0750,2.4940,-1.0803	433.5750,2.4940,-1.0835	433.6250,2.4940,-1.0839	433.6250,2.4940,-0.9489	433.5750,2.4940,-0.9485	433.0750,2.4940,-0.9453	432.5750,2.4940,-0.9421
1243	塗替塗装-785	塗替塗装						主桁（腹板）	x 431.59〜449.11 G2	塗替塗装範囲詳細図		DWG の図から（測量前）	塗替塗装 x 431.59〜449.11 主桁（腹板） G2	ext_poly	12	432.0750,-2.5060,0.4211	431.5900,-2.5060,0.4242	431.5900,-2.5060,-1.0858	432.0750,-2.5060,-1.0889	432.5750,-2.5060,-1.0921	433.0750,-2.5060,-1.0953	433.5750,-2.5060,-1.0985	433.6250,-2.5060,-1.0989	433.6250,-2.5060,0.4111	433.5750,-2.5060,0.4115	433.0750,-2.5060,0.4147	432.5750,-2.5060,0.4179	432.0750,-2.4940,0.4211	431.5900,-2.4940,0.4242	431.5900,-2.4940,-1.0858	432.0750,-2.4940,-1.0889	432.5750,-2.4940,-1.0921	433.0750,-2.4940,-1.0953	433.5750,-2.4940,-1.0985	433.6250,-2.4940,-1.0989	433.6250,-2.4940,0.4111	433.5750,-2.4940,0.4115	433.0750,-2.4940,0.4147	432.5750,-2.4940,0.4179
1244	塗替塗装-786	塗替塗装						主桁（上山形鋼）	x 431.59〜449.11 G2	塗替塗装範囲詳細図		DWG の図から（測量前）	塗替塗装 x 431.59〜449.11 主桁（上山形鋼） G2	ext_poly	12	432.0750,-2.4940,0.4211	431.5900,-2.4940,0.4242	431.5900,-2.4940,0.4092	432.0750,-2.4940,0.4061	432.5750,-2.4940,0.4029	433.0750,-2.4940,0.3997	433.5750,-2.4940,0.3965	433.6250,-2.4940,0.3961	433.6250,-2.4940,0.4111	433.5750,-2.4940,0.4115	433.0750,-2.4940,0.4147	432.5750,-2.4940,0.4179	432.0750,-2.3440,0.4211	431.5900,-2.3440,0.4242	431.5900,-2.3440,0.4092	432.0750,-2.3440,0.4061	432.5750,-2.3440,0.4029	433.0750,-2.3440,0.3997	433.5750,-2.3440,0.3965	433.6250,-2.3440,0.3961	433.6250,-2.3440,0.4111	433.5750,-2.3440,0.4115	433.0750,-2.3440,0.4147	432.5750,-2.3440,0.4179
1245	塗替塗装-787	塗替塗装						主桁（上山形鋼）	x 431.59〜449.11 G2	塗替塗装範囲詳細図		DWG の図から（測量前）	塗替塗装 x 431.59〜449.11 主桁（上山形鋼） G2	ext_poly	12	432.0750,-2.4940,0.4061	431.5900,-2.4940,0.4092	431.5900,-2.4940,0.2742	432.0750,-2.4940,0.2711	432.5750,-2.4940,0.2679	433.0750,-2.4940,0.2647	433.5750,-2.4940,0.2615	433.6250,-2.4940,0.2611	433.6250,-2.4940,0.3961	433.5750,-2.4940,0.3965	433.0750,-2.4940,0.3997	432.5750,-2.4940,0.4029	432.0750,-2.4790,0.4061	431.5900,-2.4790,0.4092	431.5900,-2.4790,0.2742	432.0750,-2.4790,0.2711	432.5750,-2.4790,0.2679	433.0750,-2.4790,0.2647	433.5750,-2.4790,0.2615	433.6250,-2.4790,0.2611	433.6250,-2.4790,0.3961	433.5750,-2.4790,0.3965	433.0750,-2.4790,0.3997	432.5750,-2.4790,0.4029
1246	塗替塗装-788	塗替塗装						主桁（下山形鋼）	x 431.59〜449.11 G2	塗替塗装範囲詳細図		DWG の図から（測量前）	塗替塗装 x 431.59〜449.11 主桁（下山形鋼） G2	ext_poly	12	432.0750,-2.4940,-1.0739	431.5900,-2.4940,-1.0708	431.5900,-2.4940,-1.0858	432.0750,-2.4940,-1.0889	432.5750,-2.4940,-1.0921	433.0750,-2.4940,-1.0953	433.5750,-2.4940,-1.0985	433.6250,-2.4940,-1.0989	433.6250,-2.4940,-1.0839	433.5750,-2.4940,-1.0835	433.0750,-2.4940,-1.0803	432.5750,-2.4940,-1.0771	432.0750,-2.3440,-1.0739	431.5900,-2.3440,-1.0708	431.5900,-2.3440,-1.0858	432.0750,-2.3440,-1.0889	432.5750,-2.3440,-1.0921	433.0750,-2.3440,-1.0953	433.5750,-2.3440,-1.0985	433.6250,-2.3440,-1.0989	433.6250,-2.3440,-1.0839	433.5750,-2.3440,-1.0835	433.0750,-2.3440,-1.0803	432.5750,-2.3440,-1.0771
1247	塗替塗装-789	塗替塗装						主桁（下山形鋼）	x 431.59〜449.11 G2	塗替塗装範囲詳細図		DWG の図から（測量前）	塗替塗装 x 431.59〜449.11 主桁（下山形鋼） G2	ext_poly	12	432.0750,-2.4940,-0.9389	431.5900,-2.4940,-0.9358	431.5900,-2.4940,-1.0708	432.0750,-2.4940,-1.0739	432.5750,-2.4940,-1.0771	433.0750,-2.4940,-1.0803	433.5750,-2.4940,-1.0835	433.6250,-2.4940,-1.0839	433.6250,-2.4940,-0.9489	433.5750,-2.4940,-0.9485	433.0750,-2.4940,-0.9453	432.5750,-2.4940,-0.9421	432.0750,-2.4790,-0.9389	431.5900,-2.4790,-0.9358	431.5900,-2.4790,-1.0708	432.0750,-2.4790,-1.0739	432.5750,-2.4790,-1.0771	433.0750,-2.4790,-1.0803	433.5750,-2.4790,-1.0835	433.6250,-2.4790,-1.0839	433.6250,-2.4790,-0.9489	433.5750,-2.4790,-0.9485	433.0750,-2.4790,-0.9453	432.5750,-2.4790,-0.9421
1248	塗替塗装-790	塗替塗装						主桁（上山形鋼）	x 431.59〜449.11 G2	塗替塗装範囲詳細図		DWG の図から（測量前）	塗替塗装 x 431.59〜449.11 主桁（上山形鋼） G2	ext_poly	12	432.0750,-2.6560,0.4211	431.5900,-2.6560,0.4242	431.5900,-2.6560,0.4092	432.0750,-2.6560,0.4061	432.5750,-2.6560,0.4029	433.0750,-2.6560,0.3997	433.5750,-2.6560,0.3965	433.6250,-2.6560,0.3961	433.6250,-2.6560,0.4111	433.5750,-2.6560,0.4115	433.0750,-2.6560,0.4147	432.5750,-2.6560,0.4179	432.0750,-2.5060,0.4211	431.5900,-2.5060,0.4242	431.5900,-2.5060,0.4092	432.0750,-2.5060,0.4061	432.5750,-2.5060,0.4029	433.0750,-2.5060,0.3997	433.5750,-2.5060,0.3965	433.6250,-2.5060,0.3961	433.6250,-2.5060,0.4111	433.5750,-2.5060,0.4115	433.0750,-2.5060,0.4147	432.5750,-2.5060,0.4179
1249	塗替塗装-791	塗替塗装						主桁（上山形鋼）	x 431.59〜449.11 G2	塗替塗装範囲詳細図		DWG の図から（測量前）	塗替塗装 x 431.59〜449.11 主桁（上山形鋼） G2	ext_poly	12	432.0750,-2.5210,0.4061	431.5900,-2.5210,0.4092	431.5900,-2.5210,0.2742	432.0750,-2.5210,0.2711	432.5750,-2.5210,0.2679	433.0750,-2.5210,0.2647	433.5750,-2.5210,0.2615	433.6250,-2.5210,0.2611	433.6250,-2.5210,0.3961	433.5750,-2.5210,0.3965	433.0750,-2.5210,0.3997	432.5750,-2.5210,0.4029	432.0750,-2.5060,0.4061	431.5900,-2.5060,0.4092	431.5900,-2.5060,0.2742	432.0750,-2.5060,0.2711	432.5750,-2.5060,0.2679	433.0750,-2.5060,0.2647	433.5750,-2.5060,0.2615	433.6250,-2.5060,0.2611	433.6250,-2.5060,0.3961	433.5750,-2.5060,0.3965	433.0750,-2.5060,0.3997	432.5750,-2.5060,0.4029
1250	塗替塗装-792	塗替塗装						主桁（下山形鋼）	x 431.59〜449.11 G2	塗替塗装範囲詳細図		DWG の図から（測量前）	塗替塗装 x 431.59〜449.11 主桁（下山形鋼） G2	ext_poly	12	432.0750,-2.6560,-1.0739	431.5900,-2.6560,-1.0708	431.5900,-2.6560,-1.0858	432.0750,-2.6560,-1.0889	432.5750,-2.6560,-1.0921	433.0750,-2.6560,-1.0953	433.5750,-2.6560,-1.0985	433.6250,-2.6560,-1.0989	433.6250,-2.6560,-1.0839	433.5750,-2.6560,-1.0835	433.0750,-2.6560,-1.0803	432.5750,-2.6560,-1.0771	432.0750,-2.5060,-1.0739	431.5900,-2.5060,-1.0708	431.5900,-2.5060,-1.0858	432.0750,-2.5060,-1.0889	432.5750,-2.5060,-1.0921	433.0750,-2.5060,-1.0953	433.5750,-2.5060,-1.0985	433.6250,-2.5060,-1.0989	433.6250,-2.5060,-1.0839	433.5750,-2.5060,-1.0835	433.0750,-2.5060,-1.0803	432.5750,-2.5060,-1.0771
1251	塗替塗装-793	塗替塗装						主桁（下山形鋼）	x 431.59〜449.11 G2	塗替塗装範囲詳細図		DWG の図から（測量前）	塗替塗装 x 431.59〜449.11 主桁（下山形鋼） G2	ext_poly	12	432.0750,-2.5210,-0.9389	431.5900,-2.5210,-0.9358	431.5900,-2.5210,-1.0708	432.0750,-2.5210,-1.0739	432.5750,-2.5210,-1.0771	433.0750,-2.5210,-1.0803	433.5750,-2.5210,-1.0835	433.6250,-2.5210,-1.0839	433.6250,-2.5210,-0.9489	433.5750,-2.5210,-0.9485	433.0750,-2.5210,-0.9453	432.5750,-2.5210,-0.9421	432.0750,-2.5060,-0.9389	431.5900,-2.5060,-0.9358	431.5900,-2.5060,-1.0708	432.0750,-2.5060,-1.0739	432.5750,-2.5060,-1.0771	433.0750,-2.5060,-1.0803	433.5750,-2.5060,-1.0835	433.6250,-2.5060,-1.0839	433.6250,-2.5060,-0.9489	433.5750,-2.5060,-0.9485	433.0750,-2.5060,-0.9453	432.5750,-2.5060,-0.9421
1252	塗替塗装-794	塗替塗装						主桁（腹板）	x 431.59〜449.11 G1	塗替塗装範囲詳細図		DWG の図から（測量前）	塗替塗装 x 431.59〜449.11 主桁（腹板） G1	ext_poly	56	434.1750,2.4955,0.4076	433.6750,2.4955,0.4108	433.6750,2.4955,-1.0992	434.1750,2.4955,-1.1024	434.6750,2.4955,-1.1056	435.1750,2.4955,-1.1088	435.6750,2.4955,-1.1120	436.1750,2.4955,-1.1152	436.6750,2.4955,-1.1184	437.1750,2.4955,-1.1216	437.6750,2.4955,-1.1248	438.1750,2.4955,-1.1280	438.6750,2.4955,-1.1312	439.1750,2.4955,-1.1344	439.6750,2.4955,-1.1376	440.1750,2.4955,-1.1408	440.6750,2.4955,-1.1440	441.1750,2.4955,-1.1472	441.6750,2.4955,-1.1504	442.1750,2.4955,-1.1536	442.6750,2.4955,-1.1569	443.1750,2.4955,-1.1601	443.6750,2.4955,-1.1633	444.1750,2.4955,-1.1665	444.6750,2.4955,-1.1697	445.1750,2.4955,-1.1729	445.6750,2.4955,-1.1761	446.1750,2.4955,-1.1793	446.6750,2.4955,-1.1825	447.0250,2.4955,-1.1847	447.0250,2.4955,0.3253	446.6750,2.4955,0.3275	446.1750,2.4955,0.3307	445.6750,2.4955,0.3339	445.1750,2.4955,0.3371	444.6750,2.4955,0.3403	444.1750,2.4955,0.3435	443.6750,2.4955,0.3467	443.1750,2.4955,0.3499	442.6750,2.4955,0.3531	442.1750,2.4955,0.3564	441.6750,2.4955,0.3596	441.1750,2.4955,0.3628	440.6750,2.4955,0.3660	440.1750,2.4955,0.3692	439.6750,2.4955,0.3724	439.1750,2.4955,0.3756	438.6750,2.4955,0.3788	438.1750,2.4955,0.3820	437.6750,2.4955,0.3852	437.1750,2.4955,0.3884	436.6750,2.4955,0.3916	436.1750,2.4955,0.3948	435.6750,2.4955,0.3980	435.1750,2.4955,0.4012	434.6750,2.4955,0.4044	434.1750,2.5045,0.4076	433.6750,2.5045,0.4108	433.6750,2.5045,-1.0992	434.1750,2.5045,-1.1024	434.6750,2.5045,-1.1056	435.1750,2.5045,-1.1088	435.6750,2.5045,-1.1120	436.1750,2.5045,-1.1152	436.6750,2.5045,-1.1184	437.1750,2.5045,-1.1216	437.6750,2.5045,-1.1248	438.1750,2.5045,-1.1280	438.6750,2.5045,-1.1312	439.1750,2.5045,-1.1344	439.6750,2.5045,-1.1376	440.1750,2.5045,-1.1408	440.6750,2.5045,-1.1440	441.1750,2.5045,-1.1472	441.6750,2.5045,-1.1504	442.1750,2.5045,-1.1536	442.6750,2.5045,-1.1569	443.1750,2.5045,-1.1601	443.6750,2.5045,-1.1633	444.1750,2.5045,-1.1665	444.6750,2.5045,-1.1697	445.1750,2.5045,-1.1729	445.6750,2.5045,-1.1761	446.1750,2.5045,-1.1793	446.6750,2.5045,-1.1825	447.0250,2.5045,-1.1847	447.0250,2.5045,0.3253	446.6750,2.5045,0.3275	446.1750,2.5045,0.3307	445.6750,2.5045,0.3339	445.1750,2.5045,0.3371	444.6750,2.5045,0.3403	444.1750,2.5045,0.3435	443.6750,2.5045,0.3467	443.1750,2.5045,0.3499	442.6750,2.5045,0.3531	442.1750,2.5045,0.3564	441.6750,2.5045,0.3596	441.1750,2.5045,0.3628	440.6750,2.5045,0.3660	440.1750,2.5045,0.3692	439.6750,2.5045,0.3724	439.1750,2.5045,0.3756	438.6750,2.5045,0.3788	438.1750,2.5045,0.3820	437.6750,2.5045,0.3852	437.1750,2.5045,0.3884	436.6750,2.5045,0.3916	436.1750,2.5045,0.3948	435.6750,2.5045,0.3980	435.1750,2.5045,0.4012	434.6750,2.5045,0.4044
1253	塗替塗装-795	塗替塗装						主桁（上山形鋼）	x 431.59〜449.11 G1	塗替塗装範囲詳細図		DWG の図から（測量前）	塗替塗装 x 431.59〜449.11 主桁（上山形鋼） G1	ext_poly	56	434.1750,2.5045,0.4076	433.6750,2.5045,0.4108	433.6750,2.5045,0.3988	434.1750,2.5045,0.3956	434.6750,2.5045,0.3924	435.1750,2.5045,0.3892	435.6750,2.5045,0.3860	436.1750,2.5045,0.3828	436.6750,2.5045,0.3796	437.1750,2.5045,0.3764	437.6750,2.5045,0.3732	438.1750,2.5045,0.3700	438.6750,2.5045,0.3668	439.1750,2.5045,0.3636	439.6750,2.5045,0.3604	440.1750,2.5045,0.3572	440.6750,2.5045,0.3540	441.1750,2.5045,0.3508	441.6750,2.5045,0.3476	442.1750,2.5045,0.3444	442.6750,2.5045,0.3411	443.1750,2.5045,0.3379	443.6750,2.5045,0.3347	444.1750,2.5045,0.3315	444.6750,2.5045,0.3283	445.1750,2.5045,0.3251	445.6750,2.5045,0.3219	446.1750,2.5045,0.3187	446.6750,2.5045,0.3155	447.0250,2.5045,0.3133	447.0250,2.5045,0.3253	446.6750,2.5045,0.3275	446.1750,2.5045,0.3307	445.6750,2.5045,0.3339	445.1750,2.5045,0.3371	444.6750,2.5045,0.3403	444.1750,2.5045,0.3435	443.6750,2.5045,0.3467	443.1750,2.5045,0.3499	442.6750,2.5045,0.3531	442.1750,2.5045,0.3564	441.6750,2.5045,0.3596	441.1750,2.5045,0.3628	440.6750,2.5045,0.3660	440.1750,2.5045,0.3692	439.6750,2.5045,0.3724	439.1750,2.5045,0.3756	438.6750,2.5045,0.3788	438.1750,2.5045,0.3820	437.6750,2.5045,0.3852	437.1750,2.5045,0.3884	436.6750,2.5045,0.3916	436.1750,2.5045,0.3948	435.6750,2.5045,0.3980	435.1750,2.5045,0.4012	434.6750,2.5045,0.4044	434.1750,2.6545,0.4076	433.6750,2.6545,0.4108	433.6750,2.6545,0.3988	434.1750,2.6545,0.3956	434.6750,2.6545,0.3924	435.1750,2.6545,0.3892	435.6750,2.6545,0.3860	436.1750,2.6545,0.3828	436.6750,2.6545,0.3796	437.1750,2.6545,0.3764	437.6750,2.6545,0.3732	438.1750,2.6545,0.3700	438.6750,2.6545,0.3668	439.1750,2.6545,0.3636	439.6750,2.6545,0.3604	440.1750,2.6545,0.3572	440.6750,2.6545,0.3540	441.1750,2.6545,0.3508	441.6750,2.6545,0.3476	442.1750,2.6545,0.3444	442.6750,2.6545,0.3411	443.1750,2.6545,0.3379	443.6750,2.6545,0.3347	444.1750,2.6545,0.3315	444.6750,2.6545,0.3283	445.1750,2.6545,0.3251	445.6750,2.6545,0.3219	446.1750,2.6545,0.3187	446.6750,2.6545,0.3155	447.0250,2.6545,0.3133	447.0250,2.6545,0.3253	446.6750,2.6545,0.3275	446.1750,2.6545,0.3307	445.6750,2.6545,0.3339	445.1750,2.6545,0.3371	444.6750,2.6545,0.3403	444.1750,2.6545,0.3435	443.6750,2.6545,0.3467	443.1750,2.6545,0.3499	442.6750,2.6545,0.3531	442.1750,2.6545,0.3564	441.6750,2.6545,0.3596	441.1750,2.6545,0.3628	440.6750,2.6545,0.3660	440.1750,2.6545,0.3692	439.6750,2.6545,0.3724	439.1750,2.6545,0.3756	438.6750,2.6545,0.3788	438.1750,2.6545,0.3820	437.6750,2.6545,0.3852	437.1750,2.6545,0.3884	436.6750,2.6545,0.3916	436.1750,2.6545,0.3948	435.6750,2.6545,0.3980	435.1750,2.6545,0.4012	434.6750,2.6545,0.4044
1254	塗替塗装-796	塗替塗装						主桁（上山形鋼）	x 431.59〜449.11 G1	塗替塗装範囲詳細図		DWG の図から（測量前）	塗替塗装 x 431.59〜449.11 主桁（上山形鋼） G1	ext_poly	56	434.1750,2.5045,0.3956	433.6750,2.5045,0.3988	433.6750,2.5045,0.2608	434.1750,2.5045,0.2576	434.6750,2.5045,0.2544	435.1750,2.5045,0.2512	435.6750,2.5045,0.2480	436.1750,2.5045,0.2448	436.6750,2.5045,0.2416	437.1750,2.5045,0.2384	437.6750,2.5045,0.2352	438.1750,2.5045,0.2320	438.6750,2.5045,0.2288	439.1750,2.5045,0.2256	439.6750,2.5045,0.2224	440.1750,2.5045,0.2192	440.6750,2.5045,0.2160	441.1750,2.5045,0.2128	441.6750,2.5045,0.2096	442.1750,2.5045,0.2064	442.6750,2.5045,0.2031	443.1750,2.5045,0.1999	443.6750,2.5045,0.1967	444.1750,2.5045,0.1935	444.6750,2.5045,0.1903	445.1750,2.5045,0.1871	445.6750,2.5045,0.1839	446.1750,2.5045,0.1807	446.6750,2.5045,0.1775	447.0250,2.5045,0.1753	447.0250,2.5045,0.3133	446.6750,2.5045,0.3155	446.1750,2.5045,0.3187	445.6750,2.5045,0.3219	445.1750,2.5045,0.3251	444.6750,2.5045,0.3283	444.1750,2.5045,0.3315	443.6750,2.5045,0.3347	443.1750,2.5045,0.3379	442.6750,2.5045,0.3411	442.1750,2.5045,0.3444	441.6750,2.5045,0.3476	441.1750,2.5045,0.3508	440.6750,2.5045,0.3540	440.1750,2.5045,0.3572	439.6750,2.5045,0.3604	439.1750,2.5045,0.3636	438.6750,2.5045,0.3668	438.1750,2.5045,0.3700	437.6750,2.5045,0.3732	437.1750,2.5045,0.3764	436.6750,2.5045,0.3796	436.1750,2.5045,0.3828	435.6750,2.5045,0.3860	435.1750,2.5045,0.3892	434.6750,2.5045,0.3924	434.1750,2.5165,0.3956	433.6750,2.5165,0.3988	433.6750,2.5165,0.2608	434.1750,2.5165,0.2576	434.6750,2.5165,0.2544	435.1750,2.5165,0.2512	435.6750,2.5165,0.2480	436.1750,2.5165,0.2448	436.6750,2.5165,0.2416	437.1750,2.5165,0.2384	437.6750,2.5165,0.2352	438.1750,2.5165,0.2320	438.6750,2.5165,0.2288	439.1750,2.5165,0.2256	439.6750,2.5165,0.2224	440.1750,2.5165,0.2192	440.6750,2.5165,0.2160	441.1750,2.5165,0.2128	441.6750,2.5165,0.2096	442.1750,2.5165,0.2064	442.6750,2.5165,0.2031	443.1750,2.5165,0.1999	443.6750,2.5165,0.1967	444.1750,2.5165,0.1935	444.6750,2.5165,0.1903	445.1750,2.5165,0.1871	445.6750,2.5165,0.1839	446.1750,2.5165,0.1807	446.6750,2.5165,0.1775	447.0250,2.5165,0.1753	447.0250,2.5165,0.3133	446.6750,2.5165,0.3155	446.1750,2.5165,0.3187	445.6750,2.5165,0.3219	445.1750,2.5165,0.3251	444.6750,2.5165,0.3283	444.1750,2.5165,0.3315	443.6750,2.5165,0.3347	443.1750,2.5165,0.3379	442.6750,2.5165,0.3411	442.1750,2.5165,0.3444	441.6750,2.5165,0.3476	441.1750,2.5165,0.3508	440.6750,2.5165,0.3540	440.1750,2.5165,0.3572	439.6750,2.5165,0.3604	439.1750,2.5165,0.3636	438.6750,2.5165,0.3668	438.1750,2.5165,0.3700	437.6750,2.5165,0.3732	437.1750,2.5165,0.3764	436.6750,2.5165,0.3796	436.1750,2.5165,0.3828	435.6750,2.5165,0.3860	435.1750,2.5165,0.3892	434.6750,2.5165,0.3924
1255	塗替塗装-797	塗替塗装						主桁（下山形鋼）	x 431.59〜449.11 G1	塗替塗装範囲詳細図		DWG の図から（測量前）	塗替塗装 x 431.59〜449.11 主桁（下山形鋼） G1	ext_poly	56	434.1750,2.5045,-1.0904	433.6750,2.5045,-1.0872	433.6750,2.5045,-1.0992	434.1750,2.5045,-1.1024	434.6750,2.5045,-1.1056	435.1750,2.5045,-1.1088	435.6750,2.5045,-1.1120	436.1750,2.5045,-1.1152	436.6750,2.5045,-1.1184	437.1750,2.5045,-1.1216	437.6750,2.5045,-1.1248	438.1750,2.5045,-1.1280	438.6750,2.5045,-1.1312	439.1750,2.5045,-1.1344	439.6750,2.5045,-1.1376	440.1750,2.5045,-1.1408	440.6750,2.5045,-1.1440	441.1750,2.5045,-1.1472	441.6750,2.5045,-1.1504	442.1750,2.5045,-1.1536	442.6750,2.5045,-1.1569	443.1750,2.5045,-1.1601	443.6750,2.5045,-1.1633	444.1750,2.5045,-1.1665	444.6750,2.5045,-1.1697	445.1750,2.5045,-1.1729	445.6750,2.5045,-1.1761	446.1750,2.5045,-1.1793	446.6750,2.5045,-1.1825	447.0250,2.5045,-1.1847	447.0250,2.5045,-1.1727	446.6750,2.5045,-1.1705	446.1750,2.5045,-1.1673	445.6750,2.5045,-1.1641	445.1750,2.5045,-1.1609	444.6750,2.5045,-1.1577	444.1750,2.5045,-1.1545	443.6750,2.5045,-1.1513	443.1750,2.5045,-1.1481	442.6750,2.5045,-1.1449	442.1750,2.5045,-1.1416	441.6750,2.5045,-1.1384	441.1750,2.5045,-1.1352	440.6750,2.5045,-1.1320	440.1750,2.5045,-1.1288	439.6750,2.5045,-1.1256	439.1750,2.5045,-1.1224	438.6750,2.5045,-1.1192	438.1750,2.5045,-1.1160	437.6750,2.5045,-1.1128	437.1750,2.5045,-1.1096	436.6750,2.5045,-1.1064	436.1750,2.5045,-1.1032	435.6750,2.5045,-1.1000	435.1750,2.5045,-1.0968	434.6750,2.5045,-1.0936	434.1750,2.6545,-1.0904	433.6750,2.6545,-1.0872	433.6750,2.6545,-1.0992	434.1750,2.6545,-1.1024	434.6750,2.6545,-1.1056	435.1750,2.6545,-1.1088	435.6750,2.6545,-1.1120	436.1750,2.6545,-1.1152	436.6750,2.6545,-1.1184	437.1750,2.6545,-1.1216	437.6750,2.6545,-1.1248	438.1750,2.6545,-1.1280	438.6750,2.6545,-1.1312	439.1750,2.6545,-1.1344	439.6750,2.6545,-1.1376	440.1750,2.6545,-1.1408	440.6750,2.6545,-1.1440	441.1750,2.6545,-1.1472	441.6750,2.6545,-1.1504	442.1750,2.6545,-1.1536	442.6750,2.6545,-1.1569	443.1750,2.6545,-1.1601	443.6750,2.6545,-1.1633	444.1750,2.6545,-1.1665	444.6750,2.6545,-1.1697	445.1750,2.6545,-1.1729	445.6750,2.6545,-1.1761	446.1750,2.6545,-1.1793	446.6750,2.6545,-1.1825	447.0250,2.6545,-1.1847	447.0250,2.6545,-1.1727	446.6750,2.6545,-1.1705	446.1750,2.6545,-1.1673	445.6750,2.6545,-1.1641	445.1750,2.6545,-1.1609	444.6750,2.6545,-1.1577	444.1750,2.6545,-1.1545	443.6750,2.6545,-1.1513	443.1750,2.6545,-1.1481	442.6750,2.6545,-1.1449	442.1750,2.6545,-1.1416	441.6750,2.6545,-1.1384	441.1750,2.6545,-1.1352	440.6750,2.6545,-1.1320	440.1750,2.6545,-1.1288	439.6750,2.6545,-1.1256	439.1750,2.6545,-1.1224	438.6750,2.6545,-1.1192	438.1750,2.6545,-1.1160	437.6750,2.6545,-1.1128	437.1750,2.6545,-1.1096	436.6750,2.6545,-1.1064	436.1750,2.6545,-1.1032	435.6750,2.6545,-1.1000	435.1750,2.6545,-1.0968	434.6750,2.6545,-1.0936
1256	塗替塗装-798	塗替塗装						主桁（下山形鋼）	x 431.59〜449.11 G1	塗替塗装範囲詳細図		DWG の図から（測量前）	塗替塗装 x 431.59〜449.11 主桁（下山形鋼） G1	ext_poly	56	434.1750,2.5045,-0.9524	433.6750,2.5045,-0.9492	433.6750,2.5045,-1.0872	434.1750,2.5045,-1.0904	434.6750,2.5045,-1.0936	435.1750,2.5045,-1.0968	435.6750,2.5045,-1.1000	436.1750,2.5045,-1.1032	436.6750,2.5045,-1.1064	437.1750,2.5045,-1.1096	437.6750,2.5045,-1.1128	438.1750,2.5045,-1.1160	438.6750,2.5045,-1.1192	439.1750,2.5045,-1.1224	439.6750,2.5045,-1.1256	440.1750,2.5045,-1.1288	440.6750,2.5045,-1.1320	441.1750,2.5045,-1.1352	441.6750,2.5045,-1.1384	442.1750,2.5045,-1.1416	442.6750,2.5045,-1.1449	443.1750,2.5045,-1.1481	443.6750,2.5045,-1.1513	444.1750,2.5045,-1.1545	444.6750,2.5045,-1.1577	445.1750,2.5045,-1.1609	445.6750,2.5045,-1.1641	446.1750,2.5045,-1.1673	446.6750,2.5045,-1.1705	447.0250,2.5045,-1.1727	447.0250,2.5045,-1.0347	446.6750,2.5045,-1.0325	446.1750,2.5045,-1.0293	445.6750,2.5045,-1.0261	445.1750,2.5045,-1.0229	444.6750,2.5045,-1.0197	444.1750,2.5045,-1.0165	443.6750,2.5045,-1.0133	443.1750,2.5045,-1.0101	442.6750,2.5045,-1.0069	442.1750,2.5045,-1.0036	441.6750,2.5045,-1.0004	441.1750,2.5045,-0.9972	440.6750,2.5045,-0.9940	440.1750,2.5045,-0.9908	439.6750,2.5045,-0.9876	439.1750,2.5045,-0.9844	438.6750,2.5045,-0.9812	438.1750,2.5045,-0.9780	437.6750,2.5045,-0.9748	437.1750,2.5045,-0.9716	436.6750,2.5045,-0.9684	436.1750,2.5045,-0.9652	435.6750,2.5045,-0.9620	435.1750,2.5045,-0.9588	434.6750,2.5045,-0.9556	434.1750,2.5165,-0.9524	433.6750,2.5165,-0.9492	433.6750,2.5165,-1.0872	434.1750,2.5165,-1.0904	434.6750,2.5165,-1.0936	435.1750,2.5165,-1.0968	435.6750,2.5165,-1.1000	436.1750,2.5165,-1.1032	436.6750,2.5165,-1.1064	437.1750,2.5165,-1.1096	437.6750,2.5165,-1.1128	438.1750,2.5165,-1.1160	438.6750,2.5165,-1.1192	439.1750,2.5165,-1.1224	439.6750,2.5165,-1.1256	440.1750,2.5165,-1.1288	440.6750,2.5165,-1.1320	441.1750,2.5165,-1.1352	441.6750,2.5165,-1.1384	442.1750,2.5165,-1.1416	442.6750,2.5165,-1.1449	443.1750,2.5165,-1.1481	443.6750,2.5165,-1.1513	444.1750,2.5165,-1.1545	444.6750,2.5165,-1.1577	445.1750,2.5165,-1.1609	445.6750,2.5165,-1.1641	446.1750,2.5165,-1.1673	446.6750,2.5165,-1.1705	447.0250,2.5165,-1.1727	447.0250,2.5165,-1.0347	446.6750,2.5165,-1.0325	446.1750,2.5165,-1.0293	445.6750,2.5165,-1.0261	445.1750,2.5165,-1.0229	444.6750,2.5165,-1.0197	444.1750,2.5165,-1.0165	443.6750,2.5165,-1.0133	443.1750,2.5165,-1.0101	442.6750,2.5165,-1.0069	442.1750,2.5165,-1.0036	441.6750,2.5165,-1.0004	441.1750,2.5165,-0.9972	440.6750,2.5165,-0.9940	440.1750,2.5165,-0.9908	439.6750,2.5165,-0.9876	439.1750,2.5165,-0.9844	438.6750,2.5165,-0.9812	438.1750,2.5165,-0.9780	437.6750,2.5165,-0.9748	437.1750,2.5165,-0.9716	436.6750,2.5165,-0.9684	436.1750,2.5165,-0.9652	435.6750,2.5165,-0.9620	435.1750,2.5165,-0.9588	434.6750,2.5165,-0.9556
1257	塗替塗装-799	塗替塗装						主桁（上山形鋼）	x 431.59〜449.11 G1	塗替塗装範囲詳細図		DWG の図から（測量前）	塗替塗装 x 431.59〜449.11 主桁（上山形鋼） G1	ext_poly	56	434.1750,2.3455,0.4076	433.6750,2.3455,0.4108	433.6750,2.3455,0.3988	434.1750,2.3455,0.3956	434.6750,2.3455,0.3924	435.1750,2.3455,0.3892	435.6750,2.3455,0.3860	436.1750,2.3455,0.3828	436.6750,2.3455,0.3796	437.1750,2.3455,0.3764	437.6750,2.3455,0.3732	438.1750,2.3455,0.3700	438.6750,2.3455,0.3668	439.1750,2.3455,0.3636	439.6750,2.3455,0.3604	440.1750,2.3455,0.3572	440.6750,2.3455,0.3540	441.1750,2.3455,0.3508	441.6750,2.3455,0.3476	442.1750,2.3455,0.3444	442.6750,2.3455,0.3411	443.1750,2.3455,0.3379	443.6750,2.3455,0.3347	444.1750,2.3455,0.3315	444.6750,2.3455,0.3283	445.1750,2.3455,0.3251	445.6750,2.3455,0.3219	446.1750,2.3455,0.3187	446.6750,2.3455,0.3155	447.0250,2.3455,0.3133	447.0250,2.3455,0.3253	446.6750,2.3455,0.3275	446.1750,2.3455,0.3307	445.6750,2.3455,0.3339	445.1750,2.3455,0.3371	444.6750,2.3455,0.3403	444.1750,2.3455,0.3435	443.6750,2.3455,0.3467	443.1750,2.3455,0.3499	442.6750,2.3455,0.3531	442.1750,2.3455,0.3564	441.6750,2.3455,0.3596	441.1750,2.3455,0.3628	440.6750,2.3455,0.3660	440.1750,2.3455,0.3692	439.6750,2.3455,0.3724	439.1750,2.3455,0.3756	438.6750,2.3455,0.3788	438.1750,2.3455,0.3820	437.6750,2.3455,0.3852	437.1750,2.3455,0.3884	436.6750,2.3455,0.3916	436.1750,2.3455,0.3948	435.6750,2.3455,0.3980	435.1750,2.3455,0.4012	434.6750,2.3455,0.4044	434.1750,2.4955,0.4076	433.6750,2.4955,0.4108	433.6750,2.4955,0.3988	434.1750,2.4955,0.3956	434.6750,2.4955,0.3924	435.1750,2.4955,0.3892	435.6750,2.4955,0.3860	436.1750,2.4955,0.3828	436.6750,2.4955,0.3796	437.1750,2.4955,0.3764	437.6750,2.4955,0.3732	438.1750,2.4955,0.3700	438.6750,2.4955,0.3668	439.1750,2.4955,0.3636	439.6750,2.4955,0.3604	440.1750,2.4955,0.3572	440.6750,2.4955,0.3540	441.1750,2.4955,0.3508	441.6750,2.4955,0.3476	442.1750,2.4955,0.3444	442.6750,2.4955,0.3411	443.1750,2.4955,0.3379	443.6750,2.4955,0.3347	444.1750,2.4955,0.3315	444.6750,2.4955,0.3283	445.1750,2.4955,0.3251	445.6750,2.4955,0.3219	446.1750,2.4955,0.3187	446.6750,2.4955,0.3155	447.0250,2.4955,0.3133	447.0250,2.4955,0.3253	446.6750,2.4955,0.3275	446.1750,2.4955,0.3307	445.6750,2.4955,0.3339	445.1750,2.4955,0.3371	444.6750,2.4955,0.3403	444.1750,2.4955,0.3435	443.6750,2.4955,0.3467	443.1750,2.4955,0.3499	442.6750,2.4955,0.3531	442.1750,2.4955,0.3564	441.6750,2.4955,0.3596	441.1750,2.4955,0.3628	440.6750,2.4955,0.3660	440.1750,2.4955,0.3692	439.6750,2.4955,0.3724	439.1750,2.4955,0.3756	438.6750,2.4955,0.3788	438.1750,2.4955,0.3820	437.6750,2.4955,0.3852	437.1750,2.4955,0.3884	436.6750,2.4955,0.3916	436.1750,2.4955,0.3948	435.6750,2.4955,0.3980	435.1750,2.4955,0.4012	434.6750,2.4955,0.4044
1258	塗替塗装-800	塗替塗装						主桁（上山形鋼）	x 431.59〜449.11 G1	塗替塗装範囲詳細図		DWG の図から（測量前）	塗替塗装 x 431.59〜449.11 主桁（上山形鋼） G1	ext_poly	56	434.1750,2.4835,0.3956	433.6750,2.4835,0.3988	433.6750,2.4835,0.2608	434.1750,2.4835,0.2576	434.6750,2.4835,0.2544	435.1750,2.4835,0.2512	435.6750,2.4835,0.2480	436.1750,2.4835,0.2448	436.6750,2.4835,0.2416	437.1750,2.4835,0.2384	437.6750,2.4835,0.2352	438.1750,2.4835,0.2320	438.6750,2.4835,0.2288	439.1750,2.4835,0.2256	439.6750,2.4835,0.2224	440.1750,2.4835,0.2192	440.6750,2.4835,0.2160	441.1750,2.4835,0.2128	441.6750,2.4835,0.2096	442.1750,2.4835,0.2064	442.6750,2.4835,0.2031	443.1750,2.4835,0.1999	443.6750,2.4835,0.1967	444.1750,2.4835,0.1935	444.6750,2.4835,0.1903	445.1750,2.4835,0.1871	445.6750,2.4835,0.1839	446.1750,2.4835,0.1807	446.6750,2.4835,0.1775	447.0250,2.4835,0.1753	447.0250,2.4835,0.3133	446.6750,2.4835,0.3155	446.1750,2.4835,0.3187	445.6750,2.4835,0.3219	445.1750,2.4835,0.3251	444.6750,2.4835,0.3283	444.1750,2.4835,0.3315	443.6750,2.4835,0.3347	443.1750,2.4835,0.3379	442.6750,2.4835,0.3411	442.1750,2.4835,0.3444	441.6750,2.4835,0.3476	441.1750,2.4835,0.3508	440.6750,2.4835,0.3540	440.1750,2.4835,0.3572	439.6750,2.4835,0.3604	439.1750,2.4835,0.3636	438.6750,2.4835,0.3668	438.1750,2.4835,0.3700	437.6750,2.4835,0.3732	437.1750,2.4835,0.3764	436.6750,2.4835,0.3796	436.1750,2.4835,0.3828	435.6750,2.4835,0.3860	435.1750,2.4835,0.3892	434.6750,2.4835,0.3924	434.1750,2.4955,0.3956	433.6750,2.4955,0.3988	433.6750,2.4955,0.2608	434.1750,2.4955,0.2576	434.6750,2.4955,0.2544	435.1750,2.4955,0.2512	435.6750,2.4955,0.2480	436.1750,2.4955,0.2448	436.6750,2.4955,0.2416	437.1750,2.4955,0.2384	437.6750,2.4955,0.2352	438.1750,2.4955,0.2320	438.6750,2.4955,0.2288	439.1750,2.4955,0.2256	439.6750,2.4955,0.2224	440.1750,2.4955,0.2192	440.6750,2.4955,0.2160	441.1750,2.4955,0.2128	441.6750,2.4955,0.2096	442.1750,2.4955,0.2064	442.6750,2.4955,0.2031	443.1750,2.4955,0.1999	443.6750,2.4955,0.1967	444.1750,2.4955,0.1935	444.6750,2.4955,0.1903	445.1750,2.4955,0.1871	445.6750,2.4955,0.1839	446.1750,2.4955,0.1807	446.6750,2.4955,0.1775	447.0250,2.4955,0.1753	447.0250,2.4955,0.3133	446.6750,2.4955,0.3155	446.1750,2.4955,0.3187	445.6750,2.4955,0.3219	445.1750,2.4955,0.3251	444.6750,2.4955,0.3283	444.1750,2.4955,0.3315	443.6750,2.4955,0.3347	443.1750,2.4955,0.3379	442.6750,2.4955,0.3411	442.1750,2.4955,0.3444	441.6750,2.4955,0.3476	441.1750,2.4955,0.3508	440.6750,2.4955,0.3540	440.1750,2.4955,0.3572	439.6750,2.4955,0.3604	439.1750,2.4955,0.3636	438.6750,2.4955,0.3668	438.1750,2.4955,0.3700	437.6750,2.4955,0.3732	437.1750,2.4955,0.3764	436.6750,2.4955,0.3796	436.1750,2.4955,0.3828	435.6750,2.4955,0.3860	435.1750,2.4955,0.3892	434.6750,2.4955,0.3924
1259	塗替塗装-801	塗替塗装						主桁（下山形鋼）	x 431.59〜449.11 G1	塗替塗装範囲詳細図		DWG の図から（測量前）	塗替塗装 x 431.59〜449.11 主桁（下山形鋼） G1	ext_poly	56	434.1750,2.3455,-1.0904	433.6750,2.3455,-1.0872	433.6750,2.3455,-1.0992	434.1750,2.3455,-1.1024	434.6750,2.3455,-1.1056	435.1750,2.3455,-1.1088	435.6750,2.3455,-1.1120	436.1750,2.3455,-1.1152	436.6750,2.3455,-1.1184	437.1750,2.3455,-1.1216	437.6750,2.3455,-1.1248	438.1750,2.3455,-1.1280	438.6750,2.3455,-1.1312	439.1750,2.3455,-1.1344	439.6750,2.3455,-1.1376	440.1750,2.3455,-1.1408	440.6750,2.3455,-1.1440	441.1750,2.3455,-1.1472	441.6750,2.3455,-1.1504	442.1750,2.3455,-1.1536	442.6750,2.3455,-1.1569	443.1750,2.3455,-1.1601	443.6750,2.3455,-1.1633	444.1750,2.3455,-1.1665	444.6750,2.3455,-1.1697	445.1750,2.3455,-1.1729	445.6750,2.3455,-1.1761	446.1750,2.3455,-1.1793	446.6750,2.3455,-1.1825	447.0250,2.3455,-1.1847	447.0250,2.3455,-1.1727	446.6750,2.3455,-1.1705	446.1750,2.3455,-1.1673	445.6750,2.3455,-1.1641	445.1750,2.3455,-1.1609	444.6750,2.3455,-1.1577	444.1750,2.3455,-1.1545	443.6750,2.3455,-1.1513	443.1750,2.3455,-1.1481	442.6750,2.3455,-1.1449	442.1750,2.3455,-1.1416	441.6750,2.3455,-1.1384	441.1750,2.3455,-1.1352	440.6750,2.3455,-1.1320	440.1750,2.3455,-1.1288	439.6750,2.3455,-1.1256	439.1750,2.3455,-1.1224	438.6750,2.3455,-1.1192	438.1750,2.3455,-1.1160	437.6750,2.3455,-1.1128	437.1750,2.3455,-1.1096	436.6750,2.3455,-1.1064	436.1750,2.3455,-1.1032	435.6750,2.3455,-1.1000	435.1750,2.3455,-1.0968	434.6750,2.3455,-1.0936	434.1750,2.4955,-1.0904	433.6750,2.4955,-1.0872	433.6750,2.4955,-1.0992	434.1750,2.4955,-1.1024	434.6750,2.4955,-1.1056	435.1750,2.4955,-1.1088	435.6750,2.4955,-1.1120	436.1750,2.4955,-1.1152	436.6750,2.4955,-1.1184	437.1750,2.4955,-1.1216	437.6750,2.4955,-1.1248	438.1750,2.4955,-1.1280	438.6750,2.4955,-1.1312	439.1750,2.4955,-1.1344	439.6750,2.4955,-1.1376	440.1750,2.4955,-1.1408	440.6750,2.4955,-1.1440	441.1750,2.4955,-1.1472	441.6750,2.4955,-1.1504	442.1750,2.4955,-1.1536	442.6750,2.4955,-1.1569	443.1750,2.4955,-1.1601	443.6750,2.4955,-1.1633	444.1750,2.4955,-1.1665	444.6750,2.4955,-1.1697	445.1750,2.4955,-1.1729	445.6750,2.4955,-1.1761	446.1750,2.4955,-1.1793	446.6750,2.4955,-1.1825	447.0250,2.4955,-1.1847	447.0250,2.4955,-1.1727	446.6750,2.4955,-1.1705	446.1750,2.4955,-1.1673	445.6750,2.4955,-1.1641	445.1750,2.4955,-1.1609	444.6750,2.4955,-1.1577	444.1750,2.4955,-1.1545	443.6750,2.4955,-1.1513	443.1750,2.4955,-1.1481	442.6750,2.4955,-1.1449	442.1750,2.4955,-1.1416	441.6750,2.4955,-1.1384	441.1750,2.4955,-1.1352	440.6750,2.4955,-1.1320	440.1750,2.4955,-1.1288	439.6750,2.4955,-1.1256	439.1750,2.4955,-1.1224	438.6750,2.4955,-1.1192	438.1750,2.4955,-1.1160	437.6750,2.4955,-1.1128	437.1750,2.4955,-1.1096	436.6750,2.4955,-1.1064	436.1750,2.4955,-1.1032	435.6750,2.4955,-1.1000	435.1750,2.4955,-1.0968	434.6750,2.4955,-1.0936
1260	塗替塗装-802	塗替塗装						主桁（下山形鋼）	x 431.59〜449.11 G1	塗替塗装範囲詳細図		DWG の図から（測量前）	塗替塗装 x 431.59〜449.11 主桁（下山形鋼） G1	ext_poly	56	434.1750,2.4835,-0.9524	433.6750,2.4835,-0.9492	433.6750,2.4835,-1.0872	434.1750,2.4835,-1.0904	434.6750,2.4835,-1.0936	435.1750,2.4835,-1.0968	435.6750,2.4835,-1.1000	436.1750,2.4835,-1.1032	436.6750,2.4835,-1.1064	437.1750,2.4835,-1.1096	437.6750,2.4835,-1.1128	438.1750,2.4835,-1.1160	438.6750,2.4835,-1.1192	439.1750,2.4835,-1.1224	439.6750,2.4835,-1.1256	440.1750,2.4835,-1.1288	440.6750,2.4835,-1.1320	441.1750,2.4835,-1.1352	441.6750,2.4835,-1.1384	442.1750,2.4835,-1.1416	442.6750,2.4835,-1.1449	443.1750,2.4835,-1.1481	443.6750,2.4835,-1.1513	444.1750,2.4835,-1.1545	444.6750,2.4835,-1.1577	445.1750,2.4835,-1.1609	445.6750,2.4835,-1.1641	446.1750,2.4835,-1.1673	446.6750,2.4835,-1.1705	447.0250,2.4835,-1.1727	447.0250,2.4835,-1.0347	446.6750,2.4835,-1.0325	446.1750,2.4835,-1.0293	445.6750,2.4835,-1.0261	445.1750,2.4835,-1.0229	444.6750,2.4835,-1.0197	444.1750,2.4835,-1.0165	443.6750,2.4835,-1.0133	443.1750,2.4835,-1.0101	442.6750,2.4835,-1.0069	442.1750,2.4835,-1.0036	441.6750,2.4835,-1.0004	441.1750,2.4835,-0.9972	440.6750,2.4835,-0.9940	440.1750,2.4835,-0.9908	439.6750,2.4835,-0.9876	439.1750,2.4835,-0.9844	438.6750,2.4835,-0.9812	438.1750,2.4835,-0.9780	437.6750,2.4835,-0.9748	437.1750,2.4835,-0.9716	436.6750,2.4835,-0.9684	436.1750,2.4835,-0.9652	435.6750,2.4835,-0.9620	435.1750,2.4835,-0.9588	434.6750,2.4835,-0.9556	434.1750,2.4955,-0.9524	433.6750,2.4955,-0.9492	433.6750,2.4955,-1.0872	434.1750,2.4955,-1.0904	434.6750,2.4955,-1.0936	435.1750,2.4955,-1.0968	435.6750,2.4955,-1.1000	436.1750,2.4955,-1.1032	436.6750,2.4955,-1.1064	437.1750,2.4955,-1.1096	437.6750,2.4955,-1.1128	438.1750,2.4955,-1.1160	438.6750,2.4955,-1.1192	439.1750,2.4955,-1.1224	439.6750,2.4955,-1.1256	440.1750,2.4955,-1.1288	440.6750,2.4955,-1.1320	441.1750,2.4955,-1.1352	441.6750,2.4955,-1.1384	442.1750,2.4955,-1.1416	442.6750,2.4955,-1.1449	443.1750,2.4955,-1.1481	443.6750,2.4955,-1.1513	444.1750,2.4955,-1.1545	444.6750,2.4955,-1.1577	445.1750,2.4955,-1.1609	445.6750,2.4955,-1.1641	446.1750,2.4955,-1.1673	446.6750,2.4955,-1.1705	447.0250,2.4955,-1.1727	447.0250,2.4955,-1.0347	446.6750,2.4955,-1.0325	446.1750,2.4955,-1.0293	445.6750,2.4955,-1.0261	445.1750,2.4955,-1.0229	444.6750,2.4955,-1.0197	444.1750,2.4955,-1.0165	443.6750,2.4955,-1.0133	443.1750,2.4955,-1.0101	442.6750,2.4955,-1.0069	442.1750,2.4955,-1.0036	441.6750,2.4955,-1.0004	441.1750,2.4955,-0.9972	440.6750,2.4955,-0.9940	440.1750,2.4955,-0.9908	439.6750,2.4955,-0.9876	439.1750,2.4955,-0.9844	438.6750,2.4955,-0.9812	438.1750,2.4955,-0.9780	437.6750,2.4955,-0.9748	437.1750,2.4955,-0.9716	436.6750,2.4955,-0.9684	436.1750,2.4955,-0.9652	435.6750,2.4955,-0.9620	435.1750,2.4955,-0.9588	434.6750,2.4955,-0.9556
1261	塗替塗装-803	塗替塗装						主桁（腹板）	x 431.59〜449.11 G2	塗替塗装範囲詳細図		DWG の図から（測量前）	塗替塗装 x 431.59〜449.11 主桁（腹板） G2	ext_poly	56	434.1750,-2.5045,0.4076	433.6750,-2.5045,0.4108	433.6750,-2.5045,-1.0992	434.1750,-2.5045,-1.1024	434.6750,-2.5045,-1.1056	435.1750,-2.5045,-1.1088	435.6750,-2.5045,-1.1120	436.1750,-2.5045,-1.1152	436.6750,-2.5045,-1.1184	437.1750,-2.5045,-1.1216	437.6750,-2.5045,-1.1248	438.1750,-2.5045,-1.1280	438.6750,-2.5045,-1.1312	439.1750,-2.5045,-1.1344	439.6750,-2.5045,-1.1376	440.1750,-2.5045,-1.1408	440.6750,-2.5045,-1.1440	441.1750,-2.5045,-1.1472	441.6750,-2.5045,-1.1504	442.1750,-2.5045,-1.1536	442.6750,-2.5045,-1.1569	443.1750,-2.5045,-1.1601	443.6750,-2.5045,-1.1633	444.1750,-2.5045,-1.1665	444.6750,-2.5045,-1.1697	445.1750,-2.5045,-1.1729	445.6750,-2.5045,-1.1761	446.1750,-2.5045,-1.1793	446.6750,-2.5045,-1.1825	447.0250,-2.5045,-1.1847	447.0250,-2.5045,0.3253	446.6750,-2.5045,0.3275	446.1750,-2.5045,0.3307	445.6750,-2.5045,0.3339	445.1750,-2.5045,0.3371	444.6750,-2.5045,0.3403	444.1750,-2.5045,0.3435	443.6750,-2.5045,0.3467	443.1750,-2.5045,0.3499	442.6750,-2.5045,0.3531	442.1750,-2.5045,0.3564	441.6750,-2.5045,0.3596	441.1750,-2.5045,0.3628	440.6750,-2.5045,0.3660	440.1750,-2.5045,0.3692	439.6750,-2.5045,0.3724	439.1750,-2.5045,0.3756	438.6750,-2.5045,0.3788	438.1750,-2.5045,0.3820	437.6750,-2.5045,0.3852	437.1750,-2.5045,0.3884	436.6750,-2.5045,0.3916	436.1750,-2.5045,0.3948	435.6750,-2.5045,0.3980	435.1750,-2.5045,0.4012	434.6750,-2.5045,0.4044	434.1750,-2.4955,0.4076	433.6750,-2.4955,0.4108	433.6750,-2.4955,-1.0992	434.1750,-2.4955,-1.1024	434.6750,-2.4955,-1.1056	435.1750,-2.4955,-1.1088	435.6750,-2.4955,-1.1120	436.1750,-2.4955,-1.1152	436.6750,-2.4955,-1.1184	437.1750,-2.4955,-1.1216	437.6750,-2.4955,-1.1248	438.1750,-2.4955,-1.1280	438.6750,-2.4955,-1.1312	439.1750,-2.4955,-1.1344	439.6750,-2.4955,-1.1376	440.1750,-2.4955,-1.1408	440.6750,-2.4955,-1.1440	441.1750,-2.4955,-1.1472	441.6750,-2.4955,-1.1504	442.1750,-2.4955,-1.1536	442.6750,-2.4955,-1.1569	443.1750,-2.4955,-1.1601	443.6750,-2.4955,-1.1633	444.1750,-2.4955,-1.1665	444.6750,-2.4955,-1.1697	445.1750,-2.4955,-1.1729	445.6750,-2.4955,-1.1761	446.1750,-2.4955,-1.1793	446.6750,-2.4955,-1.1825	447.0250,-2.4955,-1.1847	447.0250,-2.4955,0.3253	446.6750,-2.4955,0.3275	446.1750,-2.4955,0.3307	445.6750,-2.4955,0.3339	445.1750,-2.4955,0.3371	444.6750,-2.4955,0.3403	444.1750,-2.4955,0.3435	443.6750,-2.4955,0.3467	443.1750,-2.4955,0.3499	442.6750,-2.4955,0.3531	442.1750,-2.4955,0.3564	441.6750,-2.4955,0.3596	441.1750,-2.4955,0.3628	440.6750,-2.4955,0.3660	440.1750,-2.4955,0.3692	439.6750,-2.4955,0.3724	439.1750,-2.4955,0.3756	438.6750,-2.4955,0.3788	438.1750,-2.4955,0.3820	437.6750,-2.4955,0.3852	437.1750,-2.4955,0.3884	436.6750,-2.4955,0.3916	436.1750,-2.4955,0.3948	435.6750,-2.4955,0.3980	435.1750,-2.4955,0.4012	434.6750,-2.4955,0.4044
1262	塗替塗装-804	塗替塗装						主桁（上山形鋼）	x 431.59〜449.11 G2	塗替塗装範囲詳細図		DWG の図から（測量前）	塗替塗装 x 431.59〜449.11 主桁（上山形鋼） G2	ext_poly	56	434.1750,-2.4955,0.4076	433.6750,-2.4955,0.4108	433.6750,-2.4955,0.3988	434.1750,-2.4955,0.3956	434.6750,-2.4955,0.3924	435.1750,-2.4955,0.3892	435.6750,-2.4955,0.3860	436.1750,-2.4955,0.3828	436.6750,-2.4955,0.3796	437.1750,-2.4955,0.3764	437.6750,-2.4955,0.3732	438.1750,-2.4955,0.3700	438.6750,-2.4955,0.3668	439.1750,-2.4955,0.3636	439.6750,-2.4955,0.3604	440.1750,-2.4955,0.3572	440.6750,-2.4955,0.3540	441.1750,-2.4955,0.3508	441.6750,-2.4955,0.3476	442.1750,-2.4955,0.3444	442.6750,-2.4955,0.3411	443.1750,-2.4955,0.3379	443.6750,-2.4955,0.3347	444.1750,-2.4955,0.3315	444.6750,-2.4955,0.3283	445.1750,-2.4955,0.3251	445.6750,-2.4955,0.3219	446.1750,-2.4955,0.3187	446.6750,-2.4955,0.3155	447.0250,-2.4955,0.3133	447.0250,-2.4955,0.3253	446.6750,-2.4955,0.3275	446.1750,-2.4955,0.3307	445.6750,-2.4955,0.3339	445.1750,-2.4955,0.3371	444.6750,-2.4955,0.3403	444.1750,-2.4955,0.3435	443.6750,-2.4955,0.3467	443.1750,-2.4955,0.3499	442.6750,-2.4955,0.3531	442.1750,-2.4955,0.3564	441.6750,-2.4955,0.3596	441.1750,-2.4955,0.3628	440.6750,-2.4955,0.3660	440.1750,-2.4955,0.3692	439.6750,-2.4955,0.3724	439.1750,-2.4955,0.3756	438.6750,-2.4955,0.3788	438.1750,-2.4955,0.3820	437.6750,-2.4955,0.3852	437.1750,-2.4955,0.3884	436.6750,-2.4955,0.3916	436.1750,-2.4955,0.3948	435.6750,-2.4955,0.3980	435.1750,-2.4955,0.4012	434.6750,-2.4955,0.4044	434.1750,-2.3455,0.4076	433.6750,-2.3455,0.4108	433.6750,-2.3455,0.3988	434.1750,-2.3455,0.3956	434.6750,-2.3455,0.3924	435.1750,-2.3455,0.3892	435.6750,-2.3455,0.3860	436.1750,-2.3455,0.3828	436.6750,-2.3455,0.3796	437.1750,-2.3455,0.3764	437.6750,-2.3455,0.3732	438.1750,-2.3455,0.3700	438.6750,-2.3455,0.3668	439.1750,-2.3455,0.3636	439.6750,-2.3455,0.3604	440.1750,-2.3455,0.3572	440.6750,-2.3455,0.3540	441.1750,-2.3455,0.3508	441.6750,-2.3455,0.3476	442.1750,-2.3455,0.3444	442.6750,-2.3455,0.3411	443.1750,-2.3455,0.3379	443.6750,-2.3455,0.3347	444.1750,-2.3455,0.3315	444.6750,-2.3455,0.3283	445.1750,-2.3455,0.3251	445.6750,-2.3455,0.3219	446.1750,-2.3455,0.3187	446.6750,-2.3455,0.3155	447.0250,-2.3455,0.3133	447.0250,-2.3455,0.3253	446.6750,-2.3455,0.3275	446.1750,-2.3455,0.3307	445.6750,-2.3455,0.3339	445.1750,-2.3455,0.3371	444.6750,-2.3455,0.3403	444.1750,-2.3455,0.3435	443.6750,-2.3455,0.3467	443.1750,-2.3455,0.3499	442.6750,-2.3455,0.3531	442.1750,-2.3455,0.3564	441.6750,-2.3455,0.3596	441.1750,-2.3455,0.3628	440.6750,-2.3455,0.3660	440.1750,-2.3455,0.3692	439.6750,-2.3455,0.3724	439.1750,-2.3455,0.3756	438.6750,-2.3455,0.3788	438.1750,-2.3455,0.3820	437.6750,-2.3455,0.3852	437.1750,-2.3455,0.3884	436.6750,-2.3455,0.3916	436.1750,-2.3455,0.3948	435.6750,-2.3455,0.3980	435.1750,-2.3455,0.4012	434.6750,-2.3455,0.4044
1263	塗替塗装-805	塗替塗装						主桁（上山形鋼）	x 431.59〜449.11 G2	塗替塗装範囲詳細図		DWG の図から（測量前）	塗替塗装 x 431.59〜449.11 主桁（上山形鋼） G2	ext_poly	56	434.1750,-2.4955,0.3956	433.6750,-2.4955,0.3988	433.6750,-2.4955,0.2608	434.1750,-2.4955,0.2576	434.6750,-2.4955,0.2544	435.1750,-2.4955,0.2512	435.6750,-2.4955,0.2480	436.1750,-2.4955,0.2448	436.6750,-2.4955,0.2416	437.1750,-2.4955,0.2384	437.6750,-2.4955,0.2352	438.1750,-2.4955,0.2320	438.6750,-2.4955,0.2288	439.1750,-2.4955,0.2256	439.6750,-2.4955,0.2224	440.1750,-2.4955,0.2192	440.6750,-2.4955,0.2160	441.1750,-2.4955,0.2128	441.6750,-2.4955,0.2096	442.1750,-2.4955,0.2064	442.6750,-2.4955,0.2031	443.1750,-2.4955,0.1999	443.6750,-2.4955,0.1967	444.1750,-2.4955,0.1935	444.6750,-2.4955,0.1903	445.1750,-2.4955,0.1871	445.6750,-2.4955,0.1839	446.1750,-2.4955,0.1807	446.6750,-2.4955,0.1775	447.0250,-2.4955,0.1753	447.0250,-2.4955,0.3133	446.6750,-2.4955,0.3155	446.1750,-2.4955,0.3187	445.6750,-2.4955,0.3219	445.1750,-2.4955,0.3251	444.6750,-2.4955,0.3283	444.1750,-2.4955,0.3315	443.6750,-2.4955,0.3347	443.1750,-2.4955,0.3379	442.6750,-2.4955,0.3411	442.1750,-2.4955,0.3444	441.6750,-2.4955,0.3476	441.1750,-2.4955,0.3508	440.6750,-2.4955,0.3540	440.1750,-2.4955,0.3572	439.6750,-2.4955,0.3604	439.1750,-2.4955,0.3636	438.6750,-2.4955,0.3668	438.1750,-2.4955,0.3700	437.6750,-2.4955,0.3732	437.1750,-2.4955,0.3764	436.6750,-2.4955,0.3796	436.1750,-2.4955,0.3828	435.6750,-2.4955,0.3860	435.1750,-2.4955,0.3892	434.6750,-2.4955,0.3924	434.1750,-2.4835,0.3956	433.6750,-2.4835,0.3988	433.6750,-2.4835,0.2608	434.1750,-2.4835,0.2576	434.6750,-2.4835,0.2544	435.1750,-2.4835,0.2512	435.6750,-2.4835,0.2480	436.1750,-2.4835,0.2448	436.6750,-2.4835,0.2416	437.1750,-2.4835,0.2384	437.6750,-2.4835,0.2352	438.1750,-2.4835,0.2320	438.6750,-2.4835,0.2288	439.1750,-2.4835,0.2256	439.6750,-2.4835,0.2224	440.1750,-2.4835,0.2192	440.6750,-2.4835,0.2160	441.1750,-2.4835,0.2128	441.6750,-2.4835,0.2096	442.1750,-2.4835,0.2064	442.6750,-2.4835,0.2031	443.1750,-2.4835,0.1999	443.6750,-2.4835,0.1967	444.1750,-2.4835,0.1935	444.6750,-2.4835,0.1903	445.1750,-2.4835,0.1871	445.6750,-2.4835,0.1839	446.1750,-2.4835,0.1807	446.6750,-2.4835,0.1775	447.0250,-2.4835,0.1753	447.0250,-2.4835,0.3133	446.6750,-2.4835,0.3155	446.1750,-2.4835,0.3187	445.6750,-2.4835,0.3219	445.1750,-2.4835,0.3251	444.6750,-2.4835,0.3283	444.1750,-2.4835,0.3315	443.6750,-2.4835,0.3347	443.1750,-2.4835,0.3379	442.6750,-2.4835,0.3411	442.1750,-2.4835,0.3444	441.6750,-2.4835,0.3476	441.1750,-2.4835,0.3508	440.6750,-2.4835,0.3540	440.1750,-2.4835,0.3572	439.6750,-2.4835,0.3604	439.1750,-2.4835,0.3636	438.6750,-2.4835,0.3668	438.1750,-2.4835,0.3700	437.6750,-2.4835,0.3732	437.1750,-2.4835,0.3764	436.6750,-2.4835,0.3796	436.1750,-2.4835,0.3828	435.6750,-2.4835,0.3860	435.1750,-2.4835,0.3892	434.6750,-2.4835,0.3924
1264	塗替塗装-806	塗替塗装						主桁（下山形鋼）	x 431.59〜449.11 G2	塗替塗装範囲詳細図		DWG の図から（測量前）	塗替塗装 x 431.59〜449.11 主桁（下山形鋼） G2	ext_poly	56	434.1750,-2.4955,-1.0904	433.6750,-2.4955,-1.0872	433.6750,-2.4955,-1.0992	434.1750,-2.4955,-1.1024	434.6750,-2.4955,-1.1056	435.1750,-2.4955,-1.1088	435.6750,-2.4955,-1.1120	436.1750,-2.4955,-1.1152	436.6750,-2.4955,-1.1184	437.1750,-2.4955,-1.1216	437.6750,-2.4955,-1.1248	438.1750,-2.4955,-1.1280	438.6750,-2.4955,-1.1312	439.1750,-2.4955,-1.1344	439.6750,-2.4955,-1.1376	440.1750,-2.4955,-1.1408	440.6750,-2.4955,-1.1440	441.1750,-2.4955,-1.1472	441.6750,-2.4955,-1.1504	442.1750,-2.4955,-1.1536	442.6750,-2.4955,-1.1569	443.1750,-2.4955,-1.1601	443.6750,-2.4955,-1.1633	444.1750,-2.4955,-1.1665	444.6750,-2.4955,-1.1697	445.1750,-2.4955,-1.1729	445.6750,-2.4955,-1.1761	446.1750,-2.4955,-1.1793	446.6750,-2.4955,-1.1825	447.0250,-2.4955,-1.1847	447.0250,-2.4955,-1.1727	446.6750,-2.4955,-1.1705	446.1750,-2.4955,-1.1673	445.6750,-2.4955,-1.1641	445.1750,-2.4955,-1.1609	444.6750,-2.4955,-1.1577	444.1750,-2.4955,-1.1545	443.6750,-2.4955,-1.1513	443.1750,-2.4955,-1.1481	442.6750,-2.4955,-1.1449	442.1750,-2.4955,-1.1416	441.6750,-2.4955,-1.1384	441.1750,-2.4955,-1.1352	440.6750,-2.4955,-1.1320	440.1750,-2.4955,-1.1288	439.6750,-2.4955,-1.1256	439.1750,-2.4955,-1.1224	438.6750,-2.4955,-1.1192	438.1750,-2.4955,-1.1160	437.6750,-2.4955,-1.1128	437.1750,-2.4955,-1.1096	436.6750,-2.4955,-1.1064	436.1750,-2.4955,-1.1032	435.6750,-2.4955,-1.1000	435.1750,-2.4955,-1.0968	434.6750,-2.4955,-1.0936	434.1750,-2.3455,-1.0904	433.6750,-2.3455,-1.0872	433.6750,-2.3455,-1.0992	434.1750,-2.3455,-1.1024	434.6750,-2.3455,-1.1056	435.1750,-2.3455,-1.1088	435.6750,-2.3455,-1.1120	436.1750,-2.3455,-1.1152	436.6750,-2.3455,-1.1184	437.1750,-2.3455,-1.1216	437.6750,-2.3455,-1.1248	438.1750,-2.3455,-1.1280	438.6750,-2.3455,-1.1312	439.1750,-2.3455,-1.1344	439.6750,-2.3455,-1.1376	440.1750,-2.3455,-1.1408	440.6750,-2.3455,-1.1440	441.1750,-2.3455,-1.1472	441.6750,-2.3455,-1.1504	442.1750,-2.3455,-1.1536	442.6750,-2.3455,-1.1569	443.1750,-2.3455,-1.1601	443.6750,-2.3455,-1.1633	444.1750,-2.3455,-1.1665	444.6750,-2.3455,-1.1697	445.1750,-2.3455,-1.1729	445.6750,-2.3455,-1.1761	446.1750,-2.3455,-1.1793	446.6750,-2.3455,-1.1825	447.0250,-2.3455,-1.1847	447.0250,-2.3455,-1.1727	446.6750,-2.3455,-1.1705	446.1750,-2.3455,-1.1673	445.6750,-2.3455,-1.1641	445.1750,-2.3455,-1.1609	444.6750,-2.3455,-1.1577	444.1750,-2.3455,-1.1545	443.6750,-2.3455,-1.1513	443.1750,-2.3455,-1.1481	442.6750,-2.3455,-1.1449	442.1750,-2.3455,-1.1416	441.6750,-2.3455,-1.1384	441.1750,-2.3455,-1.1352	440.6750,-2.3455,-1.1320	440.1750,-2.3455,-1.1288	439.6750,-2.3455,-1.1256	439.1750,-2.3455,-1.1224	438.6750,-2.3455,-1.1192	438.1750,-2.3455,-1.1160	437.6750,-2.3455,-1.1128	437.1750,-2.3455,-1.1096	436.6750,-2.3455,-1.1064	436.1750,-2.3455,-1.1032	435.6750,-2.3455,-1.1000	435.1750,-2.3455,-1.0968	434.6750,-2.3455,-1.0936
1265	塗替塗装-807	塗替塗装						主桁（下山形鋼）	x 431.59〜449.11 G2	塗替塗装範囲詳細図		DWG の図から（測量前）	塗替塗装 x 431.59〜449.11 主桁（下山形鋼） G2	ext_poly	56	434.1750,-2.4955,-0.9524	433.6750,-2.4955,-0.9492	433.6750,-2.4955,-1.0872	434.1750,-2.4955,-1.0904	434.6750,-2.4955,-1.0936	435.1750,-2.4955,-1.0968	435.6750,-2.4955,-1.1000	436.1750,-2.4955,-1.1032	436.6750,-2.4955,-1.1064	437.1750,-2.4955,-1.1096	437.6750,-2.4955,-1.1128	438.1750,-2.4955,-1.1160	438.6750,-2.4955,-1.1192	439.1750,-2.4955,-1.1224	439.6750,-2.4955,-1.1256	440.1750,-2.4955,-1.1288	440.6750,-2.4955,-1.1320	441.1750,-2.4955,-1.1352	441.6750,-2.4955,-1.1384	442.1750,-2.4955,-1.1416	442.6750,-2.4955,-1.1449	443.1750,-2.4955,-1.1481	443.6750,-2.4955,-1.1513	444.1750,-2.4955,-1.1545	444.6750,-2.4955,-1.1577	445.1750,-2.4955,-1.1609	445.6750,-2.4955,-1.1641	446.1750,-2.4955,-1.1673	446.6750,-2.4955,-1.1705	447.0250,-2.4955,-1.1727	447.0250,-2.4955,-1.0347	446.6750,-2.4955,-1.0325	446.1750,-2.4955,-1.0293	445.6750,-2.4955,-1.0261	445.1750,-2.4955,-1.0229	444.6750,-2.4955,-1.0197	444.1750,-2.4955,-1.0165	443.6750,-2.4955,-1.0133	443.1750,-2.4955,-1.0101	442.6750,-2.4955,-1.0069	442.1750,-2.4955,-1.0036	441.6750,-2.4955,-1.0004	441.1750,-2.4955,-0.9972	440.6750,-2.4955,-0.9940	440.1750,-2.4955,-0.9908	439.6750,-2.4955,-0.9876	439.1750,-2.4955,-0.9844	438.6750,-2.4955,-0.9812	438.1750,-2.4955,-0.9780	437.6750,-2.4955,-0.9748	437.1750,-2.4955,-0.9716	436.6750,-2.4955,-0.9684	436.1750,-2.4955,-0.9652	435.6750,-2.4955,-0.9620	435.1750,-2.4955,-0.9588	434.6750,-2.4955,-0.9556	434.1750,-2.4835,-0.9524	433.6750,-2.4835,-0.9492	433.6750,-2.4835,-1.0872	434.1750,-2.4835,-1.0904	434.6750,-2.4835,-1.0936	435.1750,-2.4835,-1.0968	435.6750,-2.4835,-1.1000	436.1750,-2.4835,-1.1032	436.6750,-2.4835,-1.1064	437.1750,-2.4835,-1.1096	437.6750,-2.4835,-1.1128	438.1750,-2.4835,-1.1160	438.6750,-2.4835,-1.1192	439.1750,-2.4835,-1.1224	439.6750,-2.4835,-1.1256	440.1750,-2.4835,-1.1288	440.6750,-2.4835,-1.1320	441.1750,-2.4835,-1.1352	441.6750,-2.4835,-1.1384	442.1750,-2.4835,-1.1416	442.6750,-2.4835,-1.1449	443.1750,-2.4835,-1.1481	443.6750,-2.4835,-1.1513	444.1750,-2.4835,-1.1545	444.6750,-2.4835,-1.1577	445.1750,-2.4835,-1.1609	445.6750,-2.4835,-1.1641	446.1750,-2.4835,-1.1673	446.6750,-2.4835,-1.1705	447.0250,-2.4835,-1.1727	447.0250,-2.4835,-1.0347	446.6750,-2.4835,-1.0325	446.1750,-2.4835,-1.0293	445.6750,-2.4835,-1.0261	445.1750,-2.4835,-1.0229	444.6750,-2.4835,-1.0197	444.1750,-2.4835,-1.0165	443.6750,-2.4835,-1.0133	443.1750,-2.4835,-1.0101	442.6750,-2.4835,-1.0069	442.1750,-2.4835,-1.0036	441.6750,-2.4835,-1.0004	441.1750,-2.4835,-0.9972	440.6750,-2.4835,-0.9940	440.1750,-2.4835,-0.9908	439.6750,-2.4835,-0.9876	439.1750,-2.4835,-0.9844	438.6750,-2.4835,-0.9812	438.1750,-2.4835,-0.9780	437.6750,-2.4835,-0.9748	437.1750,-2.4835,-0.9716	436.6750,-2.4835,-0.9684	436.1750,-2.4835,-0.9652	435.6750,-2.4835,-0.9620	435.1750,-2.4835,-0.9588	434.6750,-2.4835,-0.9556
1266	塗替塗装-808	塗替塗装						主桁（上山形鋼）	x 431.59〜449.11 G2	塗替塗装範囲詳細図		DWG の図から（測量前）	塗替塗装 x 431.59〜449.11 主桁（上山形鋼） G2	ext_poly	56	434.1750,-2.6545,0.4076	433.6750,-2.6545,0.4108	433.6750,-2.6545,0.3988	434.1750,-2.6545,0.3956	434.6750,-2.6545,0.3924	435.1750,-2.6545,0.3892	435.6750,-2.6545,0.3860	436.1750,-2.6545,0.3828	436.6750,-2.6545,0.3796	437.1750,-2.6545,0.3764	437.6750,-2.6545,0.3732	438.1750,-2.6545,0.3700	438.6750,-2.6545,0.3668	439.1750,-2.6545,0.3636	439.6750,-2.6545,0.3604	440.1750,-2.6545,0.3572	440.6750,-2.6545,0.3540	441.1750,-2.6545,0.3508	441.6750,-2.6545,0.3476	442.1750,-2.6545,0.3444	442.6750,-2.6545,0.3411	443.1750,-2.6545,0.3379	443.6750,-2.6545,0.3347	444.1750,-2.6545,0.3315	444.6750,-2.6545,0.3283	445.1750,-2.6545,0.3251	445.6750,-2.6545,0.3219	446.1750,-2.6545,0.3187	446.6750,-2.6545,0.3155	447.0250,-2.6545,0.3133	447.0250,-2.6545,0.3253	446.6750,-2.6545,0.3275	446.1750,-2.6545,0.3307	445.6750,-2.6545,0.3339	445.1750,-2.6545,0.3371	444.6750,-2.6545,0.3403	444.1750,-2.6545,0.3435	443.6750,-2.6545,0.3467	443.1750,-2.6545,0.3499	442.6750,-2.6545,0.3531	442.1750,-2.6545,0.3564	441.6750,-2.6545,0.3596	441.1750,-2.6545,0.3628	440.6750,-2.6545,0.3660	440.1750,-2.6545,0.3692	439.6750,-2.6545,0.3724	439.1750,-2.6545,0.3756	438.6750,-2.6545,0.3788	438.1750,-2.6545,0.3820	437.6750,-2.6545,0.3852	437.1750,-2.6545,0.3884	436.6750,-2.6545,0.3916	436.1750,-2.6545,0.3948	435.6750,-2.6545,0.3980	435.1750,-2.6545,0.4012	434.6750,-2.6545,0.4044	434.1750,-2.5045,0.4076	433.6750,-2.5045,0.4108	433.6750,-2.5045,0.3988	434.1750,-2.5045,0.3956	434.6750,-2.5045,0.3924	435.1750,-2.5045,0.3892	435.6750,-2.5045,0.3860	436.1750,-2.5045,0.3828	436.6750,-2.5045,0.3796	437.1750,-2.5045,0.3764	437.6750,-2.5045,0.3732	438.1750,-2.5045,0.3700	438.6750,-2.5045,0.3668	439.1750,-2.5045,0.3636	439.6750,-2.5045,0.3604	440.1750,-2.5045,0.3572	440.6750,-2.5045,0.3540	441.1750,-2.5045,0.3508	441.6750,-2.5045,0.3476	442.1750,-2.5045,0.3444	442.6750,-2.5045,0.3411	443.1750,-2.5045,0.3379	443.6750,-2.5045,0.3347	444.1750,-2.5045,0.3315	444.6750,-2.5045,0.3283	445.1750,-2.5045,0.3251	445.6750,-2.5045,0.3219	446.1750,-2.5045,0.3187	446.6750,-2.5045,0.3155	447.0250,-2.5045,0.3133	447.0250,-2.5045,0.3253	446.6750,-2.5045,0.3275	446.1750,-2.5045,0.3307	445.6750,-2.5045,0.3339	445.1750,-2.5045,0.3371	444.6750,-2.5045,0.3403	444.1750,-2.5045,0.3435	443.6750,-2.5045,0.3467	443.1750,-2.5045,0.3499	442.6750,-2.5045,0.3531	442.1750,-2.5045,0.3564	441.6750,-2.5045,0.3596	441.1750,-2.5045,0.3628	440.6750,-2.5045,0.3660	440.1750,-2.5045,0.3692	439.6750,-2.5045,0.3724	439.1750,-2.5045,0.3756	438.6750,-2.5045,0.3788	438.1750,-2.5045,0.3820	437.6750,-2.5045,0.3852	437.1750,-2.5045,0.3884	436.6750,-2.5045,0.3916	436.1750,-2.5045,0.3948	435.6750,-2.5045,0.3980	435.1750,-2.5045,0.4012	434.6750,-2.5045,0.4044
1267	塗替塗装-809	塗替塗装						主桁（上山形鋼）	x 431.59〜449.11 G2	塗替塗装範囲詳細図		DWG の図から（測量前）	塗替塗装 x 431.59〜449.11 主桁（上山形鋼） G2	ext_poly	56	434.1750,-2.5165,0.3956	433.6750,-2.5165,0.3988	433.6750,-2.5165,0.2608	434.1750,-2.5165,0.2576	434.6750,-2.5165,0.2544	435.1750,-2.5165,0.2512	435.6750,-2.5165,0.2480	436.1750,-2.5165,0.2448	436.6750,-2.5165,0.2416	437.1750,-2.5165,0.2384	437.6750,-2.5165,0.2352	438.1750,-2.5165,0.2320	438.6750,-2.5165,0.2288	439.1750,-2.5165,0.2256	439.6750,-2.5165,0.2224	440.1750,-2.5165,0.2192	440.6750,-2.5165,0.2160	441.1750,-2.5165,0.2128	441.6750,-2.5165,0.2096	442.1750,-2.5165,0.2064	442.6750,-2.5165,0.2031	443.1750,-2.5165,0.1999	443.6750,-2.5165,0.1967	444.1750,-2.5165,0.1935	444.6750,-2.5165,0.1903	445.1750,-2.5165,0.1871	445.6750,-2.5165,0.1839	446.1750,-2.5165,0.1807	446.6750,-2.5165,0.1775	447.0250,-2.5165,0.1753	447.0250,-2.5165,0.3133	446.6750,-2.5165,0.3155	446.1750,-2.5165,0.3187	445.6750,-2.5165,0.3219	445.1750,-2.5165,0.3251	444.6750,-2.5165,0.3283	444.1750,-2.5165,0.3315	443.6750,-2.5165,0.3347	443.1750,-2.5165,0.3379	442.6750,-2.5165,0.3411	442.1750,-2.5165,0.3444	441.6750,-2.5165,0.3476	441.1750,-2.5165,0.3508	440.6750,-2.5165,0.3540	440.1750,-2.5165,0.3572	439.6750,-2.5165,0.3604	439.1750,-2.5165,0.3636	438.6750,-2.5165,0.3668	438.1750,-2.5165,0.3700	437.6750,-2.5165,0.3732	437.1750,-2.5165,0.3764	436.6750,-2.5165,0.3796	436.1750,-2.5165,0.3828	435.6750,-2.5165,0.3860	435.1750,-2.5165,0.3892	434.6750,-2.5165,0.3924	434.1750,-2.5045,0.3956	433.6750,-2.5045,0.3988	433.6750,-2.5045,0.2608	434.1750,-2.5045,0.2576	434.6750,-2.5045,0.2544	435.1750,-2.5045,0.2512	435.6750,-2.5045,0.2480	436.1750,-2.5045,0.2448	436.6750,-2.5045,0.2416	437.1750,-2.5045,0.2384	437.6750,-2.5045,0.2352	438.1750,-2.5045,0.2320	438.6750,-2.5045,0.2288	439.1750,-2.5045,0.2256	439.6750,-2.5045,0.2224	440.1750,-2.5045,0.2192	440.6750,-2.5045,0.2160	441.1750,-2.5045,0.2128	441.6750,-2.5045,0.2096	442.1750,-2.5045,0.2064	442.6750,-2.5045,0.2031	443.1750,-2.5045,0.1999	443.6750,-2.5045,0.1967	444.1750,-2.5045,0.1935	444.6750,-2.5045,0.1903	445.1750,-2.5045,0.1871	445.6750,-2.5045,0.1839	446.1750,-2.5045,0.1807	446.6750,-2.5045,0.1775	447.0250,-2.5045,0.1753	447.0250,-2.5045,0.3133	446.6750,-2.5045,0.3155	446.1750,-2.5045,0.3187	445.6750,-2.5045,0.3219	445.1750,-2.5045,0.3251	444.6750,-2.5045,0.3283	444.1750,-2.5045,0.3315	443.6750,-2.5045,0.3347	443.1750,-2.5045,0.3379	442.6750,-2.5045,0.3411	442.1750,-2.5045,0.3444	441.6750,-2.5045,0.3476	441.1750,-2.5045,0.3508	440.6750,-2.5045,0.3540	440.1750,-2.5045,0.3572	439.6750,-2.5045,0.3604	439.1750,-2.5045,0.3636	438.6750,-2.5045,0.3668	438.1750,-2.5045,0.3700	437.6750,-2.5045,0.3732	437.1750,-2.5045,0.3764	436.6750,-2.5045,0.3796	436.1750,-2.5045,0.3828	435.6750,-2.5045,0.3860	435.1750,-2.5045,0.3892	434.6750,-2.5045,0.3924
1268	塗替塗装-810	塗替塗装						主桁（下山形鋼）	x 431.59〜449.11 G2	塗替塗装範囲詳細図		DWG の図から（測量前）	塗替塗装 x 431.59〜449.11 主桁（下山形鋼） G2	ext_poly	56	434.1750,-2.6545,-1.0904	433.6750,-2.6545,-1.0872	433.6750,-2.6545,-1.0992	434.1750,-2.6545,-1.1024	434.6750,-2.6545,-1.1056	435.1750,-2.6545,-1.1088	435.6750,-2.6545,-1.1120	436.1750,-2.6545,-1.1152	436.6750,-2.6545,-1.1184	437.1750,-2.6545,-1.1216	437.6750,-2.6545,-1.1248	438.1750,-2.6545,-1.1280	438.6750,-2.6545,-1.1312	439.1750,-2.6545,-1.1344	439.6750,-2.6545,-1.1376	440.1750,-2.6545,-1.1408	440.6750,-2.6545,-1.1440	441.1750,-2.6545,-1.1472	441.6750,-2.6545,-1.1504	442.1750,-2.6545,-1.1536	442.6750,-2.6545,-1.1569	443.1750,-2.6545,-1.1601	443.6750,-2.6545,-1.1633	444.1750,-2.6545,-1.1665	444.6750,-2.6545,-1.1697	445.1750,-2.6545,-1.1729	445.6750,-2.6545,-1.1761	446.1750,-2.6545,-1.1793	446.6750,-2.6545,-1.1825	447.0250,-2.6545,-1.1847	447.0250,-2.6545,-1.1727	446.6750,-2.6545,-1.1705	446.1750,-2.6545,-1.1673	445.6750,-2.6545,-1.1641	445.1750,-2.6545,-1.1609	444.6750,-2.6545,-1.1577	444.1750,-2.6545,-1.1545	443.6750,-2.6545,-1.1513	443.1750,-2.6545,-1.1481	442.6750,-2.6545,-1.1449	442.1750,-2.6545,-1.1416	441.6750,-2.6545,-1.1384	441.1750,-2.6545,-1.1352	440.6750,-2.6545,-1.1320	440.1750,-2.6545,-1.1288	439.6750,-2.6545,-1.1256	439.1750,-2.6545,-1.1224	438.6750,-2.6545,-1.1192	438.1750,-2.6545,-1.1160	437.6750,-2.6545,-1.1128	437.1750,-2.6545,-1.1096	436.6750,-2.6545,-1.1064	436.1750,-2.6545,-1.1032	435.6750,-2.6545,-1.1000	435.1750,-2.6545,-1.0968	434.6750,-2.6545,-1.0936	434.1750,-2.5045,-1.0904	433.6750,-2.5045,-1.0872	433.6750,-2.5045,-1.0992	434.1750,-2.5045,-1.1024	434.6750,-2.5045,-1.1056	435.1750,-2.5045,-1.1088	435.6750,-2.5045,-1.1120	436.1750,-2.5045,-1.1152	436.6750,-2.5045,-1.1184	437.1750,-2.5045,-1.1216	437.6750,-2.5045,-1.1248	438.1750,-2.5045,-1.1280	438.6750,-2.5045,-1.1312	439.1750,-2.5045,-1.1344	439.6750,-2.5045,-1.1376	440.1750,-2.5045,-1.1408	440.6750,-2.5045,-1.1440	441.1750,-2.5045,-1.1472	441.6750,-2.5045,-1.1504	442.1750,-2.5045,-1.1536	442.6750,-2.5045,-1.1569	443.1750,-2.5045,-1.1601	443.6750,-2.5045,-1.1633	444.1750,-2.5045,-1.1665	444.6750,-2.5045,-1.1697	445.1750,-2.5045,-1.1729	445.6750,-2.5045,-1.1761	446.1750,-2.5045,-1.1793	446.6750,-2.5045,-1.1825	447.0250,-2.5045,-1.1847	447.0250,-2.5045,-1.1727	446.6750,-2.5045,-1.1705	446.1750,-2.5045,-1.1673	445.6750,-2.5045,-1.1641	445.1750,-2.5045,-1.1609	444.6750,-2.5045,-1.1577	444.1750,-2.5045,-1.1545	443.6750,-2.5045,-1.1513	443.1750,-2.5045,-1.1481	442.6750,-2.5045,-1.1449	442.1750,-2.5045,-1.1416	441.6750,-2.5045,-1.1384	441.1750,-2.5045,-1.1352	440.6750,-2.5045,-1.1320	440.1750,-2.5045,-1.1288	439.6750,-2.5045,-1.1256	439.1750,-2.5045,-1.1224	438.6750,-2.5045,-1.1192	438.1750,-2.5045,-1.1160	437.6750,-2.5045,-1.1128	437.1750,-2.5045,-1.1096	436.6750,-2.5045,-1.1064	436.1750,-2.5045,-1.1032	435.6750,-2.5045,-1.1000	435.1750,-2.5045,-1.0968	434.6750,-2.5045,-1.0936
1269	塗替塗装-811	塗替塗装						主桁（下山形鋼）	x 431.59〜449.11 G2	塗替塗装範囲詳細図		DWG の図から（測量前）	塗替塗装 x 431.59〜449.11 主桁（下山形鋼） G2	ext_poly	56	434.1750,-2.5165,-0.9524	433.6750,-2.5165,-0.9492	433.6750,-2.5165,-1.0872	434.1750,-2.5165,-1.0904	434.6750,-2.5165,-1.0936	435.1750,-2.5165,-1.0968	435.6750,-2.5165,-1.1000	436.1750,-2.5165,-1.1032	436.6750,-2.5165,-1.1064	437.1750,-2.5165,-1.1096	437.6750,-2.5165,-1.1128	438.1750,-2.5165,-1.1160	438.6750,-2.5165,-1.1192	439.1750,-2.5165,-1.1224	439.6750,-2.5165,-1.1256	440.1750,-2.5165,-1.1288	440.6750,-2.5165,-1.1320	441.1750,-2.5165,-1.1352	441.6750,-2.5165,-1.1384	442.1750,-2.5165,-1.1416	442.6750,-2.5165,-1.1449	443.1750,-2.5165,-1.1481	443.6750,-2.5165,-1.1513	444.1750,-2.5165,-1.1545	444.6750,-2.5165,-1.1577	445.1750,-2.5165,-1.1609	445.6750,-2.5165,-1.1641	446.1750,-2.5165,-1.1673	446.6750,-2.5165,-1.1705	447.0250,-2.5165,-1.1727	447.0250,-2.5165,-1.0347	446.6750,-2.5165,-1.0325	446.1750,-2.5165,-1.0293	445.6750,-2.5165,-1.0261	445.1750,-2.5165,-1.0229	444.6750,-2.5165,-1.0197	444.1750,-2.5165,-1.0165	443.6750,-2.5165,-1.0133	443.1750,-2.5165,-1.0101	442.6750,-2.5165,-1.0069	442.1750,-2.5165,-1.0036	441.6750,-2.5165,-1.0004	441.1750,-2.5165,-0.9972	440.6750,-2.5165,-0.9940	440.1750,-2.5165,-0.9908	439.6750,-2.5165,-0.9876	439.1750,-2.5165,-0.9844	438.6750,-2.5165,-0.9812	438.1750,-2.5165,-0.9780	437.6750,-2.5165,-0.9748	437.1750,-2.5165,-0.9716	436.6750,-2.5165,-0.9684	436.1750,-2.5165,-0.9652	435.6750,-2.5165,-0.9620	435.1750,-2.5165,-0.9588	434.6750,-2.5165,-0.9556	434.1750,-2.5045,-0.9524	433.6750,-2.5045,-0.9492	433.6750,-2.5045,-1.0872	434.1750,-2.5045,-1.0904	434.6750,-2.5045,-1.0936	435.1750,-2.5045,-1.0968	435.6750,-2.5045,-1.1000	436.1750,-2.5045,-1.1032	436.6750,-2.5045,-1.1064	437.1750,-2.5045,-1.1096	437.6750,-2.5045,-1.1128	438.1750,-2.5045,-1.1160	438.6750,-2.5045,-1.1192	439.1750,-2.5045,-1.1224	439.6750,-2.5045,-1.1256	440.1750,-2.5045,-1.1288	440.6750,-2.5045,-1.1320	441.1750,-2.5045,-1.1352	441.6750,-2.5045,-1.1384	442.1750,-2.5045,-1.1416	442.6750,-2.5045,-1.1449	443.1750,-2.5045,-1.1481	443.6750,-2.5045,-1.1513	444.1750,-2.5045,-1.1545	444.6750,-2.5045,-1.1577	445.1750,-2.5045,-1.1609	445.6750,-2.5045,-1.1641	446.1750,-2.5045,-1.1673	446.6750,-2.5045,-1.1705	447.0250,-2.5045,-1.1727	447.0250,-2.5045,-1.0347	446.6750,-2.5045,-1.0325	446.1750,-2.5045,-1.0293	445.6750,-2.5045,-1.0261	445.1750,-2.5045,-1.0229	444.6750,-2.5045,-1.0197	444.1750,-2.5045,-1.0165	443.6750,-2.5045,-1.0133	443.1750,-2.5045,-1.0101	442.6750,-2.5045,-1.0069	442.1750,-2.5045,-1.0036	441.6750,-2.5045,-1.0004	441.1750,-2.5045,-0.9972	440.6750,-2.5045,-0.9940	440.1750,-2.5045,-0.9908	439.6750,-2.5045,-0.9876	439.1750,-2.5045,-0.9844	438.6750,-2.5045,-0.9812	438.1750,-2.5045,-0.9780	437.6750,-2.5045,-0.9748	437.1750,-2.5045,-0.9716	436.6750,-2.5045,-0.9684	436.1750,-2.5045,-0.9652	435.6750,-2.5045,-0.9620	435.1750,-2.5045,-0.9588	434.6750,-2.5045,-0.9556
1270	塗替塗装-812	塗替塗装						主桁（腹板）	x 431.59〜449.11 G1	塗替塗装範囲詳細図		DWG の図から（測量前）	塗替塗装 x 431.59〜449.11 主桁（腹板） G1	ext_poly	12	447.5750,2.4940,0.3217	447.0750,2.4940,0.3250	447.0750,2.4940,-1.1850	447.5750,2.4940,-1.1883	448.0750,2.4940,-1.1915	448.5750,2.4940,-1.1947	449.0750,2.4940,-1.1979	449.1100,2.4940,-1.1981	449.1100,2.4940,0.3119	449.0750,2.4940,0.3121	448.5750,2.4940,0.3153	448.0750,2.4940,0.3185	447.5750,2.5060,0.3217	447.0750,2.5060,0.3250	447.0750,2.5060,-1.1850	447.5750,2.5060,-1.1883	448.0750,2.5060,-1.1915	448.5750,2.5060,-1.1947	449.0750,2.5060,-1.1979	449.1100,2.5060,-1.1981	449.1100,2.5060,0.3119	449.0750,2.5060,0.3121	448.5750,2.5060,0.3153	448.0750,2.5060,0.3185
1271	塗替塗装-813	塗替塗装						主桁（上山形鋼）	x 431.59〜449.11 G1	塗替塗装範囲詳細図		DWG の図から（測量前）	塗替塗装 x 431.59〜449.11 主桁（上山形鋼） G1	ext_poly	12	447.5750,2.5060,0.3217	447.0750,2.5060,0.3250	447.0750,2.5060,0.3100	447.5750,2.5060,0.3067	448.0750,2.5060,0.3035	448.5750,2.5060,0.3003	449.0750,2.5060,0.2971	449.1100,2.5060,0.2969	449.1100,2.5060,0.3119	449.0750,2.5060,0.3121	448.5750,2.5060,0.3153	448.0750,2.5060,0.3185	447.5750,2.6560,0.3217	447.0750,2.6560,0.3250	447.0750,2.6560,0.3100	447.5750,2.6560,0.3067	448.0750,2.6560,0.3035	448.5750,2.6560,0.3003	449.0750,2.6560,0.2971	449.1100,2.6560,0.2969	449.1100,2.6560,0.3119	449.0750,2.6560,0.3121	448.5750,2.6560,0.3153	448.0750,2.6560,0.3185
1272	塗替塗装-814	塗替塗装						主桁（上山形鋼）	x 431.59〜449.11 G1	塗替塗装範囲詳細図		DWG の図から（測量前）	塗替塗装 x 431.59〜449.11 主桁（上山形鋼） G1	ext_poly	12	447.5750,2.5060,0.3067	447.0750,2.5060,0.3100	447.0750,2.5060,0.1750	447.5750,2.5060,0.1717	448.0750,2.5060,0.1685	448.5750,2.5060,0.1653	449.0750,2.5060,0.1621	449.1100,2.5060,0.1619	449.1100,2.5060,0.2969	449.0750,2.5060,0.2971	448.5750,2.5060,0.3003	448.0750,2.5060,0.3035	447.5750,2.5210,0.3067	447.0750,2.5210,0.3100	447.0750,2.5210,0.1750	447.5750,2.5210,0.1717	448.0750,2.5210,0.1685	448.5750,2.5210,0.1653	449.0750,2.5210,0.1621	449.1100,2.5210,0.1619	449.1100,2.5210,0.2969	449.0750,2.5210,0.2971	448.5750,2.5210,0.3003	448.0750,2.5210,0.3035
1273	塗替塗装-815	塗替塗装						主桁（下山形鋼）	x 431.59〜449.11 G1	塗替塗装範囲詳細図		DWG の図から（測量前）	塗替塗装 x 431.59〜449.11 主桁（下山形鋼） G1	ext_poly	12	447.5750,2.5060,-1.1733	447.0750,2.5060,-1.1700	447.0750,2.5060,-1.1850	447.5750,2.5060,-1.1883	448.0750,2.5060,-1.1915	448.5750,2.5060,-1.1947	449.0750,2.5060,-1.1979	449.1100,2.5060,-1.1981	449.1100,2.5060,-1.1831	449.0750,2.5060,-1.1829	448.5750,2.5060,-1.1797	448.0750,2.5060,-1.1765	447.5750,2.6560,-1.1733	447.0750,2.6560,-1.1700	447.0750,2.6560,-1.1850	447.5750,2.6560,-1.1883	448.0750,2.6560,-1.1915	448.5750,2.6560,-1.1947	449.0750,2.6560,-1.1979	449.1100,2.6560,-1.1981	449.1100,2.6560,-1.1831	449.0750,2.6560,-1.1829	448.5750,2.6560,-1.1797	448.0750,2.6560,-1.1765
1274	塗替塗装-816	塗替塗装						主桁（下山形鋼）	x 431.59〜449.11 G1	塗替塗装範囲詳細図		DWG の図から（測量前）	塗替塗装 x 431.59〜449.11 主桁（下山形鋼） G1	ext_poly	12	447.5750,2.5060,-1.0383	447.0750,2.5060,-1.0350	447.0750,2.5060,-1.1700	447.5750,2.5060,-1.1733	448.0750,2.5060,-1.1765	448.5750,2.5060,-1.1797	449.0750,2.5060,-1.1829	449.1100,2.5060,-1.1831	449.1100,2.5060,-1.0481	449.0750,2.5060,-1.0479	448.5750,2.5060,-1.0447	448.0750,2.5060,-1.0415	447.5750,2.5210,-1.0383	447.0750,2.5210,-1.0350	447.0750,2.5210,-1.1700	447.5750,2.5210,-1.1733	448.0750,2.5210,-1.1765	448.5750,2.5210,-1.1797	449.0750,2.5210,-1.1829	449.1100,2.5210,-1.1831	449.1100,2.5210,-1.0481	449.0750,2.5210,-1.0479	448.5750,2.5210,-1.0447	448.0750,2.5210,-1.0415
1275	塗替塗装-817	塗替塗装						主桁（上山形鋼）	x 431.59〜449.11 G1	塗替塗装範囲詳細図		DWG の図から（測量前）	塗替塗装 x 431.59〜449.11 主桁（上山形鋼） G1	ext_poly	12	447.5750,2.3440,0.3217	447.0750,2.3440,0.3250	447.0750,2.3440,0.3100	447.5750,2.3440,0.3067	448.0750,2.3440,0.3035	448.5750,2.3440,0.3003	449.0750,2.3440,0.2971	449.1100,2.3440,0.2969	449.1100,2.3440,0.3119	449.0750,2.3440,0.3121	448.5750,2.3440,0.3153	448.0750,2.3440,0.3185	447.5750,2.4940,0.3217	447.0750,2.4940,0.3250	447.0750,2.4940,0.3100	447.5750,2.4940,0.3067	448.0750,2.4940,0.3035	448.5750,2.4940,0.3003	449.0750,2.4940,0.2971	449.1100,2.4940,0.2969	449.1100,2.4940,0.3119	449.0750,2.4940,0.3121	448.5750,2.4940,0.3153	448.0750,2.4940,0.3185
1276	塗替塗装-818	塗替塗装						主桁（上山形鋼）	x 431.59〜449.11 G1	塗替塗装範囲詳細図		DWG の図から（測量前）	塗替塗装 x 431.59〜449.11 主桁（上山形鋼） G1	ext_poly	12	447.5750,2.4790,0.3067	447.0750,2.4790,0.3100	447.0750,2.4790,0.1750	447.5750,2.4790,0.1717	448.0750,2.4790,0.1685	448.5750,2.4790,0.1653	449.0750,2.4790,0.1621	449.1100,2.4790,0.1619	449.1100,2.4790,0.2969	449.0750,2.4790,0.2971	448.5750,2.4790,0.3003	448.0750,2.4790,0.3035	447.5750,2.4940,0.3067	447.0750,2.4940,0.3100	447.0750,2.4940,0.1750	447.5750,2.4940,0.1717	448.0750,2.4940,0.1685	448.5750,2.4940,0.1653	449.0750,2.4940,0.1621	449.1100,2.4940,0.1619	449.1100,2.4940,0.2969	449.0750,2.4940,0.2971	448.5750,2.4940,0.3003	448.0750,2.4940,0.3035
1277	塗替塗装-819	塗替塗装						主桁（下山形鋼）	x 431.59〜449.11 G1	塗替塗装範囲詳細図		DWG の図から（測量前）	塗替塗装 x 431.59〜449.11 主桁（下山形鋼） G1	ext_poly	12	447.5750,2.3440,-1.1733	447.0750,2.3440,-1.1700	447.0750,2.3440,-1.1850	447.5750,2.3440,-1.1883	448.0750,2.3440,-1.1915	448.5750,2.3440,-1.1947	449.0750,2.3440,-1.1979	449.1100,2.3440,-1.1981	449.1100,2.3440,-1.1831	449.0750,2.3440,-1.1829	448.5750,2.3440,-1.1797	448.0750,2.3440,-1.1765	447.5750,2.4940,-1.1733	447.0750,2.4940,-1.1700	447.0750,2.4940,-1.1850	447.5750,2.4940,-1.1883	448.0750,2.4940,-1.1915	448.5750,2.4940,-1.1947	449.0750,2.4940,-1.1979	449.1100,2.4940,-1.1981	449.1100,2.4940,-1.1831	449.0750,2.4940,-1.1829	448.5750,2.4940,-1.1797	448.0750,2.4940,-1.1765
1278	塗替塗装-820	塗替塗装						主桁（下山形鋼）	x 431.59〜449.11 G1	塗替塗装範囲詳細図		DWG の図から（測量前）	塗替塗装 x 431.59〜449.11 主桁（下山形鋼） G1	ext_poly	12	447.5750,2.4790,-1.0383	447.0750,2.4790,-1.0350	447.0750,2.4790,-1.1700	447.5750,2.4790,-1.1733	448.0750,2.4790,-1.1765	448.5750,2.4790,-1.1797	449.0750,2.4790,-1.1829	449.1100,2.4790,-1.1831	449.1100,2.4790,-1.0481	449.0750,2.4790,-1.0479	448.5750,2.4790,-1.0447	448.0750,2.4790,-1.0415	447.5750,2.4940,-1.0383	447.0750,2.4940,-1.0350	447.0750,2.4940,-1.1700	447.5750,2.4940,-1.1733	448.0750,2.4940,-1.1765	448.5750,2.4940,-1.1797	449.0750,2.4940,-1.1829	449.1100,2.4940,-1.1831	449.1100,2.4940,-1.0481	449.0750,2.4940,-1.0479	448.5750,2.4940,-1.0447	448.0750,2.4940,-1.0415
1279	塗替塗装-821	塗替塗装						主桁（腹板）	x 431.59〜449.11 G2	塗替塗装範囲詳細図		DWG の図から（測量前）	塗替塗装 x 431.59〜449.11 主桁（腹板） G2	ext_poly	12	447.5750,-2.5060,0.3217	447.0750,-2.5060,0.3250	447.0750,-2.5060,-1.1850	447.5750,-2.5060,-1.1883	448.0750,-2.5060,-1.1915	448.5750,-2.5060,-1.1947	449.0750,-2.5060,-1.1979	449.1100,-2.5060,-1.1981	449.1100,-2.5060,0.3119	449.0750,-2.5060,0.3121	448.5750,-2.5060,0.3153	448.0750,-2.5060,0.3185	447.5750,-2.4940,0.3217	447.0750,-2.4940,0.3250	447.0750,-2.4940,-1.1850	447.5750,-2.4940,-1.1883	448.0750,-2.4940,-1.1915	448.5750,-2.4940,-1.1947	449.0750,-2.4940,-1.1979	449.1100,-2.4940,-1.1981	449.1100,-2.4940,0.3119	449.0750,-2.4940,0.3121	448.5750,-2.4940,0.3153	448.0750,-2.4940,0.3185
1280	塗替塗装-822	塗替塗装						主桁（上山形鋼）	x 431.59〜449.11 G2	塗替塗装範囲詳細図		DWG の図から（測量前）	塗替塗装 x 431.59〜449.11 主桁（上山形鋼） G2	ext_poly	12	447.5750,-2.4940,0.3217	447.0750,-2.4940,0.3250	447.0750,-2.4940,0.3100	447.5750,-2.4940,0.3067	448.0750,-2.4940,0.3035	448.5750,-2.4940,0.3003	449.0750,-2.4940,0.2971	449.1100,-2.4940,0.2969	449.1100,-2.4940,0.3119	449.0750,-2.4940,0.3121	448.5750,-2.4940,0.3153	448.0750,-2.4940,0.3185	447.5750,-2.3440,0.3217	447.0750,-2.3440,0.3250	447.0750,-2.3440,0.3100	447.5750,-2.3440,0.3067	448.0750,-2.3440,0.3035	448.5750,-2.3440,0.3003	449.0750,-2.3440,0.2971	449.1100,-2.3440,0.2969	449.1100,-2.3440,0.3119	449.0750,-2.3440,0.3121	448.5750,-2.3440,0.3153	448.0750,-2.3440,0.3185
1281	塗替塗装-823	塗替塗装						主桁（上山形鋼）	x 431.59〜449.11 G2	塗替塗装範囲詳細図		DWG の図から（測量前）	塗替塗装 x 431.59〜449.11 主桁（上山形鋼） G2	ext_poly	12	447.5750,-2.4940,0.3067	447.0750,-2.4940,0.3100	447.0750,-2.4940,0.1750	447.5750,-2.4940,0.1717	448.0750,-2.4940,0.1685	448.5750,-2.4940,0.1653	449.0750,-2.4940,0.1621	449.1100,-2.4940,0.1619	449.1100,-2.4940,0.2969	449.0750,-2.4940,0.2971	448.5750,-2.4940,0.3003	448.0750,-2.4940,0.3035	447.5750,-2.4790,0.3067	447.0750,-2.4790,0.3100	447.0750,-2.4790,0.1750	447.5750,-2.4790,0.1717	448.0750,-2.4790,0.1685	448.5750,-2.4790,0.1653	449.0750,-2.4790,0.1621	449.1100,-2.4790,0.1619	449.1100,-2.4790,0.2969	449.0750,-2.4790,0.2971	448.5750,-2.4790,0.3003	448.0750,-2.4790,0.3035
1282	塗替塗装-824	塗替塗装						主桁（下山形鋼）	x 431.59〜449.11 G2	塗替塗装範囲詳細図		DWG の図から（測量前）	塗替塗装 x 431.59〜449.11 主桁（下山形鋼） G2	ext_poly	12	447.5750,-2.4940,-1.1733	447.0750,-2.4940,-1.1700	447.0750,-2.4940,-1.1850	447.5750,-2.4940,-1.1883	448.0750,-2.4940,-1.1915	448.5750,-2.4940,-1.1947	449.0750,-2.4940,-1.1979	449.1100,-2.4940,-1.1981	449.1100,-2.4940,-1.1831	449.0750,-2.4940,-1.1829	448.5750,-2.4940,-1.1797	448.0750,-2.4940,-1.1765	447.5750,-2.3440,-1.1733	447.0750,-2.3440,-1.1700	447.0750,-2.3440,-1.1850	447.5750,-2.3440,-1.1883	448.0750,-2.3440,-1.1915	448.5750,-2.3440,-1.1947	449.0750,-2.3440,-1.1979	449.1100,-2.3440,-1.1981	449.1100,-2.3440,-1.1831	449.0750,-2.3440,-1.1829	448.5750,-2.3440,-1.1797	448.0750,-2.3440,-1.1765
1283	塗替塗装-825	塗替塗装						主桁（下山形鋼）	x 431.59〜449.11 G2	塗替塗装範囲詳細図		DWG の図から（測量前）	塗替塗装 x 431.59〜449.11 主桁（下山形鋼） G2	ext_poly	12	447.5750,-2.4940,-1.0383	447.0750,-2.4940,-1.0350	447.0750,-2.4940,-1.1700	447.5750,-2.4940,-1.1733	448.0750,-2.4940,-1.1765	448.5750,-2.4940,-1.1797	449.0750,-2.4940,-1.1829	449.1100,-2.4940,-1.1831	449.1100,-2.4940,-1.0481	449.0750,-2.4940,-1.0479	448.5750,-2.4940,-1.0447	448.0750,-2.4940,-1.0415	447.5750,-2.4790,-1.0383	447.0750,-2.4790,-1.0350	447.0750,-2.4790,-1.1700	447.5750,-2.4790,-1.1733	448.0750,-2.4790,-1.1765	448.5750,-2.4790,-1.1797	449.0750,-2.4790,-1.1829	449.1100,-2.4790,-1.1831	449.1100,-2.4790,-1.0481	449.0750,-2.4790,-1.0479	448.5750,-2.4790,-1.0447	448.0750,-2.4790,-1.0415
1284	塗替塗装-826	塗替塗装						主桁（上山形鋼）	x 431.59〜449.11 G2	塗替塗装範囲詳細図		DWG の図から（測量前）	塗替塗装 x 431.59〜449.11 主桁（上山形鋼） G2	ext_poly	12	447.5750,-2.6560,0.3217	447.0750,-2.6560,0.3250	447.0750,-2.6560,0.3100	447.5750,-2.6560,0.3067	448.0750,-2.6560,0.3035	448.5750,-2.6560,0.3003	449.0750,-2.6560,0.2971	449.1100,-2.6560,0.2969	449.1100,-2.6560,0.3119	449.0750,-2.6560,0.3121	448.5750,-2.6560,0.3153	448.0750,-2.6560,0.3185	447.5750,-2.5060,0.3217	447.0750,-2.5060,0.3250	447.0750,-2.5060,0.3100	447.5750,-2.5060,0.3067	448.0750,-2.5060,0.3035	448.5750,-2.5060,0.3003	449.0750,-2.5060,0.2971	449.1100,-2.5060,0.2969	449.1100,-2.5060,0.3119	449.0750,-2.5060,0.3121	448.5750,-2.5060,0.3153	448.0750,-2.5060,0.3185
1285	塗替塗装-827	塗替塗装						主桁（上山形鋼）	x 431.59〜449.11 G2	塗替塗装範囲詳細図		DWG の図から（測量前）	塗替塗装 x 431.59〜449.11 主桁（上山形鋼） G2	ext_poly	12	447.5750,-2.5210,0.3067	447.0750,-2.5210,0.3100	447.0750,-2.5210,0.1750	447.5750,-2.5210,0.1717	448.0750,-2.5210,0.1685	448.5750,-2.5210,0.1653	449.0750,-2.5210,0.1621	449.1100,-2.5210,0.1619	449.1100,-2.5210,0.2969	449.0750,-2.5210,0.2971	448.5750,-2.5210,0.3003	448.0750,-2.5210,0.3035	447.5750,-2.5060,0.3067	447.0750,-2.5060,0.3100	447.0750,-2.5060,0.1750	447.5750,-2.5060,0.1717	448.0750,-2.5060,0.1685	448.5750,-2.5060,0.1653	449.0750,-2.5060,0.1621	449.1100,-2.5060,0.1619	449.1100,-2.5060,0.2969	449.0750,-2.5060,0.2971	448.5750,-2.5060,0.3003	448.0750,-2.5060,0.3035
1286	塗替塗装-828	塗替塗装						主桁（下山形鋼）	x 431.59〜449.11 G2	塗替塗装範囲詳細図		DWG の図から（測量前）	塗替塗装 x 431.59〜449.11 主桁（下山形鋼） G2	ext_poly	12	447.5750,-2.6560,-1.1733	447.0750,-2.6560,-1.1700	447.0750,-2.6560,-1.1850	447.5750,-2.6560,-1.1883	448.0750,-2.6560,-1.1915	448.5750,-2.6560,-1.1947	449.0750,-2.6560,-1.1979	449.1100,-2.6560,-1.1981	449.1100,-2.6560,-1.1831	449.0750,-2.6560,-1.1829	448.5750,-2.6560,-1.1797	448.0750,-2.6560,-1.1765	447.5750,-2.5060,-1.1733	447.0750,-2.5060,-1.1700	447.0750,-2.5060,-1.1850	447.5750,-2.5060,-1.1883	448.0750,-2.5060,-1.1915	448.5750,-2.5060,-1.1947	449.0750,-2.5060,-1.1979	449.1100,-2.5060,-1.1981	449.1100,-2.5060,-1.1831	449.0750,-2.5060,-1.1829	448.5750,-2.5060,-1.1797	448.0750,-2.5060,-1.1765
1287	塗替塗装-829	塗替塗装						主桁（下山形鋼）	x 431.59〜449.11 G2	塗替塗装範囲詳細図		DWG の図から（測量前）	塗替塗装 x 431.59〜449.11 主桁（下山形鋼） G2	ext_poly	12	447.5750,-2.5210,-1.0383	447.0750,-2.5210,-1.0350	447.0750,-2.5210,-1.1700	447.5750,-2.5210,-1.1733	448.0750,-2.5210,-1.1765	448.5750,-2.5210,-1.1797	449.0750,-2.5210,-1.1829	449.1100,-2.5210,-1.1831	449.1100,-2.5210,-1.0481	449.0750,-2.5210,-1.0479	448.5750,-2.5210,-1.0447	448.0750,-2.5210,-1.0415	447.5750,-2.5060,-1.0383	447.0750,-2.5060,-1.0350	447.0750,-2.5060,-1.1700	447.5750,-2.5060,-1.1733	448.0750,-2.5060,-1.1765	448.5750,-2.5060,-1.1797	449.0750,-2.5060,-1.1829	449.1100,-2.5060,-1.1831	449.1100,-2.5060,-1.0481	449.0750,-2.5060,-1.0479	448.5750,-2.5060,-1.0447	448.0750,-2.5060,-1.0415
1288	塗替塗装-830	塗替塗装						中間部横桁	x 431.59〜449.11 x 433.32	塗替塗装範囲詳細図		DWG の図から（測量前）	塗替塗装 x 431.59〜449.11 横桁 x 433.30	ext_poly	4	433.3205,-2.4935,0.2001	433.3295,-2.4935,0.2001	433.3295,2.4935,0.2001	433.3205,2.4935,0.2001	433.3205,-2.4935,-0.5599	433.3295,-2.4935,-0.5599	433.3295,2.4935,-0.5599	433.3205,2.4935,-0.5599
1289	塗替塗装-831	塗替塗装						中間部横桁	x 431.59〜449.11 x 433.37	塗替塗装範囲詳細図		DWG の図から（測量前）	塗替塗装 x 431.59〜449.11 横桁 x 433.40	ext_poly	4	433.3295,-2.4935,0.2001	433.4195,-2.4935,0.2001	433.4195,2.4935,0.2001	433.3295,2.4935,0.2001	433.3295,-2.4935,0.1901	433.4195,-2.4935,0.1901	433.4195,2.4935,0.1901	433.3295,2.4935,0.1901
1290	塗替塗装-832	塗替塗装						中間部横桁	x 431.59〜449.11 x 433.33	塗替塗装範囲詳細図		DWG の図から（測量前）	塗替塗装 x 431.59〜449.11 横桁 x 433.30	ext_poly	4	433.3295,-2.4935,0.2001	433.3395,-2.4935,0.2001	433.3395,2.4935,0.2001	433.3295,2.4935,0.2001	433.3295,-2.4935,0.1101	433.3395,-2.4935,0.1101	433.3395,2.4935,0.1101	433.3295,2.4935,0.1101
1291	塗替塗装-833	塗替塗装						中間部横桁	x 431.59〜449.11 x 433.37	塗替塗装範囲詳細図		DWG の図から（測量前）	塗替塗装 x 431.59〜449.11 横桁 x 433.40	ext_poly	4	433.3295,-2.4935,-0.5499	433.4195,-2.4935,-0.5499	433.4195,2.4935,-0.5499	433.3295,2.4935,-0.5499	433.3295,-2.4935,-0.5599	433.4195,-2.4935,-0.5599	433.4195,2.4935,-0.5599	433.3295,2.4935,-0.5599
1292	塗替塗装-834	塗替塗装						中間部横桁	x 431.59〜449.11 x 433.33	塗替塗装範囲詳細図		DWG の図から（測量前）	塗替塗装 x 431.59〜449.11 横桁 x 433.30	ext_poly	4	433.3295,-2.4935,-0.4699	433.3395,-2.4935,-0.4699	433.3395,2.4935,-0.4699	433.3295,2.4935,-0.4699	433.3295,-2.4935,-0.5599	433.3395,-2.4935,-0.5599	433.3395,2.4935,-0.5599	433.3295,2.4935,-0.5599
1293	塗替塗装-835	塗替塗装						中間部横桁	x 431.59〜449.11 x 433.28	塗替塗装範囲詳細図		DWG の図から（測量前）	塗替塗装 x 431.59〜449.11 横桁 x 433.30	ext_poly	4	433.2305,-2.4935,0.2001	433.3205,-2.4935,0.2001	433.3205,2.4935,0.2001	433.2305,2.4935,0.2001	433.2305,-2.4935,0.1901	433.3205,-2.4935,0.1901	433.3205,2.4935,0.1901	433.2305,2.4935,0.1901
1294	塗替塗装-836	塗替塗装						中間部横桁	x 431.59〜449.11 x 433.32	塗替塗装範囲詳細図		DWG の図から（測量前）	塗替塗装 x 431.59〜449.11 横桁 x 433.30	ext_poly	4	433.3105,-2.4935,0.2001	433.3205,-2.4935,0.2001	433.3205,2.4935,0.2001	433.3105,2.4935,0.2001	433.3105,-2.4935,0.1101	433.3205,-2.4935,0.1101	433.3205,2.4935,0.1101	433.3105,2.4935,0.1101
1295	塗替塗装-837	塗替塗装						中間部横桁	x 431.59〜449.11 x 433.28	塗替塗装範囲詳細図		DWG の図から（測量前）	塗替塗装 x 431.59〜449.11 横桁 x 433.30	ext_poly	4	433.2305,-2.4935,-0.5499	433.3205,-2.4935,-0.5499	433.3205,2.4935,-0.5499	433.2305,2.4935,-0.5499	433.2305,-2.4935,-0.5599	433.3205,-2.4935,-0.5599	433.3205,2.4935,-0.5599	433.2305,2.4935,-0.5599
1296	塗替塗装-838	塗替塗装						中間部横桁	x 431.59〜449.11 x 433.32	塗替塗装範囲詳細図		DWG の図から（測量前）	塗替塗装 x 431.59〜449.11 横桁 x 433.30	ext_poly	4	433.3105,-2.4935,-0.4699	433.3205,-2.4935,-0.4699	433.3205,2.4935,-0.4699	433.3105,2.4935,-0.4699	433.3105,-2.4935,-0.5599	433.3205,-2.4935,-0.5599	433.3205,2.4935,-0.5599	433.3105,2.4935,-0.5599
1297	塗替塗装-839	塗替塗装						中間部横桁	x 431.59〜449.11 x 433.95	塗替塗装範囲詳細図		DWG の図から（測量前）	塗替塗装 x 431.59〜449.11 横桁 x 434.00	ext_poly	4	433.9455,-2.4935,0.1961	433.9545,-2.4935,0.1961	433.9545,2.4935,0.1961	433.9455,2.4935,0.1961	433.9455,-2.4935,-0.5639	433.9545,-2.4935,-0.5639	433.9545,2.4935,-0.5639	433.9455,2.4935,-0.5639
1298	塗替塗装-840	塗替塗装						中間部横桁	x 431.59〜449.11 x 434.00	塗替塗装範囲詳細図		DWG の図から（測量前）	塗替塗装 x 431.59〜449.11 横桁 x 434.00	ext_poly	4	433.9545,-2.4935,0.1961	434.0445,-2.4935,0.1961	434.0445,2.4935,0.1961	433.9545,2.4935,0.1961	433.9545,-2.4935,0.1861	434.0445,-2.4935,0.1861	434.0445,2.4935,0.1861	433.9545,2.4935,0.1861
1299	塗替塗装-841	塗替塗装						中間部横桁	x 431.59〜449.11 x 433.96	塗替塗装範囲詳細図		DWG の図から（測量前）	塗替塗装 x 431.59〜449.11 横桁 x 434.00	ext_poly	4	433.9545,-2.4935,0.1961	433.9645,-2.4935,0.1961	433.9645,2.4935,0.1961	433.9545,2.4935,0.1961	433.9545,-2.4935,0.1061	433.9645,-2.4935,0.1061	433.9645,2.4935,0.1061	433.9545,2.4935,0.1061
1300	塗替塗装-842	塗替塗装						中間部横桁	x 431.59〜449.11 x 434.00	塗替塗装範囲詳細図		DWG の図から（測量前）	塗替塗装 x 431.59〜449.11 横桁 x 434.00	ext_poly	4	433.9545,-2.4935,-0.5539	434.0445,-2.4935,-0.5539	434.0445,2.4935,-0.5539	433.9545,2.4935,-0.5539	433.9545,-2.4935,-0.5639	434.0445,-2.4935,-0.5639	434.0445,2.4935,-0.5639	433.9545,2.4935,-0.5639
1301	塗替塗装-843	塗替塗装						中間部横桁	x 431.59〜449.11 x 433.96	塗替塗装範囲詳細図		DWG の図から（測量前）	塗替塗装 x 431.59〜449.11 横桁 x 434.00	ext_poly	4	433.9545,-2.4935,-0.4739	433.9645,-2.4935,-0.4739	433.9645,2.4935,-0.4739	433.9545,2.4935,-0.4739	433.9545,-2.4935,-0.5639	433.9645,-2.4935,-0.5639	433.9645,2.4935,-0.5639	433.9545,2.4935,-0.5639
1302	塗替塗装-844	塗替塗装						中間部横桁	x 431.59〜449.11 x 433.90	塗替塗装範囲詳細図		DWG の図から（測量前）	塗替塗装 x 431.59〜449.11 横桁 x 433.90	ext_poly	4	433.8555,-2.4935,0.1961	433.9455,-2.4935,0.1961	433.9455,2.4935,0.1961	433.8555,2.4935,0.1961	433.8555,-2.4935,0.1861	433.9455,-2.4935,0.1861	433.9455,2.4935,0.1861	433.8555,2.4935,0.1861
1303	塗替塗装-845	塗替塗装						中間部横桁	x 431.59〜449.11 x 433.94	塗替塗装範囲詳細図		DWG の図から（測量前）	塗替塗装 x 431.59〜449.11 横桁 x 433.90	ext_poly	4	433.9355,-2.4935,0.1961	433.9455,-2.4935,0.1961	433.9455,2.4935,0.1961	433.9355,2.4935,0.1961	433.9355,-2.4935,0.1061	433.9455,-2.4935,0.1061	433.9455,2.4935,0.1061	433.9355,2.4935,0.1061
1304	塗替塗装-846	塗替塗装						中間部横桁	x 431.59〜449.11 x 433.90	塗替塗装範囲詳細図		DWG の図から（測量前）	塗替塗装 x 431.59〜449.11 横桁 x 433.90	ext_poly	4	433.8555,-2.4935,-0.5539	433.9455,-2.4935,-0.5539	433.9455,2.4935,-0.5539	433.8555,2.4935,-0.5539	433.8555,-2.4935,-0.5639	433.9455,-2.4935,-0.5639	433.9455,2.4935,-0.5639	433.8555,2.4935,-0.5639
1305	塗替塗装-847	塗替塗装						中間部横桁	x 431.59〜449.11 x 433.94	塗替塗装範囲詳細図		DWG の図から（測量前）	塗替塗装 x 431.59〜449.11 横桁 x 433.90	ext_poly	4	433.9355,-2.4935,-0.4739	433.9455,-2.4935,-0.4739	433.9455,2.4935,-0.4739	433.9355,2.4935,-0.4739	433.9355,-2.4935,-0.5639	433.9455,-2.4935,-0.5639	433.9455,2.4935,-0.5639	433.9355,2.4935,-0.5639
1306	塗替塗装-848	塗替塗装						中間部横桁	x 431.59〜449.11 x 437.15	塗替塗装範囲詳細図		DWG の図から（測量前）	塗替塗装 x 431.59〜449.11 横桁 x 437.20	ext_poly	4	437.1455,-2.4935,0.1756	437.1545,-2.4935,0.1756	437.1545,2.4935,0.1756	437.1455,2.4935,0.1756	437.1455,-2.4935,-0.5844	437.1545,-2.4935,-0.5844	437.1545,2.4935,-0.5844	437.1455,2.4935,-0.5844
1307	塗替塗装-849	塗替塗装						中間部横桁	x 431.59〜449.11 x 437.20	塗替塗装範囲詳細図		DWG の図から（測量前）	塗替塗装 x 431.59〜449.11 横桁 x 437.20	ext_poly	4	437.1545,-2.4935,0.1756	437.2445,-2.4935,0.1756	437.2445,2.4935,0.1756	437.1545,2.4935,0.1756	437.1545,-2.4935,0.1656	437.2445,-2.4935,0.1656	437.2445,2.4935,0.1656	437.1545,2.4935,0.1656
1308	塗替塗装-850	塗替塗装						中間部横桁	x 431.59〜449.11 x 437.16	塗替塗装範囲詳細図		DWG の図から（測量前）	塗替塗装 x 431.59〜449.11 横桁 x 437.20	ext_poly	4	437.1545,-2.4935,0.1756	437.1645,-2.4935,0.1756	437.1645,2.4935,0.1756	437.1545,2.4935,0.1756	437.1545,-2.4935,0.0856	437.1645,-2.4935,0.0856	437.1645,2.4935,0.0856	437.1545,2.4935,0.0856
1309	塗替塗装-851	塗替塗装						中間部横桁	x 431.59〜449.11 x 437.20	塗替塗装範囲詳細図		DWG の図から（測量前）	塗替塗装 x 431.59〜449.11 横桁 x 437.20	ext_poly	4	437.1545,-2.4935,-0.5744	437.2445,-2.4935,-0.5744	437.2445,2.4935,-0.5744	437.1545,2.4935,-0.5744	437.1545,-2.4935,-0.5844	437.2445,-2.4935,-0.5844	437.2445,2.4935,-0.5844	437.1545,2.4935,-0.5844
1310	塗替塗装-852	塗替塗装						中間部横桁	x 431.59〜449.11 x 437.16	塗替塗装範囲詳細図		DWG の図から（測量前）	塗替塗装 x 431.59〜449.11 横桁 x 437.20	ext_poly	4	437.1545,-2.4935,-0.4944	437.1645,-2.4935,-0.4944	437.1645,2.4935,-0.4944	437.1545,2.4935,-0.4944	437.1545,-2.4935,-0.5844	437.1645,-2.4935,-0.5844	437.1645,2.4935,-0.5844	437.1545,2.4935,-0.5844
1311	塗替塗装-853	塗替塗装						中間部横桁	x 431.59〜449.11 x 437.10	塗替塗装範囲詳細図		DWG の図から（測量前）	塗替塗装 x 431.59〜449.11 横桁 x 437.10	ext_poly	4	437.0555,-2.4935,0.1756	437.1455,-2.4935,0.1756	437.1455,2.4935,0.1756	437.0555,2.4935,0.1756	437.0555,-2.4935,0.1656	437.1455,-2.4935,0.1656	437.1455,2.4935,0.1656	437.0555,2.4935,0.1656
1312	塗替塗装-854	塗替塗装						中間部横桁	x 431.59〜449.11 x 437.14	塗替塗装範囲詳細図		DWG の図から（測量前）	塗替塗装 x 431.59〜449.11 横桁 x 437.10	ext_poly	4	437.1355,-2.4935,0.1756	437.1455,-2.4935,0.1756	437.1455,2.4935,0.1756	437.1355,2.4935,0.1756	437.1355,-2.4935,0.0856	437.1455,-2.4935,0.0856	437.1455,2.4935,0.0856	437.1355,2.4935,0.0856
1313	塗替塗装-855	塗替塗装						中間部横桁	x 431.59〜449.11 x 437.10	塗替塗装範囲詳細図		DWG の図から（測量前）	塗替塗装 x 431.59〜449.11 横桁 x 437.10	ext_poly	4	437.0555,-2.4935,-0.5744	437.1455,-2.4935,-0.5744	437.1455,2.4935,-0.5744	437.0555,2.4935,-0.5744	437.0555,-2.4935,-0.5844	437.1455,-2.4935,-0.5844	437.1455,2.4935,-0.5844	437.0555,2.4935,-0.5844
1314	塗替塗装-856	塗替塗装						中間部横桁	x 431.59〜449.11 x 437.14	塗替塗装範囲詳細図		DWG の図から（測量前）	塗替塗装 x 431.59〜449.11 横桁 x 437.10	ext_poly	4	437.1355,-2.4935,-0.4944	437.1455,-2.4935,-0.4944	437.1455,2.4935,-0.4944	437.1355,2.4935,-0.4944	437.1355,-2.4935,-0.5844	437.1455,-2.4935,-0.5844	437.1455,2.4935,-0.5844	437.1355,2.4935,-0.5844
1315	塗替塗装-857	塗替塗装						中間部横桁	x 431.59〜449.11 x 440.35	塗替塗装範囲詳細図		DWG の図から（測量前）	塗替塗装 x 431.59〜449.11 横桁 x 440.40	ext_poly	4	440.3455,-2.4935,0.1550	440.3545,-2.4935,0.1550	440.3545,2.4935,0.1550	440.3455,2.4935,0.1550	440.3455,-2.4935,-0.6050	440.3545,-2.4935,-0.6050	440.3545,2.4935,-0.6050	440.3455,2.4935,-0.6050
1316	塗替塗装-858	塗替塗装						中間部横桁	x 431.59〜449.11 x 440.40	塗替塗装範囲詳細図		DWG の図から（測量前）	塗替塗装 x 431.59〜449.11 横桁 x 440.40	ext_poly	4	440.3545,-2.4935,0.1550	440.4445,-2.4935,0.1550	440.4445,2.4935,0.1550	440.3545,2.4935,0.1550	440.3545,-2.4935,0.1450	440.4445,-2.4935,0.1450	440.4445,2.4935,0.1450	440.3545,2.4935,0.1450
1317	塗替塗装-859	塗替塗装						中間部横桁	x 431.59〜449.11 x 440.36	塗替塗装範囲詳細図		DWG の図から（測量前）	塗替塗装 x 431.59〜449.11 横桁 x 440.40	ext_poly	4	440.3545,-2.4935,0.1550	440.3645,-2.4935,0.1550	440.3645,2.4935,0.1550	440.3545,2.4935,0.1550	440.3545,-2.4935,0.0650	440.3645,-2.4935,0.0650	440.3645,2.4935,0.0650	440.3545,2.4935,0.0650
1318	塗替塗装-860	塗替塗装						中間部横桁	x 431.59〜449.11 x 440.40	塗替塗装範囲詳細図		DWG の図から（測量前）	塗替塗装 x 431.59〜449.11 横桁 x 440.40	ext_poly	4	440.3545,-2.4935,-0.5950	440.4445,-2.4935,-0.5950	440.4445,2.4935,-0.5950	440.3545,2.4935,-0.5950	440.3545,-2.4935,-0.6050	440.4445,-2.4935,-0.6050	440.4445,2.4935,-0.6050	440.3545,2.4935,-0.6050
1319	塗替塗装-861	塗替塗装						中間部横桁	x 431.59〜449.11 x 440.36	塗替塗装範囲詳細図		DWG の図から（測量前）	塗替塗装 x 431.59〜449.11 横桁 x 440.40	ext_poly	4	440.3545,-2.4935,-0.5150	440.3645,-2.4935,-0.5150	440.3645,2.4935,-0.5150	440.3545,2.4935,-0.5150	440.3545,-2.4935,-0.6050	440.3645,-2.4935,-0.6050	440.3645,2.4935,-0.6050	440.3545,2.4935,-0.6050
1320	塗替塗装-862	塗替塗装						中間部横桁	x 431.59〜449.11 x 440.30	塗替塗装範囲詳細図		DWG の図から（測量前）	塗替塗装 x 431.59〜449.11 横桁 x 440.30	ext_poly	4	440.2555,-2.4935,0.1550	440.3455,-2.4935,0.1550	440.3455,2.4935,0.1550	440.2555,2.4935,0.1550	440.2555,-2.4935,0.1450	440.3455,-2.4935,0.1450	440.3455,2.4935,0.1450	440.2555,2.4935,0.1450
1321	塗替塗装-863	塗替塗装						中間部横桁	x 431.59〜449.11 x 440.34	塗替塗装範囲詳細図		DWG の図から（測量前）	塗替塗装 x 431.59〜449.11 横桁 x 440.30	ext_poly	4	440.3355,-2.4935,0.1550	440.3455,-2.4935,0.1550	440.3455,2.4935,0.1550	440.3355,2.4935,0.1550	440.3355,-2.4935,0.0650	440.3455,-2.4935,0.0650	440.3455,2.4935,0.0650	440.3355,2.4935,0.0650
1322	塗替塗装-864	塗替塗装						中間部横桁	x 431.59〜449.11 x 440.30	塗替塗装範囲詳細図		DWG の図から（測量前）	塗替塗装 x 431.59〜449.11 横桁 x 440.30	ext_poly	4	440.2555,-2.4935,-0.5950	440.3455,-2.4935,-0.5950	440.3455,2.4935,-0.5950	440.2555,2.4935,-0.5950	440.2555,-2.4935,-0.6050	440.3455,-2.4935,-0.6050	440.3455,2.4935,-0.6050	440.2555,2.4935,-0.6050
1323	塗替塗装-865	塗替塗装						中間部横桁	x 431.59〜449.11 x 440.34	塗替塗装範囲詳細図		DWG の図から（測量前）	塗替塗装 x 431.59〜449.11 横桁 x 440.30	ext_poly	4	440.3355,-2.4935,-0.5150	440.3455,-2.4935,-0.5150	440.3455,2.4935,-0.5150	440.3355,2.4935,-0.5150	440.3355,-2.4935,-0.6050	440.3455,-2.4935,-0.6050	440.3455,2.4935,-0.6050	440.3355,2.4935,-0.6050
1324	塗替塗装-866	塗替塗装						中間部横桁	x 431.59〜449.11 x 443.55	塗替塗装範囲詳細図		DWG の図から（測量前）	塗替塗装 x 431.59〜449.11 横桁 x 443.60	ext_poly	4	443.5455,-2.4935,0.1345	443.5545,-2.4935,0.1345	443.5545,2.4935,0.1345	443.5455,2.4935,0.1345	443.5455,-2.4935,-0.6255	443.5545,-2.4935,-0.6255	443.5545,2.4935,-0.6255	443.5455,2.4935,-0.6255
1325	塗替塗装-867	塗替塗装						中間部横桁	x 431.59〜449.11 x 443.60	塗替塗装範囲詳細図		DWG の図から（測量前）	塗替塗装 x 431.59〜449.11 横桁 x 443.60	ext_poly	4	443.5545,-2.4935,0.1345	443.6445,-2.4935,0.1345	443.6445,2.4935,0.1345	443.5545,2.4935,0.1345	443.5545,-2.4935,0.1245	443.6445,-2.4935,0.1245	443.6445,2.4935,0.1245	443.5545,2.4935,0.1245
1326	塗替塗装-868	塗替塗装						中間部横桁	x 431.59〜449.11 x 443.56	塗替塗装範囲詳細図		DWG の図から（測量前）	塗替塗装 x 431.59〜449.11 横桁 x 443.60	ext_poly	4	443.5545,-2.4935,0.1345	443.5645,-2.4935,0.1345	443.5645,2.4935,0.1345	443.5545,2.4935,0.1345	443.5545,-2.4935,0.0445	443.5645,-2.4935,0.0445	443.5645,2.4935,0.0445	443.5545,2.4935,0.0445
1327	塗替塗装-869	塗替塗装						中間部横桁	x 431.59〜449.11 x 443.60	塗替塗装範囲詳細図		DWG の図から（測量前）	塗替塗装 x 431.59〜449.11 横桁 x 443.60	ext_poly	4	443.5545,-2.4935,-0.6155	443.6445,-2.4935,-0.6155	443.6445,2.4935,-0.6155	443.5545,2.4935,-0.6155	443.5545,-2.4935,-0.6255	443.6445,-2.4935,-0.6255	443.6445,2.4935,-0.6255	443.5545,2.4935,-0.6255
1328	塗替塗装-870	塗替塗装						中間部横桁	x 431.59〜449.11 x 443.56	塗替塗装範囲詳細図		DWG の図から（測量前）	塗替塗装 x 431.59〜449.11 横桁 x 443.60	ext_poly	4	443.5545,-2.4935,-0.5355	443.5645,-2.4935,-0.5355	443.5645,2.4935,-0.5355	443.5545,2.4935,-0.5355	443.5545,-2.4935,-0.6255	443.5645,-2.4935,-0.6255	443.5645,2.4935,-0.6255	443.5545,2.4935,-0.6255
1329	塗替塗装-871	塗替塗装						中間部横桁	x 431.59〜449.11 x 443.50	塗替塗装範囲詳細図		DWG の図から（測量前）	塗替塗装 x 431.59〜449.11 横桁 x 443.50	ext_poly	4	443.4555,-2.4935,0.1345	443.5455,-2.4935,0.1345	443.5455,2.4935,0.1345	443.4555,2.4935,0.1345	443.4555,-2.4935,0.1245	443.5455,-2.4935,0.1245	443.5455,2.4935,0.1245	443.4555,2.4935,0.1245
1330	塗替塗装-872	塗替塗装						中間部横桁	x 431.59〜449.11 x 443.54	塗替塗装範囲詳細図		DWG の図から（測量前）	塗替塗装 x 431.59〜449.11 横桁 x 443.50	ext_poly	4	443.5355,-2.4935,0.1345	443.5455,-2.4935,0.1345	443.5455,2.4935,0.1345	443.5355,2.4935,0.1345	443.5355,-2.4935,0.0445	443.5455,-2.4935,0.0445	443.5455,2.4935,0.0445	443.5355,2.4935,0.0445
1331	塗替塗装-873	塗替塗装						中間部横桁	x 431.59〜449.11 x 443.50	塗替塗装範囲詳細図		DWG の図から（測量前）	塗替塗装 x 431.59〜449.11 横桁 x 443.50	ext_poly	4	443.4555,-2.4935,-0.6155	443.5455,-2.4935,-0.6155	443.5455,2.4935,-0.6155	443.4555,2.4935,-0.6155	443.4555,-2.4935,-0.6255	443.5455,-2.4935,-0.6255	443.5455,2.4935,-0.6255	443.4555,2.4935,-0.6255
1332	塗替塗装-874	塗替塗装						中間部横桁	x 431.59〜449.11 x 443.54	塗替塗装範囲詳細図		DWG の図から（測量前）	塗替塗装 x 431.59〜449.11 横桁 x 443.50	ext_poly	4	443.5355,-2.4935,-0.5355	443.5455,-2.4935,-0.5355	443.5455,2.4935,-0.5355	443.5355,2.4935,-0.5355	443.5355,-2.4935,-0.6255	443.5455,-2.4935,-0.6255	443.5455,2.4935,-0.6255	443.5355,2.4935,-0.6255
1333	塗替塗装-875	塗替塗装						中間部横桁	x 431.59〜449.11 x 446.75	塗替塗装範囲詳細図		DWG の図から（測量前）	塗替塗装 x 431.59〜449.11 横桁 x 446.80	ext_poly	4	446.7455,-2.4935,0.1140	446.7545,-2.4935,0.1140	446.7545,2.4935,0.1140	446.7455,2.4935,0.1140	446.7455,-2.4935,-0.6460	446.7545,-2.4935,-0.6460	446.7545,2.4935,-0.6460	446.7455,2.4935,-0.6460
1334	塗替塗装-876	塗替塗装						中間部横桁	x 431.59〜449.11 x 446.80	塗替塗装範囲詳細図		DWG の図から（測量前）	塗替塗装 x 431.59〜449.11 横桁 x 446.80	ext_poly	4	446.7545,-2.4935,0.1140	446.8445,-2.4935,0.1140	446.8445,2.4935,0.1140	446.7545,2.4935,0.1140	446.7545,-2.4935,0.1040	446.8445,-2.4935,0.1040	446.8445,2.4935,0.1040	446.7545,2.4935,0.1040
1335	塗替塗装-877	塗替塗装						中間部横桁	x 431.59〜449.11 x 446.76	塗替塗装範囲詳細図		DWG の図から（測量前）	塗替塗装 x 431.59〜449.11 横桁 x 446.80	ext_poly	4	446.7545,-2.4935,0.1140	446.7645,-2.4935,0.1140	446.7645,2.4935,0.1140	446.7545,2.4935,0.1140	446.7545,-2.4935,0.0240	446.7645,-2.4935,0.0240	446.7645,2.4935,0.0240	446.7545,2.4935,0.0240
1336	塗替塗装-878	塗替塗装						中間部横桁	x 431.59〜449.11 x 446.80	塗替塗装範囲詳細図		DWG の図から（測量前）	塗替塗装 x 431.59〜449.11 横桁 x 446.80	ext_poly	4	446.7545,-2.4935,-0.6360	446.8445,-2.4935,-0.6360	446.8445,2.4935,-0.6360	446.7545,2.4935,-0.6360	446.7545,-2.4935,-0.6460	446.8445,-2.4935,-0.6460	446.8445,2.4935,-0.6460	446.7545,2.4935,-0.6460
1337	塗替塗装-879	塗替塗装						中間部横桁	x 431.59〜449.11 x 446.76	塗替塗装範囲詳細図		DWG の図から（測量前）	塗替塗装 x 431.59〜449.11 横桁 x 446.80	ext_poly	4	446.7545,-2.4935,-0.5560	446.7645,-2.4935,-0.5560	446.7645,2.4935,-0.5560	446.7545,2.4935,-0.5560	446.7545,-2.4935,-0.6460	446.7645,-2.4935,-0.6460	446.7645,2.4935,-0.6460	446.7545,2.4935,-0.6460
1338	塗替塗装-880	塗替塗装						中間部横桁	x 431.59〜449.11 x 446.70	塗替塗装範囲詳細図		DWG の図から（測量前）	塗替塗装 x 431.59〜449.11 横桁 x 446.70	ext_poly	4	446.6555,-2.4935,0.1140	446.7455,-2.4935,0.1140	446.7455,2.4935,0.1140	446.6555,2.4935,0.1140	446.6555,-2.4935,0.1040	446.7455,-2.4935,0.1040	446.7455,2.4935,0.1040	446.6555,2.4935,0.1040
1339	塗替塗装-881	塗替塗装						中間部横桁	x 431.59〜449.11 x 446.74	塗替塗装範囲詳細図		DWG の図から（測量前）	塗替塗装 x 431.59〜449.11 横桁 x 446.70	ext_poly	4	446.7355,-2.4935,0.1140	446.7455,-2.4935,0.1140	446.7455,2.4935,0.1140	446.7355,2.4935,0.1140	446.7355,-2.4935,0.0240	446.7455,-2.4935,0.0240	446.7455,2.4935,0.0240	446.7355,2.4935,0.0240
1340	塗替塗装-882	塗替塗装						中間部横桁	x 431.59〜449.11 x 446.70	塗替塗装範囲詳細図		DWG の図から（測量前）	塗替塗装 x 431.59〜449.11 横桁 x 446.70	ext_poly	4	446.6555,-2.4935,-0.6360	446.7455,-2.4935,-0.6360	446.7455,2.4935,-0.6360	446.6555,2.4935,-0.6360	446.6555,-2.4935,-0.6460	446.7455,-2.4935,-0.6460	446.7455,2.4935,-0.6460	446.6555,2.4935,-0.6460
1341	塗替塗装-883	塗替塗装						中間部横桁	x 431.59〜449.11 x 446.74	塗替塗装範囲詳細図		DWG の図から（測量前）	塗替塗装 x 431.59〜449.11 横桁 x 446.70	ext_poly	4	446.7355,-2.4935,-0.5560	446.7455,-2.4935,-0.5560	446.7455,2.4935,-0.5560	446.7355,2.4935,-0.5560	446.7355,-2.4935,-0.6460	446.7455,-2.4935,-0.6460	446.7455,2.4935,-0.6460	446.7355,2.4935,-0.6460
1342	塗替塗装-884	塗替塗装						中間部横桁	x 431.59〜449.11 x 447.38	塗替塗装範囲詳細図		DWG の図から（測量前）	塗替塗装 x 431.59〜449.11 横桁 x 447.40	ext_poly	4	447.3705,-2.4935,0.1100	447.3795,-2.4935,0.1100	447.3795,2.4935,0.1100	447.3705,2.4935,0.1100	447.3705,-2.4935,-0.6500	447.3795,-2.4935,-0.6500	447.3795,2.4935,-0.6500	447.3705,2.4935,-0.6500
1343	塗替塗装-885	塗替塗装						中間部横桁	x 431.59〜449.11 x 447.42	塗替塗装範囲詳細図		DWG の図から（測量前）	塗替塗装 x 431.59〜449.11 横桁 x 447.40	ext_poly	4	447.3795,-2.4935,0.1100	447.4695,-2.4935,0.1100	447.4695,2.4935,0.1100	447.3795,2.4935,0.1100	447.3795,-2.4935,0.1000	447.4695,-2.4935,0.1000	447.4695,2.4935,0.1000	447.3795,2.4935,0.1000
1344	塗替塗装-886	塗替塗装						中間部横桁	x 431.59〜449.11 x 447.38	塗替塗装範囲詳細図		DWG の図から（測量前）	塗替塗装 x 431.59〜449.11 横桁 x 447.40	ext_poly	4	447.3795,-2.4935,0.1100	447.3895,-2.4935,0.1100	447.3895,2.4935,0.1100	447.3795,2.4935,0.1100	447.3795,-2.4935,0.0200	447.3895,-2.4935,0.0200	447.3895,2.4935,0.0200	447.3795,2.4935,0.0200
1345	塗替塗装-887	塗替塗装						中間部横桁	x 431.59〜449.11 x 447.42	塗替塗装範囲詳細図		DWG の図から（測量前）	塗替塗装 x 431.59〜449.11 横桁 x 447.40	ext_poly	4	447.3795,-2.4935,-0.6400	447.4695,-2.4935,-0.6400	447.4695,2.4935,-0.6400	447.3795,2.4935,-0.6400	447.3795,-2.4935,-0.6500	447.4695,-2.4935,-0.6500	447.4695,2.4935,-0.6500	447.3795,2.4935,-0.6500
1346	塗替塗装-888	塗替塗装						中間部横桁	x 431.59〜449.11 x 447.38	塗替塗装範囲詳細図		DWG の図から（測量前）	塗替塗装 x 431.59〜449.11 横桁 x 447.40	ext_poly	4	447.3795,-2.4935,-0.5600	447.3895,-2.4935,-0.5600	447.3895,2.4935,-0.5600	447.3795,2.4935,-0.5600	447.3795,-2.4935,-0.6500	447.3895,-2.4935,-0.6500	447.3895,2.4935,-0.6500	447.3795,2.4935,-0.6500
1347	塗替塗装-889	塗替塗装						中間部横桁	x 431.59〜449.11 x 447.33	塗替塗装範囲詳細図		DWG の図から（測量前）	塗替塗装 x 431.59〜449.11 横桁 x 447.30	ext_poly	4	447.2805,-2.4935,0.1100	447.3705,-2.4935,0.1100	447.3705,2.4935,0.1100	447.2805,2.4935,0.1100	447.2805,-2.4935,0.1000	447.3705,-2.4935,0.1000	447.3705,2.4935,0.1000	447.2805,2.4935,0.1000
1348	塗替塗装-890	塗替塗装						中間部横桁	x 431.59〜449.11 x 447.37	塗替塗装範囲詳細図		DWG の図から（測量前）	塗替塗装 x 431.59〜449.11 横桁 x 447.40	ext_poly	4	447.3605,-2.4935,0.1100	447.3705,-2.4935,0.1100	447.3705,2.4935,0.1100	447.3605,2.4935,0.1100	447.3605,-2.4935,0.0200	447.3705,-2.4935,0.0200	447.3705,2.4935,0.0200	447.3605,2.4935,0.0200
1349	塗替塗装-891	塗替塗装						中間部横桁	x 431.59〜449.11 x 447.33	塗替塗装範囲詳細図		DWG の図から（測量前）	塗替塗装 x 431.59〜449.11 横桁 x 447.30	ext_poly	4	447.2805,-2.4935,-0.6400	447.3705,-2.4935,-0.6400	447.3705,2.4935,-0.6400	447.2805,2.4935,-0.6400	447.2805,-2.4935,-0.6500	447.3705,-2.4935,-0.6500	447.3705,2.4935,-0.6500	447.2805,2.4935,-0.6500
1350	塗替塗装-892	塗替塗装						中間部横桁	x 431.59〜449.11 x 447.37	塗替塗装範囲詳細図		DWG の図から（測量前）	塗替塗装 x 431.59〜449.11 横桁 x 447.40	ext_poly	4	447.3605,-2.4935,-0.5600	447.3705,-2.4935,-0.5600	447.3705,2.4935,-0.5600	447.3605,2.4935,-0.5600	447.3605,-2.4935,-0.6500	447.3705,-2.4935,-0.6500	447.3705,2.4935,-0.6500	447.3605,2.4935,-0.6500
1351	塗替塗装-893	塗替塗装						縦桁 H300x150	x 431.59〜449.11 	塗替塗装範囲詳細図		DWG の図から（測量前）	塗替塗装 x 431.59〜449.11 縦桁 H300x150	ext_poly	12	433.2240,-1.3250,0.1131	433.2240,-1.1750,0.1131	433.2240,-1.1750,0.1221	433.2240,-1.2468,0.1221	433.2260,-1.2468,0.4041	433.2260,-1.1750,0.4041	433.2260,-1.1750,0.4131	433.2260,-1.3250,0.4131	433.2260,-1.3250,0.4041	433.2260,-1.2532,0.4041	433.2240,-1.2532,0.1221	433.2240,-1.3250,0.1221	431.5890,-1.3250,0.1244	431.5890,-1.1750,0.1244	431.5890,-1.1750,0.1334	431.5890,-1.2468,0.1334	431.5910,-1.2468,0.4154	431.5910,-1.1750,0.4154	431.5910,-1.1750,0.4244	431.5910,-1.3250,0.4244	431.5910,-1.3250,0.4154	431.5910,-1.2532,0.4154	431.5890,-1.2532,0.1334	431.5890,-1.3250,0.1334
1352	塗替塗装-894	塗替塗装						縦桁 H300x150	x 431.59〜449.11 	塗替塗装範囲詳細図		DWG の図から（測量前）	塗替塗装 x 431.59〜449.11 縦桁 H300x150	ext_poly	12	433.2240,-0.0750,0.1131	433.2240,0.0750,0.1131	433.2240,0.0750,0.1221	433.2240,0.0032,0.1221	433.2260,0.0032,0.4041	433.2260,0.0750,0.4041	433.2260,0.0750,0.4131	433.2260,-0.0750,0.4131	433.2260,-0.0750,0.4041	433.2260,-0.0032,0.4041	433.2240,-0.0032,0.1221	433.2240,-0.0750,0.1221	431.5890,-0.0750,0.1244	431.5890,0.0750,0.1244	431.5890,0.0750,0.1334	431.5890,0.0032,0.1334	431.5910,0.0032,0.4154	431.5910,0.0750,0.4154	431.5910,0.0750,0.4244	431.5910,-0.0750,0.4244	431.5910,-0.0750,0.4154	431.5910,-0.0032,0.4154	431.5890,-0.0032,0.1334	431.5890,-0.0750,0.1334
1353	塗替塗装-895	塗替塗装						縦桁 H300x150	x 431.59〜449.11 	塗替塗装範囲詳細図		DWG の図から（測量前）	塗替塗装 x 431.59〜449.11 縦桁 H300x150	ext_poly	12	433.2240,1.1750,0.1131	433.2240,1.3250,0.1131	433.2240,1.3250,0.1221	433.2240,1.2532,0.1221	433.2260,1.2532,0.4041	433.2260,1.3250,0.4041	433.2260,1.3250,0.4131	433.2260,1.1750,0.4131	433.2260,1.1750,0.4041	433.2260,1.2468,0.4041	433.2240,1.2468,0.1221	433.2240,1.1750,0.1221	431.5890,1.1750,0.1244	431.5890,1.3250,0.1244	431.5890,1.3250,0.1334	431.5890,1.2532,0.1334	431.5910,1.2532,0.4154	431.5910,1.3250,0.4154	431.5910,1.3250,0.4244	431.5910,1.1750,0.4244	431.5910,1.1750,0.4154	431.5910,1.2468,0.4154	431.5890,1.2468,0.1334	431.5890,1.1750,0.1334
1354	塗替塗装-896	塗替塗装						縦桁 H300x150	x 431.59〜449.11 	塗替塗装範囲詳細図		DWG の図から（測量前）	塗替塗装 x 431.59〜449.11 縦桁 H300x150	ext_poly	12	437.0490,-1.3250,0.0886	437.0490,-1.1750,0.0886	437.0490,-1.1750,0.0976	437.0490,-1.2468,0.0976	437.0510,-1.2468,0.3796	437.0510,-1.1750,0.3796	437.0510,-1.1750,0.3886	437.0510,-1.3250,0.3886	437.0510,-1.3250,0.3796	437.0510,-1.2532,0.3796	437.0490,-1.2532,0.0976	437.0490,-1.3250,0.0976	434.0490,-1.3250,0.1091	434.0490,-1.1750,0.1091	434.0490,-1.1750,0.1181	434.0490,-1.2468,0.1181	434.0510,-1.2468,0.4001	434.0510,-1.1750,0.4001	434.0510,-1.1750,0.4091	434.0510,-1.3250,0.4091	434.0510,-1.3250,0.4001	434.0510,-1.2532,0.4001	434.0490,-1.2532,0.1181	434.0490,-1.3250,0.1181
1355	塗替塗装-897	塗替塗装						縦桁 H300x150	x 431.59〜449.11 	塗替塗装範囲詳細図		DWG の図から（測量前）	塗替塗装 x 431.59〜449.11 縦桁 H300x150	ext_poly	12	437.0490,-0.0750,0.0886	437.0490,0.0750,0.0886	437.0490,0.0750,0.0976	437.0490,0.0032,0.0976	437.0510,0.0032,0.3796	437.0510,0.0750,0.3796	437.0510,0.0750,0.3886	437.0510,-0.0750,0.3886	437.0510,-0.0750,0.3796	437.0510,-0.0032,0.3796	437.0490,-0.0032,0.0976	437.0490,-0.0750,0.0976	434.0490,-0.0750,0.1091	434.0490,0.0750,0.1091	434.0490,0.0750,0.1181	434.0490,0.0032,0.1181	434.0510,0.0032,0.4001	434.0510,0.0750,0.4001	434.0510,0.0750,0.4091	434.0510,-0.0750,0.4091	434.0510,-0.0750,0.4001	434.0510,-0.0032,0.4001	434.0490,-0.0032,0.1181	434.0490,-0.0750,0.1181
1356	塗替塗装-898	塗替塗装						縦桁 H300x150	x 431.59〜449.11 	塗替塗装範囲詳細図		DWG の図から（測量前）	塗替塗装 x 431.59〜449.11 縦桁 H300x150	ext_poly	12	437.0490,1.1750,0.0886	437.0490,1.3250,0.0886	437.0490,1.3250,0.0976	437.0490,1.2532,0.0976	437.0510,1.2532,0.3796	437.0510,1.3250,0.3796	437.0510,1.3250,0.3886	437.0510,1.1750,0.3886	437.0510,1.1750,0.3796	437.0510,1.2468,0.3796	437.0490,1.2468,0.0976	437.0490,1.1750,0.0976	434.0490,1.1750,0.1091	434.0490,1.3250,0.1091	434.0490,1.3250,0.1181	434.0490,1.2532,0.1181	434.0510,1.2532,0.4001	434.0510,1.3250,0.4001	434.0510,1.3250,0.4091	434.0510,1.1750,0.4091	434.0510,1.1750,0.4001	434.0510,1.2468,0.4001	434.0490,1.2468,0.1181	434.0490,1.1750,0.1181
1357	塗替塗装-899	塗替塗装						縦桁 H300x150	x 431.59〜449.11 	塗替塗装範囲詳細図		DWG の図から（測量前）	塗替塗装 x 431.59〜449.11 縦桁 H300x150	ext_poly	12	440.2490,-1.3250,0.0681	440.2490,-1.1750,0.0681	440.2490,-1.1750,0.0771	440.2490,-1.2468,0.0771	440.2510,-1.2468,0.3590	440.2510,-1.1750,0.3590	440.2510,-1.1750,0.3680	440.2510,-1.3250,0.3680	440.2510,-1.3250,0.3590	440.2510,-1.2532,0.3590	440.2490,-1.2532,0.0771	440.2490,-1.3250,0.0771	437.2490,-1.3250,0.0886	437.2490,-1.1750,0.0886	437.2490,-1.1750,0.0976	437.2490,-1.2468,0.0976	437.2510,-1.2468,0.3796	437.2510,-1.1750,0.3796	437.2510,-1.1750,0.3886	437.2510,-1.3250,0.3886	437.2510,-1.3250,0.3796	437.2510,-1.2532,0.3796	437.2490,-1.2532,0.0976	437.2490,-1.3250,0.0976
1358	塗替塗装-900	塗替塗装						縦桁 H300x150	x 431.59〜449.11 	塗替塗装範囲詳細図		DWG の図から（測量前）	塗替塗装 x 431.59〜449.11 縦桁 H300x150	ext_poly	12	440.2490,-0.0750,0.0681	440.2490,0.0750,0.0681	440.2490,0.0750,0.0771	440.2490,0.0032,0.0771	440.2510,0.0032,0.3590	440.2510,0.0750,0.3590	440.2510,0.0750,0.3680	440.2510,-0.0750,0.3680	440.2510,-0.0750,0.3590	440.2510,-0.0032,0.3590	440.2490,-0.0032,0.0771	440.2490,-0.0750,0.0771	437.2490,-0.0750,0.0886	437.2490,0.0750,0.0886	437.2490,0.0750,0.0976	437.2490,0.0032,0.0976	437.2510,0.0032,0.3796	437.2510,0.0750,0.3796	437.2510,0.0750,0.3886	437.2510,-0.0750,0.3886	437.2510,-0.0750,0.3796	437.2510,-0.0032,0.3796	437.2490,-0.0032,0.0976	437.2490,-0.0750,0.0976
1359	塗替塗装-901	塗替塗装						縦桁 H300x150	x 431.59〜449.11 	塗替塗装範囲詳細図		DWG の図から（測量前）	塗替塗装 x 431.59〜449.11 縦桁 H300x150	ext_poly	12	440.2490,1.1750,0.0681	440.2490,1.3250,0.0681	440.2490,1.3250,0.0771	440.2490,1.2532,0.0771	440.2510,1.2532,0.3590	440.2510,1.3250,0.3590	440.2510,1.3250,0.3680	440.2510,1.1750,0.3680	440.2510,1.1750,0.3590	440.2510,1.2468,0.3590	440.2490,1.2468,0.0771	440.2490,1.1750,0.0771	437.2490,1.1750,0.0886	437.2490,1.3250,0.0886	437.2490,1.3250,0.0976	437.2490,1.2532,0.0976	437.2510,1.2532,0.3796	437.2510,1.3250,0.3796	437.2510,1.3250,0.3886	437.2510,1.1750,0.3886	437.2510,1.1750,0.3796	437.2510,1.2468,0.3796	437.2490,1.2468,0.0976	437.2490,1.1750,0.0976
1360	塗替塗装-902	塗替塗装						縦桁 H300x150	x 431.59〜449.11 	塗替塗装範囲詳細図		DWG の図から（測量前）	塗替塗装 x 431.59〜449.11 縦桁 H300x150	ext_poly	12	443.4490,-1.3250,0.0475	443.4490,-1.1750,0.0475	443.4490,-1.1750,0.0565	443.4490,-1.2468,0.0565	443.4510,-1.2468,0.3385	443.4510,-1.1750,0.3385	443.4510,-1.1750,0.3475	443.4510,-1.3250,0.3475	443.4510,-1.3250,0.3385	443.4510,-1.2532,0.3385	443.4490,-1.2532,0.0565	443.4490,-1.3250,0.0565	440.4490,-1.3250,0.0681	440.4490,-1.1750,0.0681	440.4490,-1.1750,0.0771	440.4490,-1.2468,0.0771	440.4510,-1.2468,0.3590	440.4510,-1.1750,0.3590	440.4510,-1.1750,0.3680	440.4510,-1.3250,0.3680	440.4510,-1.3250,0.3590	440.4510,-1.2532,0.3590	440.4490,-1.2532,0.0771	440.4490,-1.3250,0.0771
1361	塗替塗装-903	塗替塗装						縦桁 H300x150	x 431.59〜449.11 	塗替塗装範囲詳細図		DWG の図から（測量前）	塗替塗装 x 431.59〜449.11 縦桁 H300x150	ext_poly	12	443.4490,-0.0750,0.0475	443.4490,0.0750,0.0475	443.4490,0.0750,0.0565	443.4490,0.0032,0.0565	443.4510,0.0032,0.3385	443.4510,0.0750,0.3385	443.4510,0.0750,0.3475	443.4510,-0.0750,0.3475	443.4510,-0.0750,0.3385	443.4510,-0.0032,0.3385	443.4490,-0.0032,0.0565	443.4490,-0.0750,0.0565	440.4490,-0.0750,0.0681	440.4490,0.0750,0.0681	440.4490,0.0750,0.0771	440.4490,0.0032,0.0771	440.4510,0.0032,0.3590	440.4510,0.0750,0.3590	440.4510,0.0750,0.3680	440.4510,-0.0750,0.3680	440.4510,-0.0750,0.3590	440.4510,-0.0032,0.3590	440.4490,-0.0032,0.0771	440.4490,-0.0750,0.0771
1362	塗替塗装-904	塗替塗装						縦桁 H300x150	x 431.59〜449.11 	塗替塗装範囲詳細図		DWG の図から（測量前）	塗替塗装 x 431.59〜449.11 縦桁 H300x150	ext_poly	12	443.4490,1.1750,0.0475	443.4490,1.3250,0.0475	443.4490,1.3250,0.0565	443.4490,1.2532,0.0565	443.4510,1.2532,0.3385	443.4510,1.3250,0.3385	443.4510,1.3250,0.3475	443.4510,1.1750,0.3475	443.4510,1.1750,0.3385	443.4510,1.2468,0.3385	443.4490,1.2468,0.0565	443.4490,1.1750,0.0565	440.4490,1.1750,0.0681	440.4490,1.3250,0.0681	440.4490,1.3250,0.0771	440.4490,1.2532,0.0771	440.4510,1.2532,0.3590	440.4510,1.3250,0.3590	440.4510,1.3250,0.3680	440.4510,1.1750,0.3680	440.4510,1.1750,0.3590	440.4510,1.2468,0.3590	440.4490,1.2468,0.0771	440.4490,1.1750,0.0771
1363	塗替塗装-905	塗替塗装						縦桁 H300x150	x 431.59〜449.11 	塗替塗装範囲詳細図		DWG の図から（測量前）	塗替塗装 x 431.59〜449.11 縦桁 H300x150	ext_poly	12	446.6490,-1.3250,0.0270	446.6490,-1.1750,0.0270	446.6490,-1.1750,0.0360	446.6490,-1.2468,0.0360	446.6510,-1.2468,0.3180	446.6510,-1.1750,0.3180	446.6510,-1.1750,0.3270	446.6510,-1.3250,0.3270	446.6510,-1.3250,0.3180	446.6510,-1.2532,0.3180	446.6490,-1.2532,0.0360	446.6490,-1.3250,0.0360	443.6490,-1.3250,0.0475	443.6490,-1.1750,0.0475	443.6490,-1.1750,0.0565	443.6490,-1.2468,0.0565	443.6510,-1.2468,0.3385	443.6510,-1.1750,0.3385	443.6510,-1.1750,0.3475	443.6510,-1.3250,0.3475	443.6510,-1.3250,0.3385	443.6510,-1.2532,0.3385	443.6490,-1.2532,0.0565	443.6490,-1.3250,0.0565
1364	塗替塗装-906	塗替塗装						縦桁 H300x150	x 431.59〜449.11 	塗替塗装範囲詳細図		DWG の図から（測量前）	塗替塗装 x 431.59〜449.11 縦桁 H300x150	ext_poly	12	446.6490,-0.0750,0.0270	446.6490,0.0750,0.0270	446.6490,0.0750,0.0360	446.6490,0.0032,0.0360	446.6510,0.0032,0.3180	446.6510,0.0750,0.3180	446.6510,0.0750,0.3270	446.6510,-0.0750,0.3270	446.6510,-0.0750,0.3180	446.6510,-0.0032,0.3180	446.6490,-0.0032,0.0360	446.6490,-0.0750,0.0360	443.6490,-0.0750,0.0475	443.6490,0.0750,0.0475	443.6490,0.0750,0.0565	443.6490,0.0032,0.0565	443.6510,0.0032,0.3385	443.6510,0.0750,0.3385	443.6510,0.0750,0.3475	443.6510,-0.0750,0.3475	443.6510,-0.0750,0.3385	443.6510,-0.0032,0.3385	443.6490,-0.0032,0.0565	443.6490,-0.0750,0.0565
1365	塗替塗装-907	塗替塗装						縦桁 H300x150	x 431.59〜449.11 	塗替塗装範囲詳細図		DWG の図から（測量前）	塗替塗装 x 431.59〜449.11 縦桁 H300x150	ext_poly	12	446.6490,1.1750,0.0270	446.6490,1.3250,0.0270	446.6490,1.3250,0.0360	446.6490,1.2532,0.0360	446.6510,1.2532,0.3180	446.6510,1.3250,0.3180	446.6510,1.3250,0.3270	446.6510,1.1750,0.3270	446.6510,1.1750,0.3180	446.6510,1.2468,0.3180	446.6490,1.2468,0.0360	446.6490,1.1750,0.0360	443.6490,1.1750,0.0475	443.6490,1.3250,0.0475	443.6490,1.3250,0.0565	443.6490,1.2532,0.0565	443.6510,1.2532,0.3385	443.6510,1.3250,0.3385	443.6510,1.3250,0.3475	443.6510,1.1750,0.3475	443.6510,1.1750,0.3385	443.6510,1.2468,0.3385	443.6490,1.2468,0.0565	443.6490,1.1750,0.0565
1366	塗替塗装-908	塗替塗装						縦桁 H300x150	x 431.59〜449.11 	塗替塗装範囲詳細図		DWG の図から（測量前）	塗替塗装 x 431.59〜449.11 縦桁 H300x150	ext_poly	12	449.1090,-1.3250,0.0117	449.1090,-1.1750,0.0117	449.1090,-1.1750,0.0207	449.1090,-1.2468,0.0207	449.1110,-1.2468,0.3027	449.1110,-1.1750,0.3027	449.1110,-1.1750,0.3117	449.1110,-1.3250,0.3117	449.1110,-1.3250,0.3027	449.1110,-1.2532,0.3027	449.1090,-1.2532,0.0207	449.1090,-1.3250,0.0207	447.4740,-1.3250,0.0230	447.4740,-1.1750,0.0230	447.4740,-1.1750,0.0320	447.4740,-1.2468,0.0320	447.4760,-1.2468,0.3140	447.4760,-1.1750,0.3140	447.4760,-1.1750,0.3230	447.4760,-1.3250,0.3230	447.4760,-1.3250,0.3140	447.4760,-1.2532,0.3140	447.4740,-1.2532,0.0320	447.4740,-1.3250,0.0320
1367	塗替塗装-909	塗替塗装						縦桁 H300x150	x 431.59〜449.11 	塗替塗装範囲詳細図		DWG の図から（測量前）	塗替塗装 x 431.59〜449.11 縦桁 H300x150	ext_poly	12	449.1090,-0.0750,0.0117	449.1090,0.0750,0.0117	449.1090,0.0750,0.0207	449.1090,0.0032,0.0207	449.1110,0.0032,0.3027	449.1110,0.0750,0.3027	449.1110,0.0750,0.3117	449.1110,-0.0750,0.3117	449.1110,-0.0750,0.3027	449.1110,-0.0032,0.3027	449.1090,-0.0032,0.0207	449.1090,-0.0750,0.0207	447.4740,-0.0750,0.0230	447.4740,0.0750,0.0230	447.4740,0.0750,0.0320	447.4740,0.0032,0.0320	447.4760,0.0032,0.3140	447.4760,0.0750,0.3140	447.4760,0.0750,0.3230	447.4760,-0.0750,0.3230	447.4760,-0.0750,0.3140	447.4760,-0.0032,0.3140	447.4740,-0.0032,0.0320	447.4740,-0.0750,0.0320
1368	塗替塗装-910	塗替塗装						縦桁 H300x150	x 431.59〜449.11 	塗替塗装範囲詳細図		DWG の図から（測量前）	塗替塗装 x 431.59〜449.11 縦桁 H300x150	ext_poly	12	449.1090,1.1750,0.0117	449.1090,1.3250,0.0117	449.1090,1.3250,0.0207	449.1090,1.2532,0.0207	449.1110,1.2532,0.3027	449.1110,1.3250,0.3027	449.1110,1.3250,0.3117	449.1110,1.1750,0.3117	449.1110,1.1750,0.3027	449.1110,1.2468,0.3027	449.1090,1.2468,0.0207	449.1090,1.1750,0.0207	447.4740,1.1750,0.0230	447.4740,1.3250,0.0230	447.4740,1.3250,0.0320	447.4740,1.2532,0.0320	447.4760,1.2532,0.3140	447.4760,1.3250,0.3140	447.4760,1.3250,0.3230	447.4760,1.1750,0.3230	447.4760,1.1750,0.3140	447.4760,1.2468,0.3140	447.4740,1.2468,0.0320	447.4740,1.1750,0.0320
1369	塗替塗装-911	塗替塗装						鋼板 PL800x9	x 431.59〜449.11 y -1.88	塗替塗装範囲詳細図		DWG の図から（測量前）	塗替塗装 x 431.59〜449.11 鋼板 y -1.88	ext_poly	4	431.5900,-2.2750,0.4242	435.5900,-2.2750,0.3986	435.5900,-1.4750,0.3986	431.5900,-1.4750,0.4242	431.5900,-2.2750,0.4152	435.5900,-2.2750,0.3896	435.5900,-1.4750,0.3896	431.5900,-1.4750,0.4152
1370	塗替塗装-912	塗替塗装						鋼板 PL800x9	x 431.59〜449.11 y -0.62	塗替塗装範囲詳細図		DWG の図から（測量前）	塗替塗装 x 431.59〜449.11 鋼板 y -0.62	ext_poly	4	431.5900,-1.0250,0.4242	435.5900,-1.0250,0.3986	435.5900,-0.2250,0.3986	431.5900,-0.2250,0.4242	431.5900,-1.0250,0.4152	435.5900,-1.0250,0.3896	435.5900,-0.2250,0.3896	431.5900,-0.2250,0.4152
1371	塗替塗装-913	塗替塗装						鋼板 PL800x9	x 431.59〜449.11 y 0.62	塗替塗装範囲詳細図		DWG の図から（測量前）	塗替塗装 x 431.59〜449.11 鋼板 y 0.62	ext_poly	4	431.5900,0.2250,0.4242	435.5900,0.2250,0.3986	435.5900,1.0250,0.3986	431.5900,1.0250,0.4242	431.5900,0.2250,0.4152	435.5900,0.2250,0.3896	435.5900,1.0250,0.3896	431.5900,1.0250,0.4152
1372	塗替塗装-914	塗替塗装						鋼板 PL800x9	x 431.59〜449.11 y 1.88	塗替塗装範囲詳細図		DWG の図から（測量前）	塗替塗装 x 431.59〜449.11 鋼板 y 1.88	ext_poly	4	431.5900,1.4750,0.4242	435.5900,1.4750,0.3986	435.5900,2.2750,0.3986	431.5900,2.2750,0.4242	431.5900,1.4750,0.4152	435.5900,1.4750,0.3896	435.5900,2.2750,0.3896	431.5900,2.2750,0.4152
1373	塗替塗装-915	塗替塗装						鋼板 PL800x9	x 431.59〜449.11 y -1.88	塗替塗装範囲詳細図		DWG の図から（測量前）	塗替塗装 x 431.59〜449.11 鋼板 y -1.88	ext_poly	4	435.5900,-2.2750,0.3986	439.5900,-2.2750,0.3729	439.5900,-1.4750,0.3729	435.5900,-1.4750,0.3986	435.5900,-2.2750,0.3896	439.5900,-2.2750,0.3639	439.5900,-1.4750,0.3639	435.5900,-1.4750,0.3896
1374	塗替塗装-916	塗替塗装						鋼板 PL800x9	x 431.59〜449.11 y -0.62	塗替塗装範囲詳細図		DWG の図から（測量前）	塗替塗装 x 431.59〜449.11 鋼板 y -0.62	ext_poly	4	435.5900,-1.0250,0.3986	439.5900,-1.0250,0.3729	439.5900,-0.2250,0.3729	435.5900,-0.2250,0.3986	435.5900,-1.0250,0.3896	439.5900,-1.0250,0.3639	439.5900,-0.2250,0.3639	435.5900,-0.2250,0.3896
1375	塗替塗装-917	塗替塗装						鋼板 PL800x9	x 431.59〜449.11 y 0.62	塗替塗装範囲詳細図		DWG の図から（測量前）	塗替塗装 x 431.59〜449.11 鋼板 y 0.62	ext_poly	4	435.5900,0.2250,0.3986	439.5900,0.2250,0.3729	439.5900,1.0250,0.3729	435.5900,1.0250,0.3986	435.5900,0.2250,0.3896	439.5900,0.2250,0.3639	439.5900,1.0250,0.3639	435.5900,1.0250,0.3896
1376	塗替塗装-918	塗替塗装						鋼板 PL800x9	x 431.59〜449.11 y 1.88	塗替塗装範囲詳細図		DWG の図から（測量前）	塗替塗装 x 431.59〜449.11 鋼板 y 1.88	ext_poly	4	435.5900,1.4750,0.3986	439.5900,1.4750,0.3729	439.5900,2.2750,0.3729	435.5900,2.2750,0.3986	435.5900,1.4750,0.3896	439.5900,1.4750,0.3639	439.5900,2.2750,0.3639	435.5900,2.2750,0.3896
1377	塗替塗装-919	塗替塗装						鋼板 PL800x9	x 431.59〜449.11 y -1.88	塗替塗装範囲詳細図		DWG の図から（測量前）	塗替塗装 x 431.59〜449.11 鋼板 y -1.88	ext_poly	4	439.5900,-2.2750,0.3729	443.5900,-2.2750,0.3473	443.5900,-1.4750,0.3473	439.5900,-1.4750,0.3729	439.5900,-2.2750,0.3639	443.5900,-2.2750,0.3383	443.5900,-1.4750,0.3383	439.5900,-1.4750,0.3639
1378	塗替塗装-920	塗替塗装						鋼板 PL800x9	x 431.59〜449.11 y -0.62	塗替塗装範囲詳細図		DWG の図から（測量前）	塗替塗装 x 431.59〜449.11 鋼板 y -0.62	ext_poly	4	439.5900,-1.0250,0.3729	443.5900,-1.0250,0.3473	443.5900,-0.2250,0.3473	439.5900,-0.2250,0.3729	439.5900,-1.0250,0.3639	443.5900,-1.0250,0.3383	443.5900,-0.2250,0.3383	439.5900,-0.2250,0.3639
1379	塗替塗装-921	塗替塗装						鋼板 PL800x9	x 431.59〜449.11 y 0.62	塗替塗装範囲詳細図		DWG の図から（測量前）	塗替塗装 x 431.59〜449.11 鋼板 y 0.62	ext_poly	4	439.5900,0.2250,0.3729	443.5900,0.2250,0.3473	443.5900,1.0250,0.3473	439.5900,1.0250,0.3729	439.5900,0.2250,0.3639	443.5900,0.2250,0.3383	443.5900,1.0250,0.3383	439.5900,1.0250,0.3639
1380	塗替塗装-922	塗替塗装						鋼板 PL800x9	x 431.59〜449.11 y 1.88	塗替塗装範囲詳細図		DWG の図から（測量前）	塗替塗装 x 431.59〜449.11 鋼板 y 1.88	ext_poly	4	439.5900,1.4750,0.3729	443.5900,1.4750,0.3473	443.5900,2.2750,0.3473	439.5900,2.2750,0.3729	439.5900,1.4750,0.3639	443.5900,1.4750,0.3383	443.5900,2.2750,0.3383	439.5900,2.2750,0.3639
1381	塗替塗装-923	塗替塗装						鋼板 PL800x9	x 431.59〜449.11 y -1.88	塗替塗装範囲詳細図		DWG の図から（測量前）	塗替塗装 x 431.59〜449.11 鋼板 y -1.88	ext_poly	4	443.5900,-2.2750,0.3473	447.5900,-2.2750,0.3217	447.5900,-1.4750,0.3217	443.5900,-1.4750,0.3473	443.5900,-2.2750,0.3383	447.5900,-2.2750,0.3127	447.5900,-1.4750,0.3127	443.5900,-1.4750,0.3383
1382	塗替塗装-924	塗替塗装						鋼板 PL800x9	x 431.59〜449.11 y -0.62	塗替塗装範囲詳細図		DWG の図から（測量前）	塗替塗装 x 431.59〜449.11 鋼板 y -0.62	ext_poly	4	443.5900,-1.0250,0.3473	447.5900,-1.0250,0.3217	447.5900,-0.2250,0.3217	443.5900,-0.2250,0.3473	443.5900,-1.0250,0.3383	447.5900,-1.0250,0.3127	447.5900,-0.2250,0.3127	443.5900,-0.2250,0.3383
1383	塗替塗装-925	塗替塗装						鋼板 PL800x9	x 431.59〜449.11 y 0.62	塗替塗装範囲詳細図		DWG の図から（測量前）	塗替塗装 x 431.59〜449.11 鋼板 y 0.62	ext_poly	4	443.5900,0.2250,0.3473	447.5900,0.2250,0.3217	447.5900,1.0250,0.3217	443.5900,1.0250,0.3473	443.5900,0.2250,0.3383	447.5900,0.2250,0.3127	447.5900,1.0250,0.3127	443.5900,1.0250,0.3383
1384	塗替塗装-926	塗替塗装						鋼板 PL800x9	x 431.59〜449.11 y 1.88	塗替塗装範囲詳細図		DWG の図から（測量前）	塗替塗装 x 431.59〜449.11 鋼板 y 1.88	ext_poly	4	443.5900,1.4750,0.3473	447.5900,1.4750,0.3217	447.5900,2.2750,0.3217	443.5900,2.2750,0.3473	443.5900,1.4750,0.3383	447.5900,1.4750,0.3127	447.5900,2.2750,0.3127	443.5900,2.2750,0.3383
1385	塗替塗装-927	塗替塗装						鋼板 PL800x9	x 431.59〜449.11 y -1.88	塗替塗装範囲詳細図		DWG の図から（測量前）	塗替塗装 x 431.59〜449.11 鋼板 y -1.88	ext_poly	4	447.5900,-2.2750,0.3217	449.1100,-2.2750,0.3119	449.1100,-1.4750,0.3119	447.5900,-1.4750,0.3217	447.5900,-2.2750,0.3127	449.1100,-2.2750,0.3029	449.1100,-1.4750,0.3029	447.5900,-1.4750,0.3127
1386	塗替塗装-928	塗替塗装						鋼板 PL800x9	x 431.59〜449.11 y -0.62	塗替塗装範囲詳細図		DWG の図から（測量前）	塗替塗装 x 431.59〜449.11 鋼板 y -0.62	ext_poly	4	447.5900,-1.0250,0.3217	449.1100,-1.0250,0.3119	449.1100,-0.2250,0.3119	447.5900,-0.2250,0.3217	447.5900,-1.0250,0.3127	449.1100,-1.0250,0.3029	449.1100,-0.2250,0.3029	447.5900,-0.2250,0.3127
1387	塗替塗装-929	塗替塗装						鋼板 PL800x9	x 431.59〜449.11 y 0.62	塗替塗装範囲詳細図		DWG の図から（測量前）	塗替塗装 x 431.59〜449.11 鋼板 y 0.62	ext_poly	4	447.5900,0.2250,0.3217	449.1100,0.2250,0.3119	449.1100,1.0250,0.3119	447.5900,1.0250,0.3217	447.5900,0.2250,0.3127	449.1100,0.2250,0.3029	449.1100,1.0250,0.3029	447.5900,1.0250,0.3127
1388	塗替塗装-930	塗替塗装						鋼板 PL800x9	x 431.59〜449.11 y 1.88	塗替塗装範囲詳細図		DWG の図から（測量前）	塗替塗装 x 431.59〜449.11 鋼板 y 1.88	ext_poly	4	447.5900,1.4750,0.3217	449.1100,1.4750,0.3119	449.1100,2.2750,0.3119	447.5900,2.2750,0.3217	447.5900,1.4750,0.3127	449.1100,1.4750,0.3029	449.1100,2.2750,0.3029	447.5900,2.2750,0.3127
