#ifcsheet	1
#book	REPAIREBRIDGE
#unit	m
#stepcols	STEP1	STEP2	STEP3	STEP4	STEP5
#memocols	部材	場所	工事	図面	CAD画層
#groupcol	まとめ
[colors]
red	255	0	0
green	0	255	0
blue	0	0	255
yellow	255	255	0
magenta	255	0	255
cyan	0	255	255
white	255	255	255
black	0	0	0
brown	120	63	4
pink	241	206	238
olive	147	196	125
grey	153	153	153
orange	255	153	0
[types]
*default	色	red	pink	olive	yellow	blue	cyan
*default	透過	0	0	0	0	0	0
*default	名称	未施工	STEP1	－	－	－	－
切削オーバーレイ工	色	grey			cyan		
切削オーバーレイ工	透過		0.2	0.4	1		
切削オーバーレイ工	名称	未施工	表層切削	基層切削	既設目地撤去	－	－
既設伸縮装置撤去	色			cyan			
既設伸縮装置撤去	透過			1			
既設伸縮装置撤去	名称	未施工	フラットジャッキ設置	伸縮装置撤去	－	－	－
床版防水層	色				cyan		
床版防水層	透過						
床版防水層	名称	未施工	塗膜防水	縦断排水管	端部防水処理	－	－
高視認性区画線　上り面	色				cyan		
高視認性区画線　上り面	透過						
高視認性区画線　上り面	名称	未施工	実線白色（外側）	実線白色（内側）	破線白色	－	－
支承取替	色						
支承取替	透過						
支承取替	名称	未施工					
伸縮装置取替	色	olive		cyan			
伸縮装置取替	透過	1					
伸縮装置取替	名称	未施工	伸縮装置撤去	伸縮装置設置	－	－	－
浮き上がり防止対策	色		cyan				
浮き上がり防止対策	透過						
浮き上がり防止対策	名称	未施工	設置	－	－	－	－
目地材補修	色			cyan			
目地材補修	透過						
目地材補修	名称	未施工	バックアップ材	シール材	－	－	－
断面修復工	色			cyan			
断面修復工	透過						
断面修復工	名称	未施工	下地処理	軽量ポリマーセメントモルタル	－	－	－
剥落防止工	色	magenta					cyan
剥落防止工	透過						
剥落防止工	名称	未施工	下地処理	プライマー	パテ	中塗	上塗
高視認性区画線　下り面	色						
高視認性区画線　下り面	透過						
高視認性区画線　下り面	名称	未施工	実線白色（内側）	破線白色（内側）	実線白色（外側）	破線白色（外側）	
アンカーボルト補修	色		cyan				
アンカーボルト補修	透過						
アンカーボルト補修	名称	未施工	アンカーボルト取替	－	－	－	－
白線	色	black	white				
白線	透過	1					
白線	名称	未施工	完了				
舗装工	色	black	grey				
舗装工	透過	1					
舗装工	名称	未施工	完了				
文字	色	yellow	red	cyan			
文字	透過						
文字	名称	yellow	red	cyan			
高力ボルト当て板鋼桁補強工	色		cyan				
高力ボルト当て板鋼桁補強工	透過	0	0	0	0	0	0
高力ボルト当て板鋼桁補強工	名称	未施工	完了	－	－	－	－
腐食部補修工	色		cyan				
腐食部補修工	透過	0	0	0	0	0	0
腐食部補修工	名称	未施工	完了	－	－	－	－
鋼桁補強工	色		cyan				
鋼桁補強工	透過	0	0	0	0	0	0
鋼桁補強工	名称	未施工	完了	－	－	－	－
支承防錆工	色		cyan				
支承防錆工	透過	0	0	0	0	0	0
支承防錆工	名称	未施工	完了	－	－	－	－
保護ボルトキャップ	色		cyan				
保護ボルトキャップ	透過	0	0	0	0	0	0
保護ボルトキャップ	名称	未施工	完了	－	－	－	－
排水施設工	色		cyan				
排水施設工	透過	0	0	0	0	0	0
排水施設工	名称	未施工	完了	－	－	－	－
橋梁塗装工	色					cyan	
橋梁塗装工	透過	0	0	0	0	0	0
橋梁塗装工	名称	未施工	素地調整	下塗	中塗	上塗	－
ひびわれ補修工	色				cyan		
ひびわれ補修工	透過	0	0	0	0	0	0
ひびわれ補修工	名称	未施工	下地処理	ひびわれ注入	表面処理	－	－
[rows]
3	ひびわれ補修工 第1-001	ひびわれ補修工	2026/10/06					低圧注入工法(A)		第1工事	第1工事 2 頁（橋梁一般図(1) の数量表）				
4	ひびわれ補修工 第1-002	ひびわれ補修工						低圧注入工法(B)		第1工事	第1工事 2 頁（橋梁一般図(1) の数量表）				
5	ひびわれ補修工 第1-003	ひびわれ補修工						充てん工法(A)		第1工事	第1工事 2 頁（橋梁一般図(1) の数量表）				
6	保護ボルトキャップ 第1-001	保護ボルトキャップ						保護ボルトキャップ	x 0.0 m 1/8	第1工事	第1工事 2 頁（橋梁一般図(1)）	V_K1_下路平面図		ext_poly	8	-0.5000,7.1030,-0.6670	-0.5354,7.0884,-0.6670	-0.5500,7.0530,-0.6670	-0.5354,7.0176,-0.6670	-0.5000,7.0030,-0.6670	-0.4646,7.0176,-0.6670	-0.4500,7.0530,-0.6670	-0.4646,7.0884,-0.6670	-0.5000,7.1030,-0.7200	-0.5354,7.0884,-0.7200	-0.5500,7.0530,-0.7200	-0.5354,7.0176,-0.7200	-0.5000,7.0030,-0.7200	-0.4646,7.0176,-0.7200	-0.4500,7.0530,-0.7200	-0.4646,7.0884,-0.7200
7	保護ボルトキャップ 第1-002	保護ボルトキャップ	2026/10/03					保護ボルトキャップ	x 0.0 m 1/8	第1工事	第1工事 2 頁（橋梁一般図(1)）	V_K1_下路平面図		ext_poly	8	-0.5000,-7.8970,-0.6670	-0.5354,-7.9116,-0.6670	-0.5500,-7.9470,-0.6670	-0.5354,-7.9824,-0.6670	-0.5000,-7.9970,-0.6670	-0.4646,-7.9824,-0.6670	-0.4500,-7.9470,-0.6670	-0.4646,-7.9116,-0.6670	-0.5000,-7.8970,-0.7200	-0.5354,-7.9116,-0.7200	-0.5500,-7.9470,-0.7200	-0.5354,-7.9824,-0.7200	-0.5000,-7.9970,-0.7200	-0.4646,-7.9824,-0.7200	-0.4500,-7.9470,-0.7200	-0.4646,-7.9116,-0.7200
8	保護ボルトキャップ 第1-003	保護ボルトキャップ						保護ボルトキャップ	x 0.0 m 2/8	第1工事	第1工事 2 頁（橋梁一般図(1)）	V_K1_下路平面図		ext_poly	8	-0.5000,7.4030,-0.6670	-0.5354,7.3884,-0.6670	-0.5500,7.3530,-0.6670	-0.5354,7.3176,-0.6670	-0.5000,7.3030,-0.6670	-0.4646,7.3176,-0.6670	-0.4500,7.3530,-0.6670	-0.4646,7.3884,-0.6670	-0.5000,7.4030,-0.7200	-0.5354,7.3884,-0.7200	-0.5500,7.3530,-0.7200	-0.5354,7.3176,-0.7200	-0.5000,7.3030,-0.7200	-0.4646,7.3176,-0.7200	-0.4500,7.3530,-0.7200	-0.4646,7.3884,-0.7200
9	保護ボルトキャップ 第1-004	保護ボルトキャップ						保護ボルトキャップ	x 0.0 m 2/8	第1工事	第1工事 2 頁（橋梁一般図(1)）	V_K1_下路平面図		ext_poly	8	-0.5000,-7.5970,-0.6670	-0.5354,-7.6116,-0.6670	-0.5500,-7.6470,-0.6670	-0.5354,-7.6824,-0.6670	-0.5000,-7.6970,-0.6670	-0.4646,-7.6824,-0.6670	-0.4500,-7.6470,-0.6670	-0.4646,-7.6116,-0.6670	-0.5000,-7.5970,-0.7200	-0.5354,-7.6116,-0.7200	-0.5500,-7.6470,-0.7200	-0.5354,-7.6824,-0.7200	-0.5000,-7.6970,-0.7200	-0.4646,-7.6824,-0.7200	-0.4500,-7.6470,-0.7200	-0.4646,-7.6116,-0.7200
10	保護ボルトキャップ 第1-005	保護ボルトキャップ						保護ボルトキャップ	x 0.0 m 3/8	第1工事	第1工事 2 頁（橋梁一般図(1)）	V_K1_下路平面図		ext_poly	8	-0.5000,7.7100,-0.6670	-0.5354,7.6954,-0.6670	-0.5500,7.6600,-0.6670	-0.5354,7.6246,-0.6670	-0.5000,7.6100,-0.6670	-0.4646,7.6246,-0.6670	-0.4500,7.6600,-0.6670	-0.4646,7.6954,-0.6670	-0.5000,7.7100,-0.7200	-0.5354,7.6954,-0.7200	-0.5500,7.6600,-0.7200	-0.5354,7.6246,-0.7200	-0.5000,7.6100,-0.7200	-0.4646,7.6246,-0.7200	-0.4500,7.6600,-0.7200	-0.4646,7.6954,-0.7200
11	保護ボルトキャップ 第1-006	保護ボルトキャップ						保護ボルトキャップ	x 0.0 m 3/8	第1工事	第1工事 2 頁（橋梁一般図(1)）	V_K1_下路平面図		ext_poly	8	-0.5000,-7.2900,-0.6670	-0.5354,-7.3046,-0.6670	-0.5500,-7.3400,-0.6670	-0.5354,-7.3754,-0.6670	-0.5000,-7.3900,-0.6670	-0.4646,-7.3754,-0.6670	-0.4500,-7.3400,-0.6670	-0.4646,-7.3046,-0.6670	-0.5000,-7.2900,-0.7200	-0.5354,-7.3046,-0.7200	-0.5500,-7.3400,-0.7200	-0.5354,-7.3754,-0.7200	-0.5000,-7.3900,-0.7200	-0.4646,-7.3754,-0.7200	-0.4500,-7.3400,-0.7200	-0.4646,-7.3046,-0.7200
12	保護ボルトキャップ 第1-007	保護ボルトキャップ						保護ボルトキャップ	x 0.0 m 4/8	第1工事	第1工事 2 頁（橋梁一般図(1)）	V_K1_下路平面図		ext_poly	8	-0.5000,7.9900,-0.6670	-0.5354,7.9754,-0.6670	-0.5500,7.9400,-0.6670	-0.5354,7.9046,-0.6670	-0.5000,7.8900,-0.6670	-0.4646,7.9046,-0.6670	-0.4500,7.9400,-0.6670	-0.4646,7.9754,-0.6670	-0.5000,7.9900,-0.7200	-0.5354,7.9754,-0.7200	-0.5500,7.9400,-0.7200	-0.5354,7.9046,-0.7200	-0.5000,7.8900,-0.7200	-0.4646,7.9046,-0.7200	-0.4500,7.9400,-0.7200	-0.4646,7.9754,-0.7200
13	保護ボルトキャップ 第1-008	保護ボルトキャップ						保護ボルトキャップ	x 0.0 m 4/8	第1工事	第1工事 2 頁（橋梁一般図(1)）	V_K1_下路平面図		ext_poly	8	-0.5000,-7.0100,-0.6670	-0.5354,-7.0246,-0.6670	-0.5500,-7.0600,-0.6670	-0.5354,-7.0954,-0.6670	-0.5000,-7.1100,-0.6670	-0.4646,-7.0954,-0.6670	-0.4500,-7.0600,-0.6670	-0.4646,-7.0246,-0.6670	-0.5000,-7.0100,-0.7200	-0.5354,-7.0246,-0.7200	-0.5500,-7.0600,-0.7200	-0.5354,-7.0954,-0.7200	-0.5000,-7.1100,-0.7200	-0.4646,-7.0954,-0.7200	-0.4500,-7.0600,-0.7200	-0.4646,-7.0246,-0.7200
14	保護ボルトキャップ 第1-009	保護ボルトキャップ						保護ボルトキャップ	x 0.0 m 5/8	第1工事	第1工事 2 頁（橋梁一般図(1)）	V_K1_下路平面図		ext_poly	8	0.5000,7.1030,-0.6670	0.4646,7.0884,-0.6670	0.4500,7.0530,-0.6670	0.4646,7.0176,-0.6670	0.5000,7.0030,-0.6670	0.5354,7.0176,-0.6670	0.5500,7.0530,-0.6670	0.5354,7.0884,-0.6670	0.5000,7.1030,-0.7200	0.4646,7.0884,-0.7200	0.4500,7.0530,-0.7200	0.4646,7.0176,-0.7200	0.5000,7.0030,-0.7200	0.5354,7.0176,-0.7200	0.5500,7.0530,-0.7200	0.5354,7.0884,-0.7200
15	保護ボルトキャップ 第1-010	保護ボルトキャップ						保護ボルトキャップ	x 0.0 m 5/8	第1工事	第1工事 2 頁（橋梁一般図(1)）	V_K1_下路平面図		ext_poly	8	0.5000,-7.8970,-0.6670	0.4646,-7.9116,-0.6670	0.4500,-7.9470,-0.6670	0.4646,-7.9824,-0.6670	0.5000,-7.9970,-0.6670	0.5354,-7.9824,-0.6670	0.5500,-7.9470,-0.6670	0.5354,-7.9116,-0.6670	0.5000,-7.8970,-0.7200	0.4646,-7.9116,-0.7200	0.4500,-7.9470,-0.7200	0.4646,-7.9824,-0.7200	0.5000,-7.9970,-0.7200	0.5354,-7.9824,-0.7200	0.5500,-7.9470,-0.7200	0.5354,-7.9116,-0.7200
16	保護ボルトキャップ 第1-011	保護ボルトキャップ						保護ボルトキャップ	x 0.0 m 6/8	第1工事	第1工事 2 頁（橋梁一般図(1)）	V_K1_下路平面図		ext_poly	8	0.5000,7.4030,-0.6670	0.4646,7.3884,-0.6670	0.4500,7.3530,-0.6670	0.4646,7.3176,-0.6670	0.5000,7.3030,-0.6670	0.5354,7.3176,-0.6670	0.5500,7.3530,-0.6670	0.5354,7.3884,-0.6670	0.5000,7.4030,-0.7200	0.4646,7.3884,-0.7200	0.4500,7.3530,-0.7200	0.4646,7.3176,-0.7200	0.5000,7.3030,-0.7200	0.5354,7.3176,-0.7200	0.5500,7.3530,-0.7200	0.5354,7.3884,-0.7200
17	保護ボルトキャップ 第1-012	保護ボルトキャップ						保護ボルトキャップ	x 0.0 m 6/8	第1工事	第1工事 2 頁（橋梁一般図(1)）	V_K1_下路平面図		ext_poly	8	0.5000,-7.5970,-0.6670	0.4646,-7.6116,-0.6670	0.4500,-7.6470,-0.6670	0.4646,-7.6824,-0.6670	0.5000,-7.6970,-0.6670	0.5354,-7.6824,-0.6670	0.5500,-7.6470,-0.6670	0.5354,-7.6116,-0.6670	0.5000,-7.5970,-0.7200	0.4646,-7.6116,-0.7200	0.4500,-7.6470,-0.7200	0.4646,-7.6824,-0.7200	0.5000,-7.6970,-0.7200	0.5354,-7.6824,-0.7200	0.5500,-7.6470,-0.7200	0.5354,-7.6116,-0.7200
18	保護ボルトキャップ 第1-013	保護ボルトキャップ						保護ボルトキャップ	x 0.0 m 7/8	第1工事	第1工事 2 頁（橋梁一般図(1)）	V_K1_下路平面図		ext_poly	8	0.5000,7.7100,-0.6670	0.4646,7.6954,-0.6670	0.4500,7.6600,-0.6670	0.4646,7.6246,-0.6670	0.5000,7.6100,-0.6670	0.5354,7.6246,-0.6670	0.5500,7.6600,-0.6670	0.5354,7.6954,-0.6670	0.5000,7.7100,-0.7200	0.4646,7.6954,-0.7200	0.4500,7.6600,-0.7200	0.4646,7.6246,-0.7200	0.5000,7.6100,-0.7200	0.5354,7.6246,-0.7200	0.5500,7.6600,-0.7200	0.5354,7.6954,-0.7200
19	保護ボルトキャップ 第1-014	保護ボルトキャップ						保護ボルトキャップ	x 0.0 m 7/8	第1工事	第1工事 2 頁（橋梁一般図(1)）	V_K1_下路平面図		ext_poly	8	0.5000,-7.2900,-0.6670	0.4646,-7.3046,-0.6670	0.4500,-7.3400,-0.6670	0.4646,-7.3754,-0.6670	0.5000,-7.3900,-0.6670	0.5354,-7.3754,-0.6670	0.5500,-7.3400,-0.6670	0.5354,-7.3046,-0.6670	0.5000,-7.2900,-0.7200	0.4646,-7.3046,-0.7200	0.4500,-7.3400,-0.7200	0.4646,-7.3754,-0.7200	0.5000,-7.3900,-0.7200	0.5354,-7.3754,-0.7200	0.5500,-7.3400,-0.7200	0.5354,-7.3046,-0.7200
20	保護ボルトキャップ 第1-015	保護ボルトキャップ						保護ボルトキャップ	x 0.0 m 8/8	第1工事	第1工事 2 頁（橋梁一般図(1)）	V_K1_下路平面図		ext_poly	8	0.5000,7.9900,-0.6670	0.4646,7.9754,-0.6670	0.4500,7.9400,-0.6670	0.4646,7.9046,-0.6670	0.5000,7.8900,-0.6670	0.5354,7.9046,-0.6670	0.5500,7.9400,-0.6670	0.5354,7.9754,-0.6670	0.5000,7.9900,-0.7200	0.4646,7.9754,-0.7200	0.4500,7.9400,-0.7200	0.4646,7.9046,-0.7200	0.5000,7.8900,-0.7200	0.5354,7.9046,-0.7200	0.5500,7.9400,-0.7200	0.5354,7.9754,-0.7200
21	保護ボルトキャップ 第1-016	保護ボルトキャップ						保護ボルトキャップ	x 0.0 m 8/8	第1工事	第1工事 2 頁（橋梁一般図(1)）	V_K1_下路平面図		ext_poly	8	0.5000,-7.0100,-0.6670	0.4646,-7.0246,-0.6670	0.4500,-7.0600,-0.6670	0.4646,-7.0954,-0.6670	0.5000,-7.1100,-0.6670	0.5354,-7.0954,-0.6670	0.5500,-7.0600,-0.6670	0.5354,-7.0246,-0.6670	0.5000,-7.0100,-0.7200	0.4646,-7.0246,-0.7200	0.4500,-7.0600,-0.7200	0.4646,-7.0954,-0.7200	0.5000,-7.1100,-0.7200	0.5354,-7.0954,-0.7200	0.5500,-7.0600,-0.7200	0.5354,-7.0246,-0.7200
22	排水施設工 第1-001	排水施設工						目皿取替	x 29.8 m	第1工事	第1工事 2 頁（橋梁一般図(1)）	V_K1_下路平面図		ext_poly	4	30.3400,1.9200,1.7556	30.7400,1.9200,1.7556	30.7400,2.2200,1.7556	30.3400,2.2200,1.7556	30.3400,1.9200,1.7056	30.7400,1.9200,1.7056	30.7400,2.2200,1.7056	30.3400,2.2200,1.7056
23	排水施設工 第1-002	排水施設工						目皿取替	x 99.8 m	第1工事	第1工事 2 頁（橋梁一般図(1)）	V_K1_下路平面図		ext_poly	4	99.4400,1.9200,2.1928	99.8400,1.9200,2.1928	99.8400,2.2200,2.1928	99.4400,2.2200,2.1928	99.4400,1.9200,2.1428	99.8400,1.9200,2.1428	99.8400,2.2200,2.1428	99.4400,2.2200,2.1428
24	支承防錆工 第1-001	支承防錆工						支承防錆(A)	x 0.0 m 底板	第1工事	第1工事 2 頁（橋梁一般図(1)）	V_K1_下路平面図	支承防錆工 第1-001	ext_poly	4	-0.5750,6.7900,-0.7200	0.5750,6.7900,-0.7200	0.5750,8.2100,-0.7200	-0.5750,8.2100,-0.7200	-0.5750,6.7900,-0.7800	0.5750,6.7900,-0.7800	0.5750,8.2100,-0.7800	-0.5750,8.2100,-0.7800
25	支承防錆工 第1-002	支承防錆工						支承防錆(B)	x 0.0 m 底板	第1工事	第1工事 2 頁（橋梁一般図(1)）	V_K1_下路平面図	支承防錆工 第1-002	ext_poly	4	-0.5750,-8.2100,-0.7200	0.5750,-8.2100,-0.7200	0.5750,-6.7900,-0.7200	-0.5750,-6.7900,-0.7200	-0.5750,-8.2100,-0.7800	0.5750,-8.2100,-0.7800	0.5750,-6.7900,-0.7800	-0.5750,-6.7900,-0.7800
26	支承防錆工 第1-003	支承防錆工						支承防錆(A)	x 0.0 m 下沓	第1工事	第1工事 2 頁（橋梁一般図(1)）	V_K1_下路平面図	支承防錆工 第1-001	ext_poly	4	-0.5000,6.8500,-0.5200	0.5000,6.8500,-0.5200	0.5000,8.1500,-0.5200	-0.5000,8.1500,-0.5200	-0.5000,6.8500,-0.7200	0.5000,6.8500,-0.7200	0.5000,8.1500,-0.7200	-0.5000,8.1500,-0.7200
27	支承防錆工 第1-004	支承防錆工						支承防錆(B)	x 0.0 m 下沓	第1工事	第1工事 2 頁（橋梁一般図(1)）	V_K1_下路平面図	支承防錆工 第1-002	ext_poly	4	-0.5000,-8.1500,-0.5200	0.5000,-8.1500,-0.5200	0.5000,-6.8500,-0.5200	-0.5000,-6.8500,-0.5200	-0.5000,-8.1500,-0.7200	0.5000,-8.1500,-0.7200	0.5000,-6.8500,-0.7200	-0.5000,-6.8500,-0.7200
28	支承防錆工 第1-005	支承防錆工						支承防錆(A)	x 0.0 m 上沓	第1工事	第1工事 2 頁（橋梁一般図(1)）	V_K1_下路平面図	支承防錆工 第1-001	ext_poly	4	-0.4000,7.1000,0.0400	0.4000,7.1000,0.0400	0.4000,7.9000,0.0400	-0.4000,7.9000,0.0400	-0.4000,7.1000,-0.1600	0.4000,7.1000,-0.1600	0.4000,7.9000,-0.1600	-0.4000,7.9000,-0.1600
29	支承防錆工 第1-006	支承防錆工						支承防錆(B)	x 0.0 m 上沓	第1工事	第1工事 2 頁（橋梁一般図(1)）	V_K1_下路平面図	支承防錆工 第1-002	ext_poly	4	-0.4000,-7.9000,0.0400	0.4000,-7.9000,0.0400	0.4000,-7.1000,0.0400	-0.4000,-7.1000,0.0400	-0.4000,-7.9000,-0.1600	0.4000,-7.9000,-0.1600	0.4000,-7.1000,-0.1600	-0.4000,-7.1000,-0.1600
30	支承防錆工 第1-007	支承防錆工						支承防錆(A)	x 0.0 m ピン	第1工事	第1工事 2 頁（橋梁一般図(1)）	V_K1_下路平面図	支承防錆工 第1-001	ext_poly	4	-0.3000,7.1000,-0.1600	0.3000,7.1000,-0.1600	0.3000,7.9000,-0.1600	-0.3000,7.9000,-0.1600	-0.3000,7.1000,-0.5200	0.3000,7.1000,-0.5200	0.3000,7.9000,-0.5200	-0.3000,7.9000,-0.5200
31	支承防錆工 第1-008	支承防錆工						支承防錆(B)	x 0.0 m ピン	第1工事	第1工事 2 頁（橋梁一般図(1)）	V_K1_下路平面図	支承防錆工 第1-002	ext_poly	4	-0.3000,-7.9000,-0.1600	0.3000,-7.9000,-0.1600	0.3000,-7.1000,-0.1600	-0.3000,-7.1000,-0.1600	-0.3000,-7.9000,-0.5200	0.3000,-7.9000,-0.5200	0.3000,-7.1000,-0.5200	-0.3000,-7.1000,-0.5200
32	支承防錆工 第1-009	支承防錆工						支承防錆(C)	x 90.7 m 底板	第1工事	第1工事 2 頁（橋梁一般図(1)）	V_K1_下路平面図	支承防錆工 第1-009	ext_poly	4	90.1330,6.7900,0.0308	91.2830,6.7900,0.0308	91.2830,8.2100,0.0308	90.1330,8.2100,0.0308	90.1330,6.7900,-0.0292	91.2830,6.7900,-0.0292	91.2830,8.2100,-0.0292	90.1330,8.2100,-0.0292
33	支承防錆工 第1-010	支承防錆工						支承防錆(C)	x 90.7 m 底板	第1工事	第1工事 2 頁（橋梁一般図(1)）	V_K1_下路平面図	支承防錆工 第1-010	ext_poly	4	90.1330,-8.2100,0.0308	91.2830,-8.2100,0.0308	91.2830,-6.7900,0.0308	90.1330,-6.7900,0.0308	90.1330,-8.2100,-0.0292	91.2830,-8.2100,-0.0292	91.2830,-6.7900,-0.0292	90.1330,-6.7900,-0.0292
34	支承防錆工 第1-011	支承防錆工						支承防錆(C)	x 90.7 m 下沓	第1工事	第1工事 2 頁（橋梁一般図(1)）	V_K1_下路平面図	支承防錆工 第1-009	ext_poly	4	90.2080,6.8500,0.2308	91.2080,6.8500,0.2308	91.2080,8.1500,0.2308	90.2080,8.1500,0.2308	90.2080,6.8500,0.0308	91.2080,6.8500,0.0308	91.2080,8.1500,0.0308	90.2080,8.1500,0.0308
35	支承防錆工 第1-012	支承防錆工						支承防錆(C)	x 90.7 m 下沓	第1工事	第1工事 2 頁（橋梁一般図(1)）	V_K1_下路平面図	支承防錆工 第1-010	ext_poly	4	90.2080,-8.1500,0.2308	91.2080,-8.1500,0.2308	91.2080,-6.8500,0.2308	90.2080,-6.8500,0.2308	90.2080,-8.1500,0.0308	91.2080,-8.1500,0.0308	91.2080,-6.8500,0.0308	90.2080,-6.8500,0.0308
36	支承防錆工 第1-013	支承防錆工						支承防錆(C)	x 90.7 m 上沓	第1工事	第1工事 2 頁（橋梁一般図(1)）	V_K1_下路平面図	支承防錆工 第1-009	ext_poly	4	90.3080,7.1000,0.7908	91.1080,7.1000,0.7908	91.1080,7.9000,0.7908	90.3080,7.9000,0.7908	90.3080,7.1000,0.5908	91.1080,7.1000,0.5908	91.1080,7.9000,0.5908	90.3080,7.9000,0.5908
37	支承防錆工 第1-014	支承防錆工						支承防錆(C)	x 90.7 m 上沓	第1工事	第1工事 2 頁（橋梁一般図(1)）	V_K1_下路平面図	支承防錆工 第1-010	ext_poly	4	90.3080,-7.9000,0.7908	91.1080,-7.9000,0.7908	91.1080,-7.1000,0.7908	90.3080,-7.1000,0.7908	90.3080,-7.9000,0.5908	91.1080,-7.9000,0.5908	91.1080,-7.1000,0.5908	90.3080,-7.1000,0.5908
38	支承防錆工 第1-015	支承防錆工						支承防錆(C)	x 90.7 m ピン	第1工事	第1工事 2 頁（橋梁一般図(1)）	V_K1_下路平面図	支承防錆工 第1-009	ext_poly	4	90.4080,7.1000,0.5908	91.0080,7.1000,0.5908	91.0080,7.9000,0.5908	90.4080,7.9000,0.5908	90.4080,7.1000,0.2308	91.0080,7.1000,0.2308	91.0080,7.9000,0.2308	90.4080,7.9000,0.2308
39	支承防錆工 第1-016	支承防錆工						支承防錆(C)	x 90.7 m ピン	第1工事	第1工事 2 頁（橋梁一般図(1)）	V_K1_下路平面図	支承防錆工 第1-010	ext_poly	4	90.4080,-7.9000,0.5908	91.0080,-7.9000,0.5908	91.0080,-7.1000,0.5908	90.4080,-7.1000,0.5908	90.4080,-7.9000,0.2308	91.0080,-7.9000,0.2308	91.0080,-7.1000,0.2308	90.4080,-7.1000,0.2308
40	断面修復工 第1-001	断面修復工						左官工法(A)		第1工事	第1工事 2 頁（橋梁一般図(1) の数量表）				
41	橋梁塗装工 第1-001	橋梁塗装工						橋梁塗装工(Rc-I 塗り重ね部)		第1工事	第1工事 2 頁（橋梁一般図(1) の数量表）				
42	橋梁塗装工 第1-002	橋梁塗装工						橋梁塗装工(Rc-I)		第1工事	第1工事 2 頁（橋梁一般図(1) の数量表）				
43	腐食部補修工 第1-001	腐食部補修工						防食防水テープ	格点1-G2	第1工事	第1工事 5 頁	V_K1_P005_3-3		ext_poly	12	7.7520,-6.0918,0.1208	7.3520,-6.0918,0.1208	7.3520,-6.0918,0.1468	7.5425,-6.0918,0.1468	7.5425,-6.0918,1.2868	7.3520,-6.0918,1.2868	7.3520,-6.0918,1.3128	7.7520,-6.0918,1.3128	7.7520,-6.0918,1.2868	7.5615,-6.0918,1.2868	7.5615,-6.0918,0.1468	7.7520,-6.0918,0.1468	7.7520,-6.5918,0.1208	7.3520,-6.5918,0.1208	7.3520,-6.5918,0.1468	7.5425,-6.5918,0.1468	7.5425,-6.5918,1.2868	7.3520,-6.5918,1.2868	7.3520,-6.5918,1.3128	7.7520,-6.5918,1.3128	7.7520,-6.5918,1.2868	7.5615,-6.5918,1.2868	7.5615,-6.5918,0.1468	7.7520,-6.5918,0.1468
44	腐食部補修工 第1-002	腐食部補修工						紫外線硬化型FRPシート	格点2-G2	第1工事	第1工事 6 頁	V_K1_P006_5-5		ext_poly	4	14.8880,-7.1960,1.4965	14.8880,-7.8040,1.4965	15.3280,-7.8040,1.4965	15.3280,-7.1960,1.4965	14.8880,-7.1960,0.9965	14.8880,-7.8040,0.9965	15.3280,-7.8040,0.9965	15.3280,-7.1960,0.9965
45	腐食部補修工 第1-003	腐食部補修工						紫外線硬化型FRPシート	格点2-G2	第1工事	第1工事 6 頁	V_K1_P006_1-1		ext_poly	12	15.3080,-6.1393,0.2068	14.9080,-6.1393,0.2068	14.9080,-6.1393,0.2328	15.0985,-6.1393,0.2328	15.0985,-6.1393,1.3728	14.9080,-6.1393,1.3728	14.9080,-6.1393,1.3988	15.3080,-6.1393,1.3988	15.3080,-6.1393,1.3728	15.1175,-6.1393,1.3728	15.1175,-6.1393,0.2328	15.3080,-6.1393,0.2328	15.3080,-6.6393,0.2068	14.9080,-6.6393,0.2068	14.9080,-6.6393,0.2328	15.0985,-6.6393,0.2328	15.0985,-6.6393,1.3728	14.9080,-6.6393,1.3728	14.9080,-6.6393,1.3988	15.3080,-6.6393,1.3988	15.3080,-6.6393,1.3728	15.1175,-6.6393,1.3728	15.1175,-6.6393,0.2328	15.3080,-6.6393,0.2328
46	腐食部補修工 第1-004	腐食部補修工						防食防水テープ	格点2-G2	第1工事	第1工事 6 頁	V_K1_P006_1-1		ext_poly	12	15.3080,-5.6948,0.2068	14.9080,-5.6948,0.2068	14.9080,-5.6948,0.2328	15.0985,-5.6948,0.2328	15.0985,-5.6948,1.3728	14.9080,-5.6948,1.3728	14.9080,-5.6948,1.3988	15.3080,-5.6948,1.3988	15.3080,-5.6948,1.3728	15.1175,-5.6948,1.3728	15.1175,-5.6948,0.2328	15.3080,-5.6948,0.2328	15.3080,-6.1948,0.2068	14.9080,-6.1948,0.2068	14.9080,-6.1948,0.2328	15.0985,-6.1948,0.2328	15.0985,-6.1948,1.3728	14.9080,-6.1948,1.3728	14.9080,-6.1948,1.3988	15.3080,-6.1948,1.3988	15.3080,-6.1948,1.3728	15.1175,-6.1948,1.3728	15.1175,-6.1948,0.2328	15.3080,-6.1948,0.2328
47	腐食部補修工 第1-005	腐食部補修工						防食防水テープ	格点2-G2	第1工事	第1工事 6 頁	V_K1_P006_1-1		ext_poly	12	15.3080,-5.3621,0.2068	14.9080,-5.3621,0.2068	14.9080,-5.3621,0.2328	15.0985,-5.3621,0.2328	15.0985,-5.3621,1.3728	14.9080,-5.3621,1.3728	14.9080,-5.3621,1.3988	15.3080,-5.3621,1.3988	15.3080,-5.3621,1.3728	15.1175,-5.3621,1.3728	15.1175,-5.3621,0.2328	15.3080,-5.3621,0.2328	15.3080,-5.8621,0.2068	14.9080,-5.8621,0.2068	14.9080,-5.8621,0.2328	15.0985,-5.8621,0.2328	15.0985,-5.8621,1.3728	14.9080,-5.8621,1.3728	14.9080,-5.8621,1.3988	15.3080,-5.8621,1.3988	15.3080,-5.8621,1.3728	15.1175,-5.8621,1.3728	15.1175,-5.8621,0.2328	15.3080,-5.8621,0.2328
48	腐食部補修工 第1-006	腐食部補修工						防食防水テープ	格点2-G2	第1工事	第1工事 6 頁	V_K1_P006_3-3		ext_poly	12	15.3080,-6.4080,0.2068	14.9080,-6.4080,0.2068	14.9080,-6.4080,0.2328	15.0985,-6.4080,0.2328	15.0985,-6.4080,1.3728	14.9080,-6.4080,1.3728	14.9080,-6.4080,1.3988	15.3080,-6.4080,1.3988	15.3080,-6.4080,1.3728	15.1175,-6.4080,1.3728	15.1175,-6.4080,0.2328	15.3080,-6.4080,0.2328	15.3080,-6.9080,0.2068	14.9080,-6.9080,0.2068	14.9080,-6.9080,0.2328	15.0985,-6.9080,0.2328	15.0985,-6.9080,1.3728	14.9080,-6.9080,1.3728	14.9080,-6.9080,1.3988	15.3080,-6.9080,1.3988	15.3080,-6.9080,1.3728	15.1175,-6.9080,1.3728	15.1175,-6.9080,0.2328	15.3080,-6.9080,0.2328
49	腐食部補修工 第1-007	腐食部補修工						防食防水テープ	格点2-G2	第1工事	第1工事 6 頁	V_K1_P006_2-2		ext_poly	12	15.3080,-6.2886,0.2068	14.9080,-6.2886,0.2068	14.9080,-6.2886,0.2328	15.0985,-6.2886,0.2328	15.0985,-6.2886,1.3728	14.9080,-6.2886,1.3728	14.9080,-6.2886,1.3988	15.3080,-6.2886,1.3988	15.3080,-6.2886,1.3728	15.1175,-6.2886,1.3728	15.1175,-6.2886,0.2328	15.3080,-6.2886,0.2328	15.3080,-6.7886,0.2068	14.9080,-6.7886,0.2068	14.9080,-6.7886,0.2328	15.0985,-6.7886,0.2328	15.0985,-6.7886,1.3728	14.9080,-6.7886,1.3728	14.9080,-6.7886,1.3988	15.3080,-6.7886,1.3988	15.3080,-6.7886,1.3728	15.1175,-6.7886,1.3728	15.1175,-6.7886,0.2328	15.3080,-6.7886,0.2328
50	腐食部補修工 第1-008	腐食部補修工						防食防水テープ	格点3-G2	第1工事	第1工事 7 頁	V_K1_P007_1-1		ext_poly	12	22.8680,-6.4626,0.2777	22.4680,-6.4626,0.2777	22.4680,-6.4626,0.3037	22.6585,-6.4626,0.3037	22.6585,-6.4626,1.4437	22.4680,-6.4626,1.4437	22.4680,-6.4626,1.4697	22.8680,-6.4626,1.4697	22.8680,-6.4626,1.4437	22.6775,-6.4626,1.4437	22.6775,-6.4626,0.3037	22.8680,-6.4626,0.3037	22.8680,-6.9626,0.2777	22.4680,-6.9626,0.2777	22.4680,-6.9626,0.3037	22.6585,-6.9626,0.3037	22.6585,-6.9626,1.4437	22.4680,-6.9626,1.4437	22.4680,-6.9626,1.4697	22.8680,-6.9626,1.4697	22.8680,-6.9626,1.4437	22.6775,-6.9626,1.4437	22.6775,-6.9626,0.3037	22.8680,-6.9626,0.3037
51	腐食部補修工 第1-009	腐食部補修工						防食防水テープ	格点3-G2	第1工事	第1工事 7 頁	V_K1_P007_1-1		ext_poly	12	22.8680,-6.1400,0.2777	22.4680,-6.1400,0.2777	22.4680,-6.1400,0.3037	22.6585,-6.1400,0.3037	22.6585,-6.1400,1.4437	22.4680,-6.1400,1.4437	22.4680,-6.1400,1.4697	22.8680,-6.1400,1.4697	22.8680,-6.1400,1.4437	22.6775,-6.1400,1.4437	22.6775,-6.1400,0.3037	22.8680,-6.1400,0.3037	22.8680,-6.6400,0.2777	22.4680,-6.6400,0.2777	22.4680,-6.6400,0.3037	22.6585,-6.6400,0.3037	22.6585,-6.6400,1.4437	22.4680,-6.6400,1.4437	22.4680,-6.6400,1.4697	22.8680,-6.6400,1.4697	22.8680,-6.6400,1.4437	22.6775,-6.6400,1.4437	22.6775,-6.6400,0.3037	22.8680,-6.6400,0.3037
52	腐食部補修工 第1-010	腐食部補修工						防食防水テープ	格点4-G2	第1工事	第1工事 8 頁	V_K1_P008_2-2		ext_poly	12	30.4280,-6.3674,0.3486	30.0280,-6.3674,0.3486	30.0280,-6.3674,0.3746	30.2185,-6.3674,0.3746	30.2185,-6.3674,1.5146	30.0280,-6.3674,1.5146	30.0280,-6.3674,1.5406	30.4280,-6.3674,1.5406	30.4280,-6.3674,1.5146	30.2375,-6.3674,1.5146	30.2375,-6.3674,0.3746	30.4280,-6.3674,0.3746	30.4280,-6.8674,0.3486	30.0280,-6.8674,0.3486	30.0280,-6.8674,0.3746	30.2185,-6.8674,0.3746	30.2185,-6.8674,1.5146	30.0280,-6.8674,1.5146	30.0280,-6.8674,1.5406	30.4280,-6.8674,1.5406	30.4280,-6.8674,1.5146	30.2375,-6.8674,1.5146	30.2375,-6.8674,0.3746	30.4280,-6.8674,0.3746
53	腐食部補修工 第1-011	腐食部補修工						防食防水テープ	格点4-G2	第1工事	第1工事 8 頁	V_K1_P008_3-3		ext_poly	12	30.4280,-6.4080,0.3486	30.0280,-6.4080,0.3486	30.0280,-6.4080,0.3746	30.2185,-6.4080,0.3746	30.2185,-6.4080,1.5146	30.0280,-6.4080,1.5146	30.0280,-6.4080,1.5406	30.4280,-6.4080,1.5406	30.4280,-6.4080,1.5146	30.2375,-6.4080,1.5146	30.2375,-6.4080,0.3746	30.4280,-6.4080,0.3746	30.4280,-6.9080,0.3486	30.0280,-6.9080,0.3486	30.0280,-6.9080,0.3746	30.2185,-6.9080,0.3746	30.2185,-6.9080,1.5146	30.0280,-6.9080,1.5146	30.0280,-6.9080,1.5406	30.4280,-6.9080,1.5406	30.4280,-6.9080,1.5146	30.2375,-6.9080,1.5146	30.2375,-6.9080,0.3746	30.4280,-6.9080,0.3746
54	腐食部補修工 第1-012	腐食部補修工						防食防水テープ	格点4-G2	第1工事	第1工事 8 頁	V_K1_P008_1-1		ext_poly	12	30.4280,-5.3595,0.3486	30.0280,-5.3595,0.3486	30.0280,-5.3595,0.3746	30.2185,-5.3595,0.3746	30.2185,-5.3595,1.5146	30.0280,-5.3595,1.5146	30.0280,-5.3595,1.5406	30.4280,-5.3595,1.5406	30.4280,-5.3595,1.5146	30.2375,-5.3595,1.5146	30.2375,-5.3595,0.3746	30.4280,-5.3595,0.3746	30.4280,-5.8595,0.3486	30.0280,-5.8595,0.3486	30.0280,-5.8595,0.3746	30.2185,-5.8595,0.3746	30.2185,-5.8595,1.5146	30.0280,-5.8595,1.5146	30.0280,-5.8595,1.5406	30.4280,-5.8595,1.5406	30.4280,-5.8595,1.5146	30.2375,-5.8595,1.5146	30.2375,-5.8595,0.3746	30.4280,-5.8595,0.3746
55	腐食部補修工 第1-013	腐食部補修工						防食防水テープ	格点4-G2	第1工事	第1工事 8 頁	V_K1_P008_5-5		ext_poly	4	34.8008,-7.8210,0.3914	34.8008,-7.1790,0.3914	34.7951,-7.1790,1.0014	34.7951,-7.8210,1.0014	34.3008,-7.8210,0.3867	34.3008,-7.1790,0.3867	34.2951,-7.1790,0.9967	34.2951,-7.8210,0.9967
56	腐食部補修工 第1-014	腐食部補修工						紫外線硬化型FRPシート	格点5-G1	第1工事	第1工事 9 頁	V_K1_P009_1-1		ext_poly	12	37.9880,6.9766,0.4194	37.5880,6.9766,0.4194	37.5880,6.9766,0.4454	37.7785,6.9766,0.4454	37.7785,6.9766,1.5854	37.5880,6.9766,1.5854	37.5880,6.9766,1.6114	37.9880,6.9766,1.6114	37.9880,6.9766,1.5854	37.7975,6.9766,1.5854	37.7975,6.9766,0.4454	37.9880,6.9766,0.4454	37.9880,6.4766,0.4194	37.5880,6.4766,0.4194	37.5880,6.4766,0.4454	37.7785,6.4766,0.4454	37.7785,6.4766,1.5854	37.5880,6.4766,1.5854	37.5880,6.4766,1.6114	37.9880,6.4766,1.6114	37.9880,6.4766,1.5854	37.7975,6.4766,1.5854	37.7975,6.4766,0.4454	37.9880,6.4766,0.4454
57	腐食部補修工 第1-015	腐食部補修工						防食防水テープ	格点5-G2	第1工事	第1工事 10 頁	V_K1_P010_1-1		ext_poly	12	37.9880,-6.1476,0.4194	37.5880,-6.1476,0.4194	37.5880,-6.1476,0.4454	37.7785,-6.1476,0.4454	37.7785,-6.1476,1.5854	37.5880,-6.1476,1.5854	37.5880,-6.1476,1.6114	37.9880,-6.1476,1.6114	37.9880,-6.1476,1.5854	37.7975,-6.1476,1.5854	37.7975,-6.1476,0.4454	37.9880,-6.1476,0.4454	37.9880,-6.6476,0.4194	37.5880,-6.6476,0.4194	37.5880,-6.6476,0.4454	37.7785,-6.6476,0.4454	37.7785,-6.6476,1.5854	37.5880,-6.6476,1.5854	37.5880,-6.6476,1.6114	37.9880,-6.6476,1.6114	37.9880,-6.6476,1.5854	37.7975,-6.6476,1.5854	37.7975,-6.6476,0.4454	37.9880,-6.6476,0.4454
58	腐食部補修工 第1-016	腐食部補修工						紫外線硬化型FRPシート	格点6-G1	第1工事	第1工事 11 頁	V_K1_P011_1-1		ext_poly	4	45.2180,6.8857,2.1602	45.2180,7.1316,2.2447	45.4780,7.1316,2.2447	45.4780,6.8857,2.1602	45.2180,6.7234,2.6332	45.2180,6.9693,2.7176	45.4780,6.9693,2.7176	45.4780,6.7234,2.6332
59	腐食部補修工 第1-017	腐食部補修工						紫外線硬化型FRPシート	格点6-G1	第1工事	第1工事 11 頁	V_K1_P011_1-1		ext_poly	12	45.5480,6.9791,0.4901	45.1480,6.9791,0.4901	45.1480,6.9791,0.5161	45.3385,6.9791,0.5161	45.3385,6.9791,1.6561	45.1480,6.9791,1.6561	45.1480,6.9791,1.6821	45.5480,6.9791,1.6821	45.5480,6.9791,1.6561	45.3575,6.9791,1.6561	45.3575,6.9791,0.5161	45.5480,6.9791,0.5161	45.5480,6.4791,0.4901	45.1480,6.4791,0.4901	45.1480,6.4791,0.5161	45.3385,6.4791,0.5161	45.3385,6.4791,1.6561	45.1480,6.4791,1.6561	45.1480,6.4791,1.6821	45.5480,6.4791,1.6821	45.5480,6.4791,1.6561	45.3575,6.4791,1.6561	45.3575,6.4791,0.5161	45.5480,6.4791,0.5161
60	腐食部補修工 第1-018	腐食部補修工						防食防水テープ	格点6-G2	第1工事	第1工事 12 頁	V_K1_P012_1-1		ext_poly	12	45.5480,-5.3925,0.4901	45.1480,-5.3925,0.4901	45.1480,-5.3925,0.5161	45.3385,-5.3925,0.5161	45.3385,-5.3925,1.6561	45.1480,-5.3925,1.6561	45.1480,-5.3925,1.6821	45.5480,-5.3925,1.6821	45.5480,-5.3925,1.6561	45.3575,-5.3925,1.6561	45.3575,-5.3925,0.5161	45.5480,-5.3925,0.5161	45.5480,-5.8925,0.4901	45.1480,-5.8925,0.4901	45.1480,-5.8925,0.5161	45.3385,-5.8925,0.5161	45.3385,-5.8925,1.6561	45.1480,-5.8925,1.6561	45.1480,-5.8925,1.6821	45.5480,-5.8925,1.6821	45.5480,-5.8925,1.6561	45.3575,-5.8925,1.6561	45.3575,-5.8925,0.5161	45.5480,-5.8925,0.5161
61	腐食部補修工 第1-019	腐食部補修工						防食防水テープ	格点6-G2	第1工事	第1工事 12 頁	V_K1_P012_3-3		ext_poly	12	45.5480,-6.4067,0.4901	45.1480,-6.4067,0.4901	45.1480,-6.4067,0.5161	45.3385,-6.4067,0.5161	45.3385,-6.4067,1.6561	45.1480,-6.4067,1.6561	45.1480,-6.4067,1.6821	45.5480,-6.4067,1.6821	45.5480,-6.4067,1.6561	45.3575,-6.4067,1.6561	45.3575,-6.4067,0.5161	45.5480,-6.4067,0.5161	45.5480,-6.9067,0.4901	45.1480,-6.9067,0.4901	45.1480,-6.9067,0.5161	45.3385,-6.9067,0.5161	45.3385,-6.9067,1.6561	45.1480,-6.9067,1.6561	45.1480,-6.9067,1.6821	45.5480,-6.9067,1.6821	45.5480,-6.9067,1.6561	45.3575,-6.9067,1.6561	45.3575,-6.9067,0.5161	45.5480,-6.9067,0.5161
62	腐食部補修工 第1-020	腐食部補修工						防食防水テープ	格点7-G2	第1工事	第1工事 13 頁	V_K1_P013_1-1		ext_poly	12	53.1080,-6.1756,0.5611	52.7080,-6.1756,0.5611	52.7080,-6.1756,0.5871	52.8985,-6.1756,0.5871	52.8985,-6.1756,1.7271	52.7080,-6.1756,1.7271	52.7080,-6.1756,1.7531	53.1080,-6.1756,1.7531	53.1080,-6.1756,1.7271	52.9175,-6.1756,1.7271	52.9175,-6.1756,0.5871	53.1080,-6.1756,0.5871	53.1080,-6.6756,0.5611	52.7080,-6.6756,0.5611	52.7080,-6.6756,0.5871	52.8985,-6.6756,0.5871	52.8985,-6.6756,1.7271	52.7080,-6.6756,1.7271	52.7080,-6.6756,1.7531	53.1080,-6.6756,1.7531	53.1080,-6.6756,1.7271	52.9175,-6.6756,1.7271	52.9175,-6.6756,0.5871	53.1080,-6.6756,0.5871
63	腐食部補修工 第1-021	腐食部補修工						紫外線硬化型FRPシート	格点8-G1	第1工事	第1工事 14 頁	V_K1_P014_1-1		ext_poly	12	60.6680,6.9766,0.5896	60.2680,6.9766,0.5896	60.2680,6.9766,0.6156	60.4585,6.9766,0.6156	60.4585,6.9766,1.7556	60.2680,6.9766,1.7556	60.2680,6.9766,1.7816	60.6680,6.9766,1.7816	60.6680,6.9766,1.7556	60.4775,6.9766,1.7556	60.4775,6.9766,0.6156	60.6680,6.9766,0.6156	60.6680,6.4766,0.5896	60.2680,6.4766,0.5896	60.2680,6.4766,0.6156	60.4585,6.4766,0.6156	60.4585,6.4766,1.7556	60.2680,6.4766,1.7556	60.2680,6.4766,1.7816	60.6680,6.4766,1.7816	60.6680,6.4766,1.7556	60.4775,6.4766,1.7556	60.4775,6.4766,0.6156	60.6680,6.4766,0.6156
64	腐食部補修工 第1-022	腐食部補修工						防食防水テープ	格点8-G1	第1工事	第1工事 14 頁	V_K1_P014_1-1		ext_poly	12	60.6680,6.9537,0.5896	60.2680,6.9537,0.5896	60.2680,6.9537,0.6156	60.4585,6.9537,0.6156	60.4585,6.9537,1.7556	60.2680,6.9537,1.7556	60.2680,6.9537,1.7816	60.6680,6.9537,1.7816	60.6680,6.9537,1.7556	60.4775,6.9537,1.7556	60.4775,6.9537,0.6156	60.6680,6.9537,0.6156	60.6680,6.4537,0.5896	60.2680,6.4537,0.5896	60.2680,6.4537,0.6156	60.4585,6.4537,0.6156	60.4585,6.4537,1.7556	60.2680,6.4537,1.7556	60.2680,6.4537,1.7816	60.6680,6.4537,1.7816	60.6680,6.4537,1.7556	60.4775,6.4537,1.7556	60.4775,6.4537,0.6156	60.6680,6.4537,0.6156
65	腐食部補修工 第1-023	腐食部補修工						紫外線硬化型FRPシート	格点8-G2	第1工事	第1工事 15 頁	V_K1_P015_1-1		ext_poly	12	60.6680,-6.5083,0.5896	60.2680,-6.5083,0.5896	60.2680,-6.5083,0.6156	60.4585,-6.5083,0.6156	60.4585,-6.5083,1.7556	60.2680,-6.5083,1.7556	60.2680,-6.5083,1.7816	60.6680,-6.5083,1.7816	60.6680,-6.5083,1.7556	60.4775,-6.5083,1.7556	60.4775,-6.5083,0.6156	60.6680,-6.5083,0.6156	60.6680,-7.0083,0.5896	60.2680,-7.0083,0.5896	60.2680,-7.0083,0.6156	60.4585,-7.0083,0.6156	60.4585,-7.0083,1.7556	60.2680,-7.0083,1.7556	60.2680,-7.0083,1.7816	60.6680,-7.0083,1.7816	60.6680,-7.0083,1.7556	60.4775,-7.0083,1.7556	60.4775,-7.0083,0.6156	60.6680,-7.0083,0.6156
66	腐食部補修工 第1-024	腐食部補修工						防食防水テープ	格点8-G2	第1工事	第1工事 15 頁	V_K1_P015_1-1		ext_poly	12	60.6680,-6.2975,0.5896	60.2680,-6.2975,0.5896	60.2680,-6.2975,0.6156	60.4585,-6.2975,0.6156	60.4585,-6.2975,1.7556	60.2680,-6.2975,1.7556	60.2680,-6.2975,1.7816	60.6680,-6.2975,1.7816	60.6680,-6.2975,1.7556	60.4775,-6.2975,1.7556	60.4775,-6.2975,0.6156	60.6680,-6.2975,0.6156	60.6680,-6.7975,0.5896	60.2680,-6.7975,0.5896	60.2680,-6.7975,0.6156	60.4585,-6.7975,0.6156	60.4585,-6.7975,1.7556	60.2680,-6.7975,1.7556	60.2680,-6.7975,1.7816	60.6680,-6.7975,1.7816	60.6680,-6.7975,1.7556	60.4775,-6.7975,1.7556	60.4775,-6.7975,0.6156	60.6680,-6.7975,0.6156
67	腐食部補修工 第1-025	腐食部補修工						紫外線硬化型FRPシート	格点9-G1	第1工事	第1工事 16 頁	V_K1_P016_1-1		ext_poly	12	68.2280,6.9766,0.6589	67.8280,6.9766,0.6589	67.8280,6.9766,0.6849	68.0185,6.9766,0.6849	68.0185,6.9766,1.8249	67.8280,6.9766,1.8249	67.8280,6.9766,1.8509	68.2280,6.9766,1.8509	68.2280,6.9766,1.8249	68.0375,6.9766,1.8249	68.0375,6.9766,0.6849	68.2280,6.9766,0.6849	68.2280,6.4766,0.6589	67.8280,6.4766,0.6589	67.8280,6.4766,0.6849	68.0185,6.4766,0.6849	68.0185,6.4766,1.8249	67.8280,6.4766,1.8249	67.8280,6.4766,1.8509	68.2280,6.4766,1.8509	68.2280,6.4766,1.8249	68.0375,6.4766,1.8249	68.0375,6.4766,0.6849	68.2280,6.4766,0.6849
68	腐食部補修工 第1-026	腐食部補修工						防食防水テープ	格点9-G1	第1工事	第1工事 16 頁	V_K1_P016_1-1		ext_poly	12	68.2280,6.9512,0.6589	67.8280,6.9512,0.6589	67.8280,6.9512,0.6849	68.0185,6.9512,0.6849	68.0185,6.9512,1.8249	67.8280,6.9512,1.8249	67.8280,6.9512,1.8509	68.2280,6.9512,1.8509	68.2280,6.9512,1.8249	68.0375,6.9512,1.8249	68.0375,6.9512,0.6849	68.2280,6.9512,0.6849	68.2280,6.4512,0.6589	67.8280,6.4512,0.6589	67.8280,6.4512,0.6849	68.0185,6.4512,0.6849	68.0185,6.4512,1.8249	67.8280,6.4512,1.8249	67.8280,6.4512,1.8509	68.2280,6.4512,1.8509	68.2280,6.4512,1.8249	68.0375,6.4512,1.8249	68.0375,6.4512,0.6849	68.2280,6.4512,0.6849
69	腐食部補修工 第1-027	腐食部補修工						防食防水テープ	格点9-G2	第1工事	第1工事 17 頁	V_K1_P017_3-3		ext_poly	12	68.2280,-6.2264,0.6589	67.8280,-6.2264,0.6589	67.8280,-6.2264,0.6849	68.0185,-6.2264,0.6849	68.0185,-6.2264,1.8249	67.8280,-6.2264,1.8249	67.8280,-6.2264,1.8509	68.2280,-6.2264,1.8509	68.2280,-6.2264,1.8249	68.0375,-6.2264,1.8249	68.0375,-6.2264,0.6849	68.2280,-6.2264,0.6849	68.2280,-6.7264,0.6589	67.8280,-6.7264,0.6589	67.8280,-6.7264,0.6849	68.0185,-6.7264,0.6849	68.0185,-6.7264,1.8249	67.8280,-6.7264,1.8249	67.8280,-6.7264,1.8509	68.2280,-6.7264,1.8509	68.2280,-6.7264,1.8249	68.0375,-6.7264,1.8249	68.0375,-6.7264,0.6849	68.2280,-6.7264,0.6849
70	腐食部補修工 第1-028	腐食部補修工						防食防水テープ	格点10-G1	第1工事	第1工事 18 頁	V_K1_P018_1-1		ext_poly	12	75.7880,6.0388,0.6891	75.3880,6.0388,0.6891	75.3880,6.0388,0.7151	75.5785,6.0388,0.7151	75.5785,6.0388,1.8551	75.3880,6.0388,1.8551	75.3880,6.0388,1.8811	75.7880,6.0388,1.8811	75.7880,6.0388,1.8551	75.5975,6.0388,1.8551	75.5975,6.0388,0.7151	75.7880,6.0388,0.7151	75.7880,5.5388,0.6891	75.3880,5.5388,0.6891	75.3880,5.5388,0.7151	75.5785,5.5388,0.7151	75.5785,5.5388,1.8551	75.3880,5.5388,1.8551	75.3880,5.5388,1.8811	75.7880,5.5388,1.8811	75.7880,5.5388,1.8551	75.5975,5.5388,1.8551	75.5975,5.5388,0.7151	75.7880,5.5388,0.7151
71	腐食部補修工 第1-029	腐食部補修工						防食防水テープ	格点10-G2	第1工事	第1工事 19 頁	V_K1_P019_1-1		ext_poly	12	75.7880,-5.6567,0.6891	75.3880,-5.6567,0.6891	75.3880,-5.6567,0.7151	75.5785,-5.6567,0.7151	75.5785,-5.6567,1.8551	75.3880,-5.6567,1.8551	75.3880,-5.6567,1.8811	75.7880,-5.6567,1.8811	75.7880,-5.6567,1.8551	75.5975,-5.6567,1.8551	75.5975,-5.6567,0.7151	75.7880,-5.6567,0.7151	75.7880,-6.1567,0.6891	75.3880,-6.1567,0.6891	75.3880,-6.1567,0.7151	75.5785,-6.1567,0.7151	75.5785,-6.1567,1.8551	75.3880,-6.1567,1.8551	75.3880,-6.1567,1.8811	75.7880,-6.1567,1.8811	75.7880,-6.1567,1.8551	75.5975,-6.1567,1.8551	75.5975,-6.1567,0.7151	75.7880,-6.1567,0.7151
72	腐食部補修工 第1-030	腐食部補修工						防食防水テープ	格点11-G1	第1工事	第1工事 20 頁	V_K1_P020_1-1		ext_poly	12	83.3480,6.9537,0.7435	82.9480,6.9537,0.7435	82.9480,6.9537,0.7695	83.1385,6.9537,0.7695	83.1385,6.9537,1.9095	82.9480,6.9537,1.9095	82.9480,6.9537,1.9355	83.3480,6.9537,1.9355	83.3480,6.9537,1.9095	83.1575,6.9537,1.9095	83.1575,6.9537,0.7695	83.3480,6.9537,0.7695	83.3480,6.4537,0.7435	82.9480,6.4537,0.7435	82.9480,6.4537,0.7695	83.1385,6.4537,0.7695	83.1385,6.4537,1.9095	82.9480,6.4537,1.9095	82.9480,6.4537,1.9355	83.3480,6.4537,1.9355	83.3480,6.4537,1.9095	83.1575,6.4537,1.9095	83.1575,6.4537,0.7695	83.3480,6.4537,0.7695
73	腐食部補修工 第1-031	腐食部補修工						防食防水テープ	格点11-G2	第1工事	第1工事 21 頁	V_K1_P021_1-1		ext_poly	12	83.3480,-6.2492,0.7435	82.9480,-6.2492,0.7435	82.9480,-6.2492,0.7695	83.1385,-6.2492,0.7695	83.1385,-6.2492,1.9095	82.9480,-6.2492,1.9095	82.9480,-6.2492,1.9355	83.3480,-6.2492,1.9355	83.3480,-6.2492,1.9095	83.1575,-6.2492,1.9095	83.1575,-6.2492,0.7695	83.3480,-6.2492,0.7695	83.3480,-6.7492,0.7435	82.9480,-6.7492,0.7435	82.9480,-6.7492,0.7695	83.1385,-6.7492,0.7695	83.1385,-6.7492,1.9095	82.9480,-6.7492,1.9095	82.9480,-6.7492,1.9355	83.3480,-6.7492,1.9355	83.3480,-6.7492,1.9095	83.1575,-6.7492,1.9095	83.1575,-6.7492,0.7695	83.3480,-6.7492,0.7695
74	腐食部補修工 第1-032	腐食部補修工						防食防水テープ	P1-G1	第1工事	第1工事 22 頁	V_K1_P022_2-2		ext_poly	12	90.9180,7.1455,0.7858	90.4980,7.1455,0.7858	90.4980,7.1455,0.8118	90.6985,7.1455,0.8118	90.6985,7.1455,1.9518	90.4980,7.1455,1.9518	90.4980,7.1455,1.9778	90.9180,7.1455,1.9778	90.9180,7.1455,1.9518	90.7175,7.1455,1.9518	90.7175,7.1455,0.8118	90.9180,7.1455,0.8118	90.9180,6.6455,0.7858	90.4980,6.6455,0.7858	90.4980,6.6455,0.8118	90.6985,6.6455,0.8118	90.6985,6.6455,1.9518	90.4980,6.6455,1.9518	90.4980,6.6455,1.9778	90.9180,6.6455,1.9778	90.9180,6.6455,1.9518	90.7175,6.6455,1.9518	90.7175,6.6455,0.8118	90.9180,6.6455,0.8118
75	腐食部補修工 第1-033	腐食部補修工						防食防水テープ	P1-G1	第1工事	第1工事 22 頁	V_K1_P022_3-3		ext_poly	12	90.9180,6.4444,0.7858	90.4980,6.4444,0.7858	90.4980,6.4444,0.8118	90.6985,6.4444,0.8118	90.6985,6.4444,1.9518	90.4980,6.4444,1.9518	90.4980,6.4444,1.9778	90.9180,6.4444,1.9778	90.9180,6.4444,1.9518	90.7175,6.4444,1.9518	90.7175,6.4444,0.8118	90.9180,6.4444,0.8118	90.9180,5.9444,0.7858	90.4980,5.9444,0.7858	90.4980,5.9444,0.8118	90.6985,5.9444,0.8118	90.6985,5.9444,1.9518	90.4980,5.9444,1.9518	90.4980,5.9444,1.9778	90.9180,5.9444,1.9778	90.9180,5.9444,1.9518	90.7175,5.9444,1.9518	90.7175,5.9444,0.8118	90.9180,5.9444,0.8118
76	腐食部補修工 第1-034	腐食部補修工						防食防水テープ	P1-G2	第1工事	第1工事 23 頁	V_K1_P023_1-1		ext_poly	12	90.9180,-6.2988,0.7858	90.4980,-6.2988,0.7858	90.4980,-6.2988,0.8118	90.6985,-6.2988,0.8118	90.6985,-6.2988,1.9518	90.4980,-6.2988,1.9518	90.4980,-6.2988,1.9778	90.9180,-6.2988,1.9778	90.9180,-6.2988,1.9518	90.7175,-6.2988,1.9518	90.7175,-6.2988,0.8118	90.9180,-6.2988,0.8118	90.9180,-6.7988,0.7858	90.4980,-6.7988,0.7858	90.4980,-6.7988,0.8118	90.6985,-6.7988,0.8118	90.6985,-6.7988,1.9518	90.4980,-6.7988,1.9518	90.4980,-6.7988,1.9778	90.9180,-6.7988,1.9778	90.9180,-6.7988,1.9518	90.7175,-6.7988,1.9518	90.7175,-6.7988,0.8118	90.9180,-6.7988,0.8118
77	腐食部補修工 第1-035	腐食部補修工						防食防水テープ	P1-G2	第1工事	第1工事 23 頁	V_K1_P023_2-2		ext_poly	12	90.9180,-6.3165,0.7858	90.4980,-6.3165,0.7858	90.4980,-6.3165,0.8118	90.6985,-6.3165,0.8118	90.6985,-6.3165,1.9518	90.4980,-6.3165,1.9518	90.4980,-6.3165,1.9778	90.9180,-6.3165,1.9778	90.9180,-6.3165,1.9518	90.7175,-6.3165,1.9518	90.7175,-6.3165,0.8118	90.9180,-6.3165,0.8118	90.9180,-6.8165,0.7858	90.4980,-6.8165,0.7858	90.4980,-6.8165,0.8118	90.6985,-6.8165,0.8118	90.6985,-6.8165,1.9518	90.4980,-6.8165,1.9518	90.4980,-6.8165,1.9778	90.9180,-6.8165,1.9778	90.9180,-6.8165,1.9518	90.7175,-6.8165,1.9518	90.7175,-6.8165,0.8118	90.9180,-6.8165,0.8118
78	腐食部補修工 第1-036	腐食部補修工						紫外線硬化型FRPシート	P1-G1	第1工事	第1工事 22 頁	V_K1_P022_2-2		ext_poly	4	91.2433,7.8040,2.3158	91.2433,7.1960,2.3158	91.7318,7.1960,1.9505	91.7318,7.8040,1.9505	90.9438,7.8040,1.9154	90.9438,7.1960,1.9154	91.4323,7.1960,1.5501	91.4323,7.8040,1.5501
79	腐食部補修工 第1-037	腐食部補修工						紫外線硬化型FRPシート	P1-G1	第1工事	第1工事 22 頁	V_K1_P022_5-5		ext_poly	4	91.8648,7.1790,0.7858	91.8648,7.8210,0.7858	91.8648,7.8210,1.3958	91.8648,7.1790,1.3958	91.3648,7.1790,0.7858	91.3648,7.8210,0.7858	91.3648,7.8210,1.3958	91.3648,7.1790,1.3958
80	腐食部補修工 第1-038	腐食部補修工						紫外線硬化型FRPシート	P1-G2	第1工事	第1工事 23 頁	V_K1_P023_5-5		ext_poly	4	91.9003,-7.8210,0.7858	91.9003,-7.1790,0.7858	91.9003,-7.1790,1.3958	91.9003,-7.8210,1.3958	91.4003,-7.8210,0.7858	91.4003,-7.1790,0.7858	91.4003,-7.1790,1.3958	91.4003,-7.8210,1.3958
81	腐食部補修工 第1-039	腐食部補修工						紫外線硬化型FRPシート	格点12-G1	第1工事	第1工事 24 頁	V_K1_P024_1-1		ext_poly	12	99.5180,6.9766,0.7858	99.0980,6.9766,0.7858	99.0980,6.9766,0.8118	99.2985,6.9766,0.8118	99.2985,6.9766,1.9518	99.0980,6.9766,1.9518	99.0980,6.9766,1.9778	99.5180,6.9766,1.9778	99.5180,6.9766,1.9518	99.3175,6.9766,1.9518	99.3175,6.9766,0.8118	99.5180,6.9766,0.8118	99.5180,6.4766,0.7858	99.0980,6.4766,0.7858	99.0980,6.4766,0.8118	99.2985,6.4766,0.8118	99.2985,6.4766,1.9518	99.0980,6.4766,1.9518	99.0980,6.4766,1.9778	99.5180,6.4766,1.9778	99.5180,6.4766,1.9518	99.3175,6.4766,1.9518	99.3175,6.4766,0.8118	99.5180,6.4766,0.8118
82	腐食部補修工 第1-040	腐食部補修工						防食防水テープ	格点12-G1	第1工事	第1工事 24 頁	V_K1_P024_1-1		ext_poly	12	99.5180,6.9537,0.7858	99.0980,6.9537,0.7858	99.0980,6.9537,0.8118	99.2985,6.9537,0.8118	99.2985,6.9537,1.9518	99.0980,6.9537,1.9518	99.0980,6.9537,1.9778	99.5180,6.9537,1.9778	99.5180,6.9537,1.9518	99.3175,6.9537,1.9518	99.3175,6.9537,0.8118	99.5180,6.9537,0.8118	99.5180,6.4537,0.7858	99.0980,6.4537,0.7858	99.0980,6.4537,0.8118	99.2985,6.4537,0.8118	99.2985,6.4537,1.9518	99.0980,6.4537,1.9518	99.0980,6.4537,1.9778	99.5180,6.4537,1.9778	99.5180,6.4537,1.9518	99.3175,6.4537,1.9518	99.3175,6.4537,0.8118	99.5180,6.4537,0.8118
83	腐食部補修工 第1-041	腐食部補修工						紫外線硬化型FRPシート	格点12-G2	第1工事	第1工事 25 頁	V_K1_P025_1-1		ext_poly	12	99.5180,-6.9198,0.7858	99.0980,-6.9198,0.7858	99.0980,-6.9198,0.8118	99.2985,-6.9198,0.8118	99.2985,-6.9198,1.9518	99.0980,-6.9198,1.9518	99.0980,-6.9198,1.9778	99.5180,-6.9198,1.9778	99.5180,-6.9198,1.9518	99.3175,-6.9198,1.9518	99.3175,-6.9198,0.8118	99.5180,-6.9198,0.8118	99.5180,-7.1840,0.7858	99.0980,-7.1840,0.7858	99.0980,-7.1840,0.8118	99.2985,-7.1840,0.8118	99.2985,-7.1840,1.9518	99.0980,-7.1840,1.9518	99.0980,-7.1840,1.9778	99.5180,-7.1840,1.9778	99.5180,-7.1840,1.9518	99.3175,-7.1840,1.9518	99.3175,-7.1840,0.8118	99.5180,-7.1840,0.8118
84	腐食部補修工 第1-042	腐食部補修工						防食防水テープ	格点12-G2	第1工事	第1工事 25 頁	V_K1_P025_1-1		ext_poly	12	99.5180,-6.1832,0.7858	99.0980,-6.1832,0.7858	99.0980,-6.1832,0.8118	99.2985,-6.1832,0.8118	99.2985,-6.1832,1.9518	99.0980,-6.1832,1.9518	99.0980,-6.1832,1.9778	99.5180,-6.1832,1.9778	99.5180,-6.1832,1.9518	99.3175,-6.1832,1.9518	99.3175,-6.1832,0.8118	99.5180,-6.1832,0.8118	99.5180,-6.6832,0.7858	99.0980,-6.6832,0.7858	99.0980,-6.6832,0.8118	99.2985,-6.6832,0.8118	99.2985,-6.6832,1.9518	99.0980,-6.6832,1.9518	99.0980,-6.6832,1.9778	99.5180,-6.6832,1.9778	99.5180,-6.6832,1.9518	99.3175,-6.6832,1.9518	99.3175,-6.6832,0.8118	99.5180,-6.6832,0.8118
85	腐食部補修工 第1-043	腐食部補修工						紫外線硬化型FRPシート	格点12-G2	第1工事	第1工事 25 頁	V_K1_P025_5-5		ext_poly	4	99.7231,-7.8210,0.7879	99.7231,-7.1790,0.7879	99.7201,-7.1790,1.3978	99.7201,-7.8210,1.3978	99.3095,-7.8210,0.7858	99.3095,-7.1790,0.7858	99.3065,-7.1790,1.3958	99.3065,-7.8210,1.3958
86	腐食部補修工 第1-044	腐食部補修工						紫外線硬化型FRPシート	格点13-G2	第1工事	第1工事 27 頁	V_K1_P027_5-5		ext_poly	4	107.6880,-7.1960,2.2728	107.6880,-7.8040,2.2728	108.1280,-7.8040,2.2728	108.1280,-7.1960,2.2728	107.6880,-7.1960,1.7728	107.6880,-7.8040,1.7728	108.1280,-7.8040,1.7728	108.1280,-7.1960,1.7728
87	腐食部補修工 第1-045	腐食部補修工						紫外線硬化型FRPシート	格点13-G1	第1工事	第1工事 26 頁	V_K1_P026_1-1		ext_poly	12	108.1180,6.0642,0.8281	107.6980,6.0642,0.8281	107.6980,6.0642,0.8541	107.8985,6.0642,0.8541	107.8985,6.0642,1.9941	107.6980,6.0642,1.9941	107.6980,6.0642,2.0201	108.1180,6.0642,2.0201	108.1180,6.0642,1.9941	107.9175,6.0642,1.9941	107.9175,6.0642,0.8541	108.1180,6.0642,0.8541	108.1180,5.5642,0.8281	107.6980,5.5642,0.8281	107.6980,5.5642,0.8541	107.8985,5.5642,0.8541	107.8985,5.5642,1.9941	107.6980,5.5642,1.9941	107.6980,5.5642,2.0201	108.1180,5.5642,2.0201	108.1180,5.5642,1.9941	107.9175,5.5642,1.9941	107.9175,5.5642,0.8541	108.1180,5.5642,0.8541
88	腐食部補修工 第1-046	腐食部補修工						紫外線硬化型FRPシート	格点13-G2	第1工事	第1工事 27 頁	V_K1_P027_1-1		ext_poly	12	108.1180,-6.1368,0.8281	107.6980,-6.1368,0.8281	107.6980,-6.1368,0.8541	107.8985,-6.1368,0.8541	107.8985,-6.1368,1.9941	107.6980,-6.1368,1.9941	107.6980,-6.1368,2.0201	108.1180,-6.1368,2.0201	108.1180,-6.1368,1.9941	107.9175,-6.1368,1.9941	107.9175,-6.1368,0.8541	108.1180,-6.1368,0.8541	108.1180,-6.6368,0.8281	107.6980,-6.6368,0.8281	107.6980,-6.6368,0.8541	107.8985,-6.6368,0.8541	107.8985,-6.6368,1.9941	107.6980,-6.6368,1.9941	107.6980,-6.6368,2.0201	108.1180,-6.6368,2.0201	108.1180,-6.6368,1.9941	107.9175,-6.6368,1.9941	107.9175,-6.6368,0.8541	108.1180,-6.6368,0.8541
89	腐食部補修工 第1-047	腐食部補修工						防食防水テープ	格点13-G2	第1工事	第1工事 27 頁	V_K1_P027_3-3		ext_poly	12	108.1180,-6.2492,0.8281	107.6980,-6.2492,0.8281	107.6980,-6.2492,0.8541	107.8985,-6.2492,0.8541	107.8985,-6.2492,1.9941	107.6980,-6.2492,1.9941	107.6980,-6.2492,2.0201	108.1180,-6.2492,2.0201	108.1180,-6.2492,1.9941	107.9175,-6.2492,1.9941	107.9175,-6.2492,0.8541	108.1180,-6.2492,0.8541	108.1180,-6.7492,0.8281	107.6980,-6.7492,0.8281	107.6980,-6.7492,0.8541	107.8985,-6.7492,0.8541	107.8985,-6.7492,1.9941	107.6980,-6.7492,1.9941	107.6980,-6.7492,2.0201	108.1180,-6.7492,2.0201	108.1180,-6.7492,1.9941	107.9175,-6.7492,1.9941	107.9175,-6.7492,0.8541	108.1180,-6.7492,0.8541
90	腐食部補修工 第1-048	腐食部補修工						防食防水テープ	格点13-G2	第1工事	第1工事 27 頁	V_K1_P027_1-1		ext_poly	12	108.1180,-5.4764,0.8281	107.6980,-5.4764,0.8281	107.6980,-5.4764,0.8541	107.8985,-5.4764,0.8541	107.8985,-5.4764,1.9941	107.6980,-5.4764,1.9941	107.6980,-5.4764,2.0201	108.1180,-5.4764,2.0201	108.1180,-5.4764,1.9941	107.9175,-5.4764,1.9941	107.9175,-5.4764,0.8541	108.1180,-5.4764,0.8541	108.1180,-5.9764,0.8281	107.6980,-5.9764,0.8281	107.6980,-5.9764,0.8541	107.8985,-5.9764,0.8541	107.8985,-5.9764,1.9941	107.6980,-5.9764,1.9941	107.6980,-5.9764,2.0201	108.1180,-5.9764,2.0201	108.1180,-5.9764,1.9941	107.9175,-5.9764,1.9941	107.9175,-5.9764,0.8541	108.1180,-5.9764,0.8541
91	腐食部補修工 第1-049	腐食部補修工						紫外線硬化型FRPシート	格点14-G1	第1工事	第1工事 28 頁	V_K1_P028_4-4		ext_poly	4	116.4063,7.1790,0.8606	116.4063,7.8210,0.8606	116.4040,7.8210,1.4706	116.4040,7.1790,1.4706	115.9063,7.1790,0.8586	115.9063,7.8210,0.8586	115.9040,7.8210,1.4686	115.9040,7.1790,1.4686
92	腐食部補修工 第1-050	腐食部補修工						紫外線硬化型FRPシート	格点14-G1	第1工事	第1工事 28 頁	V_K1_P028_1-1		ext_poly	12	116.7180,6.9766,0.8609	116.2980,6.9766,0.8609	116.2980,6.9766,0.8869	116.4985,6.9766,0.8869	116.4985,6.9766,2.0269	116.2980,6.9766,2.0269	116.2980,6.9766,2.0529	116.7180,6.9766,2.0529	116.7180,6.9766,2.0269	116.5175,6.9766,2.0269	116.5175,6.9766,0.8869	116.7180,6.9766,0.8869	116.7180,6.4766,0.8609	116.2980,6.4766,0.8609	116.2980,6.4766,0.8869	116.4985,6.4766,0.8869	116.4985,6.4766,2.0269	116.2980,6.4766,2.0269	116.2980,6.4766,2.0529	116.7180,6.4766,2.0529	116.7180,6.4766,2.0269	116.5175,6.4766,2.0269	116.5175,6.4766,0.8869	116.7180,6.4766,0.8869
93	腐食部補修工 第1-051	腐食部補修工						防食防水テープ	格点14-G1	第1工事	第1工事 28 頁	V_K1_P028_1-1		ext_poly	12	116.7180,6.9537,0.8609	116.2980,6.9537,0.8609	116.2980,6.9537,0.8869	116.4985,6.9537,0.8869	116.4985,6.9537,2.0269	116.2980,6.9537,2.0269	116.2980,6.9537,2.0529	116.7180,6.9537,2.0529	116.7180,6.9537,2.0269	116.5175,6.9537,2.0269	116.5175,6.9537,0.8869	116.7180,6.9537,0.8869	116.7180,6.4537,0.8609	116.2980,6.4537,0.8609	116.2980,6.4537,0.8869	116.4985,6.4537,0.8869	116.4985,6.4537,2.0269	116.2980,6.4537,2.0269	116.2980,6.4537,2.0529	116.7180,6.4537,2.0529	116.7180,6.4537,2.0269	116.5175,6.4537,2.0269	116.5175,6.4537,0.8869	116.7180,6.4537,0.8869
94	腐食部補修工 第1-052	腐食部補修工						防食防水テープ	格点14-G2	第1工事	第1工事 29 頁	V_K1_P029_1-1		ext_poly	12	116.7180,-6.1654,0.8609	116.2980,-6.1654,0.8609	116.2980,-6.1654,0.8869	116.4985,-6.1654,0.8869	116.4985,-6.1654,2.0269	116.2980,-6.1654,2.0269	116.2980,-6.1654,2.0529	116.7180,-6.1654,2.0529	116.7180,-6.1654,2.0269	116.5175,-6.1654,2.0269	116.5175,-6.1654,0.8869	116.7180,-6.1654,0.8869	116.7180,-6.6654,0.8609	116.2980,-6.6654,0.8609	116.2980,-6.6654,0.8869	116.4985,-6.6654,0.8869	116.4985,-6.6654,2.0269	116.2980,-6.6654,2.0269	116.2980,-6.6654,2.0529	116.7180,-6.6654,2.0529	116.7180,-6.6654,2.0269	116.5175,-6.6654,2.0269	116.5175,-6.6654,0.8869	116.7180,-6.6654,0.8869
95	腐食部補修工 第1-053	腐食部補修工						紫外線硬化型FRPシート	格点14-G2	第1工事	第1工事 29 頁	V_K1_P029_5-5		ext_poly	4	116.9231,-7.8210,0.8614	116.9231,-7.1790,0.8614	116.9224,-7.1790,1.4714	116.9224,-7.8210,1.4714	116.5083,-7.8210,0.8609	116.5083,-7.1790,0.8609	116.5077,-7.1790,1.4709	116.5077,-7.8210,1.4709
96	腐食部補修工 第1-054	腐食部補修工						紫外線硬化型FRPシート	格点15-G2	第1工事	第1工事 31 頁	V_K1_P031_1-1		ext_poly	12	125.3180,-6.5833,0.8704	124.8980,-6.5833,0.8704	124.8980,-6.5833,0.8964	125.0985,-6.5833,0.8964	125.0985,-6.5833,2.0364	124.8980,-6.5833,2.0364	124.8980,-6.5833,2.0624	125.3180,-6.5833,2.0624	125.3180,-6.5833,2.0364	125.1175,-6.5833,2.0364	125.1175,-6.5833,0.8964	125.3180,-6.5833,0.8964	125.3180,-7.0833,0.8704	124.8980,-7.0833,0.8704	124.8980,-7.0833,0.8964	125.0985,-7.0833,0.8964	125.0985,-7.0833,2.0364	124.8980,-7.0833,2.0364	124.8980,-7.0833,2.0624	125.3180,-7.0833,2.0624	125.3180,-7.0833,2.0364	125.1175,-7.0833,2.0364	125.1175,-7.0833,0.8964	125.3180,-7.0833,0.8964
97	腐食部補修工 第1-055	腐食部補修工						防食防水テープ	格点15-G2	第1工事	第1工事 31 頁	V_K1_P031_1-1		ext_poly	12	125.3180,-6.2505,0.8704	124.8980,-6.2505,0.8704	124.8980,-6.2505,0.8964	125.0985,-6.2505,0.8964	125.0985,-6.2505,2.0364	124.8980,-6.2505,2.0364	124.8980,-6.2505,2.0624	125.3180,-6.2505,2.0624	125.3180,-6.2505,2.0364	125.1175,-6.2505,2.0364	125.1175,-6.2505,0.8964	125.3180,-6.2505,0.8964	125.3180,-6.7505,0.8704	124.8980,-6.7505,0.8704	124.8980,-6.7505,0.8964	125.0985,-6.7505,0.8964	125.0985,-6.7505,2.0364	124.8980,-6.7505,2.0364	124.8980,-6.7505,2.0624	125.3180,-6.7505,2.0624	125.3180,-6.7505,2.0364	125.1175,-6.7505,2.0364	125.1175,-6.7505,0.8964	125.3180,-6.7505,0.8964
98	腐食部補修工 第1-056	腐食部補修工						紫外線硬化型FRPシート	格点16-G1	第1工事	第1工事 32 頁	V_K1_P032_1-1		ext_poly	12	133.9180,6.9778,0.8704	133.4980,6.9778,0.8704	133.4980,6.9778,0.8964	133.6985,6.9778,0.8964	133.6985,6.9778,2.0364	133.4980,6.9778,2.0364	133.4980,6.9778,2.0624	133.9180,6.9778,2.0624	133.9180,6.9778,2.0364	133.7175,6.9778,2.0364	133.7175,6.9778,0.8964	133.9180,6.9778,0.8964	133.9180,6.4778,0.8704	133.4980,6.4778,0.8704	133.4980,6.4778,0.8964	133.6985,6.4778,0.8964	133.6985,6.4778,2.0364	133.4980,6.4778,2.0364	133.4980,6.4778,2.0624	133.9180,6.4778,2.0624	133.9180,6.4778,2.0364	133.7175,6.4778,2.0364	133.7175,6.4778,0.8964	133.9180,6.4778,0.8964
99	腐食部補修工 第1-057	腐食部補修工	2026/10/07					防食防水テープ	格点16-G2	第1工事	第1工事 33 頁	V_K1_P033_1-1		ext_poly	12	133.9180,-6.2518,0.8704	133.4980,-6.2518,0.8704	133.4980,-6.2518,0.8964	133.6985,-6.2518,0.8964	133.6985,-6.2518,2.0364	133.4980,-6.2518,2.0364	133.4980,-6.2518,2.0624	133.9180,-6.2518,2.0624	133.9180,-6.2518,2.0364	133.7175,-6.2518,2.0364	133.7175,-6.2518,0.8964	133.9180,-6.2518,0.8964	133.9180,-6.7518,0.8704	133.4980,-6.7518,0.8704	133.4980,-6.7518,0.8964	133.6985,-6.7518,0.8964	133.6985,-6.7518,2.0364	133.4980,-6.7518,2.0364	133.4980,-6.7518,2.0624	133.9180,-6.7518,2.0624	133.9180,-6.7518,2.0364	133.7175,-6.7518,2.0364	133.7175,-6.7518,0.8964	133.9180,-6.7518,0.8964
100	腐食部補修工 第1-058	腐食部補修工						防食防水テープ	格点16-G2	第1工事	第1工事 33 頁	V_K1_P033_1-1		ext_poly	12	133.9180,-5.2434,0.8704	133.4980,-5.2434,0.8704	133.4980,-5.2434,0.8964	133.6985,-5.2434,0.8964	133.6985,-5.2434,2.0364	133.4980,-5.2434,2.0364	133.4980,-5.2434,2.0624	133.9180,-5.2434,2.0624	133.9180,-5.2434,2.0364	133.7175,-5.2434,2.0364	133.7175,-5.2434,0.8964	133.9180,-5.2434,0.8964	133.9180,-5.7434,0.8704	133.4980,-5.7434,0.8704	133.4980,-5.7434,0.8964	133.6985,-5.7434,0.8964	133.6985,-5.7434,2.0364	133.4980,-5.7434,2.0364	133.4980,-5.7434,2.0624	133.9180,-5.7434,2.0624	133.9180,-5.7434,2.0364	133.7175,-5.7434,2.0364	133.7175,-5.7434,0.8964	133.9180,-5.7434,0.8964
101	腐食部補修工 第1-059	腐食部補修工						防食防水テープ	格点16-G2	第1工事	第1工事 33 頁	V_K1_P033_3-3		ext_poly	4	134.0634,-7.8210,0.8704	134.0634,-7.1790,0.8704	134.0634,-7.1790,1.4804	134.0634,-7.8210,1.4804	133.7080,-7.8210,0.8704	133.7080,-7.1790,0.8704	133.7080,-7.1790,1.4804	133.7080,-7.8210,1.4804
102	腐食部補修工 第1-060	腐食部補修工						紫外線硬化型FRPシート	格点17-G2	第1工事	第1工事 35 頁	V_K1_P035_1-1		ext_poly	12	142.5180,-6.5159,0.8704	142.0980,-6.5159,0.8704	142.0980,-6.5159,0.8964	142.2985,-6.5159,0.8964	142.2985,-6.5159,2.0364	142.0980,-6.5159,2.0364	142.0980,-6.5159,2.0624	142.5180,-6.5159,2.0624	142.5180,-6.5159,2.0364	142.3175,-6.5159,2.0364	142.3175,-6.5159,0.8964	142.5180,-6.5159,0.8964	142.5180,-7.0159,0.8704	142.0980,-7.0159,0.8704	142.0980,-7.0159,0.8964	142.2985,-7.0159,0.8964	142.2985,-7.0159,2.0364	142.0980,-7.0159,2.0364	142.0980,-7.0159,2.0624	142.5180,-7.0159,2.0624	142.5180,-7.0159,2.0364	142.3175,-7.0159,2.0364	142.3175,-7.0159,0.8964	142.5180,-7.0159,0.8964
103	腐食部補修工 第1-061	腐食部補修工						防食防水テープ	格点17-G2	第1工事	第1工事 35 頁	V_K1_P035_1-1		ext_poly	12	142.5180,-6.1781,0.8704	142.0980,-6.1781,0.8704	142.0980,-6.1781,0.8964	142.2985,-6.1781,0.8964	142.2985,-6.1781,2.0364	142.0980,-6.1781,2.0364	142.0980,-6.1781,2.0624	142.5180,-6.1781,2.0624	142.5180,-6.1781,2.0364	142.3175,-6.1781,2.0364	142.3175,-6.1781,0.8964	142.5180,-6.1781,0.8964	142.5180,-6.6781,0.8704	142.0980,-6.6781,0.8704	142.0980,-6.6781,0.8964	142.2985,-6.6781,0.8964	142.2985,-6.6781,2.0364	142.0980,-6.6781,2.0364	142.0980,-6.6781,2.0624	142.5180,-6.6781,2.0624	142.5180,-6.6781,2.0364	142.3175,-6.6781,2.0364	142.3175,-6.6781,0.8964	142.5180,-6.6781,0.8964
104	腐食部補修工 第1-062	腐食部補修工						防食防水テープ	格点17-G2	第1工事	第1工事 35 頁	V_K1_P035_1-1		ext_poly	12	142.5180,-5.0935,0.8704	142.0980,-5.0935,0.8704	142.0980,-5.0935,0.8964	142.2985,-5.0935,0.8964	142.2985,-5.0935,2.0364	142.0980,-5.0935,2.0364	142.0980,-5.0935,2.0624	142.5180,-5.0935,2.0624	142.5180,-5.0935,2.0364	142.3175,-5.0935,2.0364	142.3175,-5.0935,0.8964	142.5180,-5.0935,0.8964	142.5180,-5.5935,0.8704	142.0980,-5.5935,0.8704	142.0980,-5.5935,0.8964	142.2985,-5.5935,0.8964	142.2985,-5.5935,2.0364	142.0980,-5.5935,2.0364	142.0980,-5.5935,2.0624	142.5180,-5.5935,2.0624	142.5180,-5.5935,2.0364	142.3175,-5.5935,2.0364	142.3175,-5.5935,0.8964	142.5180,-5.5935,0.8964
105	鋼桁補強工 第1-001	鋼桁補強工						高力ボルト取替	A1-G2 ナット	第1工事	第1工事 4 頁	V_K1_P004_3-3	鋼桁補強工 第1-001	ext_poly	6	-0.0597,-6.3257,0.0725	-0.0777,-6.3153,0.0725	-0.0777,-6.2945,0.0725	-0.0597,-6.2841,0.0725	-0.0417,-6.2945,0.0725	-0.0417,-6.3153,0.0725	-0.0597,-6.3257,0.0945	-0.0777,-6.3153,0.0945	-0.0777,-6.2945,0.0945	-0.0597,-6.2841,0.0945	-0.0417,-6.2945,0.0945	-0.0417,-6.3153,0.0945
106	鋼桁補強工 第1-002	鋼桁補強工						高力ボルト取替	A1-G2 軸	第1工事	第1工事 4 頁	V_K1_P004_3-3	鋼桁補強工 第1-001	ext_poly	8	-0.0597,-6.3169,-0.0025	-0.0682,-6.3134,-0.0025	-0.0717,-6.3049,-0.0025	-0.0682,-6.2964,-0.0025	-0.0597,-6.2929,-0.0025	-0.0512,-6.2964,-0.0025	-0.0477,-6.3049,-0.0025	-0.0512,-6.3134,-0.0025	-0.0597,-6.3169,0.0725	-0.0682,-6.3134,0.0725	-0.0717,-6.3049,0.0725	-0.0682,-6.2964,0.0725	-0.0597,-6.2929,0.0725	-0.0512,-6.2964,0.0725	-0.0477,-6.3049,0.0725	-0.0512,-6.3134,0.0725
107	鋼桁補強工 第1-003	鋼桁補強工						高力ボルト取替	A1-G2 頭	第1工事	第1工事 4 頁	V_K1_P004_3-3	鋼桁補強工 第1-001	ext_poly	6	-0.0597,-6.3257,-0.0165	-0.0777,-6.3153,-0.0165	-0.0777,-6.2945,-0.0165	-0.0597,-6.2841,-0.0165	-0.0417,-6.2945,-0.0165	-0.0417,-6.3153,-0.0165	-0.0597,-6.3257,-0.0025	-0.0777,-6.3153,-0.0025	-0.0777,-6.2945,-0.0025	-0.0597,-6.2841,-0.0025	-0.0417,-6.2945,-0.0025	-0.0417,-6.3153,-0.0025
108	鋼桁補強工 第1-004	鋼桁補強工						高力ボルト取替	A1-G2 ナット	第1工事	第1工事 4 頁	V_K1_P004_1-1	鋼桁補強工 第1-004	ext_poly	6	-0.0375,-6.4756,1.1189	-0.0375,-6.4652,1.1009	-0.0375,-6.4444,1.1009	-0.0375,-6.4340,1.1189	-0.0375,-6.4444,1.1369	-0.0375,-6.4652,1.1369	-0.0595,-6.4756,1.1189	-0.0595,-6.4652,1.1009	-0.0595,-6.4444,1.1009	-0.0595,-6.4340,1.1189	-0.0595,-6.4444,1.1369	-0.0595,-6.4652,1.1369
109	鋼桁補強工 第1-005	鋼桁補強工						高力ボルト取替	A1-G2 ナット	第1工事	第1工事 4 頁	V_K1_P004_4-4	鋼桁補強工 第1-005	ext_poly	6	-0.0375,6.5229,1.1215	-0.0375,6.5333,1.1034	-0.0375,6.5541,1.1034	-0.0375,6.5645,1.1215	-0.0375,6.5541,1.1395	-0.0375,6.5333,1.1395	-0.0595,6.5229,1.1215	-0.0595,6.5333,1.1034	-0.0595,6.5541,1.1034	-0.0595,6.5645,1.1215	-0.0595,6.5541,1.1395	-0.0595,6.5333,1.1395
110	鋼桁補強工 第1-006	鋼桁補強工						高力ボルト取替	A1-G2 軸	第1工事	第1工事 4 頁	V_K1_P004_1-1	鋼桁補強工 第1-004	ext_poly	8	0.0375,-6.4668,1.1189	0.0375,-6.4633,1.1104	0.0375,-6.4548,1.1069	0.0375,-6.4463,1.1104	0.0375,-6.4428,1.1189	0.0375,-6.4463,1.1274	0.0375,-6.4548,1.1309	0.0375,-6.4633,1.1274	-0.0375,-6.4668,1.1189	-0.0375,-6.4633,1.1104	-0.0375,-6.4548,1.1069	-0.0375,-6.4463,1.1104	-0.0375,-6.4428,1.1189	-0.0375,-6.4463,1.1274	-0.0375,-6.4548,1.1309	-0.0375,-6.4633,1.1274
111	鋼桁補強工 第1-007	鋼桁補強工						高力ボルト取替	A1-G2 軸	第1工事	第1工事 4 頁	V_K1_P004_4-4	鋼桁補強工 第1-005	ext_poly	8	0.0375,6.5317,1.1215	0.0375,6.5352,1.1130	0.0375,6.5437,1.1095	0.0375,6.5522,1.1130	0.0375,6.5557,1.1215	0.0375,6.5522,1.1299	0.0375,6.5437,1.1335	0.0375,6.5352,1.1299	-0.0375,6.5317,1.1215	-0.0375,6.5352,1.1130	-0.0375,6.5437,1.1095	-0.0375,6.5522,1.1130	-0.0375,6.5557,1.1215	-0.0375,6.5522,1.1299	-0.0375,6.5437,1.1335	-0.0375,6.5352,1.1299
112	鋼桁補強工 第1-008	鋼桁補強工						高力ボルト取替	A1-G2 頭	第1工事	第1工事 4 頁	V_K1_P004_1-1	鋼桁補強工 第1-004	ext_poly	6	0.0515,-6.4756,1.1189	0.0515,-6.4652,1.1009	0.0515,-6.4444,1.1009	0.0515,-6.4340,1.1189	0.0515,-6.4444,1.1369	0.0515,-6.4652,1.1369	0.0375,-6.4756,1.1189	0.0375,-6.4652,1.1009	0.0375,-6.4444,1.1009	0.0375,-6.4340,1.1189	0.0375,-6.4444,1.1369	0.0375,-6.4652,1.1369
113	鋼桁補強工 第1-009	鋼桁補強工						高力ボルト取替	A1-G2 頭	第1工事	第1工事 4 頁	V_K1_P004_4-4	鋼桁補強工 第1-005	ext_poly	6	0.0515,6.5229,1.1215	0.0515,6.5333,1.1034	0.0515,6.5541,1.1034	0.0515,6.5645,1.1215	0.0515,6.5541,1.1395	0.0515,6.5333,1.1395	0.0375,6.5229,1.1215	0.0375,6.5333,1.1034	0.0375,6.5541,1.1034	0.0375,6.5645,1.1215	0.0375,6.5541,1.1395	0.0375,6.5333,1.1395
114	鋼桁補強工 第1-010	鋼桁補強工						高力ボルト取替	格点1-G2 ナット	第1工事	第1工事 5 頁	V_K1_P005_4-4	鋼桁補強工 第1-010	ext_poly	6	7.1367,-7.1580,0.1833	7.1187,-7.1476,0.1833	7.1187,-7.1268,0.1833	7.1367,-7.1164,0.1833	7.1547,-7.1268,0.1833	7.1547,-7.1476,0.1833	7.1367,-7.1580,0.2053	7.1187,-7.1476,0.2053	7.1187,-7.1268,0.2053	7.1367,-7.1164,0.2053	7.1547,-7.1268,0.2053	7.1547,-7.1476,0.2053
115	鋼桁補強工 第1-011	鋼桁補強工						高力ボルト取替	格点1-G2 軸	第1工事	第1工事 5 頁	V_K1_P005_4-4	鋼桁補強工 第1-010	ext_poly	8	7.1367,-7.1492,0.1083	7.1282,-7.1456,0.1083	7.1247,-7.1372,0.1083	7.1282,-7.1287,0.1083	7.1367,-7.1252,0.1083	7.1452,-7.1287,0.1083	7.1487,-7.1372,0.1083	7.1452,-7.1456,0.1083	7.1367,-7.1492,0.1833	7.1282,-7.1456,0.1833	7.1247,-7.1372,0.1833	7.1282,-7.1287,0.1833	7.1367,-7.1252,0.1833	7.1452,-7.1287,0.1833	7.1487,-7.1372,0.1833	7.1452,-7.1456,0.1833
116	鋼桁補強工 第1-012	鋼桁補強工						高力ボルト取替	格点1-G2 頭	第1工事	第1工事 5 頁	V_K1_P005_4-4	鋼桁補強工 第1-010	ext_poly	6	7.1367,-7.1580,0.0943	7.1187,-7.1476,0.0943	7.1187,-7.1268,0.0943	7.1367,-7.1164,0.0943	7.1547,-7.1268,0.0943	7.1547,-7.1476,0.0943	7.1367,-7.1580,0.1083	7.1187,-7.1476,0.1083	7.1187,-7.1268,0.1083	7.1367,-7.1164,0.1083	7.1547,-7.1268,0.1083	7.1547,-7.1476,0.1083
117	鋼桁補強工 第1-013	鋼桁補強工						高力ボルト取替	格点2-G2 ナット	第1工事	第1工事 6 頁	V_K1_P006_3-3	鋼桁補強工 第1-013	ext_poly	6	15.1664,-6.4781,0.2443	15.1484,-6.4677,0.2443	15.1484,-6.4469,0.2443	15.1664,-6.4365,0.2443	15.1844,-6.4469,0.2443	15.1844,-6.4677,0.2443	15.1664,-6.4781,0.2663	15.1484,-6.4677,0.2663	15.1484,-6.4469,0.2663	15.1664,-6.4365,0.2663	15.1844,-6.4469,0.2663	15.1844,-6.4677,0.2663
118	鋼桁補強工 第1-014	鋼桁補強工						高力ボルト取替	格点2-G2 軸	第1工事	第1工事 6 頁	V_K1_P006_3-3	鋼桁補強工 第1-013	ext_poly	8	15.1664,-6.4693,0.1693	15.1579,-6.4658,0.1693	15.1544,-6.4573,0.1693	15.1579,-6.4488,0.1693	15.1664,-6.4453,0.1693	15.1749,-6.4488,0.1693	15.1784,-6.4573,0.1693	15.1749,-6.4658,0.1693	15.1664,-6.4693,0.2443	15.1579,-6.4658,0.2443	15.1544,-6.4573,0.2443	15.1579,-6.4488,0.2443	15.1664,-6.4453,0.2443	15.1749,-6.4488,0.2443	15.1784,-6.4573,0.2443	15.1749,-6.4658,0.2443
119	鋼桁補強工 第1-015	鋼桁補強工						高力ボルト取替	格点2-G2 頭	第1工事	第1工事 6 頁	V_K1_P006_3-3	鋼桁補強工 第1-013	ext_poly	6	15.1664,-6.4781,0.1553	15.1484,-6.4677,0.1553	15.1484,-6.4469,0.1553	15.1664,-6.4365,0.1553	15.1844,-6.4469,0.1553	15.1844,-6.4677,0.1553	15.1664,-6.4781,0.1693	15.1484,-6.4677,0.1693	15.1484,-6.4469,0.1693	15.1664,-6.4365,0.1693	15.1844,-6.4469,0.1693	15.1844,-6.4677,0.1693
120	鋼桁補強工 第1-016	鋼桁補強工						高力ボルト取替	格点3-G2 ナット	第1工事	第1工事 7 頁	V_K1_P007_3-3	鋼桁補強工 第1-016	ext_poly	6	22.7264,-6.4794,0.3152	22.7084,-6.4690,0.3152	22.7084,-6.4482,0.3152	22.7264,-6.4378,0.3152	22.7444,-6.4482,0.3152	22.7444,-6.4690,0.3152	22.7264,-6.4794,0.3372	22.7084,-6.4690,0.3372	22.7084,-6.4482,0.3372	22.7264,-6.4378,0.3372	22.7444,-6.4482,0.3372	22.7444,-6.4690,0.3372
121	鋼桁補強工 第1-017	鋼桁補強工						高力ボルト取替	格点3-G2 軸	第1工事	第1工事 7 頁	V_K1_P007_3-3	鋼桁補強工 第1-016	ext_poly	8	22.7264,-6.4706,0.2402	22.7179,-6.4671,0.2402	22.7144,-6.4586,0.2402	22.7179,-6.4501,0.2402	22.7264,-6.4466,0.2402	22.7349,-6.4501,0.2402	22.7384,-6.4586,0.2402	22.7349,-6.4671,0.2402	22.7264,-6.4706,0.3152	22.7179,-6.4671,0.3152	22.7144,-6.4586,0.3152	22.7179,-6.4501,0.3152	22.7264,-6.4466,0.3152	22.7349,-6.4501,0.3152	22.7384,-6.4586,0.3152	22.7349,-6.4671,0.3152
122	鋼桁補強工 第1-018	鋼桁補強工						高力ボルト取替	格点3-G2 頭	第1工事	第1工事 7 頁	V_K1_P007_3-3	鋼桁補強工 第1-016	ext_poly	6	22.7264,-6.4794,0.2262	22.7084,-6.4690,0.2262	22.7084,-6.4482,0.2262	22.7264,-6.4378,0.2262	22.7444,-6.4482,0.2262	22.7444,-6.4690,0.2262	22.7264,-6.4794,0.2402	22.7084,-6.4690,0.2402	22.7084,-6.4482,0.2402	22.7264,-6.4378,0.2402	22.7444,-6.4482,0.2402	22.7444,-6.4690,0.2402
123	鋼桁補強工 第1-019	鋼桁補強工						高力ボルト取替	格点4-G2 ナット	第1工事	第1工事 8 頁	V_K1_P008_4-4	鋼桁補強工 第1-019	ext_poly	6	29.8114,-7.1376,0.4111	29.7934,-7.1272,0.4111	29.7934,-7.1064,0.4111	29.8114,-7.0960,0.4111	29.8295,-7.1064,0.4111	29.8295,-7.1272,0.4111	29.8114,-7.1376,0.4331	29.7934,-7.1272,0.4331	29.7934,-7.1064,0.4331	29.8114,-7.0960,0.4331	29.8295,-7.1064,0.4331	29.8295,-7.1272,0.4331
124	鋼桁補強工 第1-020	鋼桁補強工						高力ボルト取替	格点4-G2 軸	第1工事	第1工事 8 頁	V_K1_P008_4-4	鋼桁補強工 第1-019	ext_poly	8	29.8114,-7.1288,0.3361	29.8030,-7.1253,0.3361	29.7994,-7.1168,0.3361	29.8030,-7.1084,0.3361	29.8114,-7.1048,0.3361	29.8199,-7.1084,0.3361	29.8234,-7.1168,0.3361	29.8199,-7.1253,0.3361	29.8114,-7.1288,0.4111	29.8030,-7.1253,0.4111	29.7994,-7.1168,0.4111	29.8030,-7.1084,0.4111	29.8114,-7.1048,0.4111	29.8199,-7.1084,0.4111	29.8234,-7.1168,0.4111	29.8199,-7.1253,0.4111
125	鋼桁補強工 第1-021	鋼桁補強工						高力ボルト取替	格点4-G2 頭	第1工事	第1工事 8 頁	V_K1_P008_4-4	鋼桁補強工 第1-019	ext_poly	6	29.8114,-7.1376,0.3221	29.7934,-7.1272,0.3221	29.7934,-7.1064,0.3221	29.8114,-7.0960,0.3221	29.8295,-7.1064,0.3221	29.8295,-7.1272,0.3221	29.8114,-7.1376,0.3361	29.7934,-7.1272,0.3361	29.7934,-7.1064,0.3361	29.8114,-7.0960,0.3361	29.8295,-7.1064,0.3361	29.8295,-7.1272,0.3361
126	鋼桁補強工 第1-022	鋼桁補強工						高力ボルト取替	格点4-G2 ナット	第1工事	第1工事 8 頁	V_K1_P008_2-2	鋼桁補強工 第1-022	ext_poly	6	30.1696,-6.5966,1.5161	30.1516,-6.6070,1.5161	30.1516,-6.6278,1.5161	30.1696,-6.6382,1.5161	30.1876,-6.6278,1.5161	30.1876,-6.6070,1.5161	30.1696,-6.5966,1.4941	30.1516,-6.6070,1.4941	30.1516,-6.6278,1.4941	30.1696,-6.6382,1.4941	30.1876,-6.6278,1.4941	30.1876,-6.6070,1.4941
127	鋼桁補強工 第1-023	鋼桁補強工						高力ボルト取替	格点4-G2 軸	第1工事	第1工事 8 頁	V_K1_P008_2-2	鋼桁補強工 第1-022	ext_poly	8	30.1696,-6.6054,1.5911	30.1611,-6.6089,1.5911	30.1576,-6.6174,1.5911	30.1611,-6.6258,1.5911	30.1696,-6.6294,1.5911	30.1781,-6.6258,1.5911	30.1816,-6.6174,1.5911	30.1781,-6.6089,1.5911	30.1696,-6.6054,1.5161	30.1611,-6.6089,1.5161	30.1576,-6.6174,1.5161	30.1611,-6.6258,1.5161	30.1696,-6.6294,1.5161	30.1781,-6.6258,1.5161	30.1816,-6.6174,1.5161	30.1781,-6.6089,1.5161
128	鋼桁補強工 第1-024	鋼桁補強工						高力ボルト取替	格点4-G2 頭	第1工事	第1工事 8 頁	V_K1_P008_2-2	鋼桁補強工 第1-022	ext_poly	6	30.1696,-6.5966,1.6051	30.1516,-6.6070,1.6051	30.1516,-6.6278,1.6051	30.1696,-6.6382,1.6051	30.1876,-6.6278,1.6051	30.1876,-6.6070,1.6051	30.1696,-6.5966,1.5911	30.1516,-6.6070,1.5911	30.1516,-6.6278,1.5911	30.1696,-6.6382,1.5911	30.1876,-6.6278,1.5911	30.1876,-6.6070,1.5911
129	鋼桁補強工 第1-025	鋼桁補強工						高力ボルト取替	格点4-G2 頭	第1工事	第1工事 8 頁	V_K1_P008_1-1	鋼桁補強工 第1-025	ext_poly	6	30.1765,-5.8224,1.4265	30.1765,-5.8328,1.4085	30.1765,-5.8536,1.4085	30.1765,-5.8640,1.4265	30.1765,-5.8536,1.4445	30.1765,-5.8328,1.4445	30.1905,-5.8224,1.4265	30.1905,-5.8328,1.4085	30.1905,-5.8536,1.4085	30.1905,-5.8640,1.4265	30.1905,-5.8536,1.4445	30.1905,-5.8328,1.4445
130	鋼桁補強工 第1-026	鋼桁補強工						高力ボルト取替	格点4-G2 軸	第1工事	第1工事 8 頁	V_K1_P008_1-1	鋼桁補強工 第1-025	ext_poly	8	30.1905,-5.8312,1.4265	30.1905,-5.8347,1.4180	30.1905,-5.8432,1.4145	30.1905,-5.8517,1.4180	30.1905,-5.8552,1.4265	30.1905,-5.8517,1.4350	30.1905,-5.8432,1.4385	30.1905,-5.8347,1.4350	30.2655,-5.8312,1.4265	30.2655,-5.8347,1.4180	30.2655,-5.8432,1.4145	30.2655,-5.8517,1.4180	30.2655,-5.8552,1.4265	30.2655,-5.8517,1.4350	30.2655,-5.8432,1.4385	30.2655,-5.8347,1.4350
131	鋼桁補強工 第1-027	鋼桁補強工						高力ボルト取替	格点4-G2 ナット	第1工事	第1工事 8 頁	V_K1_P008_1-1	鋼桁補強工 第1-025	ext_poly	6	30.2655,-5.8224,1.4265	30.2655,-5.8328,1.4085	30.2655,-5.8536,1.4085	30.2655,-5.8640,1.4265	30.2655,-5.8536,1.4445	30.2655,-5.8328,1.4445	30.2875,-5.8224,1.4265	30.2875,-5.8328,1.4085	30.2875,-5.8536,1.4085	30.2875,-5.8640,1.4265	30.2875,-5.8536,1.4445	30.2875,-5.8328,1.4445
132	鋼桁補強工 第1-028	鋼桁補強工						高力ボルト取替	格点4-G2 ナット	第1工事	第1工事 8 頁	V_K1_P008_3-3	鋼桁補強工 第1-028	ext_poly	6	30.2877,-6.4781,0.3861	30.2697,-6.4677,0.3861	30.2697,-6.4469,0.3861	30.2877,-6.4365,0.3861	30.3057,-6.4469,0.3861	30.3057,-6.4677,0.3861	30.2877,-6.4781,0.4081	30.2697,-6.4677,0.4081	30.2697,-6.4469,0.4081	30.2877,-6.4365,0.4081	30.3057,-6.4469,0.4081	30.3057,-6.4677,0.4081
133	鋼桁補強工 第1-029	鋼桁補強工						高力ボルト取替	格点4-G2 軸	第1工事	第1工事 8 頁	V_K1_P008_3-3	鋼桁補強工 第1-028	ext_poly	8	30.2877,-6.4693,0.3111	30.2792,-6.4658,0.3111	30.2757,-6.4573,0.3111	30.2792,-6.4488,0.3111	30.2877,-6.4453,0.3111	30.2962,-6.4488,0.3111	30.2997,-6.4573,0.3111	30.2962,-6.4658,0.3111	30.2877,-6.4693,0.3861	30.2792,-6.4658,0.3861	30.2757,-6.4573,0.3861	30.2792,-6.4488,0.3861	30.2877,-6.4453,0.3861	30.2962,-6.4488,0.3861	30.2997,-6.4573,0.3861	30.2962,-6.4658,0.3861
134	鋼桁補強工 第1-030	鋼桁補強工						高力ボルト取替	格点4-G2 頭	第1工事	第1工事 8 頁	V_K1_P008_3-3	鋼桁補強工 第1-028	ext_poly	6	30.2877,-6.4781,0.2971	30.2697,-6.4677,0.2971	30.2697,-6.4469,0.2971	30.2877,-6.4365,0.2971	30.3057,-6.4469,0.2971	30.3057,-6.4677,0.2971	30.2877,-6.4781,0.3111	30.2697,-6.4677,0.3111	30.2697,-6.4469,0.3111	30.2877,-6.4365,0.3111	30.3057,-6.4469,0.3111	30.3057,-6.4677,0.3111
135	鋼桁補強工 第1-031	鋼桁補強工						高力ボルト取替	格点5-G2 ナット	第1工事	第1工事 10 頁	V_K1_P010_3-3	鋼桁補強工 第1-031	ext_poly	6	37.8464,-6.4794,0.4569	37.8284,-6.4690,0.4569	37.8284,-6.4482,0.4569	37.8464,-6.4378,0.4569	37.8644,-6.4482,0.4569	37.8644,-6.4690,0.4569	37.8464,-6.4794,0.4789	37.8284,-6.4690,0.4789	37.8284,-6.4482,0.4789	37.8464,-6.4378,0.4789	37.8644,-6.4482,0.4789	37.8644,-6.4690,0.4789
136	鋼桁補強工 第1-032	鋼桁補強工						高力ボルト取替	格点5-G2 軸	第1工事	第1工事 10 頁	V_K1_P010_3-3	鋼桁補強工 第1-031	ext_poly	8	37.8464,-6.4706,0.3819	37.8379,-6.4671,0.3819	37.8344,-6.4586,0.3819	37.8379,-6.4501,0.3819	37.8464,-6.4466,0.3819	37.8549,-6.4501,0.3819	37.8584,-6.4586,0.3819	37.8549,-6.4671,0.3819	37.8464,-6.4706,0.4569	37.8379,-6.4671,0.4569	37.8344,-6.4586,0.4569	37.8379,-6.4501,0.4569	37.8464,-6.4466,0.4569	37.8549,-6.4501,0.4569	37.8584,-6.4586,0.4569	37.8549,-6.4671,0.4569
137	鋼桁補強工 第1-033	鋼桁補強工						高力ボルト取替	格点5-G2 頭	第1工事	第1工事 10 頁	V_K1_P010_3-3	鋼桁補強工 第1-031	ext_poly	6	37.8464,-6.4794,0.3679	37.8284,-6.4690,0.3679	37.8284,-6.4482,0.3679	37.8464,-6.4378,0.3679	37.8644,-6.4482,0.3679	37.8644,-6.4690,0.3679	37.8464,-6.4794,0.3819	37.8284,-6.4690,0.3819	37.8284,-6.4482,0.3819	37.8464,-6.4378,0.3819	37.8644,-6.4482,0.3819	37.8644,-6.4690,0.3819
138	鋼桁補強工 第1-034	鋼桁補強工						高力ボルト取替	格点6-G2 ナット	第1工事	第1工事 12 頁	V_K1_P012_3-3	鋼桁補強工 第1-034	ext_poly	6	45.4077,-6.4769,0.5276	45.3897,-6.4665,0.5276	45.3897,-6.4457,0.5276	45.4077,-6.4353,0.5276	45.4257,-6.4457,0.5276	45.4257,-6.4665,0.5276	45.4077,-6.4769,0.5496	45.3897,-6.4665,0.5496	45.3897,-6.4457,0.5496	45.4077,-6.4353,0.5496	45.4257,-6.4457,0.5496	45.4257,-6.4665,0.5496
139	鋼桁補強工 第1-035	鋼桁補強工						高力ボルト取替	格点6-G2 軸	第1工事	第1工事 12 頁	V_K1_P012_3-3	鋼桁補強工 第1-034	ext_poly	8	45.4077,-6.4681,0.4526	45.3992,-6.4645,0.4526	45.3957,-6.4561,0.4526	45.3992,-6.4476,0.4526	45.4077,-6.4441,0.4526	45.4162,-6.4476,0.4526	45.4197,-6.4561,0.4526	45.4162,-6.4645,0.4526	45.4077,-6.4681,0.5276	45.3992,-6.4645,0.5276	45.3957,-6.4561,0.5276	45.3992,-6.4476,0.5276	45.4077,-6.4441,0.5276	45.4162,-6.4476,0.5276	45.4197,-6.4561,0.5276	45.4162,-6.4645,0.5276
140	鋼桁補強工 第1-036	鋼桁補強工						高力ボルト取替	格点6-G2 頭	第1工事	第1工事 12 頁	V_K1_P012_3-3	鋼桁補強工 第1-034	ext_poly	6	45.4077,-6.4769,0.4386	45.3897,-6.4665,0.4386	45.3897,-6.4457,0.4386	45.4077,-6.4353,0.4386	45.4257,-6.4457,0.4386	45.4257,-6.4665,0.4386	45.4077,-6.4769,0.4526	45.3897,-6.4665,0.4526	45.3897,-6.4457,0.4526	45.4077,-6.4353,0.4526	45.4257,-6.4457,0.4526	45.4257,-6.4665,0.4526
141	鋼桁補強工 第1-037	鋼桁補強工						高力ボルト取替	格点7-G2 ナット	第1工事	第1工事 13 頁	V_K1_P013_3-3	鋼桁補強工 第1-037	ext_poly	6	52.9677,-6.4032,0.5986	52.9497,-6.3928,0.5986	52.9497,-6.3720,0.5986	52.9677,-6.3616,0.5986	52.9857,-6.3720,0.5986	52.9857,-6.3928,0.5986	52.9677,-6.4032,0.6206	52.9497,-6.3928,0.6206	52.9497,-6.3720,0.6206	52.9677,-6.3616,0.6206	52.9857,-6.3720,0.6206	52.9857,-6.3928,0.6206
142	鋼桁補強工 第1-038	鋼桁補強工						高力ボルト取替	格点7-G2 軸	第1工事	第1工事 13 頁	V_K1_P013_3-3	鋼桁補強工 第1-037	ext_poly	8	52.9677,-6.3944,0.5236	52.9592,-6.3909,0.5236	52.9557,-6.3824,0.5236	52.9592,-6.3739,0.5236	52.9677,-6.3704,0.5236	52.9762,-6.3739,0.5236	52.9797,-6.3824,0.5236	52.9762,-6.3909,0.5236	52.9677,-6.3944,0.5986	52.9592,-6.3909,0.5986	52.9557,-6.3824,0.5986	52.9592,-6.3739,0.5986	52.9677,-6.3704,0.5986	52.9762,-6.3739,0.5986	52.9797,-6.3824,0.5986	52.9762,-6.3909,0.5986
143	鋼桁補強工 第1-039	鋼桁補強工						高力ボルト取替	格点7-G2 頭	第1工事	第1工事 13 頁	V_K1_P013_3-3	鋼桁補強工 第1-037	ext_poly	6	52.9677,-6.4032,0.5096	52.9497,-6.3928,0.5096	52.9497,-6.3720,0.5096	52.9677,-6.3616,0.5096	52.9857,-6.3720,0.5096	52.9857,-6.3928,0.5096	52.9677,-6.4032,0.5236	52.9497,-6.3928,0.5236	52.9497,-6.3720,0.5236	52.9677,-6.3616,0.5236	52.9857,-6.3720,0.5236	52.9857,-6.3928,0.5236
144	鋼桁補強工 第1-040	鋼桁補強工						高力ボルト取替	格点8-G2 ナット	第1工事	第1工事 15 頁	V_K1_P015_3-3	鋼桁補強工 第1-040	ext_poly	6	60.5277,-6.4032,0.6271	60.5097,-6.3928,0.6271	60.5097,-6.3720,0.6271	60.5277,-6.3616,0.6271	60.5457,-6.3720,0.6271	60.5457,-6.3928,0.6271	60.5277,-6.4032,0.6491	60.5097,-6.3928,0.6491	60.5097,-6.3720,0.6491	60.5277,-6.3616,0.6491	60.5457,-6.3720,0.6491	60.5457,-6.3928,0.6491
145	鋼桁補強工 第1-041	鋼桁補強工						高力ボルト取替	格点8-G2 軸	第1工事	第1工事 15 頁	V_K1_P015_3-3	鋼桁補強工 第1-040	ext_poly	8	60.5277,-6.3944,0.5521	60.5192,-6.3909,0.5521	60.5157,-6.3824,0.5521	60.5192,-6.3739,0.5521	60.5277,-6.3704,0.5521	60.5362,-6.3739,0.5521	60.5397,-6.3824,0.5521	60.5362,-6.3909,0.5521	60.5277,-6.3944,0.6271	60.5192,-6.3909,0.6271	60.5157,-6.3824,0.6271	60.5192,-6.3739,0.6271	60.5277,-6.3704,0.6271	60.5362,-6.3739,0.6271	60.5397,-6.3824,0.6271	60.5362,-6.3909,0.6271
146	鋼桁補強工 第1-042	鋼桁補強工						高力ボルト取替	格点8-G2 頭	第1工事	第1工事 15 頁	V_K1_P015_3-3	鋼桁補強工 第1-040	ext_poly	6	60.5277,-6.4032,0.5381	60.5097,-6.3928,0.5381	60.5097,-6.3720,0.5381	60.5277,-6.3616,0.5381	60.5457,-6.3720,0.5381	60.5457,-6.3928,0.5381	60.5277,-6.4032,0.5521	60.5097,-6.3928,0.5521	60.5097,-6.3720,0.5521	60.5277,-6.3616,0.5521	60.5457,-6.3720,0.5521	60.5457,-6.3928,0.5521
147	鋼桁補強工 第1-043	鋼桁補強工						高力ボルト取替	格点9-G2 ナット	第1工事	第1工事 17 頁	V_K1_P017_3-3	鋼桁補強工 第1-043	ext_poly	6	68.0877,-6.4032,0.6964	68.0697,-6.3928,0.6964	68.0697,-6.3720,0.6964	68.0877,-6.3616,0.6964	68.1057,-6.3720,0.6964	68.1057,-6.3928,0.6964	68.0877,-6.4032,0.7184	68.0697,-6.3928,0.7184	68.0697,-6.3720,0.7184	68.0877,-6.3616,0.7184	68.1057,-6.3720,0.7184	68.1057,-6.3928,0.7184
148	鋼桁補強工 第1-044	鋼桁補強工						高力ボルト取替	格点9-G2 軸	第1工事	第1工事 17 頁	V_K1_P017_3-3	鋼桁補強工 第1-043	ext_poly	8	68.0877,-6.3944,0.6214	68.0792,-6.3909,0.6214	68.0757,-6.3824,0.6214	68.0792,-6.3739,0.6214	68.0877,-6.3704,0.6214	68.0962,-6.3739,0.6214	68.0997,-6.3824,0.6214	68.0962,-6.3909,0.6214	68.0877,-6.3944,0.6964	68.0792,-6.3909,0.6964	68.0757,-6.3824,0.6964	68.0792,-6.3739,0.6964	68.0877,-6.3704,0.6964	68.0962,-6.3739,0.6964	68.0997,-6.3824,0.6964	68.0962,-6.3909,0.6964
149	鋼桁補強工 第1-045	鋼桁補強工						高力ボルト取替	格点9-G2 頭	第1工事	第1工事 17 頁	V_K1_P017_3-3	鋼桁補強工 第1-043	ext_poly	6	68.0877,-6.4032,0.6074	68.0697,-6.3928,0.6074	68.0697,-6.3720,0.6074	68.0877,-6.3616,0.6074	68.1057,-6.3720,0.6074	68.1057,-6.3928,0.6074	68.0877,-6.4032,0.6214	68.0697,-6.3928,0.6214	68.0697,-6.3720,0.6214	68.0877,-6.3616,0.6214	68.1057,-6.3720,0.6214	68.1057,-6.3928,0.6214
150	鋼桁補強工 第1-046	鋼桁補強工						高力ボルト取替	格点10-G2 ナット	第1工事	第1工事 19 頁	V_K1_P019_4-4	鋼桁補強工 第1-046	ext_poly	6	75.6426,-7.0106,0.7516	75.6246,-7.0002,0.7516	75.6246,-6.9794,0.7516	75.6426,-6.9690,0.7516	75.6606,-6.9794,0.7516	75.6606,-7.0002,0.7516	75.6426,-7.0106,0.7736	75.6246,-7.0002,0.7736	75.6246,-6.9794,0.7736	75.6426,-6.9690,0.7736	75.6606,-6.9794,0.7736	75.6606,-7.0002,0.7736
151	鋼桁補強工 第1-047	鋼桁補強工						高力ボルト取替	格点10-G2 軸	第1工事	第1工事 19 頁	V_K1_P019_4-4	鋼桁補強工 第1-046	ext_poly	8	75.6426,-7.0018,0.6766	75.6341,-6.9983,0.6766	75.6306,-6.9898,0.6766	75.6341,-6.9814,0.6766	75.6426,-6.9778,0.6766	75.6511,-6.9814,0.6766	75.6546,-6.9898,0.6766	75.6511,-6.9983,0.6766	75.6426,-7.0018,0.7516	75.6341,-6.9983,0.7516	75.6306,-6.9898,0.7516	75.6341,-6.9814,0.7516	75.6426,-6.9778,0.7516	75.6511,-6.9814,0.7516	75.6546,-6.9898,0.7516	75.6511,-6.9983,0.7516
152	鋼桁補強工 第1-048	鋼桁補強工						高力ボルト取替	格点10-G2 頭	第1工事	第1工事 19 頁	V_K1_P019_4-4	鋼桁補強工 第1-046	ext_poly	6	75.6426,-7.0106,0.6626	75.6246,-7.0002,0.6626	75.6246,-6.9794,0.6626	75.6426,-6.9690,0.6626	75.6606,-6.9794,0.6626	75.6606,-7.0002,0.6626	75.6426,-7.0106,0.6766	75.6246,-7.0002,0.6766	75.6246,-6.9794,0.6766	75.6426,-6.9690,0.6766	75.6606,-6.9794,0.6766	75.6606,-7.0002,0.6766
153	鋼桁補強工 第1-049	鋼桁補強工						高力ボルト取替	格点11-G2 ナット	第1工事	第1工事 21 頁	V_K1_P021_3-3	鋼桁補強工 第1-049	ext_poly	6	83.2077,-6.4032,0.7810	83.1897,-6.3928,0.7810	83.1897,-6.3720,0.7810	83.2077,-6.3616,0.7810	83.2257,-6.3720,0.7810	83.2257,-6.3928,0.7810	83.2077,-6.4032,0.8030	83.1897,-6.3928,0.8030	83.1897,-6.3720,0.8030	83.2077,-6.3616,0.8030	83.2257,-6.3720,0.8030	83.2257,-6.3928,0.8030
154	鋼桁補強工 第1-050	鋼桁補強工						高力ボルト取替	格点11-G2 軸	第1工事	第1工事 21 頁	V_K1_P021_3-3	鋼桁補強工 第1-049	ext_poly	8	83.2077,-6.3944,0.7060	83.1992,-6.3909,0.7060	83.1957,-6.3824,0.7060	83.1992,-6.3739,0.7060	83.2077,-6.3704,0.7060	83.2162,-6.3739,0.7060	83.2197,-6.3824,0.7060	83.2162,-6.3909,0.7060	83.2077,-6.3944,0.7810	83.1992,-6.3909,0.7810	83.1957,-6.3824,0.7810	83.1992,-6.3739,0.7810	83.2077,-6.3704,0.7810	83.2162,-6.3739,0.7810	83.2197,-6.3824,0.7810	83.2162,-6.3909,0.7810
155	鋼桁補強工 第1-051	鋼桁補強工						高力ボルト取替	格点11-G2 頭	第1工事	第1工事 21 頁	V_K1_P021_3-3	鋼桁補強工 第1-049	ext_poly	6	83.2077,-6.4032,0.6920	83.1897,-6.3928,0.6920	83.1897,-6.3720,0.6920	83.2077,-6.3616,0.6920	83.2257,-6.3720,0.6920	83.2257,-6.3928,0.6920	83.2077,-6.4032,0.7060	83.1897,-6.3928,0.7060	83.1897,-6.3720,0.7060	83.2077,-6.3616,0.7060	83.2257,-6.3720,0.7060	83.2257,-6.3928,0.7060
156	鋼桁補強工 第1-052	鋼桁補強工						高力ボルト取替	P1-G1 ナット	第1工事	第1工事 22 頁	V_K1_P022_2-2	鋼桁補強工 第1-052	ext_poly	6	90.5289,6.6826,1.9533	90.5109,6.6722,1.9533	90.5109,6.6514,1.9533	90.5289,6.6410,1.9533	90.5469,6.6514,1.9533	90.5469,6.6722,1.9533	90.5289,6.6826,1.9313	90.5109,6.6722,1.9313	90.5109,6.6514,1.9313	90.5289,6.6410,1.9313	90.5469,6.6514,1.9313	90.5469,6.6722,1.9313
157	鋼桁補強工 第1-053	鋼桁補強工						高力ボルト取替	P1-G1 軸	第1工事	第1工事 22 頁	V_K1_P022_2-2	鋼桁補強工 第1-052	ext_poly	8	90.5289,6.6738,2.0283	90.5204,6.6703,2.0283	90.5169,6.6618,2.0283	90.5204,6.6533,2.0283	90.5289,6.6498,2.0283	90.5374,6.6533,2.0283	90.5409,6.6618,2.0283	90.5374,6.6703,2.0283	90.5289,6.6738,1.9533	90.5204,6.6703,1.9533	90.5169,6.6618,1.9533	90.5204,6.6533,1.9533	90.5289,6.6498,1.9533	90.5374,6.6533,1.9533	90.5409,6.6618,1.9533	90.5374,6.6703,1.9533
158	鋼桁補強工 第1-054	鋼桁補強工						高力ボルト取替	P1-G1 頭	第1工事	第1工事 22 頁	V_K1_P022_2-2	鋼桁補強工 第1-052	ext_poly	6	90.5289,6.6826,2.0423	90.5109,6.6722,2.0423	90.5109,6.6514,2.0423	90.5289,6.6410,2.0423	90.5469,6.6514,2.0423	90.5469,6.6722,2.0423	90.5289,6.6826,2.0283	90.5109,6.6722,2.0283	90.5109,6.6514,2.0283	90.5289,6.6410,2.0283	90.5469,6.6514,2.0283	90.5469,6.6722,2.0283
159	鋼桁補強工 第1-055	鋼桁補強工						高力ボルト取替	P1-G2 ナット	第1工事	第1工事 23 頁	V_K1_P023_2-2	鋼桁補強工 第1-055	ext_poly	6	90.5289,-6.4365,1.9533	90.5109,-6.4469,1.9533	90.5109,-6.4677,1.9533	90.5289,-6.4781,1.9533	90.5469,-6.4677,1.9533	90.5469,-6.4469,1.9533	90.5289,-6.4365,1.9313	90.5109,-6.4469,1.9313	90.5109,-6.4677,1.9313	90.5289,-6.4781,1.9313	90.5469,-6.4677,1.9313	90.5469,-6.4469,1.9313
160	鋼桁補強工 第1-056	鋼桁補強工						高力ボルト取替	P1-G2 軸	第1工事	第1工事 23 頁	V_K1_P023_2-2	鋼桁補強工 第1-055	ext_poly	8	90.5289,-6.4453,2.0283	90.5204,-6.4488,2.0283	90.5169,-6.4573,2.0283	90.5204,-6.4658,2.0283	90.5289,-6.4693,2.0283	90.5374,-6.4658,2.0283	90.5409,-6.4573,2.0283	90.5374,-6.4488,2.0283	90.5289,-6.4453,1.9533	90.5204,-6.4488,1.9533	90.5169,-6.4573,1.9533	90.5204,-6.4658,1.9533	90.5289,-6.4693,1.9533	90.5374,-6.4658,1.9533	90.5409,-6.4573,1.9533	90.5374,-6.4488,1.9533
161	鋼桁補強工 第1-057	鋼桁補強工						高力ボルト取替	P1-G2 頭	第1工事	第1工事 23 頁	V_K1_P023_2-2	鋼桁補強工 第1-055	ext_poly	6	90.5289,-6.4365,2.0423	90.5109,-6.4469,2.0423	90.5109,-6.4677,2.0423	90.5289,-6.4781,2.0423	90.5469,-6.4677,2.0423	90.5469,-6.4469,2.0423	90.5289,-6.4365,2.0283	90.5109,-6.4469,2.0283	90.5109,-6.4677,2.0283	90.5289,-6.4781,2.0283	90.5469,-6.4677,2.0283	90.5469,-6.4469,2.0283
162	鋼桁補強工 第1-058	鋼桁補強工						高力ボルト取替	P1-G2 ナット	第1工事	第1工事 23 頁	V_K1_P023_3-3	鋼桁補強工 第1-058	ext_poly	6	90.8718,-6.3689,0.8233	90.8538,-6.3585,0.8233	90.8538,-6.3377,0.8233	90.8718,-6.3273,0.8233	90.8898,-6.3377,0.8233	90.8898,-6.3585,0.8233	90.8718,-6.3689,0.8453	90.8538,-6.3585,0.8453	90.8538,-6.3377,0.8453	90.8718,-6.3273,0.8453	90.8898,-6.3377,0.8453	90.8898,-6.3585,0.8453
163	鋼桁補強工 第1-059	鋼桁補強工						高力ボルト取替	P1-G2 軸	第1工事	第1工事 23 頁	V_K1_P023_3-3	鋼桁補強工 第1-058	ext_poly	8	90.8718,-6.3601,0.7483	90.8633,-6.3566,0.7483	90.8598,-6.3481,0.7483	90.8633,-6.3396,0.7483	90.8718,-6.3361,0.7483	90.8803,-6.3396,0.7483	90.8838,-6.3481,0.7483	90.8803,-6.3566,0.7483	90.8718,-6.3601,0.8233	90.8633,-6.3566,0.8233	90.8598,-6.3481,0.8233	90.8633,-6.3396,0.8233	90.8718,-6.3361,0.8233	90.8803,-6.3396,0.8233	90.8838,-6.3481,0.8233	90.8803,-6.3566,0.8233
164	鋼桁補強工 第1-060	鋼桁補強工						高力ボルト取替	P1-G2 頭	第1工事	第1工事 23 頁	V_K1_P023_3-3	鋼桁補強工 第1-058	ext_poly	6	90.8718,-6.3689,0.7343	90.8538,-6.3585,0.7343	90.8538,-6.3377,0.7343	90.8718,-6.3273,0.7343	90.8898,-6.3377,0.7343	90.8898,-6.3585,0.7343	90.8718,-6.3689,0.7483	90.8538,-6.3585,0.7483	90.8538,-6.3377,0.7483	90.8718,-6.3273,0.7483	90.8898,-6.3377,0.7483	90.8898,-6.3585,0.7483
165	鋼桁補強工 第1-061	鋼桁補強工						高力ボルト取替	格点13-G2 ナット	第1工事	第1工事 27 頁	V_K1_P027_3-3	鋼桁補強工 第1-061	ext_poly	6	107.9626,-6.4794,0.8656	107.9446,-6.4690,0.8656	107.9446,-6.4482,0.8656	107.9626,-6.4378,0.8656	107.9806,-6.4482,0.8656	107.9806,-6.4690,0.8656	107.9626,-6.4794,0.8876	107.9446,-6.4690,0.8876	107.9446,-6.4482,0.8876	107.9626,-6.4378,0.8876	107.9806,-6.4482,0.8876	107.9806,-6.4690,0.8876
166	鋼桁補強工 第1-062	鋼桁補強工						高力ボルト取替	格点13-G2 軸	第1工事	第1工事 27 頁	V_K1_P027_3-3	鋼桁補強工 第1-061	ext_poly	8	107.9626,-6.4706,0.7906	107.9541,-6.4671,0.7906	107.9506,-6.4586,0.7906	107.9541,-6.4501,0.7906	107.9626,-6.4466,0.7906	107.9711,-6.4501,0.7906	107.9746,-6.4586,0.7906	107.9711,-6.4671,0.7906	107.9626,-6.4706,0.8656	107.9541,-6.4671,0.8656	107.9506,-6.4586,0.8656	107.9541,-6.4501,0.8656	107.9626,-6.4466,0.8656	107.9711,-6.4501,0.8656	107.9746,-6.4586,0.8656	107.9711,-6.4671,0.8656
167	鋼桁補強工 第1-063	鋼桁補強工						高力ボルト取替	格点13-G2 頭	第1工事	第1工事 27 頁	V_K1_P027_3-3	鋼桁補強工 第1-061	ext_poly	6	107.9626,-6.4794,0.7766	107.9446,-6.4690,0.7766	107.9446,-6.4482,0.7766	107.9626,-6.4378,0.7766	107.9806,-6.4482,0.7766	107.9806,-6.4690,0.7766	107.9626,-6.4794,0.7906	107.9446,-6.4690,0.7906	107.9446,-6.4482,0.7906	107.9626,-6.4378,0.7906	107.9806,-6.4482,0.7906	107.9806,-6.4690,0.7906
168	鋼桁補強工 第1-064	鋼桁補強工						高力ボルト取替	格点15-G2 ナット	第1工事	第1工事 31 頁	V_K1_P031_3-3	鋼桁補強工 第1-064	ext_poly	6	125.1626,-6.4781,0.9079	125.1446,-6.4677,0.9079	125.1446,-6.4469,0.9079	125.1626,-6.4365,0.9079	125.1806,-6.4469,0.9079	125.1806,-6.4677,0.9079	125.1626,-6.4781,0.9299	125.1446,-6.4677,0.9299	125.1446,-6.4469,0.9299	125.1626,-6.4365,0.9299	125.1806,-6.4469,0.9299	125.1806,-6.4677,0.9299
169	鋼桁補強工 第1-065	鋼桁補強工						高力ボルト取替	格点15-G2 軸	第1工事	第1工事 31 頁	V_K1_P031_3-3	鋼桁補強工 第1-064	ext_poly	8	125.1626,-6.4693,0.8329	125.1541,-6.4658,0.8329	125.1506,-6.4573,0.8329	125.1541,-6.4488,0.8329	125.1626,-6.4453,0.8329	125.1711,-6.4488,0.8329	125.1746,-6.4573,0.8329	125.1711,-6.4658,0.8329	125.1626,-6.4693,0.9079	125.1541,-6.4658,0.9079	125.1506,-6.4573,0.9079	125.1541,-6.4488,0.9079	125.1626,-6.4453,0.9079	125.1711,-6.4488,0.9079	125.1746,-6.4573,0.9079	125.1711,-6.4658,0.9079
170	鋼桁補強工 第1-066	鋼桁補強工						高力ボルト取替	格点15-G2 頭	第1工事	第1工事 31 頁	V_K1_P031_3-3	鋼桁補強工 第1-064	ext_poly	6	125.1626,-6.4781,0.8189	125.1446,-6.4677,0.8189	125.1446,-6.4469,0.8189	125.1626,-6.4365,0.8189	125.1806,-6.4469,0.8189	125.1806,-6.4677,0.8189	125.1626,-6.4781,0.8329	125.1446,-6.4677,0.8329	125.1446,-6.4469,0.8329	125.1626,-6.4365,0.8329	125.1806,-6.4469,0.8329	125.1806,-6.4677,0.8329
171	鋼桁補強工 第1-067	鋼桁補強工						高力ボルト取替	格点16-G2 ナット	第1工事	第1工事 33 頁	V_K1_P033_3-3	鋼桁補強工 第1-067	ext_poly	6	133.7626,-6.4794,0.9079	133.7446,-6.4690,0.9079	133.7446,-6.4482,0.9079	133.7626,-6.4378,0.9079	133.7806,-6.4482,0.9079	133.7806,-6.4690,0.9079	133.7626,-6.4794,0.9299	133.7446,-6.4690,0.9299	133.7446,-6.4482,0.9299	133.7626,-6.4378,0.9299	133.7806,-6.4482,0.9299	133.7806,-6.4690,0.9299
172	鋼桁補強工 第1-068	鋼桁補強工						高力ボルト取替	格点16-G2 軸	第1工事	第1工事 33 頁	V_K1_P033_3-3	鋼桁補強工 第1-067	ext_poly	8	133.7626,-6.4706,0.8329	133.7541,-6.4671,0.8329	133.7506,-6.4586,0.8329	133.7541,-6.4501,0.8329	133.7626,-6.4466,0.8329	133.7711,-6.4501,0.8329	133.7746,-6.4586,0.8329	133.7711,-6.4671,0.8329	133.7626,-6.4706,0.9079	133.7541,-6.4671,0.9079	133.7506,-6.4586,0.9079	133.7541,-6.4501,0.9079	133.7626,-6.4466,0.9079	133.7711,-6.4501,0.9079	133.7746,-6.4586,0.9079	133.7711,-6.4671,0.9079
173	鋼桁補強工 第1-069	鋼桁補強工						高力ボルト取替	格点16-G2 頭	第1工事	第1工事 33 頁	V_K1_P033_3-3	鋼桁補強工 第1-067	ext_poly	6	133.7626,-6.4794,0.8189	133.7446,-6.4690,0.8189	133.7446,-6.4482,0.8189	133.7626,-6.4378,0.8189	133.7806,-6.4482,0.8189	133.7806,-6.4690,0.8189	133.7626,-6.4794,0.8329	133.7446,-6.4690,0.8329	133.7446,-6.4482,0.8329	133.7626,-6.4378,0.8329	133.7806,-6.4482,0.8329	133.7806,-6.4690,0.8329
174	鋼桁補強工 第1-070	鋼桁補強工						高力ボルト取替	格点17-G2 ナット	第1工事	第1工事 35 頁	V_K1_P035_3-3	鋼桁補強工 第1-070	ext_poly	6	142.3626,-6.4794,0.9079	142.3446,-6.4690,0.9079	142.3446,-6.4482,0.9079	142.3626,-6.4378,0.9079	142.3806,-6.4482,0.9079	142.3806,-6.4690,0.9079	142.3626,-6.4794,0.9299	142.3446,-6.4690,0.9299	142.3446,-6.4482,0.9299	142.3626,-6.4378,0.9299	142.3806,-6.4482,0.9299	142.3806,-6.4690,0.9299
175	鋼桁補強工 第1-071	鋼桁補強工						高力ボルト取替	格点17-G2 軸	第1工事	第1工事 35 頁	V_K1_P035_3-3	鋼桁補強工 第1-070	ext_poly	8	142.3626,-6.4706,0.8329	142.3541,-6.4671,0.8329	142.3506,-6.4586,0.8329	142.3541,-6.4501,0.8329	142.3626,-6.4466,0.8329	142.3711,-6.4501,0.8329	142.3746,-6.4586,0.8329	142.3711,-6.4671,0.8329	142.3626,-6.4706,0.9079	142.3541,-6.4671,0.9079	142.3506,-6.4586,0.9079	142.3541,-6.4501,0.9079	142.3626,-6.4466,0.9079	142.3711,-6.4501,0.9079	142.3746,-6.4586,0.9079	142.3711,-6.4671,0.9079
176	鋼桁補強工 第1-072	鋼桁補強工						高力ボルト取替	格点17-G2 頭	第1工事	第1工事 35 頁	V_K1_P035_3-3	鋼桁補強工 第1-070	ext_poly	6	142.3626,-6.4794,0.8189	142.3446,-6.4690,0.8189	142.3446,-6.4482,0.8189	142.3626,-6.4378,0.8189	142.3806,-6.4482,0.8189	142.3806,-6.4690,0.8189	142.3626,-6.4794,0.8329	142.3446,-6.4690,0.8329	142.3446,-6.4482,0.8329	142.3626,-6.4378,0.8329	142.3806,-6.4482,0.8329	142.3806,-6.4690,0.8329
177	高力ボルト当て板鋼桁補強工 第1-001	高力ボルト当て板鋼桁補強工						補修部材(1)	A1-G2	第1工事	第1工事 4 頁	V_K1_P004_1-1		ext_poly	12	0.2070,-6.5961,0.0280	-0.2070,-6.5961,0.0280	-0.2070,-6.5961,0.0680	-0.0165,-6.5961,0.0680	-0.0165,-6.5961,1.1940	-0.2070,-6.5961,1.1940	-0.2070,-6.5961,1.2340	0.2070,-6.5961,1.2340	0.2070,-6.5961,1.1940	0.0165,-6.5961,1.1940	0.0165,-6.5961,0.0680	0.2070,-6.5961,0.0680	0.2070,-6.7961,0.0280	-0.2070,-6.7961,0.0280	-0.2070,-6.7961,0.0680	-0.0165,-6.7961,0.0680	-0.0165,-6.7961,1.1940	-0.2070,-6.7961,1.1940	-0.2070,-6.7961,1.2340	0.2070,-6.7961,1.2340	0.2070,-6.7961,1.1940	0.0165,-6.7961,1.1940	0.0165,-6.7961,0.0680	0.2070,-6.7961,0.0680
178	高力ボルト当て板鋼桁補強工 第1-002	高力ボルト当て板鋼桁補強工						補修部材(2)	格点1-G2	第1工事	第1工事 5 頁	V_K1_P005_3-3		ext_poly	12	7.7590,-6.7675,0.1138	7.3450,-6.7675,0.1138	7.3450,-6.7675,0.1538	7.5355,-6.7675,0.1538	7.5355,-6.7675,1.2798	7.3450,-6.7675,1.2798	7.3450,-6.7675,1.3198	7.7590,-6.7675,1.3198	7.7590,-6.7675,1.2798	7.5685,-6.7675,1.2798	7.5685,-6.7675,0.1538	7.7590,-6.7675,0.1538	7.7590,-6.9675,0.1138	7.3450,-6.9675,0.1138	7.3450,-6.9675,0.1538	7.5355,-6.9675,0.1538	7.5355,-6.9675,1.2798	7.3450,-6.9675,1.2798	7.3450,-6.9675,1.3198	7.7590,-6.9675,1.3198	7.7590,-6.9675,1.2798	7.5685,-6.9675,1.2798	7.5685,-6.9675,0.1538	7.7590,-6.9675,0.1538
179	高力ボルト当て板鋼桁補強工 第1-003	高力ボルト当て板鋼桁補強工						補修部材(3)	格点2-G2	第1工事	第1工事 6 頁	V_K1_P006_1-1		ext_poly	12	15.3150,-5.3190,0.1998	14.9010,-5.3190,0.1998	14.9010,-5.3190,0.2398	15.0915,-5.3190,0.2398	15.0915,-5.3190,1.3658	14.9010,-5.3190,1.3658	14.9010,-5.3190,1.4058	15.3150,-5.3190,1.4058	15.3150,-5.3190,1.3658	15.1245,-5.3190,1.3658	15.1245,-5.3190,0.2398	15.3150,-5.3190,0.2398	15.3150,-5.5190,0.1998	14.9010,-5.5190,0.1998	14.9010,-5.5190,0.2398	15.0915,-5.5190,0.2398	15.0915,-5.5190,1.3658	14.9010,-5.5190,1.3658	14.9010,-5.5190,1.4058	15.3150,-5.5190,1.4058	15.3150,-5.5190,1.3658	15.1245,-5.5190,1.3658	15.1245,-5.5190,0.2398	15.3150,-5.5190,0.2398
180	高力ボルト当て板鋼桁補強工 第1-004	高力ボルト当て板鋼桁補強工						補修部材(4)	格点2-G2	第1工事	第1工事 6 頁	V_K1_P006_3-3		ext_poly	12	15.3150,-6.7688,0.1998	14.9010,-6.7688,0.1998	14.9010,-6.7688,0.2398	15.0915,-6.7688,0.2398	15.0915,-6.7688,1.3658	14.9010,-6.7688,1.3658	14.9010,-6.7688,1.4058	15.3150,-6.7688,1.4058	15.3150,-6.7688,1.3658	15.1245,-6.7688,1.3658	15.1245,-6.7688,0.2398	15.3150,-6.7688,0.2398	15.3150,-6.9688,0.1998	14.9010,-6.9688,0.1998	14.9010,-6.9688,0.2398	15.0915,-6.9688,0.2398	15.0915,-6.9688,1.3658	14.9010,-6.9688,1.3658	14.9010,-6.9688,1.4058	15.3150,-6.9688,1.4058	15.3150,-6.9688,1.3658	15.1245,-6.9688,1.3658	15.1245,-6.9688,0.2398	15.3150,-6.9688,0.2398
181	高力ボルト当て板鋼桁補強工 第1-005	高力ボルト当て板鋼桁補強工						補修部材(6)	格点3-G2	第1工事	第1工事 7 頁	V_K1_P007_5-5		ext_poly	4	22.4370,-7.1850,1.8119	22.4370,-7.8150,1.8119	22.8990,-7.8150,1.8119	22.8990,-7.1850,1.8119	22.4370,-7.1850,1.3819	22.4370,-7.8150,1.3819	22.8990,-7.8150,1.3819	22.8990,-7.1850,1.3819
182	高力ボルト当て板鋼桁補強工 第1-006	高力ボルト当て板鋼桁補強工						補修部材(5)	格点3-G2	第1工事	第1工事 7 頁	V_K1_P007_1-1		ext_poly	12	22.8750,-6.0335,0.2707	22.4610,-6.0335,0.2707	22.4610,-6.0335,0.3107	22.6515,-6.0335,0.3107	22.6515,-6.0335,1.4367	22.4610,-6.0335,1.4367	22.4610,-6.0335,1.4767	22.8750,-6.0335,1.4767	22.8750,-6.0335,1.4367	22.6845,-6.0335,1.4367	22.6845,-6.0335,0.3107	22.8750,-6.0335,0.3107	22.8750,-6.2335,0.2707	22.4610,-6.2335,0.2707	22.4610,-6.2335,0.3107	22.6515,-6.2335,0.3107	22.6515,-6.2335,1.4367	22.4610,-6.2335,1.4367	22.4610,-6.2335,1.4767	22.8750,-6.2335,1.4767	22.8750,-6.2335,1.4367	22.6845,-6.2335,1.4367	22.6845,-6.2335,0.3107	22.8750,-6.2335,0.3107
183	高力ボルト当て板鋼桁補強工 第1-007	高力ボルト当て板鋼桁補強工						補修部材(7)	格点4-G2	第1工事	第1工事 8 頁	V_K1_P008_1-1		ext_poly	12	30.4350,-5.3190,0.3416	30.0210,-5.3190,0.3416	30.0210,-5.3190,0.3816	30.2115,-5.3190,0.3816	30.2115,-5.3190,1.5076	30.0210,-5.3190,1.5076	30.0210,-5.3190,1.5476	30.4350,-5.3190,1.5476	30.4350,-5.3190,1.5076	30.2445,-5.3190,1.5076	30.2445,-5.3190,0.3816	30.4350,-5.3190,0.3816	30.4350,-5.5190,0.3416	30.0210,-5.5190,0.3416	30.0210,-5.5190,0.3816	30.2115,-5.5190,0.3816	30.2115,-5.5190,1.5076	30.0210,-5.5190,1.5076	30.0210,-5.5190,1.5476	30.4350,-5.5190,1.5476	30.4350,-5.5190,1.5076	30.2445,-5.5190,1.5076	30.2445,-5.5190,0.3816	30.4350,-5.5190,0.3816
184	高力ボルト当て板鋼桁補強工 第1-008	高力ボルト当て板鋼桁補強工						補修部材(8)	格点4-G2	第1工事	第1工事 8 頁	V_K1_P008_3-3		ext_poly	12	30.4350,-6.7688,0.3416	30.0210,-6.7688,0.3416	30.0210,-6.7688,0.3816	30.2115,-6.7688,0.3816	30.2115,-6.7688,1.5076	30.0210,-6.7688,1.5076	30.0210,-6.7688,1.5476	30.4350,-6.7688,1.5476	30.4350,-6.7688,1.5076	30.2445,-6.7688,1.5076	30.2445,-6.7688,0.3816	30.4350,-6.7688,0.3816	30.4350,-6.9688,0.3416	30.0210,-6.9688,0.3416	30.0210,-6.9688,0.3816	30.2115,-6.9688,0.3816	30.2115,-6.9688,1.5076	30.0210,-6.9688,1.5076	30.0210,-6.9688,1.5476	30.4350,-6.9688,1.5476	30.4350,-6.9688,1.5076	30.2445,-6.9688,1.5076	30.2445,-6.9688,0.3816	30.4350,-6.9688,0.3816
185	高力ボルト当て板鋼桁補強工 第1-009	高力ボルト当て板鋼桁補強工						補修部材(10)	格点5-G2	第1工事	第1工事 10 頁	V_K1_P010_3-3		ext_poly	12	37.9920,-6.8206,0.4154	37.5840,-6.8206,0.4154	37.5840,-6.8206,0.4494	37.7745,-6.8206,0.4494	37.7745,-6.8206,1.5814	37.5840,-6.8206,1.5814	37.5840,-6.8206,1.6154	37.9920,-6.8206,1.6154	37.9920,-6.8206,1.5814	37.8015,-6.8206,1.5814	37.8015,-6.8206,0.4494	37.9920,-6.8206,0.4494	37.9920,-6.9856,0.4154	37.5840,-6.9856,0.4154	37.5840,-6.9856,0.4494	37.7745,-6.9856,0.4494	37.7745,-6.9856,1.5814	37.5840,-6.9856,1.5814	37.5840,-6.9856,1.6154	37.9920,-6.9856,1.6154	37.9920,-6.9856,1.5814	37.8015,-6.9856,1.5814	37.8015,-6.9856,0.4494	37.9920,-6.9856,0.4494
186	高力ボルト当て板鋼桁補強工 第1-010	高力ボルト当て板鋼桁補強工						補修部材(9)	格点5-G2	第1工事	第1工事 10 頁	V_K1_P010_3-3		ext_poly	12	37.9950,-5.8225,0.4124	37.5810,-5.8225,0.4124	37.5810,-5.8225,0.4524	37.7715,-5.8225,0.4524	37.7715,-5.8225,1.5784	37.5810,-5.8225,1.5784	37.5810,-5.8225,1.6184	37.9950,-5.8225,1.6184	37.9950,-5.8225,1.5784	37.8045,-5.8225,1.5784	37.8045,-5.8225,0.4524	37.9950,-5.8225,0.4524	37.9950,-6.3225,0.4124	37.5810,-6.3225,0.4124	37.5810,-6.3225,0.4524	37.7715,-6.3225,0.4524	37.7715,-6.3225,1.5784	37.5810,-6.3225,1.5784	37.5810,-6.3225,1.6184	37.9950,-6.3225,1.6184	37.9950,-6.3225,1.5784	37.8045,-6.3225,1.5784	37.8045,-6.3225,0.4524	37.9950,-6.3225,0.4524
187	高力ボルト当て板鋼桁補強工 第1-011	高力ボルト当て板鋼桁補強工						補修部材(11)	格点6-G2	第1工事	第1工事 12 頁	V_K1_P012_3-3		ext_poly	12	45.5550,-6.0640,0.4831	45.1410,-6.0640,0.4831	45.1410,-6.0640,0.5231	45.3315,-6.0640,0.5231	45.3315,-6.0640,1.6491	45.1410,-6.0640,1.6491	45.1410,-6.0640,1.6891	45.5550,-6.0640,1.6891	45.5550,-6.0640,1.6491	45.3645,-6.0640,1.6491	45.3645,-6.0640,0.5231	45.5550,-6.0640,0.5231	45.5550,-6.2640,0.4831	45.1410,-6.2640,0.4831	45.1410,-6.2640,0.5231	45.3315,-6.2640,0.5231	45.3315,-6.2640,1.6491	45.1410,-6.2640,1.6491	45.1410,-6.2640,1.6891	45.5550,-6.2640,1.6891	45.5550,-6.2640,1.6491	45.3645,-6.2640,1.6491	45.3645,-6.2640,0.5231	45.5550,-6.2640,0.5231
188	高力ボルト当て板鋼桁補強工 第1-012	高力ボルト当て板鋼桁補強工						補修部材(13)	格点7-G2	第1工事	第1工事 13 頁	V_K1_P013_1-1		ext_poly	4	52.7670,-7.3334,1.7619	52.7670,-7.0666,1.6703	53.0490,-7.0666,1.6703	53.0490,-7.3334,1.7619	52.7670,-7.2279,2.0690	52.7670,-6.9612,1.9774	53.0490,-6.9612,1.9774	53.0490,-7.2279,2.0690
189	高力ボルト当て板鋼桁補強工 第1-013	高力ボルト当て板鋼桁補強工						補修部材(12)	格点7-G2	第1工事	第1工事 13 頁	V_K1_P013_3-3		ext_poly	4	53.4881,-7.0921,0.5690	53.3205,-6.9232,0.5690	53.3200,-6.9236,0.8070	53.4877,-7.0926,0.8070	53.3710,-7.2083,0.5685	53.2033,-7.0394,0.5685	53.2029,-7.0398,0.8065	53.3705,-7.2088,0.8065
190	高力ボルト当て板鋼桁補強工 第1-014	高力ボルト当て板鋼桁補強工						補修部材(14)	格点9-G2	第1工事	第1工事 17 頁	V_K1_P017_3-3		ext_poly	4	68.4877,-7.8250,0.6567	68.4877,-7.1750,0.6567	68.4852,-7.1750,1.2747	68.4852,-7.8250,1.2747	68.3227,-7.8250,0.6561	68.3227,-7.1750,0.6561	68.3202,-7.1750,1.2741	68.3202,-7.8250,1.2741
191	高力ボルト当て板鋼桁補強工 第1-015	高力ボルト当て板鋼桁補強工						補修部材(15)	格点10-G2	第1工事	第1工事 19 頁	V_K1_P019_3-3		ext_poly	12	75.7970,-5.8376,0.6801	75.3790,-5.8376,0.6801	75.3790,-5.8376,0.7241	75.5695,-5.8376,0.7241	75.5695,-5.8376,1.8461	75.3790,-5.8376,1.8461	75.3790,-5.8376,1.8901	75.7970,-5.8376,1.8901	75.7970,-5.8376,1.8461	75.6065,-5.8376,1.8461	75.6065,-5.8376,0.7241	75.7970,-5.8376,0.7241	75.7970,-6.6326,0.6801	75.3790,-6.6326,0.6801	75.3790,-6.6326,0.7241	75.5695,-6.6326,0.7241	75.5695,-6.6326,1.8461	75.3790,-6.6326,1.8461	75.3790,-6.6326,1.8901	75.7970,-6.6326,1.8901	75.7970,-6.6326,1.8461	75.6065,-6.6326,1.8461	75.6065,-6.6326,0.7241	75.7970,-6.6326,0.7241
192	高力ボルト当て板鋼桁補強工 第1-016	高力ボルト当て板鋼桁補強工						補修部材(19)	格点11-G2	第1工事	第1工事 21 頁	V_K1_P021_5-5		ext_poly	4	82.9170,-7.1850,2.2777	82.9170,-7.8150,2.2777	83.3790,-7.8150,2.2777	83.3790,-7.1850,2.2777	82.9170,-7.1850,1.8477	82.9170,-7.8150,1.8477	83.3790,-7.8150,1.8477	83.3790,-7.1850,1.8477
193	高力ボルト当て板鋼桁補強工 第1-017	高力ボルト当て板鋼桁補強工						補修部材(16)	格点11-G1	第1工事	第1工事 20 頁	V_K1_P020_4-4		ext_poly	12	83.3520,6.8154,0.7395	82.9440,6.8154,0.7395	82.9440,6.8154,0.7735	83.1345,6.8154,0.7735	83.1345,6.8154,1.9055	82.9440,6.8154,1.9055	82.9440,6.8154,1.9395	83.3520,6.8154,1.9395	83.3520,6.8154,1.9055	83.1615,6.8154,1.9055	83.1615,6.8154,0.7735	83.3520,6.8154,0.7735	83.3520,6.5954,0.7395	82.9440,6.5954,0.7395	82.9440,6.5954,0.7735	83.1345,6.5954,0.7735	83.1345,6.5954,1.9055	82.9440,6.5954,1.9055	82.9440,6.5954,1.9395	83.3520,6.5954,1.9395	83.3520,6.5954,1.9055	83.1615,6.5954,1.9055	83.1615,6.5954,0.7735	83.3520,6.5954,0.7735
194	高力ボルト当て板鋼桁補強工 第1-018	高力ボルト当て板鋼桁補強工						補修部材(17)	格点11-G2	第1工事	第1工事 21 頁	V_K1_P021_1-1		ext_poly	12	83.3550,-5.1246,0.7365	82.9410,-5.1246,0.7365	82.9410,-5.1246,0.7765	83.1315,-5.1246,0.7765	83.1315,-5.1246,1.9025	82.9410,-5.1246,1.9025	82.9410,-5.1246,1.9425	83.3550,-5.1246,1.9425	83.3550,-5.1246,1.9025	83.1645,-5.1246,1.9025	83.1645,-5.1246,0.7765	83.3550,-5.1246,0.7765	83.3550,-5.3746,0.7365	82.9410,-5.3746,0.7365	82.9410,-5.3746,0.7765	83.1315,-5.3746,0.7765	83.1315,-5.3746,1.9025	82.9410,-5.3746,1.9025	82.9410,-5.3746,1.9425	83.3550,-5.3746,1.9425	83.3550,-5.3746,1.9025	83.1645,-5.3746,1.9025	83.1645,-5.3746,0.7765	83.3550,-5.3746,0.7765
195	高力ボルト当て板鋼桁補強工 第1-019	高力ボルト当て板鋼桁補強工						補修部材(18)	格点11-G2	第1工事	第1工事 21 頁	V_K1_P021_3-3		ext_poly	4	83.6756,-7.8250,0.7425	83.6756,-7.1750,0.7425	83.6721,-7.1750,1.3605	83.6721,-7.8250,1.3605	83.4256,-7.8250,0.7411	83.4256,-7.1750,0.7411	83.4221,-7.1750,1.3591	83.4221,-7.8250,1.3591
196	高力ボルト当て板鋼桁補強工 第1-020	高力ボルト当て板鋼桁補強工						補修部材(20)	P1-G2	第1工事	第1工事 23 頁	V_K1_P023_3-3		ext_poly	4	91.6117,-6.8923,0.7748	91.4330,-6.6873,0.7748	91.4330,-6.6873,1.0468	91.6117,-6.8923,1.0468	91.3593,-7.1125,0.7748	91.1805,-6.9075,0.7748	91.1805,-6.9075,1.0468	91.3593,-7.1125,1.0468
197	高力ボルト当て板鋼桁補強工 第1-021	高力ボルト当て板鋼桁補強工						補修部材(21)	格点12-G1	第1工事	第1工事 24 頁	V_K1_P024_5-5		ext_poly	4	99.0770,7.8150,2.3200	99.0770,7.1850,2.3200	99.5390,7.1850,2.3200	99.5390,7.8150,2.3200	99.0770,7.8150,1.8900	99.0770,7.1850,1.8900	99.5390,7.1850,1.8900	99.5390,7.8150,1.8900
198	高力ボルト当て板鋼桁補強工 第1-022	高力ボルト当て板鋼桁補強工						補修部材(22)	格点12-G1	第1工事	第1工事 24 頁	V_K1_P024_1-1		ext_poly	4	99.1670,6.8322,2.5781	99.1670,7.0989,2.6697	99.4490,7.0989,2.6697	99.4490,6.8322,2.5781	99.1670,6.7510,2.8146	99.1670,7.0177,2.9061	99.4490,7.0177,2.9061	99.4490,6.7510,2.8146
199	高力ボルト当て板鋼桁補強工 第1-023	高力ボルト当て板鋼桁補強工						補修部材(23)	格点12-G2	第1工事	第1工事 25 頁	V_K1_P025_1-1		ext_poly	12	99.5250,-5.3999,0.7788	99.0910,-5.3999,0.7788	99.0910,-5.3999,0.8188	99.2915,-5.3999,0.8188	99.2915,-5.3999,1.9448	99.0910,-5.3999,1.9448	99.0910,-5.3999,1.9848	99.5250,-5.3999,1.9848	99.5250,-5.3999,1.9448	99.3245,-5.3999,1.9448	99.3245,-5.3999,0.8188	99.5250,-5.3999,0.8188	99.5250,-6.0899,0.7788	99.0910,-6.0899,0.7788	99.0910,-6.0899,0.8188	99.2915,-6.0899,0.8188	99.2915,-6.0899,1.9448	99.0910,-6.0899,1.9448	99.0910,-6.0899,1.9848	99.5250,-6.0899,1.9848	99.5250,-6.0899,1.9448	99.3245,-6.0899,1.9448	99.3245,-6.0899,0.8188	99.5250,-6.0899,0.8188
200	高力ボルト当て板鋼桁補強工 第1-024	高力ボルト当て板鋼桁補強工						補修部材(24)	格点12-G2	第1工事	第1工事 25 頁	V_K1_P025_1-1		ext_poly	12	99.5250,-6.8461,0.7788	99.0910,-6.8461,0.7788	99.0910,-6.8461,0.8188	99.2915,-6.8461,0.8188	99.2915,-6.8461,1.9448	99.0910,-6.8461,1.9448	99.0910,-6.8461,1.9848	99.5250,-6.8461,1.9848	99.5250,-6.8461,1.9448	99.3245,-6.8461,1.9448	99.3245,-6.8461,0.8188	99.5250,-6.8461,0.8188	99.5250,-7.1840,0.7788	99.0910,-7.1840,0.7788	99.0910,-7.1840,0.8188	99.2915,-7.1840,0.8188	99.2915,-7.1840,1.9448	99.0910,-7.1840,1.9448	99.0910,-7.1840,1.9848	99.5250,-7.1840,1.9848	99.5250,-7.1840,1.9448	99.3245,-7.1840,1.9448	99.3245,-7.1840,0.8188	99.5250,-7.1840,0.8188
201	高力ボルト当て板鋼桁補強工 第1-025	高力ボルト当て板鋼桁補強工						補修部材(25)	格点13-G1	第1工事	第1工事 26 頁	V_K1_P026_1-1		ext_poly	12	108.1250,5.9142,0.8211	107.6910,5.9142,0.8211	107.6910,5.9142,0.8611	107.8915,5.9142,0.8611	107.8915,5.9142,1.9871	107.6910,5.9142,1.9871	107.6910,5.9142,2.0271	108.1250,5.9142,2.0271	108.1250,5.9142,1.9871	107.9245,5.9142,1.9871	107.9245,5.9142,0.8611	108.1250,5.9142,0.8611	108.1250,5.7142,0.8211	107.6910,5.7142,0.8211	107.6910,5.7142,0.8611	107.8915,5.7142,0.8611	107.8915,5.7142,1.9871	107.6910,5.7142,1.9871	107.6910,5.7142,2.0271	108.1250,5.7142,2.0271	108.1250,5.7142,1.9871	107.9245,5.7142,1.9871	107.9245,5.7142,0.8611	108.1250,5.7142,0.8611
202	高力ボルト当て板鋼桁補強工 第1-026	高力ボルト当て板鋼桁補強工						補修部材(26)	格点13-G1	第1工事	第1工事 26 頁	V_K1_P026_1-1		ext_poly	12	108.1250,5.3782,0.8211	107.6910,5.3782,0.8211	107.6910,5.3782,0.8611	107.8915,5.3782,0.8611	107.8915,5.3782,1.9871	107.6910,5.3782,1.9871	107.6910,5.3782,2.0271	108.1250,5.3782,2.0271	108.1250,5.3782,1.9871	107.9245,5.3782,1.9871	107.9245,5.3782,0.8611	108.1250,5.3782,0.8611	108.1250,5.1782,0.8211	107.6910,5.1782,0.8211	107.6910,5.1782,0.8611	107.8915,5.1782,0.8611	107.8915,5.1782,1.9871	107.6910,5.1782,1.9871	107.6910,5.1782,2.0271	108.1250,5.1782,2.0271	108.1250,5.1782,1.9871	107.9245,5.1782,1.9871	107.9245,5.1782,0.8611	108.1250,5.1782,0.8611
203	高力ボルト当て板鋼桁補強工 第1-027	高力ボルト当て板鋼桁補強工						補修部材(27)	格点13-G2	第1工事	第1工事 27 頁	V_K1_P027_1-1		ext_poly	12	108.1250,-4.6270,0.8211	107.6910,-4.6270,0.8211	107.6910,-4.6270,0.8611	107.8915,-4.6270,0.8611	107.8915,-4.6270,1.9871	107.6910,-4.6270,1.9871	107.6910,-4.6270,2.0271	108.1250,-4.6270,2.0271	108.1250,-4.6270,1.9871	107.9245,-4.6270,1.9871	107.9245,-4.6270,0.8611	108.1250,-4.6270,0.8611	108.1250,-5.3170,0.8211	107.6910,-5.3170,0.8211	107.6910,-5.3170,0.8611	107.8915,-5.3170,0.8611	107.8915,-5.3170,1.9871	107.6910,-5.3170,1.9871	107.6910,-5.3170,2.0271	108.1250,-5.3170,2.0271	108.1250,-5.3170,1.9871	107.9245,-5.3170,1.9871	107.9245,-5.3170,0.8611	108.1250,-5.3170,0.8611
204	高力ボルト当て板鋼桁補強工 第1-028	高力ボルト当て板鋼桁補強工						補修部材(28)	格点14-G1	第1工事	第1工事 28 頁	V_K1_P028_4-4		ext_poly	12	116.7220,6.8966,0.8569	116.2940,6.8966,0.8569	116.2940,6.8966,0.8909	116.4945,6.8966,0.8909	116.4945,6.8966,2.0229	116.2940,6.8966,2.0229	116.2940,6.8966,2.0569	116.7220,6.8966,2.0569	116.7220,6.8966,2.0229	116.5215,6.8966,2.0229	116.5215,6.8966,0.8909	116.7220,6.8966,0.8909	116.7220,6.6766,0.8569	116.2940,6.6766,0.8569	116.2940,6.6766,0.8909	116.4945,6.6766,0.8909	116.4945,6.6766,2.0229	116.2940,6.6766,2.0229	116.2940,6.6766,2.0569	116.7220,6.6766,2.0569	116.7220,6.6766,2.0229	116.5215,6.6766,2.0229	116.5215,6.6766,0.8909	116.7220,6.6766,0.8909
205	高力ボルト当て板鋼桁補強工 第1-029	高力ボルト当て板鋼桁補強工						補修部材(29)	格点14-G2	第1工事	第1工事 29 頁	V_K1_P029_3-3		ext_poly	12	116.7250,-5.6412,0.8539	116.2910,-5.6412,0.8539	116.2910,-5.6412,0.8939	116.4915,-5.6412,0.8939	116.4915,-5.6412,2.0199	116.2910,-5.6412,2.0199	116.2910,-5.6412,2.0599	116.7250,-5.6412,2.0599	116.7250,-5.6412,2.0199	116.5245,-5.6412,2.0199	116.5245,-5.6412,0.8939	116.7250,-5.6412,0.8939	116.7250,-6.3312,0.8539	116.2910,-6.3312,0.8539	116.2910,-6.3312,0.8939	116.4915,-6.3312,0.8939	116.4915,-6.3312,2.0199	116.2910,-6.3312,2.0199	116.2910,-6.3312,2.0599	116.7250,-6.3312,2.0599	116.7250,-6.3312,2.0199	116.5245,-6.3312,2.0199	116.5245,-6.3312,0.8939	116.7250,-6.3312,0.8939
206	高力ボルト当て板鋼桁補強工 第1-030	高力ボルト当て板鋼桁補強工						補修部材(30)	格点14-G2	第1工事	第1工事 29 頁	V_K1_P029_1-1		ext_poly	12	116.7250,-6.8461,0.8539	116.2910,-6.8461,0.8539	116.2910,-6.8461,0.8939	116.4915,-6.8461,0.8939	116.4915,-6.8461,2.0199	116.2910,-6.8461,2.0199	116.2910,-6.8461,2.0599	116.7250,-6.8461,2.0599	116.7250,-6.8461,2.0199	116.5245,-6.8461,2.0199	116.5245,-6.8461,0.8939	116.7250,-6.8461,0.8939	116.7250,-7.1840,0.8539	116.2910,-7.1840,0.8539	116.2910,-7.1840,0.8939	116.4915,-7.1840,0.8939	116.4915,-7.1840,2.0199	116.2910,-7.1840,2.0199	116.2910,-7.1840,2.0599	116.7250,-7.1840,2.0599	116.7250,-7.1840,2.0199	116.5245,-7.1840,2.0199	116.5245,-7.1840,0.8939	116.7250,-7.1840,0.8939
207	高力ボルト当て板鋼桁補強工 第1-031	高力ボルト当て板鋼桁補強工						補修部材(31)	格点15-G1	第1工事	第1工事 30 頁	V_K1_P030_1-1		ext_poly	4	124.9670,6.8346,2.6555	124.9670,7.1013,2.7471	125.2490,7.1013,2.7471	125.2490,6.8346,2.6555	124.9670,6.7535,2.8920	124.9670,7.0202,2.9835	125.2490,7.0202,2.9835	125.2490,6.7535,2.8920
208	高力ボルト当て板鋼桁補強工 第1-032	高力ボルト当て板鋼桁補強工						補修部材(32)	格点15-G2	第1工事	第1工事 31 頁	V_K1_P031_1-1		ext_poly	12	125.3250,-5.3986,0.8634	124.8910,-5.3986,0.8634	124.8910,-5.3986,0.9034	125.0915,-5.3986,0.9034	125.0915,-5.3986,2.0294	124.8910,-5.3986,2.0294	124.8910,-5.3986,2.0694	125.3250,-5.3986,2.0694	125.3250,-5.3986,2.0294	125.1245,-5.3986,2.0294	125.1245,-5.3986,0.9034	125.3250,-5.3986,0.9034	125.3250,-6.0886,0.8634	124.8910,-6.0886,0.8634	124.8910,-6.0886,0.9034	125.0915,-6.0886,0.9034	125.0915,-6.0886,2.0294	124.8910,-6.0886,2.0294	124.8910,-6.0886,2.0694	125.3250,-6.0886,2.0694	125.3250,-6.0886,2.0294	125.1245,-6.0886,2.0294	125.1245,-6.0886,0.9034	125.3250,-6.0886,0.9034
209	高力ボルト当て板鋼桁補強工 第1-033	高力ボルト当て板鋼桁補強工						補修部材(33)	格点15-G2	第1工事	第1工事 31 頁	V_K1_P031_1-1		ext_poly	12	125.3250,-6.7002,0.8634	124.8910,-6.7002,0.8634	124.8910,-6.7002,0.9034	125.0915,-6.7002,0.9034	125.0915,-6.7002,2.0294	124.8910,-6.7002,2.0294	124.8910,-6.7002,2.0694	125.3250,-6.7002,2.0694	125.3250,-6.7002,2.0294	125.1245,-6.7002,2.0294	125.1245,-6.7002,0.9034	125.3250,-6.7002,0.9034	125.3250,-6.9002,0.8634	124.8910,-6.9002,0.8634	124.8910,-6.9002,0.9034	125.0915,-6.9002,0.9034	125.0915,-6.9002,2.0294	124.8910,-6.9002,2.0294	124.8910,-6.9002,2.0694	125.3250,-6.9002,2.0694	125.3250,-6.9002,2.0294	125.1245,-6.9002,2.0294	125.1245,-6.9002,0.9034	125.3250,-6.9002,0.9034
210	高力ボルト当て板鋼桁補強工 第1-034	高力ボルト当て板鋼桁補強工						補修部材(34)	格点16-G1	第1工事	第1工事 32 頁	V_K1_P032_1-1		ext_poly	12	133.9250,6.2919,0.8634	133.4910,6.2919,0.8634	133.4910,6.2919,0.9034	133.6915,6.2919,0.9034	133.6915,6.2919,2.0294	133.4910,6.2919,2.0294	133.4910,6.2919,2.0694	133.9250,6.2919,2.0694	133.9250,6.2919,2.0294	133.7245,6.2919,2.0294	133.7245,6.2919,0.9034	133.9250,6.2919,0.9034	133.9250,6.0919,0.8634	133.4910,6.0919,0.8634	133.4910,6.0919,0.9034	133.6915,6.0919,0.9034	133.6915,6.0919,2.0294	133.4910,6.0919,2.0294	133.4910,6.0919,2.0694	133.9250,6.0919,2.0694	133.9250,6.0919,2.0294	133.7245,6.0919,2.0294	133.7245,6.0919,0.9034	133.9250,6.0919,0.9034
211	高力ボルト当て板鋼桁補強工 第1-035	高力ボルト当て板鋼桁補強工	2026/10/06					補修部材(35)	格点16-G2	第1工事	第1工事 33 頁	V_K1_P033_1-1		ext_poly	12	133.9250,-5.3999,0.8634	133.4910,-5.3999,0.8634	133.4910,-5.3999,0.9034	133.6915,-5.3999,0.9034	133.6915,-5.3999,2.0294	133.4910,-5.3999,2.0294	133.4910,-5.3999,2.0694	133.9250,-5.3999,2.0694	133.9250,-5.3999,2.0294	133.7245,-5.3999,2.0294	133.7245,-5.3999,0.9034	133.9250,-5.3999,0.9034	133.9250,-6.0899,0.8634	133.4910,-6.0899,0.8634	133.4910,-6.0899,0.9034	133.6915,-6.0899,0.9034	133.6915,-6.0899,2.0294	133.4910,-6.0899,2.0294	133.4910,-6.0899,2.0694	133.9250,-6.0899,2.0694	133.9250,-6.0899,2.0294	133.7245,-6.0899,2.0294	133.7245,-6.0899,0.9034	133.9250,-6.0899,0.9034
212	高力ボルト当て板鋼桁補強工 第1-036	高力ボルト当て板鋼桁補強工						補修部材(38)	格点17-G1	第1工事	第1工事 34 頁	V_K1_P034_1-1		ext_poly	4	142.1670,6.8314,2.6650	142.1670,7.0981,2.7565	142.4490,7.0981,2.7565	142.4490,6.8314,2.6650	142.1670,6.7502,2.9014	142.1670,7.0169,2.9930	142.4490,7.0169,2.9930	142.4490,6.7502,2.9014
213	高力ボルト当て板鋼桁補強工 第1-037	高力ボルト当て板鋼桁補強工						補修部材(36)	格点17-G1	第1工事	第1工事 34 頁	V_K1_P034_1-1		ext_poly	12	142.5250,6.8266,0.8634	142.0910,6.8266,0.8634	142.0910,6.8266,0.9034	142.2915,6.8266,0.9034	142.2915,6.8266,2.0294	142.0910,6.8266,2.0294	142.0910,6.8266,2.0694	142.5250,6.8266,2.0694	142.5250,6.8266,2.0294	142.3245,6.8266,2.0294	142.3245,6.8266,0.9034	142.5250,6.8266,0.9034	142.5250,6.6266,0.8634	142.0910,6.6266,0.8634	142.0910,6.6266,0.9034	142.2915,6.6266,0.9034	142.2915,6.6266,2.0294	142.0910,6.6266,2.0294	142.0910,6.6266,2.0694	142.5250,6.6266,2.0694	142.5250,6.6266,2.0294	142.3245,6.6266,2.0294	142.3245,6.6266,0.9034	142.5250,6.6266,0.9034
214	高力ボルト当て板鋼桁補強工 第1-038	高力ボルト当て板鋼桁補強工						補修部材(37)	格点17-G1	第1工事	第1工事 34 頁	V_K1_P034_1-1		ext_poly	12	142.5250,6.2906,0.8634	142.0910,6.2906,0.8634	142.0910,6.2906,0.9034	142.2915,6.2906,0.9034	142.2915,6.2906,2.0294	142.0910,6.2906,2.0294	142.0910,6.2906,2.0694	142.5250,6.2906,2.0694	142.5250,6.2906,2.0294	142.3245,6.2906,2.0294	142.3245,6.2906,0.9034	142.5250,6.2906,0.9034	142.5250,6.0906,0.8634	142.0910,6.0906,0.8634	142.0910,6.0906,0.9034	142.2915,6.0906,0.9034	142.2915,6.0906,2.0294	142.0910,6.0906,2.0294	142.0910,6.0906,2.0694	142.5250,6.0906,2.0694	142.5250,6.0906,2.0294	142.3245,6.0906,2.0294	142.3245,6.0906,0.9034	142.5250,6.0906,0.9034
215	高力ボルト当て板鋼桁補強工 第1-039	高力ボルト当て板鋼桁補強工						補修部材(39)	格点17-G2	第1工事	第1工事 35 頁	V_K1_P035_1-1		ext_poly	12	142.5250,-5.3999,0.8634	142.0910,-5.3999,0.8634	142.0910,-5.3999,0.9034	142.2915,-5.3999,0.9034	142.2915,-5.3999,2.0294	142.0910,-5.3999,2.0294	142.0910,-5.3999,2.0694	142.5250,-5.3999,2.0694	142.5250,-5.3999,2.0294	142.3245,-5.3999,2.0294	142.3245,-5.3999,0.9034	142.5250,-5.3999,0.9034	142.5250,-6.0899,0.8634	142.0910,-6.0899,0.8634	142.0910,-6.0899,0.9034	142.2915,-6.0899,0.9034	142.2915,-6.0899,2.0294	142.0910,-6.0899,2.0294	142.0910,-6.0899,2.0694	142.5250,-6.0899,2.0694	142.5250,-6.0899,2.0294	142.3245,-6.0899,2.0294	142.3245,-6.0899,0.9034	142.5250,-6.0899,0.9034
216	ひびわれ補修工 第2-001	ひびわれ補修工						低圧注入工法(A)		第2工事	第2工事 2 頁（橋梁一般図(1) の数量表）				
217	ひびわれ補修工 第2-002	ひびわれ補修工						低圧注入工法(B)		第2工事	第2工事 2 頁（橋梁一般図(1) の数量表）				
218	ひびわれ補修工 第2-003	ひびわれ補修工						充てん工法(A)		第2工事	第2工事 2 頁（橋梁一般図(1) の数量表）				
219	保護ボルトキャップ 第2-001	保護ボルトキャップ						保護ボルトキャップ	x 284.6 m 1/8	第2工事	第2工事 2 頁（橋梁一般図(1)）	V_K2_下路平面図		ext_poly	8	284.0820,-7.8970,-0.6548	284.0466,-7.9116,-0.6548	284.0320,-7.9470,-0.6548	284.0466,-7.9824,-0.6548	284.0820,-7.9970,-0.6548	284.1174,-7.9824,-0.6548	284.1320,-7.9470,-0.6548	284.1174,-7.9116,-0.6548	284.0820,-7.8970,-0.7078	284.0466,-7.9116,-0.7078	284.0320,-7.9470,-0.7078	284.0466,-7.9824,-0.7078	284.0820,-7.9970,-0.7078	284.1174,-7.9824,-0.7078	284.1320,-7.9470,-0.7078	284.1174,-7.9116,-0.7078
220	保護ボルトキャップ 第2-002	保護ボルトキャップ						保護ボルトキャップ	x 284.6 m 1/8	第2工事	第2工事 2 頁（橋梁一般図(1)）	V_K2_下路平面図		ext_poly	8	284.0820,7.1030,-0.6548	284.0466,7.0884,-0.6548	284.0320,7.0530,-0.6548	284.0466,7.0176,-0.6548	284.0820,7.0030,-0.6548	284.1174,7.0176,-0.6548	284.1320,7.0530,-0.6548	284.1174,7.0884,-0.6548	284.0820,7.1030,-0.7078	284.0466,7.0884,-0.7078	284.0320,7.0530,-0.7078	284.0466,7.0176,-0.7078	284.0820,7.0030,-0.7078	284.1174,7.0176,-0.7078	284.1320,7.0530,-0.7078	284.1174,7.0884,-0.7078
221	保護ボルトキャップ 第2-003	保護ボルトキャップ						保護ボルトキャップ	x 284.6 m 2/8	第2工事	第2工事 2 頁（橋梁一般図(1)）	V_K2_下路平面図		ext_poly	8	284.0820,-7.5970,-0.6548	284.0466,-7.6116,-0.6548	284.0320,-7.6470,-0.6548	284.0466,-7.6824,-0.6548	284.0820,-7.6970,-0.6548	284.1174,-7.6824,-0.6548	284.1320,-7.6470,-0.6548	284.1174,-7.6116,-0.6548	284.0820,-7.5970,-0.7078	284.0466,-7.6116,-0.7078	284.0320,-7.6470,-0.7078	284.0466,-7.6824,-0.7078	284.0820,-7.6970,-0.7078	284.1174,-7.6824,-0.7078	284.1320,-7.6470,-0.7078	284.1174,-7.6116,-0.7078
222	保護ボルトキャップ 第2-004	保護ボルトキャップ						保護ボルトキャップ	x 284.6 m 2/8	第2工事	第2工事 2 頁（橋梁一般図(1)）	V_K2_下路平面図		ext_poly	8	284.0820,7.4030,-0.6548	284.0466,7.3884,-0.6548	284.0320,7.3530,-0.6548	284.0466,7.3176,-0.6548	284.0820,7.3030,-0.6548	284.1174,7.3176,-0.6548	284.1320,7.3530,-0.6548	284.1174,7.3884,-0.6548	284.0820,7.4030,-0.7078	284.0466,7.3884,-0.7078	284.0320,7.3530,-0.7078	284.0466,7.3176,-0.7078	284.0820,7.3030,-0.7078	284.1174,7.3176,-0.7078	284.1320,7.3530,-0.7078	284.1174,7.3884,-0.7078
223	保護ボルトキャップ 第2-005	保護ボルトキャップ						保護ボルトキャップ	x 284.6 m 3/8	第2工事	第2工事 2 頁（橋梁一般図(1)）	V_K2_下路平面図		ext_poly	8	284.0820,-7.2900,-0.6548	284.0466,-7.3046,-0.6548	284.0320,-7.3400,-0.6548	284.0466,-7.3754,-0.6548	284.0820,-7.3900,-0.6548	284.1174,-7.3754,-0.6548	284.1320,-7.3400,-0.6548	284.1174,-7.3046,-0.6548	284.0820,-7.2900,-0.7078	284.0466,-7.3046,-0.7078	284.0320,-7.3400,-0.7078	284.0466,-7.3754,-0.7078	284.0820,-7.3900,-0.7078	284.1174,-7.3754,-0.7078	284.1320,-7.3400,-0.7078	284.1174,-7.3046,-0.7078
224	保護ボルトキャップ 第2-006	保護ボルトキャップ						保護ボルトキャップ	x 284.6 m 3/8	第2工事	第2工事 2 頁（橋梁一般図(1)）	V_K2_下路平面図		ext_poly	8	284.0820,7.7100,-0.6548	284.0466,7.6954,-0.6548	284.0320,7.6600,-0.6548	284.0466,7.6246,-0.6548	284.0820,7.6100,-0.6548	284.1174,7.6246,-0.6548	284.1320,7.6600,-0.6548	284.1174,7.6954,-0.6548	284.0820,7.7100,-0.7078	284.0466,7.6954,-0.7078	284.0320,7.6600,-0.7078	284.0466,7.6246,-0.7078	284.0820,7.6100,-0.7078	284.1174,7.6246,-0.7078	284.1320,7.6600,-0.7078	284.1174,7.6954,-0.7078
225	保護ボルトキャップ 第2-007	保護ボルトキャップ						保護ボルトキャップ	x 284.6 m 4/8	第2工事	第2工事 2 頁（橋梁一般図(1)）	V_K2_下路平面図		ext_poly	8	284.0820,-7.0100,-0.6548	284.0466,-7.0246,-0.6548	284.0320,-7.0600,-0.6548	284.0466,-7.0954,-0.6548	284.0820,-7.1100,-0.6548	284.1174,-7.0954,-0.6548	284.1320,-7.0600,-0.6548	284.1174,-7.0246,-0.6548	284.0820,-7.0100,-0.7078	284.0466,-7.0246,-0.7078	284.0320,-7.0600,-0.7078	284.0466,-7.0954,-0.7078	284.0820,-7.1100,-0.7078	284.1174,-7.0954,-0.7078	284.1320,-7.0600,-0.7078	284.1174,-7.0246,-0.7078
226	保護ボルトキャップ 第2-008	保護ボルトキャップ						保護ボルトキャップ	x 284.6 m 4/8	第2工事	第2工事 2 頁（橋梁一般図(1)）	V_K2_下路平面図		ext_poly	8	284.0820,7.9900,-0.6548	284.0466,7.9754,-0.6548	284.0320,7.9400,-0.6548	284.0466,7.9046,-0.6548	284.0820,7.8900,-0.6548	284.1174,7.9046,-0.6548	284.1320,7.9400,-0.6548	284.1174,7.9754,-0.6548	284.0820,7.9900,-0.7078	284.0466,7.9754,-0.7078	284.0320,7.9400,-0.7078	284.0466,7.9046,-0.7078	284.0820,7.8900,-0.7078	284.1174,7.9046,-0.7078	284.1320,7.9400,-0.7078	284.1174,7.9754,-0.7078
227	保護ボルトキャップ 第2-009	保護ボルトキャップ						保護ボルトキャップ	x 284.6 m 5/8	第2工事	第2工事 2 頁（橋梁一般図(1)）	V_K2_下路平面図		ext_poly	8	285.0820,-7.8970,-0.6548	285.0466,-7.9116,-0.6548	285.0320,-7.9470,-0.6548	285.0466,-7.9824,-0.6548	285.0820,-7.9970,-0.6548	285.1174,-7.9824,-0.6548	285.1320,-7.9470,-0.6548	285.1174,-7.9116,-0.6548	285.0820,-7.8970,-0.7078	285.0466,-7.9116,-0.7078	285.0320,-7.9470,-0.7078	285.0466,-7.9824,-0.7078	285.0820,-7.9970,-0.7078	285.1174,-7.9824,-0.7078	285.1320,-7.9470,-0.7078	285.1174,-7.9116,-0.7078
228	保護ボルトキャップ 第2-010	保護ボルトキャップ						保護ボルトキャップ	x 284.6 m 5/8	第2工事	第2工事 2 頁（橋梁一般図(1)）	V_K2_下路平面図		ext_poly	8	285.0820,7.1030,-0.6548	285.0466,7.0884,-0.6548	285.0320,7.0530,-0.6548	285.0466,7.0176,-0.6548	285.0820,7.0030,-0.6548	285.1174,7.0176,-0.6548	285.1320,7.0530,-0.6548	285.1174,7.0884,-0.6548	285.0820,7.1030,-0.7078	285.0466,7.0884,-0.7078	285.0320,7.0530,-0.7078	285.0466,7.0176,-0.7078	285.0820,7.0030,-0.7078	285.1174,7.0176,-0.7078	285.1320,7.0530,-0.7078	285.1174,7.0884,-0.7078
229	保護ボルトキャップ 第2-011	保護ボルトキャップ						保護ボルトキャップ	x 284.6 m 6/8	第2工事	第2工事 2 頁（橋梁一般図(1)）	V_K2_下路平面図		ext_poly	8	285.0820,-7.5970,-0.6548	285.0466,-7.6116,-0.6548	285.0320,-7.6470,-0.6548	285.0466,-7.6824,-0.6548	285.0820,-7.6970,-0.6548	285.1174,-7.6824,-0.6548	285.1320,-7.6470,-0.6548	285.1174,-7.6116,-0.6548	285.0820,-7.5970,-0.7078	285.0466,-7.6116,-0.7078	285.0320,-7.6470,-0.7078	285.0466,-7.6824,-0.7078	285.0820,-7.6970,-0.7078	285.1174,-7.6824,-0.7078	285.1320,-7.6470,-0.7078	285.1174,-7.6116,-0.7078
230	保護ボルトキャップ 第2-012	保護ボルトキャップ						保護ボルトキャップ	x 284.6 m 6/8	第2工事	第2工事 2 頁（橋梁一般図(1)）	V_K2_下路平面図		ext_poly	8	285.0820,7.4030,-0.6548	285.0466,7.3884,-0.6548	285.0320,7.3530,-0.6548	285.0466,7.3176,-0.6548	285.0820,7.3030,-0.6548	285.1174,7.3176,-0.6548	285.1320,7.3530,-0.6548	285.1174,7.3884,-0.6548	285.0820,7.4030,-0.7078	285.0466,7.3884,-0.7078	285.0320,7.3530,-0.7078	285.0466,7.3176,-0.7078	285.0820,7.3030,-0.7078	285.1174,7.3176,-0.7078	285.1320,7.3530,-0.7078	285.1174,7.3884,-0.7078
231	保護ボルトキャップ 第2-013	保護ボルトキャップ						保護ボルトキャップ	x 284.6 m 7/8	第2工事	第2工事 2 頁（橋梁一般図(1)）	V_K2_下路平面図		ext_poly	8	285.0820,-7.2900,-0.6548	285.0466,-7.3046,-0.6548	285.0320,-7.3400,-0.6548	285.0466,-7.3754,-0.6548	285.0820,-7.3900,-0.6548	285.1174,-7.3754,-0.6548	285.1320,-7.3400,-0.6548	285.1174,-7.3046,-0.6548	285.0820,-7.2900,-0.7078	285.0466,-7.3046,-0.7078	285.0320,-7.3400,-0.7078	285.0466,-7.3754,-0.7078	285.0820,-7.3900,-0.7078	285.1174,-7.3754,-0.7078	285.1320,-7.3400,-0.7078	285.1174,-7.3046,-0.7078
232	保護ボルトキャップ 第2-014	保護ボルトキャップ						保護ボルトキャップ	x 284.6 m 7/8	第2工事	第2工事 2 頁（橋梁一般図(1)）	V_K2_下路平面図		ext_poly	8	285.0820,7.7100,-0.6548	285.0466,7.6954,-0.6548	285.0320,7.6600,-0.6548	285.0466,7.6246,-0.6548	285.0820,7.6100,-0.6548	285.1174,7.6246,-0.6548	285.1320,7.6600,-0.6548	285.1174,7.6954,-0.6548	285.0820,7.7100,-0.7078	285.0466,7.6954,-0.7078	285.0320,7.6600,-0.7078	285.0466,7.6246,-0.7078	285.0820,7.6100,-0.7078	285.1174,7.6246,-0.7078	285.1320,7.6600,-0.7078	285.1174,7.6954,-0.7078
233	保護ボルトキャップ 第2-015	保護ボルトキャップ						保護ボルトキャップ	x 284.6 m 8/8	第2工事	第2工事 2 頁（橋梁一般図(1)）	V_K2_下路平面図		ext_poly	8	285.0820,-7.0100,-0.6548	285.0466,-7.0246,-0.6548	285.0320,-7.0600,-0.6548	285.0466,-7.0954,-0.6548	285.0820,-7.1100,-0.6548	285.1174,-7.0954,-0.6548	285.1320,-7.0600,-0.6548	285.1174,-7.0246,-0.6548	285.0820,-7.0100,-0.7078	285.0466,-7.0246,-0.7078	285.0320,-7.0600,-0.7078	285.0466,-7.0954,-0.7078	285.0820,-7.1100,-0.7078	285.1174,-7.0954,-0.7078	285.1320,-7.0600,-0.7078	285.1174,-7.0246,-0.7078
234	保護ボルトキャップ 第2-016	保護ボルトキャップ						保護ボルトキャップ	x 284.6 m 8/8	第2工事	第2工事 2 頁（橋梁一般図(1)）	V_K2_下路平面図		ext_poly	8	285.0820,7.9900,-0.6548	285.0466,7.9754,-0.6548	285.0320,7.9400,-0.6548	285.0466,7.9046,-0.6548	285.0820,7.8900,-0.6548	285.1174,7.9046,-0.6548	285.1320,7.9400,-0.6548	285.1174,7.9754,-0.6548	285.0820,7.9900,-0.7078	285.0466,7.9754,-0.7078	285.0320,7.9400,-0.7078	285.0466,7.9046,-0.7078	285.0820,7.8900,-0.7078	285.1174,7.9046,-0.7078	285.1320,7.9400,-0.7078	285.1174,7.9754,-0.7078
235	排水施設工 第2-001	排水施設工						取付金具C	x 150.5 m	第2工事	第2工事 2 頁（橋梁一般図(1)）	V_K2_下路平面図		ext_poly	4	150.9080,2.0400,1.0814	151.2600,2.0400,1.0814	151.2600,2.1000,1.0814	150.9080,2.1000,1.0814	150.9080,2.0400,1.0754	151.2600,2.0400,1.0754	151.2600,2.1000,1.0754	150.9080,2.1000,1.0754
236	排水施設工 第2-002	排水施設工						目皿取替	x 151.4 m	第2工事	第2工事 2 頁（橋梁一般図(1)）	V_K2_下路平面図		ext_poly	4	151.0600,1.9200,2.2774	151.4600,1.9200,2.2774	151.4600,2.2200,2.2774	151.0600,2.2200,2.2774	151.0600,1.9200,2.2274	151.4600,1.9200,2.2274	151.4600,2.2200,2.2274	151.0600,2.2200,2.2274
237	排水施設工 第2-003	排水施設工						取付金具A	x 184.9 m	第2工事	第2工事 2 頁（橋梁一般図(1)）	V_K2_下路平面図		ext_poly	4	185.2680,7.7990,2.1222	185.3480,7.7990,2.1222	185.3480,7.9990,2.1222	185.2680,7.9990,2.1222	185.2680,7.7990,2.0422	185.3480,7.7990,2.0422	185.3480,7.9990,2.0422	185.2680,7.9990,2.0422
238	排水施設工 第2-004	排水施設工						取付金具A	x 185.3 m	第2工事	第2工事 2 頁（橋梁一般図(1)）	V_K2_下路平面図		ext_poly	4	185.2680,7.7990,2.1222	185.3480,7.7990,2.1222	185.3480,7.9990,2.1222	185.2680,7.9990,2.1222	185.2680,7.7990,2.0422	185.3480,7.7990,2.0422	185.3480,7.9990,2.0422	185.2680,7.9990,2.0422
239	排水施設工 第2-005	排水施設工						取付金具A	x 208.6 m	第2工事	第2工事 2 頁（橋梁一般図(1)）	V_K2_下路平面図		ext_poly	4	208.9880,-7.9990,1.9962	209.0680,-7.9990,1.9962	209.0680,-7.7990,1.9962	208.9880,-7.7990,1.9962	208.9880,-7.9990,1.9162	209.0680,-7.9990,1.9162	209.0680,-7.7990,1.9162	208.9880,-7.7990,1.9162
240	排水施設工 第2-006	排水施設工						取付金具B	x 208.6 m	第2工事	第2工事 2 頁（橋梁一般図(1)）	V_K2_下路平面図		ext_poly	4	208.9880,-7.9990,0.7462	209.0680,-7.9990,0.7462	209.0680,-7.7990,0.7462	208.9880,-7.7990,0.7462	208.9880,-7.9990,0.6662	209.0680,-7.9990,0.6662	209.0680,-7.7990,0.6662	208.9880,-7.7990,0.6662
241	排水施設工 第2-007	排水施設工						取付金具C	x 208.6 m	第2工事	第2工事 2 頁（橋梁一般図(1)）	V_K2_下路平面図		ext_poly	4	209.0280,2.0400,0.9122	209.4000,2.0400,0.9122	209.4000,2.1000,0.9122	209.0280,2.1000,0.9122	209.0280,2.0400,0.9062	209.4000,2.0400,0.9062	209.4000,2.1000,0.9062	209.0280,2.1000,0.9062
242	排水施設工 第2-008	排水施設工						取付金具A	x 231.3 m	第2工事	第2工事 2 頁（橋梁一般図(1)）	V_K2_下路平面図		ext_poly	4	231.6680,7.7990,1.8566	231.7480,7.7990,1.8566	231.7480,7.9990,1.8566	231.6680,7.9990,1.8566	231.6680,7.7990,1.7766	231.7480,7.7990,1.7766	231.7480,7.9990,1.7766	231.6680,7.9990,1.7766
243	排水施設工 第2-009	排水施設工						取付金具C	x 231.3 m	第2工事	第2工事 2 頁（橋梁一般図(1)）	V_K2_下路平面図		ext_poly	4	231.7080,2.0400,0.7726	232.0800,2.0400,0.7726	232.0800,2.1000,0.7726	231.7080,2.1000,0.7726	231.7080,2.0400,0.7666	232.0800,2.0400,0.7666	232.0800,2.1000,0.7666	231.7080,2.1000,0.7666
244	排水施設工 第2-010	排水施設工						取付金具C	x 254.0 m	第2工事	第2工事 2 頁（橋梁一般図(1)）	V_K2_下路平面図		ext_poly	4	254.3880,2.0400,0.5601	254.7600,2.0400,0.5601	254.7600,2.1000,0.5601	254.3880,2.1000,0.5601	254.3880,2.0400,0.5541	254.7600,2.0400,0.5541	254.7600,2.1000,0.5541	254.3880,2.1000,0.5541
245	排水施設工 第2-011	排水施設工						取付金具A	x 277.9 m	第2工事	第2工事 2 頁（橋梁一般図(1)）	V_K2_下路平面図		ext_poly	4	277.0030,-7.9990,1.4317	277.0830,-7.9990,1.4317	277.0830,-7.7990,1.4317	277.0030,-7.7990,1.4317	277.0030,-7.9990,1.3517	277.0830,-7.9990,1.3517	277.0830,-7.7990,1.3517	277.0030,-7.7990,1.3517
246	排水施設工 第2-012	排水施設工						取付金具C	x 276.6 m	第2工事	第2工事 2 頁（橋梁一般図(1)）	V_K2_下路平面図		ext_poly	4	277.0430,2.0400,0.3477	277.4400,2.0400,0.3477	277.4400,2.1000,0.3477	277.0430,2.1000,0.3477	277.0430,2.0400,0.3417	277.4400,2.0400,0.3417	277.4400,2.1000,0.3417	277.0430,2.1000,0.3417
247	支承防錆工 第2-001	支承防錆工						支承防錆(A)	x 284.6 m 底板	第2工事	第2工事 2 頁（橋梁一般図(1)）	V_K2_下路平面図	支承防錆工 第2-001	ext_poly	4	284.0070,6.7900,-0.7078	285.1570,6.7900,-0.7078	285.1570,8.2100,-0.7078	284.0070,8.2100,-0.7078	284.0070,6.7900,-0.7678	285.1570,6.7900,-0.7678	285.1570,8.2100,-0.7678	284.0070,8.2100,-0.7678
248	支承防錆工 第2-002	支承防錆工						支承防錆(B)	x 284.6 m 底板	第2工事	第2工事 2 頁（橋梁一般図(1)）	V_K2_下路平面図	支承防錆工 第2-002	ext_poly	4	284.0070,-8.2100,-0.7078	285.1570,-8.2100,-0.7078	285.1570,-6.7900,-0.7078	284.0070,-6.7900,-0.7078	284.0070,-8.2100,-0.7678	285.1570,-8.2100,-0.7678	285.1570,-6.7900,-0.7678	284.0070,-6.7900,-0.7678
249	支承防錆工 第2-003	支承防錆工						支承防錆(A)	x 284.6 m 下沓	第2工事	第2工事 2 頁（橋梁一般図(1)）	V_K2_下路平面図	支承防錆工 第2-001	ext_poly	4	284.0820,6.8500,-0.5078	285.0820,6.8500,-0.5078	285.0820,8.1500,-0.5078	284.0820,8.1500,-0.5078	284.0820,6.8500,-0.7078	285.0820,6.8500,-0.7078	285.0820,8.1500,-0.7078	284.0820,8.1500,-0.7078
250	支承防錆工 第2-004	支承防錆工						支承防錆(B)	x 284.6 m 下沓	第2工事	第2工事 2 頁（橋梁一般図(1)）	V_K2_下路平面図	支承防錆工 第2-002	ext_poly	4	284.0820,-8.1500,-0.5078	285.0820,-8.1500,-0.5078	285.0820,-6.8500,-0.5078	284.0820,-6.8500,-0.5078	284.0820,-8.1500,-0.7078	285.0820,-8.1500,-0.7078	285.0820,-6.8500,-0.7078	284.0820,-6.8500,-0.7078
251	支承防錆工 第2-005	支承防錆工						支承防錆(A)	x 284.6 m 上沓	第2工事	第2工事 2 頁（橋梁一般図(1)）	V_K2_下路平面図	支承防錆工 第2-001	ext_poly	4	284.1820,7.1000,0.0522	284.9820,7.1000,0.0522	284.9820,7.9000,0.0522	284.1820,7.9000,0.0522	284.1820,7.1000,-0.1478	284.9820,7.1000,-0.1478	284.9820,7.9000,-0.1478	284.1820,7.9000,-0.1478
252	支承防錆工 第2-006	支承防錆工						支承防錆(B)	x 284.6 m 上沓	第2工事	第2工事 2 頁（橋梁一般図(1)）	V_K2_下路平面図	支承防錆工 第2-002	ext_poly	4	284.1820,-7.9000,0.0522	284.9820,-7.9000,0.0522	284.9820,-7.1000,0.0522	284.1820,-7.1000,0.0522	284.1820,-7.9000,-0.1478	284.9820,-7.9000,-0.1478	284.9820,-7.1000,-0.1478	284.1820,-7.1000,-0.1478
253	支承防錆工 第2-007	支承防錆工						支承防錆(A)	x 284.6 m ピン	第2工事	第2工事 2 頁（橋梁一般図(1)）	V_K2_下路平面図	支承防錆工 第2-001	ext_poly	4	284.2820,7.1000,-0.1478	284.8820,7.1000,-0.1478	284.8820,7.9000,-0.1478	284.2820,7.9000,-0.1478	284.2820,7.1000,-0.5078	284.8820,7.1000,-0.5078	284.8820,7.9000,-0.5078	284.2820,7.9000,-0.5078
254	支承防錆工 第2-008	支承防錆工						支承防錆(B)	x 284.6 m ピン	第2工事	第2工事 2 頁（橋梁一般図(1)）	V_K2_下路平面図	支承防錆工 第2-002	ext_poly	4	284.2820,-7.9000,-0.1478	284.8820,-7.9000,-0.1478	284.8820,-7.1000,-0.1478	284.2820,-7.1000,-0.1478	284.2820,-7.9000,-0.5078	284.8820,-7.9000,-0.5078	284.8820,-7.1000,-0.5078	284.2820,-7.1000,-0.5078
255	断面修復工 第2-001	断面修復工						左官工法(A)		第2工事	第2工事 2 頁（橋梁一般図(1) の数量表）				
256	橋梁塗装工 第2-001	橋梁塗装工						橋梁塗装工(Rc-I 塗り重ね部)		第2工事	第2工事 2 頁（橋梁一般図(1) の数量表）				
257	橋梁塗装工 第2-002	橋梁塗装工						橋梁塗装工(Rc-I)		第2工事	第2工事 2 頁（橋梁一般図(1) の数量表）				
258	腐食部補修工 第2-001	腐食部補修工						紫外線硬化型FRPシート	格点18-G1	第2工事	第2工事 4 頁	V_K2_P004_1-1		ext_poly	12	151.1180,7.0680,0.8704	150.6980,7.0680,0.8704	150.6980,7.0680,0.8964	150.8985,7.0680,0.8964	150.8985,7.0680,2.0364	150.6980,7.0680,2.0364	150.6980,7.0680,2.0624	151.1180,7.0680,2.0624	151.1180,7.0680,2.0364	150.9175,7.0680,2.0364	150.9175,7.0680,0.8964	151.1180,7.0680,0.8964	151.1180,6.5680,0.8704	150.6980,6.5680,0.8704	150.6980,6.5680,0.8964	150.8985,6.5680,0.8964	150.8985,6.5680,2.0364	150.6980,6.5680,2.0364	150.6980,6.5680,2.0624	151.1180,6.5680,2.0624	151.1180,6.5680,2.0364	150.9175,6.5680,2.0364	150.9175,6.5680,0.8964	151.1180,6.5680,0.8964
259	腐食部補修工 第2-002	腐食部補修工						防食防水テープ	格点18-G1	第2工事	第2工事 4 頁	V_K2_P004_1-1		ext_poly	12	151.1180,6.9283,0.8704	150.6980,6.9283,0.8704	150.6980,6.9283,0.8964	150.8985,6.9283,0.8964	150.8985,6.9283,2.0364	150.6980,6.9283,2.0364	150.6980,6.9283,2.0624	151.1180,6.9283,2.0624	151.1180,6.9283,2.0364	150.9175,6.9283,2.0364	150.9175,6.9283,0.8964	151.1180,6.9283,0.8964	151.1180,6.4283,0.8704	150.6980,6.4283,0.8704	150.6980,6.4283,0.8964	150.8985,6.4283,0.8964	150.8985,6.4283,2.0364	150.6980,6.4283,2.0364	150.6980,6.4283,2.0624	151.1180,6.4283,2.0624	151.1180,6.4283,2.0364	150.9175,6.4283,2.0364	150.9175,6.4283,0.8964	151.1180,6.4283,0.8964
260	腐食部補修工 第2-003	腐食部補修工						防食防水テープ	格点19-G1	第2工事	第2工事 6 頁	V_K2_P006_1-1		ext_poly	12	159.7180,6.6743,0.8704	159.2980,6.6743,0.8704	159.2980,6.6743,0.8964	159.4985,6.6743,0.8964	159.4985,6.6743,2.0364	159.2980,6.6743,2.0364	159.2980,6.6743,2.0624	159.7180,6.6743,2.0624	159.7180,6.6743,2.0364	159.5175,6.6743,2.0364	159.5175,6.6743,0.8964	159.7180,6.6743,0.8964	159.7180,6.1743,0.8704	159.2980,6.1743,0.8704	159.2980,6.1743,0.8964	159.4985,6.1743,0.8964	159.4985,6.1743,2.0364	159.2980,6.1743,2.0364	159.2980,6.1743,2.0624	159.7180,6.1743,2.0624	159.7180,6.1743,2.0364	159.5175,6.1743,2.0364	159.5175,6.1743,0.8964	159.7180,6.1743,0.8964
261	腐食部補修工 第2-004	腐食部補修工						防食防水テープ	格点19-G2	第2工事	第2工事 7 頁	V_K2_P007_1-1		ext_poly	12	159.7180,-6.5109,0.8704	159.2980,-6.5109,0.8704	159.2980,-6.5109,0.8964	159.4985,-6.5109,0.8964	159.4985,-6.5109,2.0364	159.2980,-6.5109,2.0364	159.2980,-6.5109,2.0624	159.7180,-6.5109,2.0624	159.7180,-6.5109,2.0364	159.5175,-6.5109,2.0364	159.5175,-6.5109,0.8964	159.7180,-6.5109,0.8964	159.7180,-7.0109,0.8704	159.2980,-7.0109,0.8704	159.2980,-7.0109,0.8964	159.4985,-7.0109,0.8964	159.4985,-7.0109,2.0364	159.2980,-7.0109,2.0364	159.2980,-7.0109,2.0624	159.7180,-7.0109,2.0624	159.7180,-7.0109,2.0364	159.5175,-7.0109,2.0364	159.5175,-7.0109,0.8964	159.7180,-7.0109,0.8964
262	腐食部補修工 第2-005	腐食部補修工						防食防水テープ	格点19-G2	第2工事	第2工事 7 頁	V_K2_P007_3-3		ext_poly	12	159.7180,-6.2492,0.8704	159.2980,-6.2492,0.8704	159.2980,-6.2492,0.8964	159.4985,-6.2492,0.8964	159.4985,-6.2492,2.0364	159.2980,-6.2492,2.0364	159.2980,-6.2492,2.0624	159.7180,-6.2492,2.0624	159.7180,-6.2492,2.0364	159.5175,-6.2492,2.0364	159.5175,-6.2492,0.8964	159.7180,-6.2492,0.8964	159.7180,-6.7492,0.8704	159.2980,-6.7492,0.8704	159.2980,-6.7492,0.8964	159.4985,-6.7492,0.8964	159.4985,-6.7492,2.0364	159.2980,-6.7492,2.0364	159.2980,-6.7492,2.0624	159.7180,-6.7492,2.0624	159.7180,-6.7492,2.0364	159.5175,-6.7492,2.0364	159.5175,-6.7492,0.8964	159.7180,-6.7492,0.8964
263	腐食部補修工 第2-006	腐食部補修工						防食防水テープ	格点19-G2	第2工事	第2工事 7 頁	V_K2_P007_5-5		ext_poly	4	163.6322,-7.8210,0.8661	163.6322,-7.1790,0.8661	163.6329,-7.1790,1.4761	163.6329,-7.8210,1.4761	163.1322,-7.8210,0.8666	163.1322,-7.1790,0.8666	163.1329,-7.1790,1.4766	163.1329,-7.8210,1.4766
264	腐食部補修工 第2-007	腐食部補修工						防食防水テープ	格点20-G2	第2工事	第2工事 9 頁	V_K2_P009_1-1		ext_poly	12	168.3180,-6.1375,0.8614	167.8980,-6.1375,0.8614	167.8980,-6.1375,0.8874	168.0985,-6.1375,0.8874	168.0985,-6.1375,2.0274	167.8980,-6.1375,2.0274	167.8980,-6.1375,2.0534	168.3180,-6.1375,2.0534	168.3180,-6.1375,2.0274	168.1175,-6.1375,2.0274	168.1175,-6.1375,0.8874	168.3180,-6.1375,0.8874	168.3180,-6.6375,0.8614	167.8980,-6.6375,0.8614	167.8980,-6.6375,0.8874	168.0985,-6.6375,0.8874	168.0985,-6.6375,2.0274	167.8980,-6.6375,2.0274	167.8980,-6.6375,2.0534	168.3180,-6.6375,2.0534	168.3180,-6.6375,2.0274	168.1175,-6.6375,2.0274	168.1175,-6.6375,0.8874	168.3180,-6.6375,0.8874
265	腐食部補修工 第2-008	腐食部補修工						紫外線硬化型FRPシート	格点21-G2	第2工事	第2工事 11 頁	V_K2_P011_5-5		ext_poly	4	176.4880,-7.1960,2.2728	176.4880,-7.8040,2.2728	176.9280,-7.8040,2.2728	176.9280,-7.1960,2.2728	176.4880,-7.1960,1.7728	176.4880,-7.8040,1.7728	176.9280,-7.8040,1.7728	176.9280,-7.1960,1.7728
266	腐食部補修工 第2-009	腐食部補修工						防食防水テープ	格点21-G1	第2工事	第2工事 10 頁	V_K2_P010_1-1		ext_poly	12	176.9180,6.0413,0.8281	176.4980,6.0413,0.8281	176.4980,6.0413,0.8541	176.6985,6.0413,0.8541	176.6985,6.0413,1.9941	176.4980,6.0413,1.9941	176.4980,6.0413,2.0201	176.9180,6.0413,2.0201	176.9180,6.0413,1.9941	176.7175,6.0413,1.9941	176.7175,6.0413,0.8541	176.9180,6.0413,0.8541	176.9180,5.5413,0.8281	176.4980,5.5413,0.8281	176.4980,5.5413,0.8541	176.6985,5.5413,0.8541	176.6985,5.5413,1.9941	176.4980,5.5413,1.9941	176.4980,5.5413,2.0201	176.9180,5.5413,2.0201	176.9180,5.5413,1.9941	176.7175,5.5413,1.9941	176.7175,5.5413,0.8541	176.9180,5.5413,0.8541
267	腐食部補修工 第2-010	腐食部補修工						紫外線硬化型FRPシート	格点21-G2	第2工事	第2工事 11 頁	V_K2_P011_1-1		ext_poly	12	176.9180,-6.1368,0.8281	176.4980,-6.1368,0.8281	176.4980,-6.1368,0.8541	176.6985,-6.1368,0.8541	176.6985,-6.1368,1.9941	176.4980,-6.1368,1.9941	176.4980,-6.1368,2.0201	176.9180,-6.1368,2.0201	176.9180,-6.1368,1.9941	176.7175,-6.1368,1.9941	176.7175,-6.1368,0.8541	176.9180,-6.1368,0.8541	176.9180,-6.6368,0.8281	176.4980,-6.6368,0.8281	176.4980,-6.6368,0.8541	176.6985,-6.6368,0.8541	176.6985,-6.6368,1.9941	176.4980,-6.6368,1.9941	176.4980,-6.6368,2.0201	176.9180,-6.6368,2.0201	176.9180,-6.6368,1.9941	176.7175,-6.6368,1.9941	176.7175,-6.6368,0.8541	176.9180,-6.6368,0.8541
268	腐食部補修工 第2-011	腐食部補修工						防食防水テープ	格点21-G2	第2工事	第2工事 11 頁	V_K2_P011_1-1		ext_poly	12	176.9180,-5.6719,0.8281	176.4980,-5.6719,0.8281	176.4980,-5.6719,0.8541	176.6985,-5.6719,0.8541	176.6985,-5.6719,1.9941	176.4980,-5.6719,1.9941	176.4980,-5.6719,2.0201	176.9180,-5.6719,2.0201	176.9180,-5.6719,1.9941	176.7175,-5.6719,1.9941	176.7175,-5.6719,0.8541	176.9180,-5.6719,0.8541	176.9180,-6.1719,0.8281	176.4980,-6.1719,0.8281	176.4980,-6.1719,0.8541	176.6985,-6.1719,0.8541	176.6985,-6.1719,1.9941	176.4980,-6.1719,1.9941	176.4980,-6.1719,2.0201	176.9180,-6.1719,2.0201	176.9180,-6.1719,1.9941	176.7175,-6.1719,1.9941	176.7175,-6.1719,0.8541	176.9180,-6.1719,0.8541
269	腐食部補修工 第2-012	腐食部補修工						防食防水テープ	格点21-G2	第2工事	第2工事 11 頁	V_K2_P011_1-1		ext_poly	12	176.9180,-5.4052,0.8281	176.4980,-5.4052,0.8281	176.4980,-5.4052,0.8541	176.6985,-5.4052,0.8541	176.6985,-5.4052,1.9941	176.4980,-5.4052,1.9941	176.4980,-5.4052,2.0201	176.9180,-5.4052,2.0201	176.9180,-5.4052,1.9941	176.7175,-5.4052,1.9941	176.7175,-5.4052,0.8541	176.9180,-5.4052,0.8541	176.9180,-5.9052,0.8281	176.4980,-5.9052,0.8281	176.4980,-5.9052,0.8541	176.6985,-5.9052,0.8541	176.6985,-5.9052,1.9941	176.4980,-5.9052,1.9941	176.4980,-5.9052,2.0201	176.9180,-5.9052,2.0201	176.9180,-5.9052,1.9941	176.7175,-5.9052,1.9941	176.7175,-5.9052,0.8541	176.9180,-5.9052,0.8541
270	腐食部補修工 第2-013	腐食部補修工						防食防水テープ	格点21-G2	第2工事	第2工事 11 頁	V_K2_P011_3-3		ext_poly	12	176.9180,-6.1984,0.8281	176.4980,-6.1984,0.8281	176.4980,-6.1984,0.8541	176.6985,-6.1984,0.8541	176.6985,-6.1984,1.9941	176.4980,-6.1984,1.9941	176.4980,-6.1984,2.0201	176.9180,-6.1984,2.0201	176.9180,-6.1984,1.9941	176.7175,-6.1984,1.9941	176.7175,-6.1984,0.8541	176.9180,-6.1984,0.8541	176.9180,-6.6984,0.8281	176.4980,-6.6984,0.8281	176.4980,-6.6984,0.8541	176.6985,-6.6984,0.8541	176.6985,-6.6984,1.9941	176.4980,-6.6984,1.9941	176.4980,-6.6984,2.0201	176.9180,-6.6984,2.0201	176.9180,-6.6984,1.9941	176.7175,-6.6984,1.9941	176.7175,-6.6984,0.8541	176.9180,-6.6984,0.8541
271	腐食部補修工 第2-014	腐食部補修工						紫外線硬化型FRPシート	格点22-G1	第2工事	第2工事 12 頁	V_K2_P012_1-1		ext_poly	12	185.5180,6.9766,0.8272	185.0980,6.9766,0.8272	185.0980,6.9766,0.8532	185.2985,6.9766,0.8532	185.2985,6.9766,1.9932	185.0980,6.9766,1.9932	185.0980,6.9766,2.0192	185.5180,6.9766,2.0192	185.5180,6.9766,1.9932	185.3175,6.9766,1.9932	185.3175,6.9766,0.8532	185.5180,6.9766,0.8532	185.5180,6.4766,0.8272	185.0980,6.4766,0.8272	185.0980,6.4766,0.8532	185.2985,6.4766,0.8532	185.2985,6.4766,1.9932	185.0980,6.4766,1.9932	185.0980,6.4766,2.0192	185.5180,6.4766,2.0192	185.5180,6.4766,1.9932	185.3175,6.4766,1.9932	185.3175,6.4766,0.8532	185.5180,6.4766,0.8532
272	腐食部補修工 第2-015	腐食部補修工						防食防水テープ	格点22-G2	第2工事	第2工事 13 頁	V_K2_P013_1-1		ext_poly	12	185.5180,-6.1794,0.8272	185.0980,-6.1794,0.8272	185.0980,-6.1794,0.8532	185.2985,-6.1794,0.8532	185.2985,-6.1794,1.9932	185.0980,-6.1794,1.9932	185.0980,-6.1794,2.0192	185.5180,-6.1794,2.0192	185.5180,-6.1794,1.9932	185.3175,-6.1794,1.9932	185.3175,-6.1794,0.8532	185.5180,-6.1794,0.8532	185.5180,-6.6794,0.8272	185.0980,-6.6794,0.8272	185.0980,-6.6794,0.8532	185.2985,-6.6794,0.8532	185.2985,-6.6794,1.9932	185.0980,-6.6794,1.9932	185.0980,-6.6794,2.0192	185.5180,-6.6794,2.0192	185.5180,-6.6794,1.9932	185.3175,-6.6794,1.9932	185.3175,-6.6794,0.8532	185.5180,-6.6794,0.8532
273	腐食部補修工 第2-016	腐食部補修工						防食防水テープ	格点23-G1	第2工事	第2工事 16 頁	V_K2_P016_1-1		ext_poly	12	201.6680,6.9537,0.7435	201.2680,6.9537,0.7435	201.2680,6.9537,0.7695	201.4585,6.9537,0.7695	201.4585,6.9537,1.9095	201.2680,6.9537,1.9095	201.2680,6.9537,1.9355	201.6680,6.9537,1.9355	201.6680,6.9537,1.9095	201.4775,6.9537,1.9095	201.4775,6.9537,0.7695	201.6680,6.9537,0.7695	201.6680,6.4537,0.7435	201.2680,6.4537,0.7435	201.2680,6.4537,0.7695	201.4585,6.4537,0.7695	201.4585,6.4537,1.9095	201.2680,6.4537,1.9095	201.2680,6.4537,1.9355	201.6680,6.4537,1.9355	201.6680,6.4537,1.9095	201.4775,6.4537,1.9095	201.4775,6.4537,0.7695	201.6680,6.4537,0.7695
274	腐食部補修工 第2-017	腐食部補修工						防食防水テープ	格点24-G2	第2工事	第2工事 19 頁	V_K2_P019_1-1		ext_poly	12	209.2280,-5.4179,0.7012	208.8280,-5.4179,0.7012	208.8280,-5.4179,0.7272	209.0185,-5.4179,0.7272	209.0185,-5.4179,1.8672	208.8280,-5.4179,1.8672	208.8280,-5.4179,1.8932	209.2280,-5.4179,1.8932	209.2280,-5.4179,1.8672	209.0375,-5.4179,1.8672	209.0375,-5.4179,0.7272	209.2280,-5.4179,0.7272	209.2280,-5.9179,0.7012	208.8280,-5.9179,0.7012	208.8280,-5.9179,0.7272	209.0185,-5.9179,0.7272	209.0185,-5.9179,1.8672	208.8280,-5.9179,1.8672	208.8280,-5.9179,1.8932	209.2280,-5.9179,1.8932	209.2280,-5.9179,1.8672	209.0375,-5.9179,1.8672	209.0375,-5.9179,0.7272	209.2280,-5.9179,0.7272
275	腐食部補修工 第2-018	腐食部補修工						防食防水テープ	格点24-G2	第2工事	第2工事 19 頁	V_K2_P019_3-3		ext_poly	12	209.2280,-6.2492,0.7012	208.8280,-6.2492,0.7012	208.8280,-6.2492,0.7272	209.0185,-6.2492,0.7272	209.0185,-6.2492,1.8672	208.8280,-6.2492,1.8672	208.8280,-6.2492,1.8932	209.2280,-6.2492,1.8932	209.2280,-6.2492,1.8672	209.0375,-6.2492,1.8672	209.0375,-6.2492,0.7272	209.2280,-6.2492,0.7272	209.2280,-6.7492,0.7012	208.8280,-6.7492,0.7012	208.8280,-6.7492,0.7272	209.0185,-6.7492,0.7272	209.0185,-6.7492,1.8672	208.8280,-6.7492,1.8672	208.8280,-6.7492,1.8932	209.2280,-6.7492,1.8932	209.2280,-6.7492,1.8672	209.0375,-6.7492,1.8672	209.0375,-6.7492,0.7272	209.2280,-6.7492,0.7272
276	腐食部補修工 第2-019	腐食部補修工						紫外線硬化型FRPシート	格点25-G1	第2工事	第2工事 20 頁	V_K2_P020_5-5		ext_poly	4	216.1528,7.1790,0.6633	216.1528,7.8210,0.6633	216.1560,7.8210,1.2733	216.1560,7.1790,1.2733	215.6528,7.1790,0.6660	215.6528,7.8210,0.6660	215.6560,7.8210,1.2759	215.6560,7.1790,1.2759
277	腐食部補修工 第2-020	腐食部補修工						紫外線硬化型FRPシート	格点25-G1	第2工事	第2工事 20 頁	V_K2_P020_2-2		ext_poly	4	216.3680,7.8040,2.1160	216.3680,7.1960,2.1160	216.8080,7.1960,2.1160	216.8080,7.8040,2.1160	216.3680,7.8040,1.6160	216.3680,7.1960,1.6160	216.8080,7.1960,1.6160	216.8080,7.8040,1.6160
278	腐食部補修工 第2-021	腐食部補修工						防食防水テープ	格点25-G1	第2工事	第2工事 20 頁	V_K2_P020_1-1		ext_poly	12	216.7880,6.9537,0.6610	216.3880,6.9537,0.6610	216.3880,6.9537,0.6870	216.5785,6.9537,0.6870	216.5785,6.9537,1.8270	216.3880,6.9537,1.8270	216.3880,6.9537,1.8530	216.7880,6.9537,1.8530	216.7880,6.9537,1.8270	216.5975,6.9537,1.8270	216.5975,6.9537,0.6870	216.7880,6.9537,0.6870	216.7880,6.4537,0.6610	216.3880,6.4537,0.6610	216.3880,6.4537,0.6870	216.5785,6.4537,0.6870	216.5785,6.4537,1.8270	216.3880,6.4537,1.8270	216.3880,6.4537,1.8530	216.7880,6.4537,1.8530	216.7880,6.4537,1.8270	216.5975,6.4537,1.8270	216.5975,6.4537,0.6870	216.7880,6.4537,0.6870
279	腐食部補修工 第2-022	腐食部補修工						紫外線硬化型FRPシート	格点25-G2	第2工事	第2工事 21 頁	V_K2_P021_1-1		ext_poly	12	216.7880,-6.4296,0.6610	216.3880,-6.4296,0.6610	216.3880,-6.4296,0.6870	216.5785,-6.4296,0.6870	216.5785,-6.4296,1.8270	216.3880,-6.4296,1.8270	216.3880,-6.4296,1.8530	216.7880,-6.4296,1.8530	216.7880,-6.4296,1.8270	216.5975,-6.4296,1.8270	216.5975,-6.4296,0.6870	216.7880,-6.4296,0.6870	216.7880,-6.9296,0.6610	216.3880,-6.9296,0.6610	216.3880,-6.9296,0.6870	216.5785,-6.9296,0.6870	216.5785,-6.9296,1.8270	216.3880,-6.9296,1.8270	216.3880,-6.9296,1.8530	216.7880,-6.9296,1.8530	216.7880,-6.9296,1.8270	216.5975,-6.9296,1.8270	216.5975,-6.9296,0.6870	216.7880,-6.9296,0.6870
280	腐食部補修工 第2-023	腐食部補修工						紫外線硬化型FRPシート	格点26-G2	第2工事	第2工事 22 頁	V_K2_P022_5-5		ext_poly	4	223.9280,-7.1960,1.9967	223.9280,-7.8040,1.9967	224.3680,-7.8040,1.9967	224.3680,-7.1960,1.9967	223.9280,-7.1960,1.4967	223.9280,-7.8040,1.4967	224.3680,-7.8040,1.4967	224.3680,-7.1960,1.4967
281	腐食部補修工 第2-024	腐食部補修工						紫外線硬化型FRPシート	格点26-G2	第2工事	第2工事 22 頁	V_K2_P022_5-5		ext_poly	4	223.9280,-7.1960,1.5751	223.9280,-7.8040,1.5751	224.3680,-7.8040,1.5751	224.3680,-7.1960,1.5751	223.9280,-7.1960,1.1951	223.9280,-7.8040,1.1951	224.3680,-7.8040,1.1951	224.3680,-7.1960,1.1951
282	腐食部補修工 第2-025	腐食部補修工						防食防水テープ	格点27-G1	第2工事	第2工事 23 頁	V_K2_P023_1-1		ext_poly	12	231.9080,6.9537,0.5616	231.5080,6.9537,0.5616	231.5080,6.9537,0.5876	231.6985,6.9537,0.5876	231.6985,6.9537,1.7276	231.5080,6.9537,1.7276	231.5080,6.9537,1.7536	231.9080,6.9537,1.7536	231.9080,6.9537,1.7276	231.7175,6.9537,1.7276	231.7175,6.9537,0.5876	231.9080,6.9537,0.5876	231.9080,6.4537,0.5616	231.5080,6.4537,0.5616	231.5080,6.4537,0.5876	231.6985,6.4537,0.5876	231.6985,6.4537,1.7276	231.5080,6.4537,1.7276	231.5080,6.4537,1.7536	231.9080,6.4537,1.7536	231.9080,6.4537,1.7276	231.7175,6.4537,1.7276	231.7175,6.4537,0.5876	231.9080,6.4537,0.5876
283	腐食部補修工 第2-026	腐食部補修工						紫外線硬化型FRPシート	格点27-G2	第2工事	第2工事 24 頁	V_K2_P024_1-1		ext_poly	12	231.9080,-6.4778,0.5616	231.5080,-6.4778,0.5616	231.5080,-6.4778,0.5876	231.6985,-6.4778,0.5876	231.6985,-6.4778,1.7276	231.5080,-6.4778,1.7276	231.5080,-6.4778,1.7536	231.9080,-6.4778,1.7536	231.9080,-6.4778,1.7276	231.7175,-6.4778,1.7276	231.7175,-6.4778,0.5876	231.9080,-6.4778,0.5876	231.9080,-6.9778,0.5616	231.5080,-6.9778,0.5616	231.5080,-6.9778,0.5876	231.6985,-6.9778,0.5876	231.6985,-6.9778,1.7276	231.5080,-6.9778,1.7276	231.5080,-6.9778,1.7536	231.9080,-6.9778,1.7536	231.9080,-6.9778,1.7276	231.7175,-6.9778,1.7276	231.7175,-6.9778,0.5876	231.9080,-6.9778,0.5876
284	腐食部補修工 第2-027	腐食部補修工						防食防水テープ	格点27-G2	第2工事	第2工事 24 頁	V_K2_P024_1-1		ext_poly	12	231.9080,-6.4778,0.5616	231.5080,-6.4778,0.5616	231.5080,-6.4778,0.5876	231.6985,-6.4778,0.5876	231.6985,-6.4778,1.7276	231.5080,-6.4778,1.7276	231.5080,-6.4778,1.7536	231.9080,-6.4778,1.7536	231.9080,-6.4778,1.7276	231.7175,-6.4778,1.7276	231.7175,-6.4778,0.5876	231.9080,-6.4778,0.5876	231.9080,-6.9778,0.5616	231.5080,-6.9778,0.5616	231.5080,-6.9778,0.5876	231.6985,-6.9778,0.5876	231.6985,-6.9778,1.7276	231.5080,-6.9778,1.7276	231.5080,-6.9778,1.7536	231.9080,-6.9778,1.7536	231.9080,-6.9778,1.7276	231.7175,-6.9778,1.7276	231.7175,-6.9778,0.5876	231.9080,-6.9778,0.5876
285	腐食部補修工 第2-028	腐食部補修工						紫外線硬化型FRPシート	格点28-G2	第2工事	第2工事 25 頁	V_K2_P025_4-4		ext_poly	4	239.0480,-7.1960,1.9302	239.0480,-7.8040,1.9302	239.4880,-7.8040,1.9302	239.4880,-7.1960,1.9302	239.0480,-7.1960,1.4302	239.0480,-7.8040,1.4302	239.4880,-7.8040,1.4302	239.4880,-7.1960,1.4302
286	腐食部補修工 第2-029	腐食部補修工						紫外線硬化型FRPシート	格点28-G2	第2工事	第2工事 25 頁	V_K2_P025_1-1		ext_poly	12	239.4680,-5.6999,0.4905	239.0680,-5.6999,0.4905	239.0680,-5.6999,0.5165	239.2585,-5.6999,0.5165	239.2585,-5.6999,1.6565	239.0680,-5.6999,1.6565	239.0680,-5.6999,1.6825	239.4680,-5.6999,1.6825	239.4680,-5.6999,1.6565	239.2775,-5.6999,1.6565	239.2775,-5.6999,0.5165	239.4680,-5.6999,0.5165	239.4680,-6.1999,0.4905	239.0680,-6.1999,0.4905	239.0680,-6.1999,0.5165	239.2585,-6.1999,0.5165	239.2585,-6.1999,1.6565	239.0680,-6.1999,1.6565	239.0680,-6.1999,1.6825	239.4680,-6.1999,1.6825	239.4680,-6.1999,1.6565	239.2775,-6.1999,1.6565	239.2775,-6.1999,0.5165	239.4680,-6.1999,0.5165
287	腐食部補修工 第2-030	腐食部補修工						紫外線硬化型FRPシート	格点28-G2	第2工事	第2工事 25 頁	V_K2_P025_1-1		ext_poly	12	239.4680,-6.1393,0.4905	239.0680,-6.1393,0.4905	239.0680,-6.1393,0.5165	239.2585,-6.1393,0.5165	239.2585,-6.1393,1.6565	239.0680,-6.1393,1.6565	239.0680,-6.1393,1.6825	239.4680,-6.1393,1.6825	239.4680,-6.1393,1.6565	239.2775,-6.1393,1.6565	239.2775,-6.1393,0.5165	239.4680,-6.1393,0.5165	239.4680,-6.6393,0.4905	239.0680,-6.6393,0.4905	239.0680,-6.6393,0.5165	239.2585,-6.6393,0.5165	239.2585,-6.6393,1.6565	239.0680,-6.6393,1.6565	239.0680,-6.6393,1.6825	239.4680,-6.6393,1.6825	239.4680,-6.6393,1.6565	239.2775,-6.6393,1.6565	239.2775,-6.6393,0.5165	239.4680,-6.6393,0.5165
288	腐食部補修工 第2-031	腐食部補修工						防食防水テープ	格点28-G2	第2工事	第2工事 25 頁	V_K2_P025_1-1		ext_poly	12	239.4680,-5.7964,0.4905	239.0680,-5.7964,0.4905	239.0680,-5.7964,0.5165	239.2585,-5.7964,0.5165	239.2585,-5.7964,1.6565	239.0680,-5.7964,1.6565	239.0680,-5.7964,1.6825	239.4680,-5.7964,1.6825	239.4680,-5.7964,1.6565	239.2775,-5.7964,1.6565	239.2775,-5.7964,0.5165	239.4680,-5.7964,0.5165	239.4680,-6.2964,0.4905	239.0680,-6.2964,0.4905	239.0680,-6.2964,0.5165	239.2585,-6.2964,0.5165	239.2585,-6.2964,1.6565	239.0680,-6.2964,1.6565	239.0680,-6.2964,1.6825	239.4680,-6.2964,1.6825	239.4680,-6.2964,1.6565	239.2775,-6.2964,1.6565	239.2775,-6.2964,0.5165	239.4680,-6.2964,0.5165
289	腐食部補修工 第2-032	腐食部補修工						防食防水テープ	格点28-G2	第2工事	第2工事 25 頁	V_K2_P025_1-1		ext_poly	12	239.4680,-5.4027,0.4905	239.0680,-5.4027,0.4905	239.0680,-5.4027,0.5165	239.2585,-5.4027,0.5165	239.2585,-5.4027,1.6565	239.0680,-5.4027,1.6565	239.0680,-5.4027,1.6825	239.4680,-5.4027,1.6825	239.4680,-5.4027,1.6565	239.2775,-5.4027,1.6565	239.2775,-5.4027,0.5165	239.4680,-5.4027,0.5165	239.4680,-5.9027,0.4905	239.0680,-5.9027,0.4905	239.0680,-5.9027,0.5165	239.2585,-5.9027,0.5165	239.2585,-5.9027,1.6565	239.0680,-5.9027,1.6565	239.0680,-5.9027,1.6825	239.4680,-5.9027,1.6825	239.4680,-5.9027,1.6565	239.2775,-5.9027,1.6565	239.2775,-5.9027,0.5165	239.4680,-5.9027,0.5165
290	腐食部補修工 第2-033	腐食部補修工						防食防水テープ	格点28-G2	第2工事	第2工事 25 頁	V_K2_P025_3-3		ext_poly	12	239.4680,-6.1807,0.4905	239.0680,-6.1807,0.4905	239.0680,-6.1807,0.5165	239.2585,-6.1807,0.5165	239.2585,-6.1807,1.6565	239.0680,-6.1807,1.6565	239.0680,-6.1807,1.6825	239.4680,-6.1807,1.6825	239.4680,-6.1807,1.6565	239.2775,-6.1807,1.6565	239.2775,-6.1807,0.5165	239.4680,-6.1807,0.5165	239.4680,-6.6807,0.4905	239.0680,-6.6807,0.4905	239.0680,-6.6807,0.5165	239.2585,-6.6807,0.5165	239.2585,-6.6807,1.6565	239.0680,-6.6807,1.6565	239.0680,-6.6807,1.6825	239.4680,-6.6807,1.6825	239.4680,-6.6807,1.6565	239.2775,-6.6807,1.6565	239.2775,-6.6807,0.5165	239.4680,-6.6807,0.5165
291	腐食部補修工 第2-034	腐食部補修工						紫外線硬化型FRPシート	格点29-G2	第2工事	第2工事 27 頁	V_K2_P027_5-5		ext_poly	4	246.7187,-7.8210,0.4209	246.7187,-7.1790,0.4209	246.7244,-7.1790,1.0309	246.7244,-7.8210,1.0309	246.2187,-7.8210,0.4256	246.2187,-7.1790,0.4256	246.2244,-7.1790,1.0355	246.2244,-7.8210,1.0355
292	腐食部補修工 第2-035	腐食部補修工						防食防水テープ	格点29-G1	第2工事	第2工事 26 頁	V_K2_P026_1-1		ext_poly	12	247.0280,6.9537,0.4199	246.6280,6.9537,0.4199	246.6280,6.9537,0.4459	246.8185,6.9537,0.4459	246.8185,6.9537,1.5859	246.6280,6.9537,1.5859	246.6280,6.9537,1.6119	247.0280,6.9537,1.6119	247.0280,6.9537,1.5859	246.8375,6.9537,1.5859	246.8375,6.9537,0.4459	247.0280,6.9537,0.4459	247.0280,6.4537,0.4199	246.6280,6.4537,0.4199	246.6280,6.4537,0.4459	246.8185,6.4537,0.4459	246.8185,6.4537,1.5859	246.6280,6.4537,1.5859	246.6280,6.4537,1.6119	247.0280,6.4537,1.6119	247.0280,6.4537,1.5859	246.8375,6.4537,1.5859	246.8375,6.4537,0.4459	247.0280,6.4537,0.4459
293	腐食部補修工 第2-036	腐食部補修工						紫外線硬化型FRPシート	格点29-G2	第2工事	第2工事 27 頁	V_K2_P027_1-1		ext_poly	12	247.0280,-6.5210,0.4199	246.6280,-6.5210,0.4199	246.6280,-6.5210,0.4459	246.8185,-6.5210,0.4459	246.8185,-6.5210,1.5859	246.6280,-6.5210,1.5859	246.6280,-6.5210,1.6119	247.0280,-6.5210,1.6119	247.0280,-6.5210,1.5859	246.8375,-6.5210,1.5859	246.8375,-6.5210,0.4459	247.0280,-6.5210,0.4459	247.0280,-7.0210,0.4199	246.6280,-7.0210,0.4199	246.6280,-7.0210,0.4459	246.8185,-7.0210,0.4459	246.8185,-7.0210,1.5859	246.6280,-7.0210,1.5859	246.6280,-7.0210,1.6119	247.0280,-7.0210,1.6119	247.0280,-7.0210,1.5859	246.8375,-7.0210,1.5859	246.8375,-7.0210,0.4459	247.0280,-7.0210,0.4459
294	腐食部補修工 第2-037	腐食部補修工						紫外線硬化型FRPシート	格点29-G2	第2工事	第2工事 27 頁	V_K2_P027_1-1		ext_poly	12	247.0280,-6.8004,0.4199	246.6280,-6.8004,0.4199	246.6280,-6.8004,0.4459	246.8185,-6.8004,0.4459	246.8185,-6.8004,1.5859	246.6280,-6.8004,1.5859	246.6280,-6.8004,1.6119	247.0280,-6.8004,1.6119	247.0280,-6.8004,1.5859	246.8375,-6.8004,1.5859	246.8375,-6.8004,0.4459	247.0280,-6.8004,0.4459	247.0280,-7.1840,0.4199	246.6280,-7.1840,0.4199	246.6280,-7.1840,0.4459	246.8185,-7.1840,0.4459	246.8185,-7.1840,1.5859	246.6280,-7.1840,1.5859	246.6280,-7.1840,1.6119	247.0280,-7.1840,1.6119	247.0280,-7.1840,1.5859	246.8375,-7.1840,1.5859	246.8375,-7.1840,0.4459	247.0280,-7.1840,0.4459
295	腐食部補修工 第2-038	腐食部補修工						紫外線硬化型FRPシート	格点30-G2	第2工事	第2工事 29 頁	V_K2_P029_5-5		ext_poly	4	254.2787,-7.8210,0.3501	254.2787,-7.1790,0.3501	254.2844,-7.1790,0.9601	254.2844,-7.8210,0.9601	253.7787,-7.8210,0.3548	253.7787,-7.1790,0.3548	253.7844,-7.1790,0.9647	253.7844,-7.8210,0.9647
296	腐食部補修工 第2-039	腐食部補修工						紫外線硬化型FRPシート	格点30-G2	第2工事	第2工事 29 頁	V_K2_P029_1-1		ext_poly	12	254.5880,-6.0174,0.3491	254.1880,-6.0174,0.3491	254.1880,-6.0174,0.3751	254.3785,-6.0174,0.3751	254.3785,-6.0174,1.5151	254.1880,-6.0174,1.5151	254.1880,-6.0174,1.5411	254.5880,-6.0174,1.5411	254.5880,-6.0174,1.5151	254.3975,-6.0174,1.5151	254.3975,-6.0174,0.3751	254.5880,-6.0174,0.3751	254.5880,-6.5174,0.3491	254.1880,-6.5174,0.3491	254.1880,-6.5174,0.3751	254.3785,-6.5174,0.3751	254.3785,-6.5174,1.5151	254.1880,-6.5174,1.5151	254.1880,-6.5174,1.5411	254.5880,-6.5174,1.5411	254.5880,-6.5174,1.5151	254.3975,-6.5174,1.5151	254.3975,-6.5174,0.3751	254.5880,-6.5174,0.3751
297	腐食部補修工 第2-040	腐食部補修工						紫外線硬化型FRPシート	格点30-G2	第2工事	第2工事 29 頁	V_K2_P029_1-1		ext_poly	12	254.5880,-5.8472,0.3491	254.1880,-5.8472,0.3491	254.1880,-5.8472,0.3751	254.3785,-5.8472,0.3751	254.3785,-5.8472,1.5151	254.1880,-5.8472,1.5151	254.1880,-5.8472,1.5411	254.5880,-5.8472,1.5411	254.5880,-5.8472,1.5151	254.3975,-5.8472,1.5151	254.3975,-5.8472,0.3751	254.5880,-5.8472,0.3751	254.5880,-6.3472,0.3491	254.1880,-6.3472,0.3491	254.1880,-6.3472,0.3751	254.3785,-6.3472,0.3751	254.3785,-6.3472,1.5151	254.1880,-6.3472,1.5151	254.1880,-6.3472,1.5411	254.5880,-6.3472,1.5411	254.5880,-6.3472,1.5151	254.3975,-6.3472,1.5151	254.3975,-6.3472,0.3751	254.5880,-6.3472,0.3751
298	腐食部補修工 第2-041	腐食部補修工						防食防水テープ	格点30-G2	第2工事	第2工事 29 頁	V_K2_P029_1-1		ext_poly	12	254.5880,-5.6567,0.3491	254.1880,-5.6567,0.3491	254.1880,-5.6567,0.3751	254.3785,-5.6567,0.3751	254.3785,-5.6567,1.5151	254.1880,-5.6567,1.5151	254.1880,-5.6567,1.5411	254.5880,-5.6567,1.5411	254.5880,-5.6567,1.5151	254.3975,-5.6567,1.5151	254.3975,-5.6567,0.3751	254.5880,-5.6567,0.3751	254.5880,-6.1567,0.3491	254.1880,-6.1567,0.3491	254.1880,-6.1567,0.3751	254.3785,-6.1567,0.3751	254.3785,-6.1567,1.5151	254.1880,-6.1567,1.5151	254.1880,-6.1567,1.5411	254.5880,-6.1567,1.5411	254.5880,-6.1567,1.5151	254.3975,-6.1567,1.5151	254.3975,-6.1567,0.3751	254.5880,-6.1567,0.3751
299	腐食部補修工 第2-042	腐食部補修工						紫外線硬化型FRPシート	格点31-G2	第2工事	第2工事 30 頁	V_K2_P030_1-1		ext_poly	4	261.8140,-7.2765,1.6106	261.8140,-7.0306,1.5262	262.0740,-7.0306,1.5262	262.0740,-7.2765,1.6106	261.8140,-7.1142,2.0835	261.8140,-6.8683,1.9991	262.0740,-6.8683,1.9991	262.0740,-7.1142,2.0835
300	腐食部補修工 第2-043	腐食部補修工						紫外線硬化型FRPシート	格点31-G2	第2工事	第2工事 30 頁	V_K2_P030_5-5		ext_poly	4	261.9411,-7.8210,0.2782	261.9411,-7.1790,0.2782	261.9469,-7.1790,0.8882	261.9469,-7.8210,0.8882	261.5961,-7.8210,0.2815	261.5961,-7.1790,0.2815	261.6018,-7.1790,0.8914	261.6018,-7.8210,0.8914
301	腐食部補修工 第2-044	腐食部補修工						紫外線硬化型FRPシート	格点31-G2	第2工事	第2工事 30 頁	V_K2_P030_1-1		ext_poly	12	262.1440,-6.9261,0.2782	261.7440,-6.9261,0.2782	261.7440,-6.9261,0.3042	261.9345,-6.9261,0.3042	261.9345,-6.9261,1.4442	261.7440,-6.9261,1.4442	261.7440,-6.9261,1.4702	262.1440,-6.9261,1.4702	262.1440,-6.9261,1.4442	261.9535,-6.9261,1.4442	261.9535,-6.9261,0.3042	262.1440,-6.9261,0.3042	262.1440,-7.1840,0.2782	261.7440,-7.1840,0.2782	261.7440,-7.1840,0.3042	261.9345,-7.1840,0.3042	261.9345,-7.1840,1.4442	261.7440,-7.1840,1.4442	261.7440,-7.1840,1.4702	262.1440,-7.1840,1.4702	262.1440,-7.1840,1.4442	261.9535,-7.1840,1.4442	261.9535,-7.1840,0.3042	262.1440,-7.1840,0.3042
302	腐食部補修工 第2-045	腐食部補修工						防食防水テープ	格点31-G2	第2工事	第2工事 30 頁	V_K2_P030_1-1		ext_poly	12	262.1440,-6.5197,0.2782	261.7440,-6.5197,0.2782	261.7440,-6.5197,0.3042	261.9345,-6.5197,0.3042	261.9345,-6.5197,1.4442	261.7440,-6.5197,1.4442	261.7440,-6.5197,1.4702	262.1440,-6.5197,1.4702	262.1440,-6.5197,1.4442	261.9535,-6.5197,1.4442	261.9535,-6.5197,0.3042	262.1440,-6.5197,0.3042	262.1440,-7.0197,0.2782	261.7440,-7.0197,0.2782	261.7440,-7.0197,0.3042	261.9345,-7.0197,0.3042	261.9345,-7.0197,1.4442	261.7440,-7.0197,1.4442	261.7440,-7.0197,1.4702	262.1440,-7.0197,1.4702	262.1440,-7.0197,1.4442	261.9535,-7.0197,1.4442	261.9535,-7.0197,0.3042	262.1440,-7.0197,0.3042
303	腐食部補修工 第2-046	腐食部補修工						防食防水テープ	格点31-G2	第2工事	第2工事 30 頁	V_K2_P030_3-3		ext_poly	12	262.1440,-6.1870,0.2782	261.7440,-6.1870,0.2782	261.7440,-6.1870,0.3042	261.9345,-6.1870,0.3042	261.9345,-6.1870,1.4442	261.7440,-6.1870,1.4442	261.7440,-6.1870,1.4702	262.1440,-6.1870,1.4702	262.1440,-6.1870,1.4442	261.9535,-6.1870,1.4442	261.9535,-6.1870,0.3042	262.1440,-6.1870,0.3042	262.1440,-6.6870,0.2782	261.7440,-6.6870,0.2782	261.7440,-6.6870,0.3042	261.9345,-6.6870,0.3042	261.9345,-6.6870,1.4442	261.7440,-6.6870,1.4442	261.7440,-6.6870,1.4702	262.1440,-6.6870,1.4702	262.1440,-6.6870,1.4442	261.9535,-6.6870,1.4442	261.9535,-6.6870,0.3042	262.1440,-6.6870,0.3042
304	腐食部補修工 第2-047	腐食部補修工						紫外線硬化型FRPシート	格点32-G2	第2工事	第2工事 32 頁	V_K2_P032_5-5		ext_poly	4	269.2760,-7.1960,1.0907	269.2760,-7.8040,1.0907	269.7160,-7.8040,1.0907	269.7160,-7.1960,1.0907	269.2760,-7.1960,0.8124	269.2760,-7.8040,0.8124	269.7160,-7.8040,0.8124	269.7160,-7.1960,0.8124
305	腐食部補修工 第2-048	腐食部補修工						紫外線硬化型FRPシート	格点32-G2	第2工事	第2工事 32 頁	V_K2_P032_1-1		ext_poly	12	269.6960,-6.1444,0.2074	269.2960,-6.1444,0.2074	269.2960,-6.1444,0.2334	269.4865,-6.1444,0.2334	269.4865,-6.1444,1.3734	269.2960,-6.1444,1.3734	269.2960,-6.1444,1.3994	269.6960,-6.1444,1.3994	269.6960,-6.1444,1.3734	269.5055,-6.1444,1.3734	269.5055,-6.1444,0.2334	269.6960,-6.1444,0.2334	269.6960,-6.6444,0.2074	269.2960,-6.6444,0.2074	269.2960,-6.6444,0.2334	269.4865,-6.6444,0.2334	269.4865,-6.6444,1.3734	269.2960,-6.6444,1.3734	269.2960,-6.6444,1.3994	269.6960,-6.6444,1.3994	269.6960,-6.6444,1.3734	269.5055,-6.6444,1.3734	269.5055,-6.6444,0.2334	269.6960,-6.6444,0.2334
306	腐食部補修工 第2-049	腐食部補修工						紫外線硬化型FRPシート	格点32-G2	第2工事	第2工事 32 頁	V_K2_P032_1-1		ext_poly	12	269.6960,-6.6219,0.2074	269.2960,-6.6219,0.2074	269.2960,-6.6219,0.2334	269.4865,-6.6219,0.2334	269.4865,-6.6219,1.3734	269.2960,-6.6219,1.3734	269.2960,-6.6219,1.3994	269.6960,-6.6219,1.3994	269.6960,-6.6219,1.3734	269.5055,-6.6219,1.3734	269.5055,-6.6219,0.2334	269.6960,-6.6219,0.2334	269.6960,-7.1219,0.2074	269.2960,-7.1219,0.2074	269.2960,-7.1219,0.2334	269.4865,-7.1219,0.2334	269.4865,-7.1219,1.3734	269.2960,-7.1219,1.3734	269.2960,-7.1219,1.3994	269.6960,-7.1219,1.3994	269.6960,-7.1219,1.3734	269.5055,-7.1219,1.3734	269.5055,-7.1219,0.2334	269.6960,-7.1219,0.2334
307	腐食部補修工 第2-050	腐食部補修工						防食防水テープ	格点32-G2	第2工事	第2工事 32 頁	V_K2_P032_1-1		ext_poly	12	269.6960,-5.6796,0.2074	269.2960,-5.6796,0.2074	269.2960,-5.6796,0.2334	269.4865,-5.6796,0.2334	269.4865,-5.6796,1.3734	269.2960,-5.6796,1.3734	269.2960,-5.6796,1.3994	269.6960,-5.6796,1.3994	269.6960,-5.6796,1.3734	269.5055,-5.6796,1.3734	269.5055,-5.6796,0.2334	269.6960,-5.6796,0.2334	269.6960,-6.1796,0.2074	269.2960,-6.1796,0.2074	269.2960,-6.1796,0.2334	269.4865,-6.1796,0.2334	269.4865,-6.1796,1.3734	269.2960,-6.1796,1.3734	269.2960,-6.1796,1.3994	269.6960,-6.1796,1.3994	269.6960,-6.1796,1.3734	269.5055,-6.1796,1.3734	269.5055,-6.1796,0.2334	269.6960,-6.1796,0.2334
308	腐食部補修工 第2-051	腐食部補修工						防食防水テープ	格点32-G2	第2工事	第2工事 32 頁	V_K2_P032_1-1		ext_poly	12	269.6960,-5.5500,0.2074	269.2960,-5.5500,0.2074	269.2960,-5.5500,0.2334	269.4865,-5.5500,0.2334	269.4865,-5.5500,1.3734	269.2960,-5.5500,1.3734	269.2960,-5.5500,1.3994	269.6960,-5.5500,1.3994	269.6960,-5.5500,1.3734	269.5055,-5.5500,1.3734	269.5055,-5.5500,0.2334	269.6960,-5.5500,0.2334	269.6960,-6.0500,0.2074	269.2960,-6.0500,0.2074	269.2960,-6.0500,0.2334	269.4865,-6.0500,0.2334	269.4865,-6.0500,1.3734	269.2960,-6.0500,1.3734	269.2960,-6.0500,1.3994	269.6960,-6.0500,1.3994	269.6960,-6.0500,1.3734	269.5055,-6.0500,1.3734	269.5055,-6.0500,0.2334	269.6960,-6.0500,0.2334
309	腐食部補修工 第2-052	腐食部補修工						防食防水テープ	格点32-G2	第2工事	第2工事 32 頁	V_K2_P032_3-3		ext_poly	12	269.6960,-6.2594,0.2074	269.2960,-6.2594,0.2074	269.2960,-6.2594,0.2334	269.4865,-6.2594,0.2334	269.4865,-6.2594,1.3734	269.2960,-6.2594,1.3734	269.2960,-6.2594,1.3994	269.6960,-6.2594,1.3994	269.6960,-6.2594,1.3734	269.5055,-6.2594,1.3734	269.5055,-6.2594,0.2334	269.6960,-6.2594,0.2334	269.6960,-6.7594,0.2074	269.2960,-6.7594,0.2074	269.2960,-6.7594,0.2334	269.4865,-6.7594,0.2334	269.4865,-6.7594,1.3734	269.2960,-6.7594,1.3734	269.2960,-6.7594,1.3994	269.6960,-6.7594,1.3994	269.6960,-6.7594,1.3734	269.5055,-6.7594,1.3734	269.5055,-6.7594,0.2334	269.6960,-6.7594,0.2334
310	腐食部補修工 第2-053	腐食部補修工						紫外線硬化型FRPシート	格点32-G2	第2工事	第2工事 32 頁	V_K2_P032_5-5		ext_poly	4	269.8118,-7.8210,0.2044	269.8118,-7.1790,0.2044	269.8176,-7.1790,0.8144	269.8176,-7.8210,0.8144	269.4931,-7.8210,0.2074	269.4931,-7.1790,0.2074	269.4989,-7.1790,0.8173	269.4989,-7.8210,0.8173
311	腐食部補修工 第2-054	腐食部補修工						紫外線硬化型FRPシート	格点33-G2	第2工事	第2工事 34 頁	V_K2_P034_1-1		ext_poly	4	276.9130,-7.2795,1.4605	276.9130,-7.0336,1.3760	277.1730,-7.0336,1.3760	277.1730,-7.2795,1.4605	276.9130,-7.1172,1.9334	276.9130,-6.8713,1.8489	277.1730,-6.8713,1.8489	277.1730,-7.1172,1.9334
312	腐食部補修工 第2-055	腐食部補修工						紫外線硬化型FRPシート	格点33-G2	第2工事	第2工事 34 頁	V_K2_P034_1-1		ext_poly	4	276.9130,-7.1293,1.8979	276.9130,-6.8834,1.8135	277.1730,-6.8834,1.8135	277.1730,-7.1293,1.8979	276.9130,-6.9670,2.3708	276.9130,-6.7211,2.2864	277.1730,-6.7211,2.2864	277.1730,-6.9670,2.3708
313	腐食部補修工 第2-056	腐食部補修工						紫外線硬化型FRPシート	格点33-G1	第2工事	第2工事 33 頁	V_K2_P033_1-1		ext_poly	12	277.2430,6.9283,0.1367	276.8430,6.9283,0.1367	276.8430,6.9283,0.1627	277.0335,6.9283,0.1627	277.0335,6.9283,1.3027	276.8430,6.9283,1.3027	276.8430,6.9283,1.3287	277.2430,6.9283,1.3287	277.2430,6.9283,1.3027	277.0525,6.9283,1.3027	277.0525,6.9283,0.1627	277.2430,6.9283,0.1627	277.2430,6.4283,0.1367	276.8430,6.4283,0.1367	276.8430,6.4283,0.1627	277.0335,6.4283,0.1627	277.0335,6.4283,1.3027	276.8430,6.4283,1.3027	276.8430,6.4283,1.3287	277.2430,6.4283,1.3287	277.2430,6.4283,1.3027	277.0525,6.4283,1.3027	277.0525,6.4283,0.1627	277.2430,6.4283,0.1627
314	腐食部補修工 第2-057	腐食部補修工						防食防水テープ	格点33-G1	第2工事	第2工事 33 頁	V_K2_P033_1-1		ext_poly	12	277.2430,6.9283,0.1367	276.8430,6.9283,0.1367	276.8430,6.9283,0.1627	277.0335,6.9283,0.1627	277.0335,6.9283,1.3027	276.8430,6.9283,1.3027	276.8430,6.9283,1.3287	277.2430,6.9283,1.3287	277.2430,6.9283,1.3027	277.0525,6.9283,1.3027	277.0525,6.9283,0.1627	277.2430,6.9283,0.1627	277.2430,6.4283,0.1367	276.8430,6.4283,0.1367	276.8430,6.4283,0.1627	277.0335,6.4283,0.1627	277.0335,6.4283,1.3027	276.8430,6.4283,1.3027	276.8430,6.4283,1.3287	277.2430,6.4283,1.3287	277.2430,6.4283,1.3027	277.0525,6.4283,1.3027	277.0525,6.4283,0.1627	277.2430,6.4283,0.1627
315	腐食部補修工 第2-058	腐食部補修工						防食防水テープ	格点33-G2	第2工事	第2工事 34 頁	V_K2_P034_1-1		ext_poly	12	277.2430,-6.4715,0.1367	276.8430,-6.4715,0.1367	276.8430,-6.4715,0.1627	277.0335,-6.4715,0.1627	277.0335,-6.4715,1.3027	276.8430,-6.4715,1.3027	276.8430,-6.4715,1.3287	277.2430,-6.4715,1.3287	277.2430,-6.4715,1.3027	277.0525,-6.4715,1.3027	277.0525,-6.4715,0.1627	277.2430,-6.4715,0.1627	277.2430,-6.9715,0.1367	276.8430,-6.9715,0.1367	276.8430,-6.9715,0.1627	277.0335,-6.9715,0.1627	277.0335,-6.9715,1.3027	276.8430,-6.9715,1.3027	276.8430,-6.9715,1.3287	277.2430,-6.9715,1.3287	277.2430,-6.9715,1.3027	277.0525,-6.9715,1.3027	277.0525,-6.9715,0.1627	277.2430,-6.9715,0.1627
316	腐食部補修工 第2-059	腐食部補修工						防食防水テープ	格点33-G2	第2工事	第2工事 34 頁	V_K2_P034_1-1		ext_poly	12	277.2430,-6.3115,0.1367	276.8430,-6.3115,0.1367	276.8430,-6.3115,0.1627	277.0335,-6.3115,0.1627	277.0335,-6.3115,1.3027	276.8430,-6.3115,1.3027	276.8430,-6.3115,1.3287	277.2430,-6.3115,1.3287	277.2430,-6.3115,1.3027	277.0525,-6.3115,1.3027	277.0525,-6.3115,0.1627	277.2430,-6.3115,0.1627	277.2430,-6.8115,0.1367	276.8430,-6.8115,0.1367	276.8430,-6.8115,0.1627	277.0335,-6.8115,0.1627	277.0335,-6.8115,1.3027	276.8430,-6.8115,1.3027	276.8430,-6.8115,1.3287	277.2430,-6.8115,1.3287	277.2430,-6.8115,1.3027	277.0525,-6.8115,1.3027	277.0525,-6.8115,0.1627	277.2430,-6.8115,0.1627
317	腐食部補修工 第2-060	腐食部補修工						紫外線硬化型FRPシート	格点33-G2	第2工事	第2工事 34 頁	V_K2_P034_5-5		ext_poly	4	277.4159,-7.8210,0.1323	277.4159,-7.1790,0.1323	277.4231,-7.1790,0.7422	277.4231,-7.8210,0.7422	277.0394,-7.8210,0.1367	277.0394,-7.1790,0.1367	277.0466,-7.1790,0.7467	277.0466,-7.8210,0.7467
318	腐食部補修工 第2-061	腐食部補修工						紫外線硬化型FRPシート	格点33-G2	第2工事	第2工事 34 頁	V_K2_P034_5-5		ext_poly	4	281.5151,-7.8210,0.0836	281.5151,-7.1790,0.0836	281.5223,-7.1790,0.6936	281.5223,-7.8210,0.6936	281.0151,-7.8210,0.0895	281.0151,-7.1790,0.0895	281.0223,-7.1790,0.6995	281.0223,-7.8210,0.6995
319	腐食部補修工 第2-062	腐食部補修工						紫外線硬化型FRPシート	A2-G2	第2工事	第2工事 36 頁	V_K2_P036_4-4		ext_poly	4	283.6605,-7.8210,0.0581	283.6605,-7.1790,0.0581	283.6678,-7.1790,0.6681	283.6678,-7.8210,0.6681	283.1606,-7.8210,0.0641	283.1606,-7.1790,0.0641	283.1678,-7.1790,0.6740	283.1678,-7.8210,0.6740
320	腐食部補修工 第2-063	腐食部補修工						紫外線硬化型FRPシート	A2-G1	第2工事	第2工事 35 頁	V_K2_P035_4-4		ext_poly	4	283.6618,7.1790,0.0581	283.6618,7.8210,0.0581	283.6690,7.8210,0.6681	283.6690,7.1790,0.6681	283.1618,7.1790,0.0641	283.1618,7.8210,0.0641	283.1691,7.8210,0.6740	283.1691,7.1790,0.6740
321	腐食部補修工 第2-064	腐食部補修工						紫外線硬化型FRPシート	A2-G1	第2工事	第2工事 35 頁	V_K2_P035_1-1		ext_poly	4	284.3270,7.8040,0.9087	284.3270,7.1960,0.9087	284.8370,7.1960,0.9087	284.8370,7.8040,0.9087	284.3270,7.8040,0.6522	284.3270,7.1960,0.6522	284.8370,7.1960,0.6522	284.8370,7.8040,0.6522
322	腐食部補修工 第2-065	腐食部補修工						紫外線硬化型FRPシート	A2-G2	第2工事	第2工事 36 頁	V_K2_P036_1-1		ext_poly	4	284.3270,-7.1960,1.1272	284.3270,-7.8040,1.1272	284.8370,-7.8040,1.1272	284.8370,-7.1960,1.1272	284.3270,-7.1960,0.6522	284.3270,-7.8040,0.6522	284.8370,-7.8040,0.6522	284.8370,-7.1960,0.6522
323	腐食部補修工 第2-066	腐食部補修工						紫外線硬化型FRPシート	A2-G1	第2工事	第2工事 35 頁	V_K2_P035_1-1		ext_poly	4	284.4520,7.0770,1.1600	284.4520,7.3230,1.2444	284.7120,7.3230,1.2444	284.7120,7.0770,1.1600	284.4520,6.9533,1.5206	284.4520,7.1992,1.6050	284.7120,7.1992,1.6050	284.7120,6.9533,1.5206
324	腐食部補修工 第2-067	腐食部補修工						紫外線硬化型FRPシート	A2-G2	第2工事	第2工事 36 頁	V_K2_P036_1-1		ext_poly	4	284.4520,-7.1370,1.7863	284.4520,-6.8910,1.7018	284.7120,-6.8910,1.7018	284.7120,-7.1370,1.7863	284.4520,-6.9746,2.2592	284.4520,-6.7287,2.1748	284.7120,-6.7287,2.1748	284.7120,-6.9746,2.2592
325	鋼桁補強工 第2-001	鋼桁補強工						高力ボルト取替	格点19-G2 ナット	第2工事	第2工事 7 頁	V_K2_P007_3-3	鋼桁補強工 第2-001	ext_poly	6	159.5626,-6.4769,0.9079	159.5446,-6.4665,0.9079	159.5446,-6.4457,0.9079	159.5626,-6.4353,0.9079	159.5806,-6.4457,0.9079	159.5806,-6.4665,0.9079	159.5626,-6.4769,0.9299	159.5446,-6.4665,0.9299	159.5446,-6.4457,0.9299	159.5626,-6.4353,0.9299	159.5806,-6.4457,0.9299	159.5806,-6.4665,0.9299
326	鋼桁補強工 第2-002	鋼桁補強工						高力ボルト取替	格点19-G2 軸	第2工事	第2工事 7 頁	V_K2_P007_3-3	鋼桁補強工 第2-001	ext_poly	8	159.5626,-6.4681,0.8329	159.5541,-6.4645,0.8329	159.5506,-6.4561,0.8329	159.5541,-6.4476,0.8329	159.5626,-6.4441,0.8329	159.5711,-6.4476,0.8329	159.5746,-6.4561,0.8329	159.5711,-6.4645,0.8329	159.5626,-6.4681,0.9079	159.5541,-6.4645,0.9079	159.5506,-6.4561,0.9079	159.5541,-6.4476,0.9079	159.5626,-6.4441,0.9079	159.5711,-6.4476,0.9079	159.5746,-6.4561,0.9079	159.5711,-6.4645,0.9079
327	鋼桁補強工 第2-003	鋼桁補強工						高力ボルト取替	格点19-G2 頭	第2工事	第2工事 7 頁	V_K2_P007_3-3	鋼桁補強工 第2-001	ext_poly	6	159.5626,-6.4769,0.8189	159.5446,-6.4665,0.8189	159.5446,-6.4457,0.8189	159.5626,-6.4353,0.8189	159.5806,-6.4457,0.8189	159.5806,-6.4665,0.8189	159.5626,-6.4769,0.8329	159.5446,-6.4665,0.8329	159.5446,-6.4457,0.8329	159.5626,-6.4353,0.8329	159.5806,-6.4457,0.8329	159.5806,-6.4665,0.8329
328	鋼桁補強工 第2-004	鋼桁補強工						高力ボルト取替	格点22-G2 ナット	第2工事	第2工事 13 頁	V_K2_P013_3-3	鋼桁補強工 第2-004	ext_poly	6	185.3626,-6.4781,0.8647	185.3446,-6.4677,0.8647	185.3446,-6.4469,0.8647	185.3626,-6.4365,0.8647	185.3806,-6.4469,0.8647	185.3806,-6.4677,0.8647	185.3626,-6.4781,0.8867	185.3446,-6.4677,0.8867	185.3446,-6.4469,0.8867	185.3626,-6.4365,0.8867	185.3806,-6.4469,0.8867	185.3806,-6.4677,0.8867
329	鋼桁補強工 第2-005	鋼桁補強工						高力ボルト取替	格点22-G2 軸	第2工事	第2工事 13 頁	V_K2_P013_3-3	鋼桁補強工 第2-004	ext_poly	8	185.3626,-6.4693,0.7897	185.3541,-6.4658,0.7897	185.3506,-6.4573,0.7897	185.3541,-6.4488,0.7897	185.3626,-6.4453,0.7897	185.3711,-6.4488,0.7897	185.3746,-6.4573,0.7897	185.3711,-6.4658,0.7897	185.3626,-6.4693,0.8647	185.3541,-6.4658,0.8647	185.3506,-6.4573,0.8647	185.3541,-6.4488,0.8647	185.3626,-6.4453,0.8647	185.3711,-6.4488,0.8647	185.3746,-6.4573,0.8647	185.3711,-6.4658,0.8647
330	鋼桁補強工 第2-006	鋼桁補強工						高力ボルト取替	格点22-G2 頭	第2工事	第2工事 13 頁	V_K2_P013_3-3	鋼桁補強工 第2-004	ext_poly	6	185.3626,-6.4781,0.7757	185.3446,-6.4677,0.7757	185.3446,-6.4469,0.7757	185.3626,-6.4365,0.7757	185.3806,-6.4469,0.7757	185.3806,-6.4677,0.7757	185.3626,-6.4781,0.7897	185.3446,-6.4677,0.7897	185.3446,-6.4469,0.7897	185.3626,-6.4365,0.7897	185.3806,-6.4469,0.7897	185.3806,-6.4677,0.7897
331	鋼桁補強工 第2-007	鋼桁補強工						高力ボルト取替	P2-G1 ナット	第2工事	第2工事 14 頁	V_K2_P014_2-2	鋼桁補強工 第2-007	ext_poly	6	193.7289,6.6826,1.9533	193.7109,6.6722,1.9533	193.7109,6.6514,1.9533	193.7289,6.6410,1.9533	193.7469,6.6514,1.9533	193.7469,6.6722,1.9533	193.7289,6.6826,1.9313	193.7109,6.6722,1.9313	193.7109,6.6514,1.9313	193.7289,6.6410,1.9313	193.7469,6.6514,1.9313	193.7469,6.6722,1.9313
332	鋼桁補強工 第2-008	鋼桁補強工						高力ボルト取替	P2-G1 軸	第2工事	第2工事 14 頁	V_K2_P014_2-2	鋼桁補強工 第2-007	ext_poly	8	193.7289,6.6738,2.0283	193.7204,6.6703,2.0283	193.7169,6.6618,2.0283	193.7204,6.6533,2.0283	193.7289,6.6498,2.0283	193.7374,6.6533,2.0283	193.7409,6.6618,2.0283	193.7374,6.6703,2.0283	193.7289,6.6738,1.9533	193.7204,6.6703,1.9533	193.7169,6.6618,1.9533	193.7204,6.6533,1.9533	193.7289,6.6498,1.9533	193.7374,6.6533,1.9533	193.7409,6.6618,1.9533	193.7374,6.6703,1.9533
333	鋼桁補強工 第2-009	鋼桁補強工						高力ボルト取替	P2-G1 頭	第2工事	第2工事 14 頁	V_K2_P014_2-2	鋼桁補強工 第2-007	ext_poly	6	193.7289,6.6826,2.0423	193.7109,6.6722,2.0423	193.7109,6.6514,2.0423	193.7289,6.6410,2.0423	193.7469,6.6514,2.0423	193.7469,6.6722,2.0423	193.7289,6.6826,2.0283	193.7109,6.6722,2.0283	193.7109,6.6514,2.0283	193.7289,6.6410,2.0283	193.7469,6.6514,2.0283	193.7469,6.6722,2.0283
334	鋼桁補強工 第2-010	鋼桁補強工						高力ボルト取替	P2-G2 ナット	第2工事	第2工事 15 頁	V_K2_P015_2-2	鋼桁補強工 第2-010	ext_poly	6	193.7289,-6.6423,1.9533	193.7109,-6.6527,1.9533	193.7109,-6.6735,1.9533	193.7289,-6.6839,1.9533	193.7469,-6.6735,1.9533	193.7469,-6.6527,1.9533	193.7289,-6.6423,1.9313	193.7109,-6.6527,1.9313	193.7109,-6.6735,1.9313	193.7289,-6.6839,1.9313	193.7469,-6.6735,1.9313	193.7469,-6.6527,1.9313
335	鋼桁補強工 第2-011	鋼桁補強工						高力ボルト取替	P2-G2 軸	第2工事	第2工事 15 頁	V_K2_P015_2-2	鋼桁補強工 第2-010	ext_poly	8	193.7289,-6.6511,2.0283	193.7204,-6.6546,2.0283	193.7169,-6.6631,2.0283	193.7204,-6.6716,2.0283	193.7289,-6.6751,2.0283	193.7374,-6.6716,2.0283	193.7409,-6.6631,2.0283	193.7374,-6.6546,2.0283	193.7289,-6.6511,1.9533	193.7204,-6.6546,1.9533	193.7169,-6.6631,1.9533	193.7204,-6.6716,1.9533	193.7289,-6.6751,1.9533	193.7374,-6.6716,1.9533	193.7409,-6.6631,1.9533	193.7374,-6.6546,1.9533
336	鋼桁補強工 第2-012	鋼桁補強工						高力ボルト取替	P2-G2 頭	第2工事	第2工事 15 頁	V_K2_P015_2-2	鋼桁補強工 第2-010	ext_poly	6	193.7289,-6.6423,2.0423	193.7109,-6.6527,2.0423	193.7109,-6.6735,2.0423	193.7289,-6.6839,2.0423	193.7469,-6.6735,2.0423	193.7469,-6.6527,2.0423	193.7289,-6.6423,2.0283	193.7109,-6.6527,2.0283	193.7109,-6.6735,2.0283	193.7289,-6.6839,2.0283	193.7469,-6.6735,2.0283	193.7469,-6.6527,2.0283
337	鋼桁補強工 第2-013	鋼桁補強工						高力ボルト取替	P2-G2 頭	第2工事	第2工事 15 頁	V_K2_P015_1-1	鋼桁補強工 第2-013	ext_poly	6	193.8565,-6.4365,0.8664	193.8565,-6.4469,0.8484	193.8565,-6.4677,0.8484	193.8565,-6.4781,0.8664	193.8565,-6.4677,0.8845	193.8565,-6.4469,0.8845	193.8705,-6.4365,0.8664	193.8705,-6.4469,0.8484	193.8705,-6.4677,0.8484	193.8705,-6.4781,0.8664	193.8705,-6.4677,0.8845	193.8705,-6.4469,0.8845
338	鋼桁補強工 第2-014	鋼桁補強工						高力ボルト取替	P2-G2 軸	第2工事	第2工事 15 頁	V_K2_P015_1-1	鋼桁補強工 第2-013	ext_poly	8	193.8705,-6.4453,0.8664	193.8705,-6.4488,0.8580	193.8705,-6.4573,0.8544	193.8705,-6.4658,0.8580	193.8705,-6.4693,0.8664	193.8705,-6.4658,0.8749	193.8705,-6.4573,0.8784	193.8705,-6.4488,0.8749	193.9455,-6.4453,0.8664	193.9455,-6.4488,0.8580	193.9455,-6.4573,0.8544	193.9455,-6.4658,0.8580	193.9455,-6.4693,0.8664	193.9455,-6.4658,0.8749	193.9455,-6.4573,0.8784	193.9455,-6.4488,0.8749
339	鋼桁補強工 第2-015	鋼桁補強工						高力ボルト取替	P2-G2 ナット	第2工事	第2工事 15 頁	V_K2_P015_1-1	鋼桁補強工 第2-013	ext_poly	6	193.9455,-6.4365,0.8664	193.9455,-6.4469,0.8484	193.9455,-6.4677,0.8484	193.9455,-6.4781,0.8664	193.9455,-6.4677,0.8845	193.9455,-6.4469,0.8845	193.9675,-6.4365,0.8664	193.9675,-6.4469,0.8484	193.9675,-6.4677,0.8484	193.9675,-6.4781,0.8664	193.9675,-6.4677,0.8845	193.9675,-6.4469,0.8845
340	鋼桁補強工 第2-016	鋼桁補強工						高力ボルト取替	P2-G1 ナット	第2工事	第2工事 14 頁	V_K2_P014_2-2	鋼桁補強工 第2-016	ext_poly	6	194.0896,6.8020,1.9533	194.0716,6.7916,1.9533	194.0716,6.7708,1.9533	194.0896,6.7604,1.9533	194.1076,6.7708,1.9533	194.1076,6.7916,1.9533	194.0896,6.8020,1.9313	194.0716,6.7916,1.9313	194.0716,6.7708,1.9313	194.0896,6.7604,1.9313	194.1076,6.7708,1.9313	194.1076,6.7916,1.9313
341	鋼桁補強工 第2-017	鋼桁補強工						高力ボルト取替	P2-G1 軸	第2工事	第2工事 14 頁	V_K2_P014_2-2	鋼桁補強工 第2-016	ext_poly	8	194.0896,6.7932,2.0283	194.0811,6.7897,2.0283	194.0776,6.7812,2.0283	194.0811,6.7727,2.0283	194.0896,6.7692,2.0283	194.0981,6.7727,2.0283	194.1016,6.7812,2.0283	194.0981,6.7897,2.0283	194.0896,6.7932,1.9533	194.0811,6.7897,1.9533	194.0776,6.7812,1.9533	194.0811,6.7727,1.9533	194.0896,6.7692,1.9533	194.0981,6.7727,1.9533	194.1016,6.7812,1.9533	194.0981,6.7897,1.9533
342	鋼桁補強工 第2-018	鋼桁補強工						高力ボルト取替	P2-G1 頭	第2工事	第2工事 14 頁	V_K2_P014_2-2	鋼桁補強工 第2-016	ext_poly	6	194.0896,6.8020,2.0423	194.0716,6.7916,2.0423	194.0716,6.7708,2.0423	194.0896,6.7604,2.0423	194.1076,6.7708,2.0423	194.1076,6.7916,2.0423	194.0896,6.8020,2.0283	194.0716,6.7916,2.0283	194.0716,6.7708,2.0283	194.0896,6.7604,2.0283	194.1076,6.7708,2.0283	194.1076,6.7916,2.0283
343	鋼桁補強工 第2-019	鋼桁補強工						高力ボルト取替	P2-G2 ナット	第2工事	第2工事 15 頁	V_K2_P015_2-2	鋼桁補強工 第2-019	ext_poly	6	194.0896,-6.6423,1.9533	194.0716,-6.6527,1.9533	194.0716,-6.6735,1.9533	194.0896,-6.6839,1.9533	194.1076,-6.6735,1.9533	194.1076,-6.6527,1.9533	194.0896,-6.6423,1.9313	194.0716,-6.6527,1.9313	194.0716,-6.6735,1.9313	194.0896,-6.6839,1.9313	194.1076,-6.6735,1.9313	194.1076,-6.6527,1.9313
344	鋼桁補強工 第2-020	鋼桁補強工						高力ボルト取替	P2-G2 軸	第2工事	第2工事 15 頁	V_K2_P015_2-2	鋼桁補強工 第2-019	ext_poly	8	194.0896,-6.6511,2.0283	194.0811,-6.6546,2.0283	194.0776,-6.6631,2.0283	194.0811,-6.6716,2.0283	194.0896,-6.6751,2.0283	194.0981,-6.6716,2.0283	194.1016,-6.6631,2.0283	194.0981,-6.6546,2.0283	194.0896,-6.6511,1.9533	194.0811,-6.6546,1.9533	194.0776,-6.6631,1.9533	194.0811,-6.6716,1.9533	194.0896,-6.6751,1.9533	194.0981,-6.6716,1.9533	194.1016,-6.6631,1.9533	194.0981,-6.6546,1.9533
345	鋼桁補強工 第2-021	鋼桁補強工						高力ボルト取替	P2-G2 頭	第2工事	第2工事 15 頁	V_K2_P015_2-2	鋼桁補強工 第2-019	ext_poly	6	194.0896,-6.6423,2.0423	194.0716,-6.6527,2.0423	194.0716,-6.6735,2.0423	194.0896,-6.6839,2.0423	194.1076,-6.6735,2.0423	194.1076,-6.6527,2.0423	194.0896,-6.6423,2.0283	194.0716,-6.6527,2.0283	194.0716,-6.6735,2.0283	194.0896,-6.6839,2.0283	194.1076,-6.6735,2.0283	194.1076,-6.6527,2.0283
346	鋼桁補強工 第2-022	鋼桁補強工						高力ボルト取替	格点24-G2 ナット	第2工事	第2工事 19 頁	V_K2_P019_2-2	鋼桁補強工 第2-022	ext_poly	6	208.8947,-6.5978,1.8687	208.8766,-6.6082,1.8687	208.8766,-6.6290,1.8687	208.8947,-6.6394,1.8687	208.9127,-6.6290,1.8687	208.9127,-6.6082,1.8687	208.8947,-6.5978,1.8467	208.8766,-6.6082,1.8467	208.8766,-6.6290,1.8467	208.8947,-6.6394,1.8467	208.9127,-6.6290,1.8467	208.9127,-6.6082,1.8467
347	鋼桁補強工 第2-023	鋼桁補強工						高力ボルト取替	格点24-G2 軸	第2工事	第2工事 19 頁	V_K2_P019_2-2	鋼桁補強工 第2-022	ext_poly	8	208.8947,-6.6066,1.9437	208.8862,-6.6101,1.9437	208.8827,-6.6186,1.9437	208.8862,-6.6271,1.9437	208.8947,-6.6306,1.9437	208.9031,-6.6271,1.9437	208.9067,-6.6186,1.9437	208.9031,-6.6101,1.9437	208.8947,-6.6066,1.8687	208.8862,-6.6101,1.8687	208.8827,-6.6186,1.8687	208.8862,-6.6271,1.8687	208.8947,-6.6306,1.8687	208.9031,-6.6271,1.8687	208.9067,-6.6186,1.8687	208.9031,-6.6101,1.8687
348	鋼桁補強工 第2-024	鋼桁補強工						高力ボルト取替	格点24-G2 頭	第2工事	第2工事 19 頁	V_K2_P019_2-2	鋼桁補強工 第2-022	ext_poly	6	208.8947,-6.5978,1.9577	208.8766,-6.6082,1.9577	208.8766,-6.6290,1.9577	208.8947,-6.6394,1.9577	208.9127,-6.6290,1.9577	208.9127,-6.6082,1.9577	208.8947,-6.5978,1.9437	208.8766,-6.6082,1.9437	208.8766,-6.6290,1.9437	208.8947,-6.6394,1.9437	208.9127,-6.6290,1.9437	208.9127,-6.6082,1.9437
349	鋼桁補強工 第2-025	鋼桁補強工						高力ボルト取替	格点28-G2 ナット	第2工事	第2工事 25 頁	V_K2_P025_4-4	鋼桁補強工 第2-025	ext_poly	6	239.1824,-7.7825,1.7005	239.1928,-7.7825,1.6825	239.2136,-7.7825,1.6825	239.2240,-7.7825,1.7005	239.2136,-7.7825,1.7185	239.1928,-7.7825,1.7185	239.1824,-7.7605,1.7005	239.1928,-7.7605,1.6825	239.2136,-7.7605,1.6825	239.2240,-7.7605,1.7005	239.2136,-7.7605,1.7185	239.1928,-7.7605,1.7185
350	鋼桁補強工 第2-026	鋼桁補強工						高力ボルト取替	格点28-G2 頭	第2工事	第2工事 25 頁	V_K2_P025_4-4	鋼桁補強工 第2-025	ext_poly	6	239.1824,-7.8715,1.7005	239.1928,-7.8715,1.6825	239.2136,-7.8715,1.6825	239.2240,-7.8715,1.7005	239.2136,-7.8715,1.7185	239.1928,-7.8715,1.7185	239.1824,-7.8575,1.7005	239.1928,-7.8575,1.6825	239.2136,-7.8575,1.6825	239.2240,-7.8575,1.7005	239.2136,-7.8575,1.7185	239.1928,-7.8575,1.7185
351	鋼桁補強工 第2-027	鋼桁補強工						高力ボルト取替	格点28-G2 軸	第2工事	第2工事 25 頁	V_K2_P025_4-4	鋼桁補強工 第2-025	ext_poly	8	239.1912,-7.8575,1.7005	239.1947,-7.8575,1.6920	239.2032,-7.8575,1.6885	239.2117,-7.8575,1.6920	239.2152,-7.8575,1.7005	239.2117,-7.8575,1.7090	239.2032,-7.8575,1.7125	239.1947,-7.8575,1.7090	239.1912,-7.7825,1.7005	239.1947,-7.7825,1.6920	239.2032,-7.7825,1.6885	239.2117,-7.7825,1.6920	239.2152,-7.7825,1.7005	239.2117,-7.7825,1.7090	239.2032,-7.7825,1.7125	239.1947,-7.7825,1.7090
352	鋼桁補強工 第2-028	鋼桁補強工						高力ボルト取替	格点28-G2 ナット	第2工事	第2工事 25 頁	V_K2_P025_1-1	鋼桁補強工 第2-028	ext_poly	6	239.2083,-6.4353,1.6580	239.1903,-6.4457,1.6580	239.1903,-6.4665,1.6580	239.2083,-6.4769,1.6580	239.2263,-6.4665,1.6580	239.2263,-6.4457,1.6580	239.2083,-6.4353,1.6360	239.1903,-6.4457,1.6360	239.1903,-6.4665,1.6360	239.2083,-6.4769,1.6360	239.2263,-6.4665,1.6360	239.2263,-6.4457,1.6360
353	鋼桁補強工 第2-029	鋼桁補強工						高力ボルト取替	格点28-G2 軸	第2工事	第2工事 25 頁	V_K2_P025_1-1	鋼桁補強工 第2-028	ext_poly	8	239.2083,-6.4441,1.7330	239.1998,-6.4476,1.7330	239.1963,-6.4561,1.7330	239.1998,-6.4645,1.7330	239.2083,-6.4681,1.7330	239.2168,-6.4645,1.7330	239.2203,-6.4561,1.7330	239.2168,-6.4476,1.7330	239.2083,-6.4441,1.6580	239.1998,-6.4476,1.6580	239.1963,-6.4561,1.6580	239.1998,-6.4645,1.6580	239.2083,-6.4681,1.6580	239.2168,-6.4645,1.6580	239.2203,-6.4561,1.6580	239.2168,-6.4476,1.6580
354	鋼桁補強工 第2-030	鋼桁補強工						高力ボルト取替	格点28-G2 頭	第2工事	第2工事 25 頁	V_K2_P025_1-1	鋼桁補強工 第2-028	ext_poly	6	239.2083,-6.4353,1.7470	239.1903,-6.4457,1.7470	239.1903,-6.4665,1.7470	239.2083,-6.4769,1.7470	239.2263,-6.4665,1.7470	239.2263,-6.4457,1.7470	239.2083,-6.4353,1.7330	239.1903,-6.4457,1.7330	239.1903,-6.4665,1.7330	239.2083,-6.4769,1.7330	239.2263,-6.4665,1.7330	239.2263,-6.4457,1.7330
355	鋼桁補強工 第2-031	鋼桁補強工						高力ボルト取替	格点28-G2 頭	第2工事	第2工事 25 頁	V_K2_P025_1-1	鋼桁補強工 第2-031	ext_poly	6	239.2165,-5.7487,0.5550	239.2165,-5.7591,0.5369	239.2165,-5.7799,0.5369	239.2165,-5.7903,0.5550	239.2165,-5.7799,0.5730	239.2165,-5.7591,0.5730	239.2305,-5.7487,0.5550	239.2305,-5.7591,0.5369	239.2305,-5.7799,0.5369	239.2305,-5.7903,0.5550	239.2305,-5.7799,0.5730	239.2305,-5.7591,0.5730
356	鋼桁補強工 第2-032	鋼桁補強工						高力ボルト取替	格点28-G2 軸	第2工事	第2工事 25 頁	V_K2_P025_1-1	鋼桁補強工 第2-031	ext_poly	8	239.2305,-5.7575,0.5550	239.2305,-5.7611,0.5465	239.2305,-5.7695,0.5430	239.2305,-5.7780,0.5465	239.2305,-5.7815,0.5550	239.2305,-5.7780,0.5634	239.2305,-5.7695,0.5670	239.2305,-5.7611,0.5634	239.3055,-5.7575,0.5550	239.3055,-5.7611,0.5465	239.3055,-5.7695,0.5430	239.3055,-5.7780,0.5465	239.3055,-5.7815,0.5550	239.3055,-5.7780,0.5634	239.3055,-5.7695,0.5670	239.3055,-5.7611,0.5634
357	鋼桁補強工 第2-033	鋼桁補強工						高力ボルト取替	格点28-G2 ナット	第2工事	第2工事 25 頁	V_K2_P025_1-1	鋼桁補強工 第2-031	ext_poly	6	239.3055,-5.7487,0.5550	239.3055,-5.7591,0.5369	239.3055,-5.7799,0.5369	239.3055,-5.7903,0.5550	239.3055,-5.7799,0.5730	239.3055,-5.7591,0.5730	239.3275,-5.7487,0.5550	239.3275,-5.7591,0.5369	239.3275,-5.7799,0.5369	239.3275,-5.7903,0.5550	239.3275,-5.7799,0.5730	239.3275,-5.7591,0.5730
358	鋼桁補強工 第2-034	鋼桁補強工						高力ボルト取替	格点28-G2 ナット	第2工事	第2工事 25 頁	V_K2_P025_3-3	鋼桁補強工 第2-034	ext_poly	6	239.3277,-6.4032,0.5280	239.3097,-6.3928,0.5280	239.3097,-6.3720,0.5280	239.3277,-6.3616,0.5280	239.3457,-6.3720,0.5280	239.3457,-6.3928,0.5280	239.3277,-6.4032,0.5500	239.3097,-6.3928,0.5500	239.3097,-6.3720,0.5500	239.3277,-6.3616,0.5500	239.3457,-6.3720,0.5500	239.3457,-6.3928,0.5500
359	鋼桁補強工 第2-035	鋼桁補強工						高力ボルト取替	格点28-G2 軸	第2工事	第2工事 25 頁	V_K2_P025_3-3	鋼桁補強工 第2-034	ext_poly	8	239.3277,-6.3944,0.4530	239.3192,-6.3909,0.4530	239.3157,-6.3824,0.4530	239.3192,-6.3739,0.4530	239.3277,-6.3704,0.4530	239.3362,-6.3739,0.4530	239.3397,-6.3824,0.4530	239.3362,-6.3909,0.4530	239.3277,-6.3944,0.5280	239.3192,-6.3909,0.5280	239.3157,-6.3824,0.5280	239.3192,-6.3739,0.5280	239.3277,-6.3704,0.5280	239.3362,-6.3739,0.5280	239.3397,-6.3824,0.5280	239.3362,-6.3909,0.5280
360	鋼桁補強工 第2-036	鋼桁補強工						高力ボルト取替	格点28-G2 頭	第2工事	第2工事 25 頁	V_K2_P025_3-3	鋼桁補強工 第2-034	ext_poly	6	239.3277,-6.4032,0.4390	239.3097,-6.3928,0.4390	239.3097,-6.3720,0.4390	239.3277,-6.3616,0.4390	239.3457,-6.3720,0.4390	239.3457,-6.3928,0.4390	239.3277,-6.4032,0.4530	239.3097,-6.3928,0.4530	239.3097,-6.3720,0.4530	239.3277,-6.3616,0.4530	239.3457,-6.3720,0.4530	239.3457,-6.3928,0.4530
361	鋼桁補強工 第2-037	鋼桁補強工						高力ボルト取替	格点30-G2 頭	第2工事	第2工事 29 頁	V_K2_P029_1-1	鋼桁補強工 第2-037	ext_poly	6	254.3365,-5.6624,0.4237	254.3365,-5.6728,0.4056	254.3365,-5.6936,0.4056	254.3365,-5.7040,0.4237	254.3365,-5.6936,0.4417	254.3365,-5.6728,0.4417	254.3505,-5.6624,0.4237	254.3505,-5.6728,0.4056	254.3505,-5.6936,0.4056	254.3505,-5.7040,0.4237	254.3505,-5.6936,0.4417	254.3505,-5.6728,0.4417
362	鋼桁補強工 第2-038	鋼桁補強工						高力ボルト取替	格点30-G2 軸	第2工事	第2工事 29 頁	V_K2_P029_1-1	鋼桁補強工 第2-037	ext_poly	8	254.3505,-5.6712,0.4237	254.3505,-5.6747,0.4152	254.3505,-5.6832,0.4117	254.3505,-5.6917,0.4152	254.3505,-5.6952,0.4237	254.3505,-5.6917,0.4321	254.3505,-5.6832,0.4357	254.3505,-5.6747,0.4321	254.4255,-5.6712,0.4237	254.4255,-5.6747,0.4152	254.4255,-5.6832,0.4117	254.4255,-5.6917,0.4152	254.4255,-5.6952,0.4237	254.4255,-5.6917,0.4321	254.4255,-5.6832,0.4357	254.4255,-5.6747,0.4321
363	鋼桁補強工 第2-039	鋼桁補強工						高力ボルト取替	格点30-G2 ナット	第2工事	第2工事 29 頁	V_K2_P029_1-1	鋼桁補強工 第2-037	ext_poly	6	254.4255,-5.6624,0.4237	254.4255,-5.6728,0.4056	254.4255,-5.6936,0.4056	254.4255,-5.7040,0.4237	254.4255,-5.6936,0.4417	254.4255,-5.6728,0.4417	254.4475,-5.6624,0.4237	254.4475,-5.6728,0.4056	254.4475,-5.6936,0.4056	254.4475,-5.7040,0.4237	254.4475,-5.6936,0.4417	254.4475,-5.6728,0.4417
364	鋼桁補強工 第2-040	鋼桁補強工						高力ボルト取替	格点30-G1 ナット	第2工事	第2工事 28 頁	V_K2_P028_5-5	鋼桁補強工 第2-040	ext_poly	6	254.4345,7.2175,1.4498	254.4449,7.2175,1.4318	254.4657,7.2175,1.4318	254.4761,7.2175,1.4498	254.4657,7.2175,1.4678	254.4449,7.2175,1.4678	254.4345,7.2395,1.4498	254.4449,7.2395,1.4318	254.4657,7.2395,1.4318	254.4761,7.2395,1.4498	254.4657,7.2395,1.4678	254.4449,7.2395,1.4678
365	鋼桁補強工 第2-041	鋼桁補強工						高力ボルト取替	格点30-G1 頭	第2工事	第2工事 28 頁	V_K2_P028_5-5	鋼桁補強工 第2-040	ext_poly	6	254.4345,7.1285,1.4498	254.4449,7.1285,1.4318	254.4657,7.1285,1.4318	254.4761,7.1285,1.4498	254.4657,7.1285,1.4678	254.4449,7.1285,1.4678	254.4345,7.1425,1.4498	254.4449,7.1425,1.4318	254.4657,7.1425,1.4318	254.4761,7.1425,1.4498	254.4657,7.1425,1.4678	254.4449,7.1425,1.4678
366	鋼桁補強工 第2-042	鋼桁補強工						高力ボルト取替	格点30-G1 軸	第2工事	第2工事 28 頁	V_K2_P028_5-5	鋼桁補強工 第2-040	ext_poly	8	254.4433,7.1425,1.4498	254.4468,7.1425,1.4413	254.4553,7.1425,1.4378	254.4638,7.1425,1.4413	254.4673,7.1425,1.4498	254.4638,7.1425,1.4583	254.4553,7.1425,1.4618	254.4468,7.1425,1.4583	254.4433,7.2175,1.4498	254.4468,7.2175,1.4413	254.4553,7.2175,1.4378	254.4638,7.2175,1.4413	254.4673,7.2175,1.4498	254.4638,7.2175,1.4583	254.4553,7.2175,1.4618	254.4468,7.2175,1.4583
367	鋼桁補強工 第2-043	鋼桁補強工						高力ボルト取替	格点30-G2 ナット	第2工事	第2工事 29 頁	V_K2_P029_3-3	鋼桁補強工 第2-043	ext_poly	6	254.4464,-6.4781,0.3866	254.4284,-6.4677,0.3866	254.4284,-6.4469,0.3866	254.4464,-6.4365,0.3866	254.4644,-6.4469,0.3866	254.4644,-6.4677,0.3866	254.4464,-6.4781,0.4086	254.4284,-6.4677,0.4086	254.4284,-6.4469,0.4086	254.4464,-6.4365,0.4086	254.4644,-6.4469,0.4086	254.4644,-6.4677,0.4086
368	鋼桁補強工 第2-044	鋼桁補強工						高力ボルト取替	格点30-G2 軸	第2工事	第2工事 29 頁	V_K2_P029_3-3	鋼桁補強工 第2-043	ext_poly	8	254.4464,-6.4693,0.3116	254.4379,-6.4658,0.3116	254.4344,-6.4573,0.3116	254.4379,-6.4488,0.3116	254.4464,-6.4453,0.3116	254.4549,-6.4488,0.3116	254.4584,-6.4573,0.3116	254.4549,-6.4658,0.3116	254.4464,-6.4693,0.3866	254.4379,-6.4658,0.3866	254.4344,-6.4573,0.3866	254.4379,-6.4488,0.3866	254.4464,-6.4453,0.3866	254.4549,-6.4488,0.3866	254.4584,-6.4573,0.3866	254.4549,-6.4658,0.3866
369	鋼桁補強工 第2-045	鋼桁補強工						高力ボルト取替	格点30-G2 頭	第2工事	第2工事 29 頁	V_K2_P029_3-3	鋼桁補強工 第2-043	ext_poly	6	254.4464,-6.4781,0.2976	254.4284,-6.4677,0.2976	254.4284,-6.4469,0.2976	254.4464,-6.4365,0.2976	254.4644,-6.4469,0.2976	254.4644,-6.4677,0.2976	254.4464,-6.4781,0.3116	254.4284,-6.4677,0.3116	254.4284,-6.4469,0.3116	254.4464,-6.4365,0.3116	254.4644,-6.4469,0.3116	254.4644,-6.4677,0.3116
370	鋼桁補強工 第2-046	鋼桁補強工						高力ボルト取替	格点32-G2 頭	第2工事	第2工事 32 頁	V_K2_P032_1-1	鋼桁補強工 第2-046	ext_poly	6	269.4445,-5.6649,0.2819	269.4445,-5.6753,0.2639	269.4445,-5.6961,0.2639	269.4445,-5.7065,0.2819	269.4445,-5.6961,0.2999	269.4445,-5.6753,0.2999	269.4585,-5.6649,0.2819	269.4585,-5.6753,0.2639	269.4585,-5.6961,0.2639	269.4585,-5.7065,0.2819	269.4585,-5.6961,0.2999	269.4585,-5.6753,0.2999
371	鋼桁補強工 第2-047	鋼桁補強工						高力ボルト取替	格点32-G2 軸	第2工事	第2工事 32 頁	V_K2_P032_1-1	鋼桁補強工 第2-046	ext_poly	8	269.4585,-5.6737,0.2819	269.4585,-5.6772,0.2734	269.4585,-5.6857,0.2699	269.4585,-5.6942,0.2734	269.4585,-5.6977,0.2819	269.4585,-5.6942,0.2904	269.4585,-5.6857,0.2939	269.4585,-5.6772,0.2904	269.5335,-5.6737,0.2819	269.5335,-5.6772,0.2734	269.5335,-5.6857,0.2699	269.5335,-5.6942,0.2734	269.5335,-5.6977,0.2819	269.5335,-5.6942,0.2904	269.5335,-5.6857,0.2939	269.5335,-5.6772,0.2904
372	鋼桁補強工 第2-048	鋼桁補強工						高力ボルト取替	格点32-G2 ナット	第2工事	第2工事 32 頁	V_K2_P032_1-1	鋼桁補強工 第2-046	ext_poly	6	269.5335,-5.6649,0.2819	269.5335,-5.6753,0.2639	269.5335,-5.6961,0.2639	269.5335,-5.7065,0.2819	269.5335,-5.6961,0.2999	269.5335,-5.6753,0.2999	269.5555,-5.6649,0.2819	269.5555,-5.6753,0.2639	269.5555,-5.6961,0.2639	269.5555,-5.7065,0.2819	269.5555,-5.6961,0.2999	269.5555,-5.6753,0.2999
373	鋼桁補強工 第2-049	鋼桁補強工						高力ボルト取替	格点32-G2 ナット	第2工事	第2工事 32 頁	V_K2_P032_3-3	鋼桁補強工 第2-049	ext_poly	6	269.5544,-6.4794,0.2449	269.5364,-6.4690,0.2449	269.5364,-6.4482,0.2449	269.5544,-6.4378,0.2449	269.5724,-6.4482,0.2449	269.5724,-6.4690,0.2449	269.5544,-6.4794,0.2669	269.5364,-6.4690,0.2669	269.5364,-6.4482,0.2669	269.5544,-6.4378,0.2669	269.5724,-6.4482,0.2669	269.5724,-6.4690,0.2669
374	鋼桁補強工 第2-050	鋼桁補強工						高力ボルト取替	格点32-G2 軸	第2工事	第2工事 32 頁	V_K2_P032_3-3	鋼桁補強工 第2-049	ext_poly	8	269.5544,-6.4706,0.1699	269.5459,-6.4671,0.1699	269.5424,-6.4586,0.1699	269.5459,-6.4501,0.1699	269.5544,-6.4466,0.1699	269.5629,-6.4501,0.1699	269.5664,-6.4586,0.1699	269.5629,-6.4671,0.1699	269.5544,-6.4706,0.2449	269.5459,-6.4671,0.2449	269.5424,-6.4586,0.2449	269.5459,-6.4501,0.2449	269.5544,-6.4466,0.2449	269.5629,-6.4501,0.2449	269.5664,-6.4586,0.2449	269.5629,-6.4671,0.2449
375	鋼桁補強工 第2-051	鋼桁補強工						高力ボルト取替	格点32-G2 頭	第2工事	第2工事 32 頁	V_K2_P032_3-3	鋼桁補強工 第2-049	ext_poly	6	269.5544,-6.4794,0.1559	269.5364,-6.4690,0.1559	269.5364,-6.4482,0.1559	269.5544,-6.4378,0.1559	269.5724,-6.4482,0.1559	269.5724,-6.4690,0.1559	269.5544,-6.4794,0.1699	269.5364,-6.4690,0.1699	269.5364,-6.4482,0.1699	269.5544,-6.4378,0.1699	269.5724,-6.4482,0.1699	269.5724,-6.4690,0.1699
376	鋼桁補強工 第2-052	鋼桁補強工						高力ボルト取替	格点33-G2 ナット	第2工事	第2工事 34 頁	V_K2_P034_3-3	鋼桁補強工 第2-052	ext_poly	6	277.1027,-6.4781,0.1742	277.0847,-6.4677,0.1742	277.0847,-6.4469,0.1742	277.1027,-6.4365,0.1742	277.1207,-6.4469,0.1742	277.1207,-6.4677,0.1742	277.1027,-6.4781,0.1962	277.0847,-6.4677,0.1962	277.0847,-6.4469,0.1962	277.1027,-6.4365,0.1962	277.1207,-6.4469,0.1962	277.1207,-6.4677,0.1962
377	鋼桁補強工 第2-053	鋼桁補強工						高力ボルト取替	格点33-G2 軸	第2工事	第2工事 34 頁	V_K2_P034_3-3	鋼桁補強工 第2-052	ext_poly	8	277.1027,-6.4693,0.0992	277.0942,-6.4658,0.0992	277.0907,-6.4573,0.0992	277.0942,-6.4488,0.0992	277.1027,-6.4453,0.0992	277.1112,-6.4488,0.0992	277.1147,-6.4573,0.0992	277.1112,-6.4658,0.0992	277.1027,-6.4693,0.1742	277.0942,-6.4658,0.1742	277.0907,-6.4573,0.1742	277.0942,-6.4488,0.1742	277.1027,-6.4453,0.1742	277.1112,-6.4488,0.1742	277.1147,-6.4573,0.1742	277.1112,-6.4658,0.1742
378	鋼桁補強工 第2-054	鋼桁補強工						高力ボルト取替	格点33-G2 頭	第2工事	第2工事 34 頁	V_K2_P034_3-3	鋼桁補強工 第2-052	ext_poly	6	277.1027,-6.4781,0.0852	277.0847,-6.4677,0.0852	277.0847,-6.4469,0.0852	277.1027,-6.4365,0.0852	277.1207,-6.4469,0.0852	277.1207,-6.4677,0.0852	277.1027,-6.4781,0.0992	277.0847,-6.4677,0.0992	277.0847,-6.4469,0.0992	277.1027,-6.4365,0.0992	277.1207,-6.4469,0.0992	277.1207,-6.4677,0.0992
379	鋼桁補強工 第2-055	鋼桁補強工						高力ボルト取替	A2-G2 ナット	第2工事	第2工事 36 頁	V_K2_P036_3-3	鋼桁補強工 第2-055	ext_poly	6	284.4207,-6.4794,0.0847	284.4027,-6.4690,0.0847	284.4027,-6.4482,0.0847	284.4207,-6.4378,0.0847	284.4387,-6.4482,0.0847	284.4387,-6.4690,0.0847	284.4207,-6.4794,0.1067	284.4027,-6.4690,0.1067	284.4027,-6.4482,0.1067	284.4207,-6.4378,0.1067	284.4387,-6.4482,0.1067	284.4387,-6.4690,0.1067
380	鋼桁補強工 第2-056	鋼桁補強工						高力ボルト取替	A2-G2 軸	第2工事	第2工事 36 頁	V_K2_P036_3-3	鋼桁補強工 第2-055	ext_poly	8	284.4207,-6.4706,0.0097	284.4122,-6.4671,0.0097	284.4087,-6.4586,0.0097	284.4122,-6.4501,0.0097	284.4207,-6.4466,0.0097	284.4292,-6.4501,0.0097	284.4327,-6.4586,0.0097	284.4292,-6.4671,0.0097	284.4207,-6.4706,0.0847	284.4122,-6.4671,0.0847	284.4087,-6.4586,0.0847	284.4122,-6.4501,0.0847	284.4207,-6.4466,0.0847	284.4292,-6.4501,0.0847	284.4327,-6.4586,0.0847	284.4292,-6.4671,0.0847
381	鋼桁補強工 第2-057	鋼桁補強工						高力ボルト取替	A2-G2 頭	第2工事	第2工事 36 頁	V_K2_P036_3-3	鋼桁補強工 第2-055	ext_poly	6	284.4207,-6.4794,-0.0043	284.4027,-6.4690,-0.0043	284.4027,-6.4482,-0.0043	284.4207,-6.4378,-0.0043	284.4387,-6.4482,-0.0043	284.4387,-6.4690,-0.0043	284.4207,-6.4794,0.0097	284.4027,-6.4690,0.0097	284.4027,-6.4482,0.0097	284.4207,-6.4378,0.0097	284.4387,-6.4482,0.0097	284.4387,-6.4690,0.0097
382	鋼桁補強工 第2-058	鋼桁補強工						高力ボルト取替	A2-G2 頭	第2工事	第2工事 36 頁	V_K2_P036_1-1	鋼桁補強工 第2-058	ext_poly	6	284.5305,-6.4378,1.1312	284.5305,-6.4482,1.1131	284.5305,-6.4690,1.1131	284.5305,-6.4794,1.1312	284.5305,-6.4690,1.1492	284.5305,-6.4482,1.1492	284.5445,-6.4378,1.1312	284.5445,-6.4482,1.1131	284.5445,-6.4690,1.1131	284.5445,-6.4794,1.1312	284.5445,-6.4690,1.1492	284.5445,-6.4482,1.1492
383	鋼桁補強工 第2-059	鋼桁補強工						高力ボルト取替	A2-G2 軸	第2工事	第2工事 36 頁	V_K2_P036_1-1	鋼桁補強工 第2-058	ext_poly	8	284.5445,-6.4466,1.1312	284.5445,-6.4501,1.1227	284.5445,-6.4586,1.1192	284.5445,-6.4671,1.1227	284.5445,-6.4706,1.1312	284.5445,-6.4671,1.1396	284.5445,-6.4586,1.1432	284.5445,-6.4501,1.1396	284.6195,-6.4466,1.1312	284.6195,-6.4501,1.1227	284.6195,-6.4586,1.1192	284.6195,-6.4671,1.1227	284.6195,-6.4706,1.1312	284.6195,-6.4671,1.1396	284.6195,-6.4586,1.1432	284.6195,-6.4501,1.1396
384	鋼桁補強工 第2-060	鋼桁補強工						高力ボルト取替	A2-G2 ナット	第2工事	第2工事 36 頁	V_K2_P036_1-1	鋼桁補強工 第2-058	ext_poly	6	284.6195,-6.4378,1.1312	284.6195,-6.4482,1.1131	284.6195,-6.4690,1.1131	284.6195,-6.4794,1.1312	284.6195,-6.4690,1.1492	284.6195,-6.4482,1.1492	284.6415,-6.4378,1.1312	284.6415,-6.4482,1.1131	284.6415,-6.4690,1.1131	284.6415,-6.4794,1.1312	284.6415,-6.4690,1.1492	284.6415,-6.4482,1.1492
385	高力ボルト当て板鋼桁補強工 第2-001	高力ボルト当て板鋼桁補強工						補修部材(1)	格点18-G1	第2工事	第2工事 4 頁	V_K2_P004_1-1		ext_poly	12	151.1250,6.1820,0.8634	150.6910,6.1820,0.8634	150.6910,6.1820,0.9034	150.8915,6.1820,0.9034	150.8915,6.1820,2.0294	150.6910,6.1820,2.0294	150.6910,6.1820,2.0694	151.1250,6.1820,2.0694	151.1250,6.1820,2.0294	150.9245,6.1820,2.0294	150.9245,6.1820,0.9034	151.1250,6.1820,0.9034	151.1250,5.7420,0.8634	150.6910,5.7420,0.8634	150.6910,5.7420,0.9034	150.8915,5.7420,0.9034	150.8915,5.7420,2.0294	150.6910,5.7420,2.0294	150.6910,5.7420,2.0694	151.1250,5.7420,2.0694	151.1250,5.7420,2.0294	150.9245,5.7420,2.0294	150.9245,5.7420,0.9034	151.1250,5.7420,0.9034
386	高力ボルト当て板鋼桁補強工 第2-002	高力ボルト当て板鋼桁補強工						補修部材(2)	格点18-G2	第2工事	第2工事 5 頁	V_K2_P005_1-1		ext_poly	12	151.1250,-5.4837,0.8634	150.6910,-5.4837,0.8634	150.6910,-5.4837,0.9034	150.8915,-5.4837,0.9034	150.8915,-5.4837,2.0294	150.6910,-5.4837,2.0294	150.6910,-5.4837,2.0694	151.1250,-5.4837,2.0694	151.1250,-5.4837,2.0294	150.9245,-5.4837,2.0294	150.9245,-5.4837,0.9034	151.1250,-5.4837,0.9034	151.1250,-6.1737,0.8634	150.6910,-6.1737,0.8634	150.6910,-6.1737,0.9034	150.8915,-6.1737,0.9034	150.8915,-6.1737,2.0294	150.6910,-6.1737,2.0294	150.6910,-6.1737,2.0694	151.1250,-6.1737,2.0694	151.1250,-6.1737,2.0294	150.9245,-6.1737,2.0294	150.9245,-6.1737,0.9034	151.1250,-6.1737,0.9034
387	高力ボルト当て板鋼桁補強工 第2-003	高力ボルト当て板鋼桁補強工						補修部材(3)	格点18-G2	第2工事	第2工事 5 頁	V_K2_P005_1-1		ext_poly	12	151.1250,-6.8461,0.8634	150.6910,-6.8461,0.8634	150.6910,-6.8461,0.9034	150.8915,-6.8461,0.9034	150.8915,-6.8461,2.0294	150.6910,-6.8461,2.0294	150.6910,-6.8461,2.0694	151.1250,-6.8461,2.0694	151.1250,-6.8461,2.0294	150.9245,-6.8461,2.0294	150.9245,-6.8461,0.9034	151.1250,-6.8461,0.9034	151.1250,-7.1840,0.8634	150.6910,-7.1840,0.8634	150.6910,-7.1840,0.9034	150.8915,-7.1840,0.9034	150.8915,-7.1840,2.0294	150.6910,-7.1840,2.0294	150.6910,-7.1840,2.0694	151.1250,-7.1840,2.0694	151.1250,-7.1840,2.0294	150.9245,-7.1840,2.0294	150.9245,-7.1840,0.9034	151.1250,-7.1840,0.9034
388	高力ボルト当て板鋼桁補強工 第2-004	高力ボルト当て板鋼桁補強工						補修部材(4)	格点19-G1	第2工事	第2工事 6 頁	V_K2_P006_1-1		ext_poly	12	159.7250,6.8799,0.8634	159.2910,6.8799,0.8634	159.2910,6.8799,0.9034	159.4915,6.8799,0.9034	159.4915,6.8799,2.0294	159.2910,6.8799,2.0294	159.2910,6.8799,2.0694	159.7250,6.8799,2.0694	159.7250,6.8799,2.0294	159.5245,6.8799,2.0294	159.5245,6.8799,0.9034	159.7250,6.8799,0.9034	159.7250,6.6799,0.8634	159.2910,6.6799,0.8634	159.2910,6.6799,0.9034	159.4915,6.6799,0.9034	159.4915,6.6799,2.0294	159.2910,6.6799,2.0294	159.2910,6.6799,2.0694	159.7250,6.6799,2.0694	159.7250,6.6799,2.0294	159.5245,6.6799,2.0294	159.5245,6.6799,0.9034	159.7250,6.6799,0.9034
389	高力ボルト当て板鋼桁補強工 第2-005	高力ボルト当て板鋼桁補強工						補修部材(5)	格点19-G1	第2工事	第2工事 6 頁	V_K2_P006_1-1		ext_poly	12	159.7250,6.3440,0.8634	159.2910,6.3440,0.8634	159.2910,6.3440,0.9034	159.4915,6.3440,0.9034	159.4915,6.3440,2.0294	159.2910,6.3440,2.0294	159.2910,6.3440,2.0694	159.7250,6.3440,2.0694	159.7250,6.3440,2.0294	159.5245,6.3440,2.0294	159.5245,6.3440,0.9034	159.7250,6.3440,0.9034	159.7250,6.1440,0.8634	159.2910,6.1440,0.8634	159.2910,6.1440,0.9034	159.4915,6.1440,0.9034	159.4915,6.1440,2.0294	159.2910,6.1440,2.0294	159.2910,6.1440,2.0694	159.7250,6.1440,2.0694	159.7250,6.1440,2.0294	159.5245,6.1440,2.0294	159.5245,6.1440,0.9034	159.7250,6.1440,0.9034
390	高力ボルト当て板鋼桁補強工 第2-006	高力ボルト当て板鋼桁補強工						補修部材(6)	格点19-G1	第2工事	第2工事 6 頁	V_K2_P006_1-1		ext_poly	12	159.7250,5.6591,0.8634	159.2910,5.6591,0.8634	159.2910,5.6591,0.9034	159.4915,5.6591,0.9034	159.4915,5.6591,2.0294	159.2910,5.6591,2.0294	159.2910,5.6591,2.0694	159.7250,5.6591,2.0694	159.7250,5.6591,2.0294	159.5245,5.6591,2.0294	159.5245,5.6591,0.9034	159.7250,5.6591,0.9034	159.7250,5.2591,0.8634	159.2910,5.2591,0.8634	159.2910,5.2591,0.9034	159.4915,5.2591,0.9034	159.4915,5.2591,2.0294	159.2910,5.2591,2.0294	159.2910,5.2591,2.0694	159.7250,5.2591,2.0694	159.7250,5.2591,2.0294	159.5245,5.2591,2.0294	159.5245,5.2591,0.9034	159.7250,5.2591,0.9034
391	高力ボルト当て板鋼桁補強工 第2-007	高力ボルト当て板鋼桁補強工						補修部材(7)	格点19-G2	第2工事	第2工事 7 頁	V_K2_P007_1-1		ext_poly	12	159.7250,-5.3973,0.8634	159.2910,-5.3973,0.8634	159.2910,-5.3973,0.9034	159.4915,-5.3973,0.9034	159.4915,-5.3973,2.0294	159.2910,-5.3973,2.0294	159.2910,-5.3973,2.0694	159.7250,-5.3973,2.0694	159.7250,-5.3973,2.0294	159.5245,-5.3973,2.0294	159.5245,-5.3973,0.9034	159.7250,-5.3973,0.9034	159.7250,-6.0873,0.8634	159.2910,-6.0873,0.8634	159.2910,-6.0873,0.9034	159.4915,-6.0873,0.9034	159.4915,-6.0873,2.0294	159.2910,-6.0873,2.0294	159.2910,-6.0873,2.0694	159.7250,-6.0873,2.0694	159.7250,-6.0873,2.0294	159.5245,-6.0873,2.0294	159.5245,-6.0873,0.9034	159.7250,-6.0873,0.9034
392	高力ボルト当て板鋼桁補強工 第2-008	高力ボルト当て板鋼桁補強工						補修部材(8)	格点19-G2	第2工事	第2工事 7 頁	V_K2_P007_3-3		ext_poly	12	159.7250,-6.8537,0.8634	159.2910,-6.8537,0.8634	159.2910,-6.8537,0.9034	159.4915,-6.8537,0.9034	159.4915,-6.8537,2.0294	159.2910,-6.8537,2.0294	159.2910,-6.8537,2.0694	159.7250,-6.8537,2.0694	159.7250,-6.8537,2.0294	159.5245,-6.8537,2.0294	159.5245,-6.8537,0.9034	159.7250,-6.8537,0.9034	159.7250,-7.1840,0.8634	159.2910,-7.1840,0.8634	159.2910,-7.1840,0.9034	159.4915,-7.1840,0.9034	159.4915,-7.1840,2.0294	159.2910,-7.1840,2.0294	159.2910,-7.1840,2.0694	159.7250,-7.1840,2.0694	159.7250,-7.1840,2.0294	159.5245,-7.1840,2.0294	159.5245,-7.1840,0.9034	159.7250,-7.1840,0.9034
393	高力ボルト当て板鋼桁補強工 第2-009	高力ボルト当て板鋼桁補強工						補修部材(9)	格点19-G2	第2工事	第2工事 7 頁	V_K2_P007_3-3		ext_poly	4	160.1246,-7.8250,0.8658	160.1246,-7.1750,0.8658	160.1252,-7.1750,1.4838	160.1252,-7.8250,1.4838	159.8236,-7.8250,0.8661	159.8236,-7.1750,0.8661	159.8242,-7.1750,1.4841	159.8242,-7.8250,1.4841
394	高力ボルト当て板鋼桁補強工 第2-010	高力ボルト当て板鋼桁補強工						補修部材(11)	格点20-G1	第2工事	第2工事 8 頁	V_K2_P008_1-1		ext_poly	4	167.9710,6.8425,2.6359	167.9710,7.1016,2.7249	168.2450,7.1016,2.7249	168.2450,6.8425,2.6359	167.9710,6.7451,2.9197	167.9710,7.0042,3.0086	168.2450,7.0042,3.0086	168.2450,6.7451,2.9197
395	高力ボルト当て板鋼桁補強工 第2-011	高力ボルト当て板鋼桁補強工						補修部材(10)	格点20-G1	第2工事	第2工事 8 頁	V_K2_P008_1-1		ext_poly	12	168.3250,6.2906,0.8544	167.8910,6.2906,0.8544	167.8910,6.2906,0.8944	168.0915,6.2906,0.8944	168.0915,6.2906,2.0204	167.8910,6.2906,2.0204	167.8910,6.2906,2.0604	168.3250,6.2906,2.0604	168.3250,6.2906,2.0204	168.1245,6.2906,2.0204	168.1245,6.2906,0.8944	168.3250,6.2906,0.8944	168.3250,6.0906,0.8544	167.8910,6.0906,0.8544	167.8910,6.0906,0.8944	168.0915,6.0906,0.8944	168.0915,6.0906,2.0204	167.8910,6.0906,2.0204	167.8910,6.0906,2.0604	168.3250,6.0906,2.0604	168.3250,6.0906,2.0204	168.1245,6.0906,2.0204	168.1245,6.0906,0.8944	168.3250,6.0906,0.8944
396	高力ボルト当て板鋼桁補強工 第2-012	高力ボルト当て板鋼桁補強工						補修部材(12)	格点20-G2	第2工事	第2工事 9 頁	V_K2_P009_1-1		ext_poly	12	168.3250,-5.0321,0.8544	167.8910,-5.0321,0.8544	167.8910,-5.0321,0.8944	168.0915,-5.0321,0.8944	168.0915,-5.0321,2.0204	167.8910,-5.0321,2.0204	167.8910,-5.0321,2.0604	168.3250,-5.0321,2.0604	168.3250,-5.0321,2.0204	168.1245,-5.0321,2.0204	168.1245,-5.0321,0.8944	168.3250,-5.0321,0.8944	168.3250,-6.1021,0.8544	167.8910,-6.1021,0.8544	167.8910,-6.1021,0.8944	168.0915,-6.1021,0.8944	168.0915,-6.1021,2.0204	167.8910,-6.1021,2.0204	167.8910,-6.1021,2.0604	168.3250,-6.1021,2.0604	168.3250,-6.1021,2.0204	168.1245,-6.1021,2.0204	168.1245,-6.1021,0.8944	168.3250,-6.1021,0.8944
397	高力ボルト当て板鋼桁補強工 第2-013	高力ボルト当て板鋼桁補強工						補修部材(13)	格点20-G2	第2工事	第2工事 9 頁	V_K2_P009_1-1		ext_poly	12	168.3250,-6.8461,0.8544	167.8910,-6.8461,0.8544	167.8910,-6.8461,0.8944	168.0915,-6.8461,0.8944	168.0915,-6.8461,2.0204	167.8910,-6.8461,2.0204	167.8910,-6.8461,2.0604	168.3250,-6.8461,2.0604	168.3250,-6.8461,2.0204	168.1245,-6.8461,2.0204	168.1245,-6.8461,0.8944	168.3250,-6.8461,0.8944	168.3250,-7.1840,0.8544	167.8910,-7.1840,0.8544	167.8910,-7.1840,0.8944	168.0915,-7.1840,0.8944	168.0915,-7.1840,2.0204	167.8910,-7.1840,2.0204	167.8910,-7.1840,2.0604	168.3250,-7.1840,2.0604	168.3250,-7.1840,2.0204	168.1245,-7.1840,2.0204	168.1245,-7.1840,0.8944	168.3250,-7.1840,0.8944
398	高力ボルト当て板鋼桁補強工 第2-014	高力ボルト当て板鋼桁補強工						補修部材(14)	格点20-G2	第2工事	第2工事 9 頁	V_K2_P009_3-3		ext_poly	4	168.5575,-7.8250,0.8557	168.5575,-7.1750,0.8557	168.5599,-7.1750,1.4737	168.5599,-7.8250,1.4737	168.3925,-7.8250,0.8563	168.3925,-7.1750,0.8563	168.3949,-7.1750,1.4743	168.3949,-7.8250,1.4743
399	高力ボルト当て板鋼桁補強工 第2-015	高力ボルト当て板鋼桁補強工						補修部材(15)	格点21-G1	第2工事	第2工事 10 頁	V_K2_P010_1-1		ext_poly	12	176.9250,5.4316,0.8211	176.4910,5.4316,0.8211	176.4910,5.4316,0.8611	176.6915,5.4316,0.8611	176.6915,5.4316,1.9871	176.4910,5.4316,1.9871	176.4910,5.4316,2.0271	176.9250,5.4316,2.0271	176.9250,5.4316,1.9871	176.7245,5.4316,1.9871	176.7245,5.4316,0.8611	176.9250,5.4316,0.8611	176.9250,5.2316,0.8211	176.4910,5.2316,0.8211	176.4910,5.2316,0.8611	176.6915,5.2316,0.8611	176.6915,5.2316,1.9871	176.4910,5.2316,1.9871	176.4910,5.2316,2.0271	176.9250,5.2316,2.0271	176.9250,5.2316,1.9871	176.7245,5.2316,1.9871	176.7245,5.2316,0.8611	176.9250,5.2316,0.8611
400	高力ボルト当て板鋼桁補強工 第2-016	高力ボルト当て板鋼桁補強工						補修部材(16)	格点21-G1	第2工事	第2工事 10 頁	V_K2_P010_1-1		ext_poly	12	176.9250,4.7376,0.8211	176.4910,4.7376,0.8211	176.4910,4.7376,0.8611	176.6915,4.7376,0.8611	176.6915,4.7376,1.9871	176.4910,4.7376,1.9871	176.4910,4.7376,2.0271	176.9250,4.7376,2.0271	176.9250,4.7376,1.9871	176.7245,4.7376,1.9871	176.7245,4.7376,0.8611	176.9250,4.7376,0.8611	176.9250,4.1476,0.8211	176.4910,4.1476,0.8211	176.4910,4.1476,0.8611	176.6915,4.1476,0.8611	176.6915,4.1476,1.9871	176.4910,4.1476,1.9871	176.4910,4.1476,2.0271	176.9250,4.1476,2.0271	176.9250,4.1476,1.9871	176.7245,4.1476,1.9871	176.7245,4.1476,0.8611	176.9250,4.1476,0.8611
401	高力ボルト当て板鋼桁補強工 第2-017	高力ボルト当て板鋼桁補強工						補修部材(17)	格点21-G2	第2工事	第2工事 11 頁	V_K2_P011_1-1		ext_poly	12	176.9250,-4.6270,0.8211	176.4910,-4.6270,0.8211	176.4910,-4.6270,0.8611	176.6915,-4.6270,0.8611	176.6915,-4.6270,1.9871	176.4910,-4.6270,1.9871	176.4910,-4.6270,2.0271	176.9250,-4.6270,2.0271	176.9250,-4.6270,1.9871	176.7245,-4.6270,1.9871	176.7245,-4.6270,0.8611	176.9250,-4.6270,0.8611	176.9250,-5.3170,0.8211	176.4910,-5.3170,0.8211	176.4910,-5.3170,0.8611	176.6915,-5.3170,0.8611	176.6915,-5.3170,1.9871	176.4910,-5.3170,1.9871	176.4910,-5.3170,2.0271	176.9250,-5.3170,2.0271	176.9250,-5.3170,1.9871	176.7245,-5.3170,1.9871	176.7245,-5.3170,0.8611	176.9250,-5.3170,0.8611
402	高力ボルト当て板鋼桁補強工 第2-018	高力ボルト当て板鋼桁補強工						補修部材(18)	格点21-G2	第2工事	第2工事 11 頁	V_K2_P011_3-3		ext_poly	12	176.9250,-6.8842,0.8211	176.4910,-6.8842,0.8211	176.4910,-6.8842,0.8611	176.6915,-6.8842,0.8611	176.6915,-6.8842,1.9871	176.4910,-6.8842,1.9871	176.4910,-6.8842,2.0271	176.9250,-6.8842,2.0271	176.9250,-6.8842,1.9871	176.7245,-6.8842,1.9871	176.7245,-6.8842,0.8611	176.9250,-6.8842,0.8611	176.9250,-7.1840,0.8211	176.4910,-7.1840,0.8211	176.4910,-7.1840,0.8611	176.6915,-7.1840,0.8611	176.6915,-7.1840,1.9871	176.4910,-7.1840,1.9871	176.4910,-7.1840,2.0271	176.9250,-7.1840,2.0271	176.9250,-7.1840,1.9871	176.7245,-7.1840,1.9871	176.7245,-7.1840,0.8611	176.9250,-7.1840,0.8611
403	高力ボルト当て板鋼桁補強工 第2-019	高力ボルト当て板鋼桁補強工						補修部材(19)	格点21-G2	第2工事	第2工事 11 頁	V_K2_P011_3-3		ext_poly	4	177.4378,-7.0254,0.8310	177.2775,-6.8415,0.8310	177.2775,-6.8415,1.0750	177.4378,-7.0254,1.0750	177.0685,-7.3475,0.8311	176.9082,-7.1636,0.8311	176.9082,-7.1635,1.0751	177.0686,-7.3474,1.0751
404	高力ボルト当て板鋼桁補強工 第2-020	高力ボルト当て板鋼桁補強工						補修部材(23)	格点22-G2	第2工事	第2工事 13 頁	V_K2_P013_3-3		ext_poly	12	185.5220,-6.6448,0.8232	185.0940,-6.6448,0.8232	185.0940,-6.6448,0.8572	185.2945,-6.6448,0.8572	185.2945,-6.6448,1.9892	185.0940,-6.6448,1.9892	185.0940,-6.6448,2.0232	185.5220,-6.6448,2.0232	185.5220,-6.6448,1.9892	185.3215,-6.6448,1.9892	185.3215,-6.6448,0.8572	185.5220,-6.6448,0.8572	185.5220,-6.8948,0.8232	185.0940,-6.8948,0.8232	185.0940,-6.8948,0.8572	185.2945,-6.8948,0.8572	185.2945,-6.8948,1.9892	185.0940,-6.8948,1.9892	185.0940,-6.8948,2.0232	185.5220,-6.8948,2.0232	185.5220,-6.8948,1.9892	185.3215,-6.8948,1.9892	185.3215,-6.8948,0.8572	185.5220,-6.8948,0.8572
405	高力ボルト当て板鋼桁補強工 第2-021	高力ボルト当て板鋼桁補強工						補修部材(20)	格点22-G1	第2工事	第2工事 12 頁	V_K2_P012_1-1		ext_poly	12	185.5250,6.1820,0.8202	185.0910,6.1820,0.8202	185.0910,6.1820,0.8602	185.2915,6.1820,0.8602	185.2915,6.1820,1.9862	185.0910,6.1820,1.9862	185.0910,6.1820,2.0262	185.5250,6.1820,2.0262	185.5250,6.1820,1.9862	185.3245,6.1820,1.9862	185.3245,6.1820,0.8602	185.5250,6.1820,0.8602	185.5250,5.7420,0.8202	185.0910,5.7420,0.8202	185.0910,5.7420,0.8602	185.2915,5.7420,0.8602	185.2915,5.7420,1.9862	185.0910,5.7420,1.9862	185.0910,5.7420,2.0262	185.5250,5.7420,2.0262	185.5250,5.7420,1.9862	185.3245,5.7420,1.9862	185.3245,5.7420,0.8602	185.5250,5.7420,0.8602
406	高力ボルト当て板鋼桁補強工 第2-022	高力ボルト当て板鋼桁補強工						補修部材(21)	格点22-G2	第2工事	第2工事 13 頁	V_K2_P013_1-1		ext_poly	12	185.5250,-5.1897,0.8202	185.0910,-5.1897,0.8202	185.0910,-5.1897,0.8602	185.2915,-5.1897,0.8602	185.2915,-5.1897,1.9862	185.0910,-5.1897,1.9862	185.0910,-5.1897,2.0262	185.5250,-5.1897,2.0262	185.5250,-5.1897,1.9862	185.3245,-5.1897,1.9862	185.3245,-5.1897,0.8602	185.5250,-5.1897,0.8602	185.5250,-5.4897,0.8202	185.0910,-5.4897,0.8202	185.0910,-5.4897,0.8602	185.2915,-5.4897,0.8602	185.2915,-5.4897,1.9862	185.0910,-5.4897,1.9862	185.0910,-5.4897,2.0262	185.5250,-5.4897,2.0262	185.5250,-5.4897,1.9862	185.3245,-5.4897,1.9862	185.3245,-5.4897,0.8602	185.5250,-5.4897,0.8602
407	高力ボルト当て板鋼桁補強工 第2-023	高力ボルト当て板鋼桁補強工						補修部材(22)	格点22-G2	第2工事	第2工事 13 頁	V_K2_P013_3-3		ext_poly	12	185.5250,-6.8829,0.8202	185.0910,-6.8829,0.8202	185.0910,-6.8829,0.8602	185.2915,-6.8829,0.8602	185.2915,-6.8829,1.9862	185.0910,-6.8829,1.9862	185.0910,-6.8829,2.0262	185.5250,-6.8829,2.0262	185.5250,-6.8829,1.9862	185.3245,-6.8829,1.9862	185.3245,-6.8829,0.8602	185.5250,-6.8829,0.8602	185.5250,-7.1840,0.8202	185.0910,-7.1840,0.8202	185.0910,-7.1840,0.8602	185.2915,-7.1840,0.8602	185.2915,-7.1840,1.9862	185.0910,-7.1840,1.9862	185.0910,-7.1840,2.0262	185.5250,-7.1840,2.0262	185.5250,-7.1840,1.9862	185.3245,-7.1840,1.9862	185.3245,-7.1840,0.8602	185.5250,-7.1840,0.8602
408	高力ボルト当て板鋼桁補強工 第2-024	高力ボルト当て板鋼桁補強工						補修部材(24)	P2-G1	第2工事	第2工事 14 頁	V_K2_P014_1-1		ext_poly	12	194.1250,6.2309,0.7788	193.6910,6.2309,0.7788	193.6910,6.2309,0.8188	193.8915,6.2309,0.8188	193.8915,6.2309,1.9448	193.6910,6.2309,1.9448	193.6910,6.2309,1.9848	194.1250,6.2309,1.9848	194.1250,6.2309,1.9448	193.9245,6.2309,1.9448	193.9245,6.2309,0.8188	194.1250,6.2309,0.8188	194.1250,6.0309,0.7788	193.6910,6.0309,0.7788	193.6910,6.0309,0.8188	193.8915,6.0309,0.8188	193.8915,6.0309,1.9448	193.6910,6.0309,1.9448	193.6910,6.0309,1.9848	194.1250,6.0309,1.9848	194.1250,6.0309,1.9448	193.9245,6.0309,1.9448	193.9245,6.0309,0.8188	194.1250,6.0309,0.8188
409	高力ボルト当て板鋼桁補強工 第2-025	高力ボルト当て板鋼桁補強工						補修部材(25)	格点23-G1	第2工事	第2工事 16 頁	V_K2_P016_1-1		ext_poly	12	201.6750,6.2100,0.7365	201.2610,6.2100,0.7365	201.2610,6.2100,0.7765	201.4515,6.2100,0.7765	201.4515,6.2100,1.9025	201.2610,6.2100,1.9025	201.2610,6.2100,1.9425	201.6750,6.2100,1.9425	201.6750,6.2100,1.9025	201.4845,6.2100,1.9025	201.4845,6.2100,0.7765	201.6750,6.2100,0.7765	201.6750,5.7700,0.7365	201.2610,5.7700,0.7365	201.2610,5.7700,0.7765	201.4515,5.7700,0.7765	201.4515,5.7700,1.9025	201.2610,5.7700,1.9025	201.2610,5.7700,1.9425	201.6750,5.7700,1.9425	201.6750,5.7700,1.9025	201.4845,5.7700,1.9025	201.4845,5.7700,0.7765	201.6750,5.7700,0.7765
410	高力ボルト当て板鋼桁補強工 第2-026	高力ボルト当て板鋼桁補強工						補修部材(26)	格点23-G2	第2工事	第2工事 17 頁	V_K2_P017_1-1		ext_poly	12	201.6750,-5.3999,0.7365	201.2610,-5.3999,0.7365	201.2610,-5.3999,0.7765	201.4515,-5.3999,0.7765	201.4515,-5.3999,1.9025	201.2610,-5.3999,1.9025	201.2610,-5.3999,1.9425	201.6750,-5.3999,1.9425	201.6750,-5.3999,1.9025	201.4845,-5.3999,1.9025	201.4845,-5.3999,0.7765	201.6750,-5.3999,0.7765	201.6750,-6.0899,0.7365	201.2610,-6.0899,0.7365	201.2610,-6.0899,0.7765	201.4515,-6.0899,0.7765	201.4515,-6.0899,1.9025	201.2610,-6.0899,1.9025	201.2610,-6.0899,1.9425	201.6750,-6.0899,1.9425	201.6750,-6.0899,1.9025	201.4845,-6.0899,1.9025	201.4845,-6.0899,0.7765	201.6750,-6.0899,0.7765
411	高力ボルト当て板鋼桁補強工 第2-027	高力ボルト当て板鋼桁補強工						補修部材(27)	格点24-G1	第2工事	第2工事 18 頁	V_K2_P018_1-1		ext_poly	12	209.2350,5.3173,0.6942	208.8210,5.3173,0.6942	208.8210,5.3173,0.7342	209.0115,5.3173,0.7342	209.0115,5.3173,1.8602	208.8210,5.3173,1.8602	208.8210,5.3173,1.9002	209.2350,5.3173,1.9002	209.2350,5.3173,1.8602	209.0445,5.3173,1.8602	209.0445,5.3173,0.7342	209.2350,5.3173,0.7342	209.2350,5.1173,0.6942	208.8210,5.1173,0.6942	208.8210,5.1173,0.7342	209.0115,5.1173,0.7342	209.0115,5.1173,1.8602	208.8210,5.1173,1.8602	208.8210,5.1173,1.9002	209.2350,5.1173,1.9002	209.2350,5.1173,1.8602	209.0445,5.1173,1.8602	209.0445,5.1173,0.7342	209.2350,5.1173,0.7342
412	高力ボルト当て板鋼桁補強工 第2-028	高力ボルト当て板鋼桁補強工						補修部材(28)	格点24-G2	第2工事	第2工事 19 頁	V_K2_P019_1-1		ext_poly	12	209.2350,-5.0332,0.6942	208.8210,-5.0332,0.6942	208.8210,-5.0332,0.7342	209.0115,-5.0332,0.7342	209.0115,-5.0332,1.8602	208.8210,-5.0332,1.8602	208.8210,-5.0332,1.9002	209.2350,-5.0332,1.9002	209.2350,-5.0332,1.8602	209.0445,-5.0332,1.8602	209.0445,-5.0332,0.7342	209.2350,-5.0332,0.7342	209.2350,-5.3832,0.6942	208.8210,-5.3832,0.6942	208.8210,-5.3832,0.7342	209.0115,-5.3832,0.7342	209.0115,-5.3832,1.8602	208.8210,-5.3832,1.8602	208.8210,-5.3832,1.9002	209.2350,-5.3832,1.9002	209.2350,-5.3832,1.8602	209.0445,-5.3832,1.8602	209.0445,-5.3832,0.7342	209.2350,-5.3832,0.7342
413	高力ボルト当て板鋼桁補強工 第2-029	高力ボルト当て板鋼桁補強工						補修部材(30)	格点25-G2	第2工事	第2工事 21 頁	V_K2_P021_5-5		ext_poly	4	216.3570,-7.1850,2.2028	216.3570,-7.8150,2.2028	216.8190,-7.8150,2.2028	216.8190,-7.1850,2.2028	216.3570,-7.1850,1.7728	216.3570,-7.8150,1.7728	216.8190,-7.8150,1.7728	216.8190,-7.1850,1.7728
414	高力ボルト当て板鋼桁補強工 第2-030	高力ボルト当て板鋼桁補強工						補修部材(29)	格点25-G2	第2工事	第2工事 21 頁	V_K2_P021_1-1		ext_poly	12	216.7950,-5.0346,0.6540	216.3810,-5.0346,0.6540	216.3810,-5.0346,0.6940	216.5715,-5.0346,0.6940	216.5715,-5.0346,1.8200	216.3810,-5.0346,1.8200	216.3810,-5.0346,1.8600	216.7950,-5.0346,1.8600	216.7950,-5.0346,1.8200	216.6045,-5.0346,1.8200	216.6045,-5.0346,0.6940	216.7950,-5.0346,0.6940	216.7950,-6.1046,0.6540	216.3810,-6.1046,0.6540	216.3810,-6.1046,0.6940	216.5715,-6.1046,0.6940	216.5715,-6.1046,1.8200	216.3810,-6.1046,1.8200	216.3810,-6.1046,1.8600	216.7950,-6.1046,1.8600	216.7950,-6.1046,1.8200	216.6045,-6.1046,1.8200	216.6045,-6.1046,0.6940	216.7950,-6.1046,0.6940
415	高力ボルト当て板鋼桁補強工 第2-031	高力ボルト当て板鋼桁補強工						補修部材(31)	格点26-G2	第2工事	第2工事 22 頁	V_K2_P022_1-1		ext_poly	12	224.3550,-6.7675,0.5831	223.9410,-6.7675,0.5831	223.9410,-6.7675,0.6231	224.1315,-6.7675,0.6231	224.1315,-6.7675,1.7491	223.9410,-6.7675,1.7491	223.9410,-6.7675,1.7891	224.3550,-6.7675,1.7891	224.3550,-6.7675,1.7491	224.1645,-6.7675,1.7491	224.1645,-6.7675,0.6231	224.3550,-6.7675,0.6231	224.3550,-6.9675,0.5831	223.9410,-6.9675,0.5831	223.9410,-6.9675,0.6231	224.1315,-6.9675,0.6231	224.1315,-6.9675,1.7491	223.9410,-6.9675,1.7491	223.9410,-6.9675,1.7891	224.3550,-6.9675,1.7891	224.3550,-6.9675,1.7491	224.1645,-6.9675,1.7491	224.1645,-6.9675,0.6231	224.3550,-6.9675,0.6231
416	高力ボルト当て板鋼桁補強工 第2-032	高力ボルト当て板鋼桁補強工						補修部材(32)	格点26-G2	第2工事	第2工事 22 頁	V_K2_P022_1-1		ext_poly	12	224.3550,-5.6435,0.5831	223.9410,-5.6435,0.5831	223.9410,-5.6435,0.6231	224.1315,-5.6435,0.6231	224.1315,-5.6435,1.7491	223.9410,-5.6435,1.7491	223.9410,-5.6435,1.7891	224.3550,-5.6435,1.7891	224.3550,-5.6435,1.7491	224.1645,-5.6435,1.7491	224.1645,-5.6435,0.6231	224.3550,-5.6435,0.6231	224.3550,-5.9935,0.5831	223.9410,-5.9935,0.5831	223.9410,-5.9935,0.6231	224.1315,-5.9935,0.6231	224.1315,-5.9935,1.7491	223.9410,-5.9935,1.7491	223.9410,-5.9935,1.7891	224.3550,-5.9935,1.7891	224.3550,-5.9935,1.7491	224.1645,-5.9935,1.7491	224.1645,-5.9935,0.6231	224.3550,-5.9935,0.6231
417	高力ボルト当て板鋼桁補強工 第2-033	高力ボルト当て板鋼桁補強工						補修部材(34)	格点27-G2	第2工事	第2工事 24 頁	V_K2_P024_1-1		ext_poly	4	231.5670,-7.3334,1.7624	231.5670,-7.0666,1.6708	231.8490,-7.0666,1.6708	231.8490,-7.3334,1.7624	231.5670,-7.2279,2.0695	231.5670,-6.9612,1.9779	231.8490,-6.9612,1.9779	231.8490,-7.2279,2.0695
418	高力ボルト当て板鋼桁補強工 第2-034	高力ボルト当て板鋼桁補強工						補修部材(33)	格点27-G2	第2工事	第2工事 24 頁	V_K2_P024_1-1		ext_poly	12	231.9150,-5.0016,0.5546	231.5010,-5.0016,0.5546	231.5010,-5.0016,0.5946	231.6915,-5.0016,0.5946	231.6915,-5.0016,1.7206	231.5010,-5.0016,1.7206	231.5010,-5.0016,1.7606	231.9150,-5.0016,1.7606	231.9150,-5.0016,1.7206	231.7245,-5.0016,1.7206	231.7245,-5.0016,0.5946	231.9150,-5.0016,0.5946	231.9150,-6.0716,0.5546	231.5010,-6.0716,0.5546	231.5010,-6.0716,0.5946	231.6915,-6.0716,0.5946	231.6915,-6.0716,1.7206	231.5010,-6.0716,1.7206	231.5010,-6.0716,1.7606	231.9150,-6.0716,1.7606	231.9150,-6.0716,1.7206	231.7245,-6.0716,1.7206	231.7245,-6.0716,0.5946	231.9150,-6.0716,0.5946
419	高力ボルト当て板鋼桁補強工 第2-035	高力ボルト当て板鋼桁補強工						補修部材(35)	格点28-G2	第2工事	第2工事 25 頁	V_K2_P025_1-1		ext_poly	12	239.4750,-5.0332,0.4835	239.0610,-5.0332,0.4835	239.0610,-5.0332,0.5235	239.2515,-5.0332,0.5235	239.2515,-5.0332,1.6495	239.0610,-5.0332,1.6495	239.0610,-5.0332,1.6895	239.4750,-5.0332,1.6895	239.4750,-5.0332,1.6495	239.2845,-5.0332,1.6495	239.2845,-5.0332,0.5235	239.4750,-5.0332,0.5235	239.4750,-5.3832,0.4835	239.0610,-5.3832,0.4835	239.0610,-5.3832,0.5235	239.2515,-5.3832,0.5235	239.2515,-5.3832,1.6495	239.0610,-5.3832,1.6495	239.0610,-5.3832,1.6895	239.4750,-5.3832,1.6895	239.4750,-5.3832,1.6495	239.2845,-5.3832,1.6495	239.2845,-5.3832,0.5235	239.4750,-5.3832,0.5235
420	高力ボルト当て板鋼桁補強工 第2-036	高力ボルト当て板鋼桁補強工						補修部材(36)	格点29-G1	第2工事	第2工事 26 頁	V_K2_P026_5-5		ext_poly	4	246.5970,7.8150,1.9617	246.5970,7.1850,1.9617	247.0590,7.1850,1.9617	247.0590,7.8150,1.9617	246.5970,7.8150,1.5317	246.5970,7.1850,1.5317	247.0590,7.1850,1.5317	247.0590,7.8150,1.5317
421	高力ボルト当て板鋼桁補強工 第2-037	高力ボルト当て板鋼桁補強工						補修部材(38)	格点29-G2	第2工事	第2工事 27 頁	V_K2_P027_5-5		ext_poly	4	246.5970,-7.1850,1.9541	246.5970,-7.8150,1.9541	247.0590,-7.8150,1.9541	247.0590,-7.1850,1.9541	246.5970,-7.1850,1.5241	246.5970,-7.8150,1.5241	247.0590,-7.8150,1.5241	247.0590,-7.1850,1.5241
422	高力ボルト当て板鋼桁補強工 第2-038	高力ボルト当て板鋼桁補強工						補修部材(37)	格点29-G2	第2工事	第2工事 27 頁	V_K2_P027_3-3		ext_poly	12	247.0350,-5.5954,0.4129	246.6210,-5.5954,0.4129	246.6210,-5.5954,0.4529	246.8115,-5.5954,0.4529	246.8115,-5.5954,1.5789	246.6210,-5.5954,1.5789	246.6210,-5.5954,1.6189	247.0350,-5.5954,1.6189	247.0350,-5.5954,1.5789	246.8445,-5.5954,1.5789	246.8445,-5.5954,0.4529	247.0350,-5.5954,0.4529	247.0350,-6.2854,0.4129	246.6210,-6.2854,0.4129	246.6210,-6.2854,0.4529	246.8115,-6.2854,0.4529	246.8115,-6.2854,1.5789	246.6210,-6.2854,1.5789	246.6210,-6.2854,1.6189	247.0350,-6.2854,1.6189	247.0350,-6.2854,1.5789	246.8445,-6.2854,1.5789	246.8445,-6.2854,0.4529	247.0350,-6.2854,0.4529
423	高力ボルト当て板鋼桁補強工 第2-039	高力ボルト当て板鋼桁補強工						補修部材(39)	格点30-G1	第2工事	第2工事 28 頁	V_K2_P028_1-1		ext_poly	12	254.5950,5.9078,0.3421	254.1810,5.9078,0.3421	254.1810,5.9078,0.3821	254.3715,5.9078,0.3821	254.3715,5.9078,1.5081	254.1810,5.9078,1.5081	254.1810,5.9078,1.5481	254.5950,5.9078,1.5481	254.5950,5.9078,1.5081	254.4045,5.9078,1.5081	254.4045,5.9078,0.3821	254.5950,5.9078,0.3821	254.5950,5.1578,0.3421	254.1810,5.1578,0.3421	254.1810,5.1578,0.3821	254.3715,5.1578,0.3821	254.3715,5.1578,1.5081	254.1810,5.1578,1.5081	254.1810,5.1578,1.5481	254.5950,5.1578,1.5481	254.5950,5.1578,1.5081	254.4045,5.1578,1.5081	254.4045,5.1578,0.3821	254.5950,5.1578,0.3821
424	高力ボルト当て板鋼桁補強工 第2-040	高力ボルト当て板鋼桁補強工						補修部材(40)	格点30-G2	第2工事	第2工事 29 頁	V_K2_P029_1-1		ext_poly	12	254.5950,-4.6244,0.3421	254.1810,-4.6244,0.3421	254.1810,-4.6244,0.3821	254.3715,-4.6244,0.3821	254.3715,-4.6244,1.5081	254.1810,-4.6244,1.5081	254.1810,-4.6244,1.5481	254.5950,-4.6244,1.5481	254.5950,-4.6244,1.5081	254.4045,-4.6244,1.5081	254.4045,-4.6244,0.3821	254.5950,-4.6244,0.3821	254.5950,-5.3144,0.3421	254.1810,-5.3144,0.3421	254.1810,-5.3144,0.3821	254.3715,-5.3144,0.3821	254.3715,-5.3144,1.5081	254.1810,-5.3144,1.5081	254.1810,-5.3144,1.5481	254.5950,-5.3144,1.5481	254.5950,-5.3144,1.5081	254.4045,-5.3144,1.5081	254.4045,-5.3144,0.3821	254.5950,-5.3144,0.3821
425	高力ボルト当て板鋼桁補強工 第2-041	高力ボルト当て板鋼桁補強工						補修部材(41)	格点30-G2	第2工事	第2工事 29 頁	V_K2_P029_3-3		ext_poly	12	254.5950,-6.9093,0.3421	254.1810,-6.9093,0.3421	254.1810,-6.9093,0.3821	254.3715,-6.9093,0.3821	254.3715,-6.9093,1.5081	254.1810,-6.9093,1.5081	254.1810,-6.9093,1.5481	254.5950,-6.9093,1.5481	254.5950,-6.9093,1.5081	254.4045,-6.9093,1.5081	254.4045,-6.9093,0.3821	254.5950,-6.9093,0.3821	254.5950,-7.1840,0.3421	254.1810,-7.1840,0.3421	254.1810,-7.1840,0.3821	254.3715,-7.1840,0.3821	254.3715,-7.1840,1.5081	254.1810,-7.1840,1.5081	254.1810,-7.1840,1.5481	254.5950,-7.1840,1.5481	254.5950,-7.1840,1.5081	254.4045,-7.1840,1.5081	254.4045,-7.1840,0.3821	254.5950,-7.1840,0.3821
426	高力ボルト当て板鋼桁補強工 第2-042	高力ボルト当て板鋼桁補強工						補修部材(43)	格点31-G2	第2工事	第2工事 30 頁	V_K2_P030_5-5		ext_poly	4	261.7130,-7.1850,1.8124	261.7130,-7.8150,1.8124	262.1750,-7.8150,1.8124	262.1750,-7.1850,1.8124	261.7130,-7.1850,1.3824	261.7130,-7.8150,1.3824	262.1750,-7.8150,1.3824	262.1750,-7.1850,1.3824
427	高力ボルト当て板鋼桁補強工 第2-043	高力ボルト当て板鋼桁補強工						補修部材(42)	格点31-G2	第2工事	第2工事 30 頁	V_K2_P030_3-3		ext_poly	12	262.1510,-5.6094,0.2712	261.7370,-5.6094,0.2712	261.7370,-5.6094,0.3112	261.9275,-5.6094,0.3112	261.9275,-5.6094,1.4372	261.7370,-5.6094,1.4372	261.7370,-5.6094,1.4772	262.1510,-5.6094,1.4772	262.1510,-5.6094,1.4372	261.9605,-5.6094,1.4372	261.9605,-5.6094,0.3112	262.1510,-5.6094,0.3112	262.1510,-6.2994,0.2712	261.7370,-6.2994,0.2712	261.7370,-6.2994,0.3112	261.9275,-6.2994,0.3112	261.9275,-6.2994,1.4372	261.7370,-6.2994,1.4372	261.7370,-6.2994,1.4772	262.1510,-6.2994,1.4772	262.1510,-6.2994,1.4372	261.9605,-6.2994,1.4372	261.9605,-6.2994,0.3112	262.1510,-6.2994,0.3112
428	高力ボルト当て板鋼桁補強工 第2-044	高力ボルト当て板鋼桁補強工						補修部材(44)	格点32-G1	第2工事	第2工事 31 頁	V_K2_P031_1-1		ext_poly	12	269.7030,6.3389,0.2004	269.2890,6.3389,0.2004	269.2890,6.3389,0.2404	269.4795,6.3389,0.2404	269.4795,6.3389,1.3664	269.2890,6.3389,1.3664	269.2890,6.3389,1.4064	269.7030,6.3389,1.4064	269.7030,6.3389,1.3664	269.5125,6.3389,1.3664	269.5125,6.3389,0.2404	269.7030,6.3389,0.2404	269.7030,6.1389,0.2004	269.2890,6.1389,0.2004	269.2890,6.1389,0.2404	269.4795,6.1389,0.2404	269.4795,6.1389,1.3664	269.2890,6.1389,1.3664	269.2890,6.1389,1.4064	269.7030,6.1389,1.4064	269.7030,6.1389,1.3664	269.5125,6.1389,1.3664	269.5125,6.1389,0.2404	269.7030,6.1389,0.2404
429	高力ボルト当て板鋼桁補強工 第2-045	高力ボルト当て板鋼桁補強工						補修部材(45)	格点32-G1	第2工事	第2工事 31 頁	V_K2_P031_1-1		ext_poly	12	269.7030,5.5019,0.2004	269.2890,5.5019,0.2004	269.2890,5.5019,0.2404	269.4795,5.5019,0.2404	269.4795,5.5019,1.3664	269.2890,5.5019,1.3664	269.2890,5.5019,1.4064	269.7030,5.5019,1.4064	269.7030,5.5019,1.3664	269.5125,5.5019,1.3664	269.5125,5.5019,0.2404	269.7030,5.5019,0.2404	269.7030,5.1369,0.2004	269.2890,5.1369,0.2004	269.2890,5.1369,0.2404	269.4795,5.1369,0.2404	269.4795,5.1369,1.3664	269.2890,5.1369,1.3664	269.2890,5.1369,1.4064	269.7030,5.1369,1.4064	269.7030,5.1369,1.3664	269.5125,5.1369,1.3664	269.5125,5.1369,0.2404	269.7030,5.1369,0.2404
430	高力ボルト当て板鋼桁補強工 第2-046	高力ボルト当て板鋼桁補強工						補修部材(46)	格点32-G2	第2工事	第2工事 32 頁	V_K2_P032_3-3		ext_poly	12	269.7030,-5.4481,0.2004	269.2890,-5.4481,0.2004	269.2890,-5.4481,0.2404	269.4795,-5.4481,0.2404	269.4795,-5.4481,1.3664	269.2890,-5.4481,1.3664	269.2890,-5.4481,1.4064	269.7030,-5.4481,1.4064	269.7030,-5.4481,1.3664	269.5125,-5.4481,1.3664	269.5125,-5.4481,0.2404	269.7030,-5.4481,0.2404	269.7030,-6.1381,0.2004	269.2890,-6.1381,0.2004	269.2890,-6.1381,0.2404	269.4795,-6.1381,0.2404	269.4795,-6.1381,1.3664	269.2890,-6.1381,1.3664	269.2890,-6.1381,1.4064	269.7030,-6.1381,1.4064	269.7030,-6.1381,1.3664	269.5125,-6.1381,1.3664	269.5125,-6.1381,0.2404	269.7030,-6.1381,0.2404
431	高力ボルト当て板鋼桁補強工 第2-047	高力ボルト当て板鋼桁補強工						補修部材(50)	格点33-G2	第2工事	第2工事 34 頁	V_K2_P034_5-5		ext_poly	4	276.8120,-7.1850,1.6709	276.8120,-7.8150,1.6709	277.2740,-7.8150,1.6709	277.2740,-7.1850,1.6709	276.8120,-7.1850,1.2409	276.8120,-7.8150,1.2409	277.2740,-7.8150,1.2409	277.2740,-7.1850,1.2409
432	高力ボルト当て板鋼桁補強工 第2-048	高力ボルト当て板鋼桁補強工						補修部材(47)	格点33-G2	第2工事	第2工事 34 頁	V_K2_P034_3-3		ext_poly	12	277.2500,-4.9292,0.1297	276.8360,-4.9292,0.1297	276.8360,-4.9292,0.1697	277.0265,-4.9292,0.1697	277.0265,-4.9292,1.2957	276.8360,-4.9292,1.2957	276.8360,-4.9292,1.3357	277.2500,-4.9292,1.3357	277.2500,-4.9292,1.2957	277.0595,-4.9292,1.2957	277.0595,-4.9292,0.1697	277.2500,-4.9292,0.1697	277.2500,-5.9992,0.1297	276.8360,-5.9992,0.1297	276.8360,-5.9992,0.1697	277.0265,-5.9992,0.1697	277.0265,-5.9992,1.2957	276.8360,-5.9992,1.2957	276.8360,-5.9992,1.3357	277.2500,-5.9992,1.3357	277.2500,-5.9992,1.2957	277.0595,-5.9992,1.2957	277.0595,-5.9992,0.1697	277.2500,-5.9992,0.1697
433	高力ボルト当て板鋼桁補強工 第2-049	高力ボルト当て板鋼桁補強工						補修部材(49)	格点33-G2	第2工事	第2工事 34 頁	V_K2_P034_2-2		ext_poly	12	277.2500,-6.6223,0.1297	276.8360,-6.6223,0.1297	276.8360,-6.6223,0.1697	277.0265,-6.6223,0.1697	277.0265,-6.6223,1.2957	276.8360,-6.6223,1.2957	276.8360,-6.6223,1.3357	277.2500,-6.6223,1.3357	277.2500,-6.6223,1.2957	277.0595,-6.6223,1.2957	277.0595,-6.6223,0.1697	277.2500,-6.6223,0.1697	277.2500,-6.9223,0.1297	276.8360,-6.9223,0.1297	276.8360,-6.9223,0.1697	277.0265,-6.9223,0.1697	277.0265,-6.9223,1.2957	276.8360,-6.9223,1.2957	276.8360,-6.9223,1.3357	277.2500,-6.9223,1.3357	277.2500,-6.9223,1.2957	277.0595,-6.9223,1.2957	277.0595,-6.9223,0.1697	277.2500,-6.9223,0.1697
434	高力ボルト当て板鋼桁補強工 第2-050	高力ボルト当て板鋼桁補強工						補修部材(51)	格点33-G2	第2工事	第2工事 34 頁	V_K2_P034_3-3		ext_poly	12	277.2500,-6.7010,0.1297	276.8360,-6.7010,0.1297	276.8360,-6.7010,0.1697	277.0265,-6.7010,0.1697	277.0265,-6.7010,1.2957	276.8360,-6.7010,1.2957	276.8360,-6.7010,1.3357	277.2500,-6.7010,1.3357	277.2500,-6.7010,1.2957	277.0595,-6.7010,1.2957	277.0595,-6.7010,0.1697	277.2500,-6.7010,0.1697	277.2500,-7.0010,0.1297	276.8360,-7.0010,0.1297	276.8360,-7.0010,0.1697	277.0265,-7.0010,0.1697	277.0265,-7.0010,1.2957	276.8360,-7.0010,1.2957	276.8360,-7.0010,1.3357	277.2500,-7.0010,1.3357	277.2500,-7.0010,1.2957	277.0595,-7.0010,1.2957	277.0595,-7.0010,0.1697	277.2500,-7.0010,0.1697
435	高力ボルト当て板鋼桁補強工 第2-051	高力ボルト当て板鋼桁補強工						補修部材(48)	格点33-G2	第2工事	第2工事 34 頁	V_K2_P034_2-2		ext_poly	12	277.2540,-6.0537,0.1257	276.8320,-6.0537,0.1257	276.8320,-6.0537,0.1737	277.0225,-6.0537,0.1737	277.0225,-6.0537,1.2917	276.8320,-6.0537,1.2917	276.8320,-6.0537,1.3397	277.2540,-6.0537,1.3397	277.2540,-6.0537,1.2917	277.0635,-6.0537,1.2917	277.0635,-6.0537,0.1737	277.2540,-6.0537,0.1737	277.2540,-6.4037,0.1257	276.8320,-6.4037,0.1257	276.8320,-6.4037,0.1737	277.0225,-6.4037,0.1737	277.0225,-6.4037,1.2917	276.8320,-6.4037,1.2917	276.8320,-6.4037,1.3397	277.2540,-6.4037,1.3397	277.2540,-6.4037,1.2917	277.0635,-6.4037,1.2917	277.0635,-6.4037,0.1737	277.2540,-6.4037,0.1737
436	高力ボルト当て板鋼桁補強工 第2-052	高力ボルト当て板鋼桁補強工						補修部材(52)	A2-G1	第2工事	第2工事 35 頁	V_K2_P035_3-3		ext_poly	12	284.7890,6.3457,0.0402	284.3750,6.3457,0.0402	284.3750,6.3457,0.0802	284.5655,6.3457,0.0802	284.5655,6.3457,1.2062	284.3750,6.3457,1.2062	284.3750,6.3457,1.2462	284.7890,6.3457,1.2462	284.7890,6.3457,1.2062	284.5985,6.3457,1.2062	284.5985,6.3457,0.0802	284.7890,6.3457,0.0802	284.7890,6.0457,0.0402	284.3750,6.0457,0.0402	284.3750,6.0457,0.0802	284.5655,6.0457,0.0802	284.5655,6.0457,1.2062	284.3750,6.0457,1.2062	284.3750,6.0457,1.2462	284.7890,6.0457,1.2462	284.7890,6.0457,1.2062	284.5985,6.0457,1.2062	284.5985,6.0457,0.0802	284.7890,6.0457,0.0802
437	高力ボルト当て板鋼桁補強工 第2-053	高力ボルト当て板鋼桁補強工						補修部材(53)	A2-G1	第2工事	第2工事 35 頁	V_K2_P035_1-1		ext_poly	12	284.7890,6.9613,0.0402	284.3750,6.9613,0.0402	284.3750,6.9613,0.0802	284.5655,6.9613,0.0802	284.5655,6.9613,1.2062	284.3750,6.9613,1.2062	284.3750,6.9613,1.2462	284.7890,6.9613,1.2462	284.7890,6.9613,1.2062	284.5985,6.9613,1.2062	284.5985,6.9613,0.0802	284.7890,6.9613,0.0802	284.7890,6.4613,0.0402	284.3750,6.4613,0.0402	284.3750,6.4613,0.0802	284.5655,6.4613,0.0802	284.5655,6.4613,1.2062	284.3750,6.4613,1.2062	284.3750,6.4613,1.2462	284.7890,6.4613,1.2462	284.7890,6.4613,1.2062	284.5985,6.4613,1.2062	284.5985,6.4613,0.0802	284.7890,6.4613,0.0802
438	高力ボルト当て板鋼桁補強工 第2-054	高力ボルト当て板鋼桁補強工						補修部材(54)	A2-G1	第2工事	第2工事 35 頁	V_K2_P035_1-1		ext_poly	12	284.7890,6.9613,0.0402	284.3750,6.9613,0.0402	284.3750,6.9613,0.0802	284.5655,6.9613,0.0802	284.5655,6.9613,1.2062	284.3750,6.9613,1.2062	284.3750,6.9613,1.2462	284.7890,6.9613,1.2462	284.7890,6.9613,1.2062	284.5985,6.9613,1.2062	284.5985,6.9613,0.0802	284.7890,6.9613,0.0802	284.7890,6.4613,0.0402	284.3750,6.4613,0.0402	284.3750,6.4613,0.0802	284.5655,6.4613,0.0802	284.5655,6.4613,1.2062	284.3750,6.4613,1.2062	284.3750,6.4613,1.2462	284.7890,6.4613,1.2462	284.7890,6.4613,1.2062	284.5985,6.4613,1.2062	284.5985,6.4613,0.0802	284.7890,6.4613,0.0802
439	高力ボルト当て板鋼桁補強工 第2-055	高力ボルト当て板鋼桁補強工						補修部材(55)	A2-G2	第2工事	第2工事 36 頁	V_K2_P036_1-1		ext_poly	12	284.7890,-5.9987,0.0402	284.3750,-5.9987,0.0402	284.3750,-5.9987,0.0802	284.5655,-5.9987,0.0802	284.5655,-5.9987,1.2062	284.3750,-5.9987,1.2062	284.3750,-5.9987,1.2462	284.7890,-5.9987,1.2462	284.7890,-5.9987,1.2062	284.5985,-5.9987,1.2062	284.5985,-5.9987,0.0802	284.7890,-5.9987,0.0802	284.7890,-6.2987,0.0402	284.3750,-6.2987,0.0402	284.3750,-6.2987,0.0802	284.5655,-6.2987,0.0802	284.5655,-6.2987,1.2062	284.3750,-6.2987,1.2062	284.3750,-6.2987,1.2462	284.7890,-6.2987,1.2462	284.7890,-6.2987,1.2062	284.5985,-6.2987,1.2062	284.5985,-6.2987,0.0802	284.7890,-6.2987,0.0802
440	高力ボルト当て板鋼桁補強工 第2-056	高力ボルト当て板鋼桁補強工						補修部材(56)	A2-G2	第2工事	第2工事 36 頁	V_K2_P036_1-1		ext_poly	12	284.7890,-6.4118,0.0402	284.3750,-6.4118,0.0402	284.3750,-6.4118,0.0802	284.5655,-6.4118,0.0802	284.5655,-6.4118,1.2062	284.3750,-6.4118,1.2062	284.3750,-6.4118,1.2462	284.7890,-6.4118,1.2462	284.7890,-6.4118,1.2062	284.5985,-6.4118,1.2062	284.5985,-6.4118,0.0802	284.7890,-6.4118,0.0802	284.7890,-6.9118,0.0402	284.3750,-6.9118,0.0402	284.3750,-6.9118,0.0802	284.5655,-6.9118,0.0802	284.5655,-6.9118,1.2062	284.3750,-6.9118,1.2062	284.3750,-6.9118,1.2462	284.7890,-6.9118,1.2462	284.7890,-6.9118,1.2062	284.5985,-6.9118,1.2062	284.5985,-6.9118,0.0802	284.7890,-6.9118,0.0802
441	高力ボルト当て板鋼桁補強工 第2-057	高力ボルト当て板鋼桁補強工						補修部材(57)	A2-G2	第2工事	第2工事 36 頁	V_K2_P036_1-1		ext_poly	12	284.7890,-6.4118,0.0402	284.3750,-6.4118,0.0402	284.3750,-6.4118,0.0802	284.5655,-6.4118,0.0802	284.5655,-6.4118,1.2062	284.3750,-6.4118,1.2062	284.3750,-6.4118,1.2462	284.7890,-6.4118,1.2462	284.7890,-6.4118,1.2062	284.5985,-6.4118,1.2062	284.5985,-6.4118,0.0802	284.7890,-6.4118,0.0802	284.7890,-6.9118,0.0402	284.3750,-6.9118,0.0402	284.3750,-6.9118,0.0802	284.5655,-6.9118,0.0802	284.5655,-6.9118,1.2062	284.3750,-6.9118,1.2062	284.3750,-6.9118,1.2462	284.7890,-6.9118,1.2462	284.7890,-6.9118,1.2062	284.5985,-6.9118,1.2062	284.5985,-6.9118,0.0802	284.7890,-6.9118,0.0802
